1tally     8004        nps =     4000000
           tally type 4    track length estimate of particle flux.      units   1/cm**2        
           particle(s): protons  
 number of histories used for normalizing tallies =      4000000.00
           this tally is modified by   ft  let

           volumes 
                   cell:      500          501          502          503          504         total                
                         2.50000E+00  2.50000E+00  2.50000E+00  2.50000E+00  2.50000E+00  1.25000E+01
 
 cell  500                                                                                                                             
    s(e) (MeV/cm)
    1.0000E+00   0.00000E+00 0.0000
    1.0289E+00   0.00000E+00 0.0000
    1.0587E+00   0.00000E+00 0.0000
    1.0893E+00   0.00000E+00 0.0000
    1.1208E+00   0.00000E+00 0.0000
    1.1533E+00   0.00000E+00 0.0000
    1.1866E+00   0.00000E+00 0.0000
    1.2210E+00   0.00000E+00 0.0000
    1.2563E+00   0.00000E+00 0.0000
    1.2926E+00   0.00000E+00 0.0000
    1.3300E+00   0.00000E+00 0.0000
    1.3685E+00   0.00000E+00 0.0000
    1.4081E+00   0.00000E+00 0.0000
    1.4488E+00   0.00000E+00 0.0000
    1.4907E+00   0.00000E+00 0.0000
    1.5339E+00   0.00000E+00 0.0000
    1.5782E+00   0.00000E+00 0.0000
    1.6239E+00   0.00000E+00 0.0000
    1.6709E+00   0.00000E+00 0.0000
    1.7192E+00   0.00000E+00 0.0000
    1.7689E+00   0.00000E+00 0.0000
    1.8201E+00   0.00000E+00 0.0000
    1.8728E+00   0.00000E+00 0.0000
    1.9269E+00   0.00000E+00 0.0000
    1.9827E+00   0.00000E+00 0.0000
    2.0400E+00   0.00000E+00 0.0000
    2.0991E+00   0.00000E+00 0.0000
    2.1598E+00   0.00000E+00 0.0000
    2.2223E+00   0.00000E+00 0.0000
    2.2866E+00   0.00000E+00 0.0000
    2.3527E+00   0.00000E+00 0.0000
    2.4208E+00   0.00000E+00 0.0000
    2.4908E+00   0.00000E+00 0.0000
    2.5629E+00   0.00000E+00 0.0000
    2.6370E+00   0.00000E+00 0.0000
    2.7133E+00   0.00000E+00 0.0000
    2.7918E+00   0.00000E+00 0.0000
    2.8725E+00   0.00000E+00 0.0000
    2.9557E+00   0.00000E+00 0.0000
    3.0412E+00   0.00000E+00 0.0000
    3.1291E+00   0.00000E+00 0.0000
    3.2197E+00   0.00000E+00 0.0000
    3.3128E+00   0.00000E+00 0.0000
    3.4086E+00   0.00000E+00 0.0000
    3.5072E+00   0.00000E+00 0.0000
    3.6087E+00   0.00000E+00 0.0000
    3.7131E+00   0.00000E+00 0.0000
    3.8205E+00   0.00000E+00 0.0000
    3.9311E+00   0.00000E+00 0.0000
    4.0448E+00   0.00000E+00 0.0000
    4.1618E+00   0.00000E+00 0.0000
    4.2822E+00   0.00000E+00 0.0000
    4.4061E+00   0.00000E+00 0.0000
    4.5335E+00   0.00000E+00 0.0000
    4.6647E+00   0.00000E+00 0.0000
    4.7996E+00   0.00000E+00 0.0000
    4.9385E+00   0.00000E+00 0.0000
    5.0814E+00   0.00000E+00 0.0000
    5.2284E+00   0.00000E+00 0.0000
    5.3796E+00   0.00000E+00 0.0000
    5.5352E+00   0.00000E+00 0.0000
    5.6954E+00   0.00000E+00 0.0000
    5.8601E+00   0.00000E+00 0.0000
    6.0297E+00   0.00000E+00 0.0000
    6.2041E+00   0.00000E+00 0.0000
    6.3836E+00   0.00000E+00 0.0000
    6.5683E+00   0.00000E+00 0.0000
    6.7583E+00   0.00000E+00 0.0000
    6.9538E+00   0.00000E+00 0.0000
    7.1550E+00   0.00000E+00 0.0000
    7.3619E+00   0.00000E+00 0.0000
    7.5749E+00   0.00000E+00 0.0000
    7.7941E+00   6.23566E-10 0.4181
    8.0195E+00   2.31677E-10 0.7071
    8.2515E+00   3.09901E-09 0.1948
    8.4902E+00   1.29225E-10 1.0000
    8.7359E+00   7.10747E-09 0.1287
    8.9886E+00   8.23120E-10 0.3783
    9.2486E+00   2.59752E-04 0.0028
    9.5162E+00   1.35300E-04 0.0022
    9.7915E+00   1.82517E-04 0.0020
    1.0075E+01   3.00090E-03 0.0014
    1.0366E+01   1.03393E-04 0.0028
    1.0666E+01   9.82121E-04 0.0022
    1.0975E+01   7.29658E-05 0.0033
    1.1292E+01   6.54922E-04 0.0027
    1.1619E+01   5.48831E-05 0.0037
    1.1955E+01   5.12316E-05 0.0038
    1.2301E+01   4.35500E-04 0.0032
    1.2657E+01   4.68160E-05 0.0041
    1.3023E+01   2.96421E-04 0.0034
    1.3400E+01   4.14985E-05 0.0044
    1.3787E+01   4.27946E-05 0.0044
    1.4186E+01   2.22554E-04 0.0039
    1.4596E+01   3.18769E-05 0.0046
    1.5019E+01   1.96212E-04 0.0042
    1.5453E+01   2.92941E-05 0.0048
    1.5900E+01   1.42156E-04 0.0042
    1.6360E+01   2.02386E-05 0.0050
    1.6834E+01   2.14365E-05 0.0049
    1.7321E+01   1.29434E-04 0.0045
    1.7822E+01   1.65967E-05 0.0050
    1.8337E+01   9.34014E-05 0.0045
    1.8868E+01   1.30118E-05 0.0050
    1.9413E+01   1.36071E-05 0.0050
    1.9975E+01   8.01675E-05 0.0047
    2.0553E+01   1.40945E-05 0.0052
    2.1148E+01   7.11911E-05 0.0048
    2.1759E+01   1.01781E-05 0.0052
    2.2389E+01   1.02245E-05 0.0052
    2.3037E+01   5.23110E-05 0.0048
    2.3703E+01   7.89803E-06 0.0052
    2.4389E+01   4.28172E-05 0.0048
    2.5094E+01   7.10987E-06 0.0052
    2.5820E+01   7.18306E-06 0.0052
    2.6567E+01   3.89481E-05 0.0049
    2.7336E+01   6.27922E-06 0.0052
    2.8127E+01   3.59327E-05 0.0049
    2.8940E+01   5.80231E-06 0.0052
    2.9777E+01   3.10674E-05 0.0049
    3.0639E+01   5.23195E-06 0.0051
    3.1525E+01   4.68874E-06 0.0052
    3.2437E+01   2.58318E-05 0.0049
    3.3376E+01   3.83299E-06 0.0052
    3.4341E+01   2.10083E-05 0.0048
    3.5335E+01   3.70455E-06 0.0051
    3.6357E+01   3.06262E-06 0.0052
    3.7409E+01   1.75117E-05 0.0047
    3.8491E+01   2.64436E-06 0.0051
    3.9604E+01   1.45519E-05 0.0047
    4.0750E+01   2.65497E-06 0.0049
    4.1929E+01   2.14423E-06 0.0051
    4.3142E+01   1.26747E-05 0.0047
    4.4390E+01   1.86855E-06 0.0050
    4.5674E+01   1.08009E-05 0.0047
    4.6996E+01   1.94256E-06 0.0049
    4.8355E+01   1.56323E-06 0.0050
    4.9754E+01   9.53395E-06 0.0047
    5.1193E+01   1.36598E-06 0.0050
    5.2674E+01   8.19457E-06 0.0047
    5.4198E+01   1.44239E-06 0.0049
    5.5766E+01   1.20132E-06 0.0050
    5.7379E+01   7.20827E-06 0.0047
    5.9039E+01   9.94501E-07 0.0050
    6.0747E+01   6.25417E-06 0.0046
    6.2505E+01   1.04193E-06 0.0049
    6.4313E+01   5.23428E-06 0.0046
    6.6174E+01   1.12536E-06 0.0048
    6.8088E+01   7.37542E-07 0.0050
    7.0058E+01   4.75769E-06 0.0046
    7.2084E+01   7.32239E-07 0.0049
    7.4170E+01   3.98900E-06 0.0046
    7.6315E+01   7.96882E-07 0.0048
    7.8523E+01   5.62013E-07 0.0049
    8.0795E+01   3.57440E-06 0.0046
    8.3132E+01   5.06245E-07 0.0049
    8.5537E+01   3.04832E-06 0.0046
    8.8012E+01   5.38928E-07 0.0048
    9.0558E+01   2.55622E-06 0.0046
    9.3178E+01   5.65542E-07 0.0047
    9.5873E+01   3.72524E-07 0.0049
    9.8647E+01   2.33022E-06 0.0045
    1.0150E+02   3.38115E-07 0.0048
    1.0444E+02   1.98512E-06 0.0045
    1.0746E+02   3.43849E-07 0.0047
    1.1057E+02   1.66212E-06 0.0045
    1.1377E+02   3.51438E-07 0.0047
    1.1706E+02   2.41210E-07 0.0048
    1.2044E+02   1.49181E-06 0.0045
    1.2393E+02   2.12624E-07 0.0048
    1.2751E+02   1.27323E-06 0.0045
    1.3120E+02   2.14920E-07 0.0047
    1.3500E+02   1.06374E-06 0.0045
    1.3890E+02   2.20775E-07 0.0046
    1.4292E+02   1.52585E-07 0.0048
    1.4706E+02   9.49425E-07 0.0044
    1.5131E+02   1.36741E-07 0.0048
    1.5569E+02   8.05330E-07 0.0044
    1.6019E+02   1.41121E-07 0.0047
    1.6483E+02   6.70637E-07 0.0044
    1.6959E+02   1.43946E-07 0.0046
    1.7450E+02   9.52254E-08 0.0048
    1.7955E+02   6.00498E-07 0.0044
    1.8474E+02   9.22213E-08 0.0047
    1.9009E+02   5.01662E-07 0.0044
    1.9559E+02   9.75178E-08 0.0046
    2.0124E+02   7.16115E-08 0.0047
    2.0707E+02   4.41182E-07 0.0044
    2.1306E+02   6.25807E-08 0.0047
    2.1922E+02   3.73980E-07 0.0044
    2.2556E+02   6.52850E-08 0.0046
    2.3209E+02   5.64196E-08 0.0047
    2.3880E+02   3.20933E-07 0.0044
    2.4571E+02   4.46125E-08 0.0047
    2.5282E+02   2.77726E-07 0.0044
    2.6013E+02   4.39841E-08 0.0046
    2.6766E+02   2.33011E-07 0.0044
    2.7540E+02   4.61390E-08 0.0046
    2.8337E+02   3.51879E-08 0.0047
    2.9157E+02   2.05336E-07 0.0044
    3.0000E+02   3.00757E-08 0.0047
      total      7.93253E-03 0.0009
 
 cell  501                                                                                                                             
    s(e) (MeV/cm)
    1.0000E+00   0.00000E+00 0.0000
    1.0289E+00   0.00000E+00 0.0000
    1.0587E+00   0.00000E+00 0.0000
    1.0893E+00   0.00000E+00 0.0000
    1.1208E+00   0.00000E+00 0.0000
    1.1533E+00   0.00000E+00 0.0000
    1.1866E+00   0.00000E+00 0.0000
    1.2210E+00   0.00000E+00 0.0000
    1.2563E+00   0.00000E+00 0.0000
    1.2926E+00   0.00000E+00 0.0000
    1.3300E+00   0.00000E+00 0.0000
    1.3685E+00   0.00000E+00 0.0000
    1.4081E+00   0.00000E+00 0.0000
    1.4488E+00   0.00000E+00 0.0000
    1.4907E+00   0.00000E+00 0.0000
    1.5339E+00   0.00000E+00 0.0000
    1.5782E+00   0.00000E+00 0.0000
    1.6239E+00   0.00000E+00 0.0000
    1.6709E+00   0.00000E+00 0.0000
    1.7192E+00   0.00000E+00 0.0000
    1.7689E+00   0.00000E+00 0.0000
    1.8201E+00   0.00000E+00 0.0000
    1.8728E+00   0.00000E+00 0.0000
    1.9269E+00   0.00000E+00 0.0000
    1.9827E+00   0.00000E+00 0.0000
    2.0400E+00   0.00000E+00 0.0000
    2.0991E+00   0.00000E+00 0.0000
    2.1598E+00   0.00000E+00 0.0000
    2.2223E+00   0.00000E+00 0.0000
    2.2866E+00   0.00000E+00 0.0000
    2.3527E+00   0.00000E+00 0.0000
    2.4208E+00   0.00000E+00 0.0000
    2.4908E+00   0.00000E+00 0.0000
    2.5629E+00   0.00000E+00 0.0000
    2.6370E+00   0.00000E+00 0.0000
    2.7133E+00   0.00000E+00 0.0000
    2.7918E+00   0.00000E+00 0.0000
    2.8725E+00   0.00000E+00 0.0000
    2.9557E+00   0.00000E+00 0.0000
    3.0412E+00   0.00000E+00 0.0000
    3.1291E+00   0.00000E+00 0.0000
    3.2197E+00   0.00000E+00 0.0000
    3.3128E+00   0.00000E+00 0.0000
    3.4086E+00   0.00000E+00 0.0000
    3.5072E+00   0.00000E+00 0.0000
    3.6087E+00   0.00000E+00 0.0000
    3.7131E+00   0.00000E+00 0.0000
    3.8205E+00   0.00000E+00 0.0000
    3.9311E+00   0.00000E+00 0.0000
    4.0448E+00   0.00000E+00 0.0000
    4.1618E+00   0.00000E+00 0.0000
    4.2822E+00   0.00000E+00 0.0000
    4.4061E+00   0.00000E+00 0.0000
    4.5335E+00   0.00000E+00 0.0000
    4.6647E+00   0.00000E+00 0.0000
    4.7996E+00   0.00000E+00 0.0000
    4.9385E+00   0.00000E+00 0.0000
    5.0814E+00   0.00000E+00 0.0000
    5.2284E+00   0.00000E+00 0.0000
    5.3796E+00   0.00000E+00 0.0000
    5.5352E+00   0.00000E+00 0.0000
    5.6954E+00   0.00000E+00 0.0000
    5.8601E+00   0.00000E+00 0.0000
    6.0297E+00   0.00000E+00 0.0000
    6.2041E+00   0.00000E+00 0.0000
    6.3836E+00   0.00000E+00 0.0000
    6.5683E+00   0.00000E+00 0.0000
    6.7583E+00   0.00000E+00 0.0000
    6.9538E+00   0.00000E+00 0.0000
    7.1550E+00   8.91081E-11 1.0000
    7.3619E+00   0.00000E+00 0.0000
    7.5749E+00   0.00000E+00 0.0000
    7.7941E+00   5.17556E-10 0.4555
    8.0195E+00   1.15537E-10 1.0000
    8.2515E+00   3.49899E-09 0.1841
    8.4902E+00   1.15060E-10 1.0000
    8.7359E+00   6.14765E-09 0.1387
    8.9886E+00   5.89677E-10 0.4477
    9.2486E+00   8.01016E-05 0.0040
    9.5162E+00   5.71811E-05 0.0030
    9.7915E+00   8.89247E-05 0.0026
    1.0075E+01   3.09623E-03 0.0014
    1.0366E+01   1.07385E-04 0.0025
    1.0666E+01   1.03623E-03 0.0021
    1.0975E+01   7.97792E-05 0.0032
    1.1292E+01   6.86460E-04 0.0025
    1.1619E+01   6.25845E-05 0.0036
    1.1955E+01   6.20656E-05 0.0037
    1.2301E+01   4.41635E-04 0.0030
    1.2657E+01   5.16902E-05 0.0040
    1.3023E+01   3.17892E-04 0.0034
    1.3400E+01   3.74560E-05 0.0043
    1.3787E+01   4.05033E-05 0.0044
    1.4186E+01   2.48633E-04 0.0039
    1.4596E+01   3.09388E-05 0.0045
    1.5019E+01   1.82359E-04 0.0041
    1.5453E+01   3.24936E-05 0.0047
    1.5900E+01   1.57445E-04 0.0042
    1.6360E+01   1.90073E-05 0.0048
    1.6834E+01   1.96191E-05 0.0048
    1.7321E+01   1.25565E-04 0.0044
    1.7822E+01   1.83825E-05 0.0049
    1.8337E+01   1.05480E-04 0.0045
    1.8868E+01   1.35339E-05 0.0049
    1.9413E+01   1.36447E-05 0.0049
    1.9975E+01   7.52755E-05 0.0045
    2.0553E+01   1.30558E-05 0.0051
    2.1148E+01   7.09883E-05 0.0047
    2.1759E+01   1.10695E-05 0.0051
    2.2389E+01   1.12723E-05 0.0051
    2.3037E+01   5.90515E-05 0.0048
    2.3703E+01   8.81036E-06 0.0051
    2.4389E+01   4.54204E-05 0.0048
    2.5094E+01   7.00828E-06 0.0052
    2.5820E+01   6.90402E-06 0.0051
    2.6567E+01   3.61967E-05 0.0047
    2.7336E+01   5.70970E-06 0.0051
    2.8127E+01   3.30192E-05 0.0048
    2.8940E+01   5.41896E-06 0.0052
    2.9777E+01   2.99822E-05 0.0048
    3.0639E+01   5.20962E-06 0.0051
    3.1525E+01   4.72100E-06 0.0052
    3.2437E+01   2.67515E-05 0.0048
    3.3376E+01   4.09796E-06 0.0051
    3.4341E+01   2.27821E-05 0.0048
    3.5335E+01   4.06733E-06 0.0051
    3.6357E+01   3.36137E-06 0.0052
    3.7409E+01   1.93049E-05 0.0048
    3.8491E+01   2.90643E-06 0.0051
    3.9604E+01   1.58987E-05 0.0048
    4.0750E+01   2.85239E-06 0.0050
    4.1929E+01   2.30661E-06 0.0051
    4.3142E+01   1.34535E-05 0.0047
    4.4390E+01   1.95642E-06 0.0050
    4.5674E+01   1.11791E-05 0.0047
    4.6996E+01   1.98018E-06 0.0049
    4.8355E+01   1.58189E-06 0.0050
    4.9754E+01   9.59312E-06 0.0046
    5.1193E+01   1.35427E-06 0.0050
    5.2674E+01   8.06839E-06 0.0046
    5.4198E+01   1.41213E-06 0.0048
    5.5766E+01   1.16396E-06 0.0049
    5.7379E+01   6.98812E-06 0.0045
    5.9039E+01   9.60506E-07 0.0049
    6.0747E+01   5.99610E-06 0.0045
    6.2505E+01   9.92914E-07 0.0048
    6.4313E+01   4.98248E-06 0.0045
    6.6174E+01   1.06778E-06 0.0047
    6.8088E+01   6.98164E-07 0.0049
    7.0058E+01   4.49771E-06 0.0045
    7.2084E+01   6.90445E-07 0.0048
    7.4170E+01   3.75893E-06 0.0044
    7.6315E+01   7.51481E-07 0.0046
    7.8523E+01   5.26751E-07 0.0048
    8.0795E+01   3.36500E-06 0.0044
    8.3132E+01   4.74700E-07 0.0048
    8.5537E+01   2.86622E-06 0.0044
    8.8012E+01   5.07344E-07 0.0047
    9.0558E+01   2.40007E-06 0.0044
    9.3178E+01   5.31651E-07 0.0046
    9.5873E+01   3.49387E-07 0.0047
    9.8647E+01   2.18803E-06 0.0044
    1.0150E+02   3.18394E-07 0.0047
    1.0444E+02   1.86443E-06 0.0044
    1.0746E+02   3.24443E-07 0.0046
    1.1057E+02   1.56449E-06 0.0043
    1.1377E+02   3.30337E-07 0.0045
    1.1706E+02   2.27441E-07 0.0047
    1.2044E+02   1.40539E-06 0.0043
    1.2393E+02   2.01099E-07 0.0047
    1.2751E+02   1.19975E-06 0.0043
    1.3120E+02   2.03382E-07 0.0046
    1.3500E+02   1.00286E-06 0.0043
    1.3890E+02   2.08694E-07 0.0045
    1.4292E+02   1.43868E-07 0.0047
    1.4706E+02   8.95798E-07 0.0043
    1.5131E+02   1.29313E-07 0.0046
    1.5569E+02   7.59424E-07 0.0043
    1.6019E+02   1.33833E-07 0.0045
    1.6483E+02   6.33108E-07 0.0043
    1.6959E+02   1.35808E-07 0.0045
    1.7450E+02   8.99878E-08 0.0046
    1.7955E+02   5.67297E-07 0.0043
    1.8474E+02   8.70371E-08 0.0046
    1.9009E+02   4.74242E-07 0.0043
    1.9559E+02   9.19512E-08 0.0045
    2.0124E+02   6.77780E-08 0.0046
    2.0707E+02   4.17077E-07 0.0043
    2.1306E+02   5.90960E-08 0.0046
    2.1922E+02   3.54036E-07 0.0043
    2.2556E+02   6.15063E-08 0.0045
    2.3209E+02   5.34419E-08 0.0046
    2.3880E+02   3.03881E-07 0.0043
    2.4571E+02   4.21315E-08 0.0046
    2.5282E+02   2.63003E-07 0.0043
    2.6013E+02   4.16810E-08 0.0046
    2.6766E+02   2.20706E-07 0.0043
    2.7540E+02   4.35949E-08 0.0045
    2.8337E+02   3.33879E-08 0.0046
    2.9157E+02   1.94473E-07 0.0043
    3.0000E+02   2.83767E-08 0.0046
      total      7.85819E-03 0.0009
 
 cell  502                                                                                                                             
    s(e) (MeV/cm)
    1.0000E+00   0.00000E+00 0.0000
    1.0289E+00   0.00000E+00 0.0000
    1.0587E+00   0.00000E+00 0.0000
    1.0893E+00   0.00000E+00 0.0000
    1.1208E+00   0.00000E+00 0.0000
    1.1533E+00   0.00000E+00 0.0000
    1.1866E+00   0.00000E+00 0.0000
    1.2210E+00   0.00000E+00 0.0000
    1.2563E+00   0.00000E+00 0.0000
    1.2926E+00   0.00000E+00 0.0000
    1.3300E+00   0.00000E+00 0.0000
    1.3685E+00   0.00000E+00 0.0000
    1.4081E+00   0.00000E+00 0.0000
    1.4488E+00   0.00000E+00 0.0000
    1.4907E+00   0.00000E+00 0.0000
    1.5339E+00   0.00000E+00 0.0000
    1.5782E+00   0.00000E+00 0.0000
    1.6239E+00   0.00000E+00 0.0000
    1.6709E+00   0.00000E+00 0.0000
    1.7192E+00   0.00000E+00 0.0000
    1.7689E+00   0.00000E+00 0.0000
    1.8201E+00   0.00000E+00 0.0000
    1.8728E+00   0.00000E+00 0.0000
    1.9269E+00   0.00000E+00 0.0000
    1.9827E+00   0.00000E+00 0.0000
    2.0400E+00   0.00000E+00 0.0000
    2.0991E+00   0.00000E+00 0.0000
    2.1598E+00   0.00000E+00 0.0000
    2.2223E+00   0.00000E+00 0.0000
    2.2866E+00   0.00000E+00 0.0000
    2.3527E+00   0.00000E+00 0.0000
    2.4208E+00   0.00000E+00 0.0000
    2.4908E+00   0.00000E+00 0.0000
    2.5629E+00   0.00000E+00 0.0000
    2.6370E+00   0.00000E+00 0.0000
    2.7133E+00   0.00000E+00 0.0000
    2.7918E+00   0.00000E+00 0.0000
    2.8725E+00   0.00000E+00 0.0000
    2.9557E+00   0.00000E+00 0.0000
    3.0412E+00   0.00000E+00 0.0000
    3.1291E+00   0.00000E+00 0.0000
    3.2197E+00   0.00000E+00 0.0000
    3.3128E+00   0.00000E+00 0.0000
    3.4086E+00   0.00000E+00 0.0000
    3.5072E+00   0.00000E+00 0.0000
    3.6087E+00   0.00000E+00 0.0000
    3.7131E+00   0.00000E+00 0.0000
    3.8205E+00   0.00000E+00 0.0000
    3.9311E+00   0.00000E+00 0.0000
    4.0448E+00   0.00000E+00 0.0000
    4.1618E+00   0.00000E+00 0.0000
    4.2822E+00   0.00000E+00 0.0000
    4.4061E+00   0.00000E+00 0.0000
    4.5335E+00   0.00000E+00 0.0000
    4.6647E+00   0.00000E+00 0.0000
    4.7996E+00   0.00000E+00 0.0000
    4.9385E+00   0.00000E+00 0.0000
    5.0814E+00   0.00000E+00 0.0000
    5.2284E+00   0.00000E+00 0.0000
    5.3796E+00   0.00000E+00 0.0000
    5.5352E+00   0.00000E+00 0.0000
    5.6954E+00   0.00000E+00 0.0000
    5.8601E+00   0.00000E+00 0.0000
    6.0297E+00   0.00000E+00 0.0000
    6.2041E+00   0.00000E+00 0.0000
    6.3836E+00   0.00000E+00 0.0000
    6.5683E+00   0.00000E+00 0.0000
    6.7583E+00   0.00000E+00 0.0000
    6.9538E+00   0.00000E+00 0.0000
    7.1550E+00   1.13640E-10 1.0000
    7.3619E+00   0.00000E+00 0.0000
    7.5749E+00   0.00000E+00 0.0000
    7.7941E+00   5.55703E-10 0.4304
    8.0195E+00   0.00000E+00 0.0000
    8.2515E+00   3.43436E-09 0.1845
    8.4902E+00   0.00000E+00 0.0000
    8.7359E+00   5.70190E-09 0.1425
    8.9886E+00   4.59826E-10 0.5002
    9.2486E+00   1.85205E-05 0.0064
    9.5162E+00   1.75539E-05 0.0047
    9.7915E+00   3.13109E-05 0.0038
    1.0075E+01   2.98132E-03 0.0015
    1.0366E+01   1.19379E-04 0.0022
    1.0666E+01   1.10928E-03 0.0021
    1.0975E+01   7.22569E-05 0.0032
    1.1292E+01   7.24087E-04 0.0026
    1.1619E+01   5.89168E-05 0.0036
    1.1955E+01   6.33283E-05 0.0036
    1.2301E+01   4.72092E-04 0.0030
    1.2657E+01   4.74487E-05 0.0040
    1.3023E+01   3.53378E-04 0.0035
    1.3400E+01   3.47688E-05 0.0042
    1.3787E+01   3.59126E-05 0.0043
    1.4186E+01   2.57489E-04 0.0039
    1.4596E+01   3.63682E-05 0.0045
    1.5019E+01   1.72682E-04 0.0039
    1.5453E+01   3.02592E-05 0.0047
    1.5900E+01   1.72561E-04 0.0042
    1.6360E+01   2.11837E-05 0.0048
    1.6834E+01   2.07714E-05 0.0048
    1.7321E+01   1.18954E-04 0.0042
    1.7822E+01   1.76326E-05 0.0048
    1.8337E+01   1.12283E-04 0.0045
    1.8868E+01   1.56134E-05 0.0049
    1.9413E+01   1.55714E-05 0.0049
    1.9975E+01   7.97398E-05 0.0045
    2.0553E+01   1.24447E-05 0.0050
    2.1148E+01   6.57336E-05 0.0046
    2.1759E+01   1.05047E-05 0.0051
    2.2389E+01   1.09323E-05 0.0051
    2.3037E+01   6.10167E-05 0.0047
    2.3703E+01   9.74734E-06 0.0051
    2.4389E+01   5.11432E-05 0.0048
    2.5094E+01   7.88268E-06 0.0051
    2.5820E+01   7.74081E-06 0.0051
    2.6567E+01   3.86726E-05 0.0047
    2.7336E+01   5.74225E-06 0.0051
    2.8127E+01   3.17720E-05 0.0047
    2.8940E+01   5.00716E-06 0.0051
    2.9777E+01   2.73849E-05 0.0047
    3.0639E+01   4.77490E-06 0.0050
    3.1525E+01   4.33660E-06 0.0051
    3.2437E+01   2.48292E-05 0.0047
    3.3376E+01   3.88680E-06 0.0051
    3.4341E+01   2.20473E-05 0.0048
    3.5335E+01   4.01275E-06 0.0050
    3.6357E+01   3.37899E-06 0.0051
    3.7409E+01   1.96298E-05 0.0048
    3.8491E+01   3.03638E-06 0.0051
    3.9604E+01   1.68294E-05 0.0048
    4.0750E+01   3.07329E-06 0.0050
    4.1929E+01   2.49078E-06 0.0051
    4.3142E+01   1.46134E-05 0.0047
    4.4390E+01   2.14472E-06 0.0050
    4.5674E+01   1.22715E-05 0.0047
    4.6996E+01   2.17878E-06 0.0049
    4.8355E+01   1.74194E-06 0.0050
    4.9754E+01   1.05481E-05 0.0047
    5.1193E+01   1.48673E-06 0.0050
    5.2674E+01   8.81905E-06 0.0046
    5.4198E+01   1.53582E-06 0.0049
    5.5766E+01   1.26105E-06 0.0050
    5.7379E+01   7.54020E-06 0.0046
    5.9039E+01   1.02799E-06 0.0049
    6.0747E+01   6.39451E-06 0.0046
    6.2505E+01   1.05649E-06 0.0048
    6.4313E+01   5.25665E-06 0.0045
    6.6174E+01   1.12328E-06 0.0047
    6.8088E+01   7.32427E-07 0.0049
    7.0058E+01   4.69214E-06 0.0045
    7.2084E+01   7.19626E-07 0.0048
    7.4170E+01   3.89003E-06 0.0045
    7.6315E+01   7.74190E-07 0.0046
    7.8523E+01   5.40374E-07 0.0048
    8.0795E+01   3.44705E-06 0.0044
    8.3132E+01   4.84092E-07 0.0048
    8.5537E+01   2.91209E-06 0.0044
    8.8012E+01   5.15040E-07 0.0046
    9.0558E+01   2.42593E-06 0.0044
    9.3178E+01   5.35657E-07 0.0045
    9.5873E+01   3.51616E-07 0.0047
    9.8647E+01   2.20003E-06 0.0043
    1.0150E+02   3.20008E-07 0.0047
    1.0444E+02   1.86695E-06 0.0043
    1.0746E+02   3.24332E-07 0.0046
    1.1057E+02   1.56138E-06 0.0043
    1.1377E+02   3.28675E-07 0.0045
    1.1706E+02   2.26997E-07 0.0046
    1.2044E+02   1.39652E-06 0.0043
    1.2393E+02   1.98706E-07 0.0046
    1.2751E+02   1.18992E-06 0.0043
    1.3120E+02   2.00589E-07 0.0045
    1.3500E+02   9.92272E-07 0.0042
    1.3890E+02   2.06502E-07 0.0044
    1.4292E+02   1.41940E-07 0.0046
    1.4706E+02   8.85114E-07 0.0042
    1.5131E+02   1.26949E-07 0.0046
    1.5569E+02   7.49168E-07 0.0042
    1.6019E+02   1.32032E-07 0.0045
    1.6483E+02   6.23743E-07 0.0042
    1.6959E+02   1.33794E-07 0.0044
    1.7450E+02   8.87404E-08 0.0046
    1.7955E+02   5.58222E-07 0.0042
    1.8474E+02   8.58553E-08 0.0045
    1.9009E+02   4.66171E-07 0.0042
    1.9559E+02   9.05762E-08 0.0044
    2.0124E+02   6.64879E-08 0.0045
    2.0707E+02   4.09824E-07 0.0042
    2.1306E+02   5.82740E-08 0.0045
    2.1922E+02   3.47481E-07 0.0042
    2.2556E+02   6.05619E-08 0.0044
    2.3209E+02   5.24416E-08 0.0045
    2.3880E+02   2.98064E-07 0.0042
    2.4571E+02   4.14705E-08 0.0045
    2.5282E+02   2.57944E-07 0.0042
    2.6013E+02   4.08124E-08 0.0045
    2.6766E+02   2.16287E-07 0.0042
    2.7540E+02   4.28590E-08 0.0044
    2.8337E+02   3.26320E-08 0.0045
    2.9157E+02   1.90663E-07 0.0042
    3.0000E+02   2.77909E-08 0.0045
      total      7.78697E-03 0.0009
 
 cell  503                                                                                                                             
    s(e) (MeV/cm)
    1.0000E+00   0.00000E+00 0.0000
    1.0289E+00   0.00000E+00 0.0000
    1.0587E+00   0.00000E+00 0.0000
    1.0893E+00   0.00000E+00 0.0000
    1.1208E+00   0.00000E+00 0.0000
    1.1533E+00   0.00000E+00 0.0000
    1.1866E+00   0.00000E+00 0.0000
    1.2210E+00   0.00000E+00 0.0000
    1.2563E+00   0.00000E+00 0.0000
    1.2926E+00   0.00000E+00 0.0000
    1.3300E+00   0.00000E+00 0.0000
    1.3685E+00   0.00000E+00 0.0000
    1.4081E+00   0.00000E+00 0.0000
    1.4488E+00   0.00000E+00 0.0000
    1.4907E+00   0.00000E+00 0.0000
    1.5339E+00   0.00000E+00 0.0000
    1.5782E+00   0.00000E+00 0.0000
    1.6239E+00   0.00000E+00 0.0000
    1.6709E+00   0.00000E+00 0.0000
    1.7192E+00   0.00000E+00 0.0000
    1.7689E+00   0.00000E+00 0.0000
    1.8201E+00   0.00000E+00 0.0000
    1.8728E+00   0.00000E+00 0.0000
    1.9269E+00   0.00000E+00 0.0000
    1.9827E+00   0.00000E+00 0.0000
    2.0400E+00   0.00000E+00 0.0000
    2.0991E+00   0.00000E+00 0.0000
    2.1598E+00   0.00000E+00 0.0000
    2.2223E+00   0.00000E+00 0.0000
    2.2866E+00   0.00000E+00 0.0000
    2.3527E+00   0.00000E+00 0.0000
    2.4208E+00   0.00000E+00 0.0000
    2.4908E+00   0.00000E+00 0.0000
    2.5629E+00   0.00000E+00 0.0000
    2.6370E+00   0.00000E+00 0.0000
    2.7133E+00   0.00000E+00 0.0000
    2.7918E+00   0.00000E+00 0.0000
    2.8725E+00   0.00000E+00 0.0000
    2.9557E+00   0.00000E+00 0.0000
    3.0412E+00   0.00000E+00 0.0000
    3.1291E+00   0.00000E+00 0.0000
    3.2197E+00   0.00000E+00 0.0000
    3.3128E+00   0.00000E+00 0.0000
    3.4086E+00   0.00000E+00 0.0000
    3.5072E+00   0.00000E+00 0.0000
    3.6087E+00   0.00000E+00 0.0000
    3.7131E+00   0.00000E+00 0.0000
    3.8205E+00   0.00000E+00 0.0000
    3.9311E+00   0.00000E+00 0.0000
    4.0448E+00   0.00000E+00 0.0000
    4.1618E+00   0.00000E+00 0.0000
    4.2822E+00   0.00000E+00 0.0000
    4.4061E+00   0.00000E+00 0.0000
    4.5335E+00   0.00000E+00 0.0000
    4.6647E+00   0.00000E+00 0.0000
    4.7996E+00   0.00000E+00 0.0000
    4.9385E+00   0.00000E+00 0.0000
    5.0814E+00   0.00000E+00 0.0000
    5.2284E+00   0.00000E+00 0.0000
    5.3796E+00   0.00000E+00 0.0000
    5.5352E+00   0.00000E+00 0.0000
    5.6954E+00   0.00000E+00 0.0000
    5.8601E+00   0.00000E+00 0.0000
    6.0297E+00   0.00000E+00 0.0000
    6.2041E+00   0.00000E+00 0.0000
    6.3836E+00   0.00000E+00 0.0000
    6.5683E+00   0.00000E+00 0.0000
    6.7583E+00   0.00000E+00 0.0000
    6.9538E+00   0.00000E+00 0.0000
    7.1550E+00   1.13640E-10 1.0000
    7.3619E+00   0.00000E+00 0.0000
    7.5749E+00   0.00000E+00 0.0000
    7.7941E+00   3.39020E-10 0.5774
    8.0195E+00   2.37274E-10 0.7075
    8.2515E+00   3.40912E-09 0.1873
    8.4902E+00   0.00000E+00 0.0000
    8.7359E+00   5.67341E-09 0.1447
    8.9886E+00   2.38512E-10 0.7071
    9.2486E+00   3.17089E-06 0.0117
    9.5162E+00   3.85650E-06 0.0083
    9.7915E+00   8.02198E-06 0.0063
    1.0075E+01   2.67402E-03 0.0015
    1.0366E+01   1.67676E-04 0.0019
    1.0666E+01   1.25693E-03 0.0020
    1.0975E+01   6.25847E-05 0.0031
    1.1292E+01   7.55407E-04 0.0026
    1.1619E+01   5.22842E-05 0.0034
    1.1955E+01   5.60055E-05 0.0035
    1.2301E+01   5.11151E-04 0.0031
    1.2657E+01   4.25261E-05 0.0038
    1.3023E+01   3.69714E-04 0.0034
    1.3400E+01   3.97478E-05 0.0041
    1.3787E+01   3.76247E-05 0.0041
    1.4186E+01   2.44962E-04 0.0037
    1.4596E+01   4.14063E-05 0.0044
    1.5019E+01   1.87264E-04 0.0039
    1.5453E+01   2.66479E-05 0.0046
    1.5900E+01   1.67458E-04 0.0041
    1.6360E+01   2.41663E-05 0.0047
    1.6834E+01   2.42365E-05 0.0047
    1.7321E+01   1.26669E-04 0.0042
    1.7822E+01   1.62762E-05 0.0047
    1.8337E+01   1.06672E-04 0.0043
    1.8868E+01   1.64070E-05 0.0048
    1.9413E+01   1.69175E-05 0.0048
    1.9975E+01   9.02064E-05 0.0045
    2.0553E+01   1.37451E-05 0.0049
    2.1148E+01   6.64491E-05 0.0045
    2.1759E+01   9.82688E-06 0.0049
    2.2389E+01   1.00810E-05 0.0049
    2.3037E+01   5.68998E-05 0.0046
    2.3703E+01   9.45361E-06 0.0050
    2.4389E+01   5.25488E-05 0.0047
    2.5094E+01   8.65464E-06 0.0051
    2.5820E+01   8.52508E-06 0.0051
    2.6567E+01   4.34863E-05 0.0047
    2.7336E+01   6.48658E-06 0.0050
    2.8127E+01   3.51392E-05 0.0047
    2.8940E+01   5.33805E-06 0.0051
    2.9777E+01   2.80099E-05 0.0047
    3.0639E+01   4.68351E-06 0.0049
    3.1525E+01   4.17695E-06 0.0050
    3.2437E+01   2.33559E-05 0.0046
    3.3376E+01   3.57593E-06 0.0050
    3.4341E+01   2.01440E-05 0.0046
    3.5335E+01   3.67564E-06 0.0049
    3.6357E+01   3.08033E-06 0.0050
    3.7409E+01   1.81209E-05 0.0047
    3.8491E+01   2.82988E-06 0.0050
    3.9604E+01   1.58471E-05 0.0047
    4.0750E+01   2.93423E-06 0.0049
    4.1929E+01   2.40871E-06 0.0051
    4.3142E+01   1.42340E-05 0.0047
    4.4390E+01   2.13065E-06 0.0050
    4.5674E+01   1.22793E-05 0.0047
    4.6996E+01   2.20815E-06 0.0049
    4.8355E+01   1.78048E-06 0.0050
    4.9754E+01   1.08430E-05 0.0047
    5.1193E+01   1.55438E-06 0.0050
    5.2674E+01   9.26546E-06 0.0046
    5.4198E+01   1.62575E-06 0.0049
    5.5766E+01   1.34188E-06 0.0050
    5.7379E+01   8.04959E-06 0.0046
    5.9039E+01   1.10515E-06 0.0049
    6.0747E+01   6.89326E-06 0.0046
    6.2505E+01   1.13927E-06 0.0048
    6.4313E+01   5.69785E-06 0.0046
    6.6174E+01   1.22114E-06 0.0047
    6.8088E+01   7.93346E-07 0.0049
    7.0058E+01   5.11342E-06 0.0045
    7.2084E+01   7.82690E-07 0.0048
    7.4170E+01   4.24635E-06 0.0045
    7.6315E+01   8.48013E-07 0.0047
    7.8523E+01   5.89303E-07 0.0048
    8.0795E+01   3.77160E-06 0.0045
    8.3132E+01   5.31659E-07 0.0048
    8.5537E+01   3.18985E-06 0.0045
    8.8012E+01   5.65044E-07 0.0047
    9.0558E+01   2.65688E-06 0.0044
    9.3178E+01   5.87192E-07 0.0046
    9.5873E+01   3.84950E-07 0.0048
    9.8647E+01   2.40778E-06 0.0044
    1.0150E+02   3.49450E-07 0.0047
    1.0444E+02   2.04070E-06 0.0044
    1.0746E+02   3.53745E-07 0.0046
    1.1057E+02   1.70450E-06 0.0044
    1.1377E+02   3.58871E-07 0.0046
    1.1706E+02   2.47204E-07 0.0047
    1.2044E+02   1.52354E-06 0.0044
    1.2393E+02   2.16493E-07 0.0047
    1.2751E+02   1.29614E-06 0.0044
    1.3120E+02   2.18533E-07 0.0046
    1.3500E+02   1.07982E-06 0.0043
    1.3890E+02   2.24360E-07 0.0045
    1.4292E+02   1.54306E-07 0.0047
    1.4706E+02   9.61955E-07 0.0043
    1.5131E+02   1.37648E-07 0.0046
    1.5569E+02   8.13370E-07 0.0043
    1.6019E+02   1.43019E-07 0.0045
    1.6483E+02   6.76277E-07 0.0043
    1.6959E+02   1.45171E-07 0.0045
    1.7450E+02   9.57693E-08 0.0046
    1.7955E+02   6.05169E-07 0.0043
    1.8474E+02   9.24938E-08 0.0046
    1.9009E+02   5.04644E-07 0.0043
    1.9559E+02   9.78664E-08 0.0045
    2.0124E+02   7.18787E-08 0.0046
    2.0707E+02   4.43378E-07 0.0043
    2.1306E+02   6.25747E-08 0.0046
    2.1922E+02   3.75752E-07 0.0043
    2.2556E+02   6.54338E-08 0.0045
    2.3209E+02   5.65327E-08 0.0046
    2.3880E+02   3.22028E-07 0.0043
    2.4571E+02   4.47204E-08 0.0046
    2.5282E+02   2.78576E-07 0.0043
    2.6013E+02   4.40574E-08 0.0045
    2.6766E+02   2.33451E-07 0.0043
    2.7540E+02   4.62235E-08 0.0044
    2.8337E+02   3.52925E-08 0.0046
    2.9157E+02   2.05712E-07 0.0042
    3.0000E+02   3.00394E-08 0.0046
      total      7.71369E-03 0.0009
 
 cell  504                                                                                                                             
    s(e) (MeV/cm)
    1.0000E+00   0.00000E+00 0.0000
    1.0289E+00   0.00000E+00 0.0000
    1.0587E+00   0.00000E+00 0.0000
    1.0893E+00   0.00000E+00 0.0000
    1.1208E+00   0.00000E+00 0.0000
    1.1533E+00   0.00000E+00 0.0000
    1.1866E+00   0.00000E+00 0.0000
    1.2210E+00   0.00000E+00 0.0000
    1.2563E+00   0.00000E+00 0.0000
    1.2926E+00   0.00000E+00 0.0000
    1.3300E+00   0.00000E+00 0.0000
    1.3685E+00   0.00000E+00 0.0000
    1.4081E+00   0.00000E+00 0.0000
    1.4488E+00   0.00000E+00 0.0000
    1.4907E+00   0.00000E+00 0.0000
    1.5339E+00   0.00000E+00 0.0000
    1.5782E+00   0.00000E+00 0.0000
    1.6239E+00   0.00000E+00 0.0000
    1.6709E+00   0.00000E+00 0.0000
    1.7192E+00   0.00000E+00 0.0000
    1.7689E+00   0.00000E+00 0.0000
    1.8201E+00   0.00000E+00 0.0000
    1.8728E+00   0.00000E+00 0.0000
    1.9269E+00   0.00000E+00 0.0000
    1.9827E+00   0.00000E+00 0.0000
    2.0400E+00   0.00000E+00 0.0000
    2.0991E+00   0.00000E+00 0.0000
    2.1598E+00   0.00000E+00 0.0000
    2.2223E+00   0.00000E+00 0.0000
    2.2866E+00   0.00000E+00 0.0000
    2.3527E+00   0.00000E+00 0.0000
    2.4208E+00   0.00000E+00 0.0000
    2.4908E+00   0.00000E+00 0.0000
    2.5629E+00   0.00000E+00 0.0000
    2.6370E+00   0.00000E+00 0.0000
    2.7133E+00   0.00000E+00 0.0000
    2.7918E+00   0.00000E+00 0.0000
    2.8725E+00   0.00000E+00 0.0000
    2.9557E+00   0.00000E+00 0.0000
    3.0412E+00   0.00000E+00 0.0000
    3.1291E+00   0.00000E+00 0.0000
    3.2197E+00   0.00000E+00 0.0000
    3.3128E+00   0.00000E+00 0.0000
    3.4086E+00   0.00000E+00 0.0000
    3.5072E+00   0.00000E+00 0.0000
    3.6087E+00   0.00000E+00 0.0000
    3.7131E+00   0.00000E+00 0.0000
    3.8205E+00   0.00000E+00 0.0000
    3.9311E+00   0.00000E+00 0.0000
    4.0448E+00   0.00000E+00 0.0000
    4.1618E+00   0.00000E+00 0.0000
    4.2822E+00   0.00000E+00 0.0000
    4.4061E+00   0.00000E+00 0.0000
    4.5335E+00   0.00000E+00 0.0000
    4.6647E+00   0.00000E+00 0.0000
    4.7996E+00   0.00000E+00 0.0000
    4.9385E+00   0.00000E+00 0.0000
    5.0814E+00   0.00000E+00 0.0000
    5.2284E+00   0.00000E+00 0.0000
    5.3796E+00   0.00000E+00 0.0000
    5.5352E+00   0.00000E+00 0.0000
    5.6954E+00   0.00000E+00 0.0000
    5.8601E+00   0.00000E+00 0.0000
    6.0297E+00   0.00000E+00 0.0000
    6.2041E+00   0.00000E+00 0.0000
    6.3836E+00   0.00000E+00 0.0000
    6.5683E+00   0.00000E+00 0.0000
    6.7583E+00   0.00000E+00 0.0000
    6.9538E+00   0.00000E+00 0.0000
    7.1550E+00   1.13599E-10 1.0000
    7.3619E+00   0.00000E+00 0.0000
    7.5749E+00   0.00000E+00 0.0000
    7.7941E+00   3.38905E-10 0.5774
    8.0195E+00   0.00000E+00 0.0000
    8.2515E+00   3.12236E-09 0.1944
    8.4902E+00   2.58720E-10 0.7123
    8.7359E+00   5.60655E-09 0.1446
    8.9886E+00   5.15072E-10 0.4673
    9.2486E+00   4.11460E-07 0.0254
    9.5162E+00   6.07274E-07 0.0176
    9.7915E+00   1.46956E-06 0.0125
    1.0075E+01   2.16581E-03 0.0016
    1.0366E+01   2.42478E-04 0.0017
    1.0666E+01   1.53930E-03 0.0017
    1.0975E+01   6.75291E-05 0.0030
    1.1292E+01   7.71896E-04 0.0026
    1.1619E+01   5.60257E-05 0.0034
    1.1955E+01   5.42602E-05 0.0034
    1.2301E+01   5.31671E-04 0.0030
    1.2657E+01   4.66631E-05 0.0037
    1.3023E+01   3.60392E-04 0.0033
    1.3400E+01   4.80043E-05 0.0040
    1.3787E+01   4.58304E-05 0.0041
    1.4186E+01   2.40057E-04 0.0035
    1.4596E+01   4.02728E-05 0.0043
    1.5019E+01   2.11559E-04 0.0039
    1.5453E+01   2.76057E-05 0.0046
    1.5900E+01   1.52701E-04 0.0040
    1.6360E+01   2.39351E-05 0.0047
    1.6834E+01   2.52758E-05 0.0046
    1.7321E+01   1.42619E-04 0.0042
    1.7822E+01   1.74245E-05 0.0047
    1.8337E+01   1.02226E-04 0.0042
    1.8868E+01   1.52564E-05 0.0047
    1.9413E+01   1.59674E-05 0.0047
    1.9975E+01   9.30538E-05 0.0044
    2.0553E+01   1.55965E-05 0.0049
    2.1148E+01   7.51483E-05 0.0045
    2.1759E+01   1.04529E-05 0.0049
    2.2389E+01   1.04567E-05 0.0049
    2.3037E+01   5.54326E-05 0.0044
    2.3703E+01   8.77036E-06 0.0048
    2.4389E+01   4.88917E-05 0.0046
    2.5094E+01   8.23467E-06 0.0050
    2.5820E+01   8.31116E-06 0.0050
    2.6567E+01   4.42914E-05 0.0047
    2.7336E+01   6.95882E-06 0.0050
    2.8127E+01   3.87856E-05 0.0047
    2.8940E+01   6.02856E-06 0.0050
    2.9777E+01   3.16135E-05 0.0047
    3.0639E+01   5.20955E-06 0.0049
    3.1525E+01   4.63098E-06 0.0050
    3.2437E+01   2.53266E-05 0.0046
    3.3376E+01   3.74541E-06 0.0049
    3.4341E+01   2.05299E-05 0.0046
    3.5335E+01   3.62576E-06 0.0049
    3.6357E+01   3.00790E-06 0.0049
    3.7409E+01   1.73514E-05 0.0045
    3.8491E+01   2.64628E-06 0.0049
    3.9604E+01   1.47004E-05 0.0045
    4.0750E+01   2.69751E-06 0.0048
    4.1929E+01   2.20270E-06 0.0049
    4.3142E+01   1.30460E-05 0.0045
    4.4390E+01   1.95395E-06 0.0049
    4.5674E+01   1.12839E-05 0.0046
    4.6996E+01   2.03986E-06 0.0048
    4.8355E+01   1.65290E-06 0.0049
    4.9754E+01   1.00757E-05 0.0045
    5.1193E+01   1.45376E-06 0.0049
    5.2674E+01   8.69643E-06 0.0045
    5.4198E+01   1.53592E-06 0.0048
    5.5766E+01   1.27778E-06 0.0049
    5.7379E+01   7.68010E-06 0.0045
    5.9039E+01   1.06745E-06 0.0049
    6.0747E+01   6.67044E-06 0.0045
    6.2505E+01   1.11295E-06 0.0048
    6.4313E+01   5.58440E-06 0.0045
    6.6174E+01   1.19652E-06 0.0047
    6.8088E+01   7.89604E-07 0.0049
    7.0058E+01   5.06435E-06 0.0045
    7.2084E+01   7.79323E-07 0.0048
    7.4170E+01   4.24623E-06 0.0045
    7.6315E+01   8.47588E-07 0.0047
    7.8523E+01   5.96011E-07 0.0048
    8.0795E+01   3.80277E-06 0.0045
    8.3132E+01   5.34425E-07 0.0048
    8.5537E+01   3.23734E-06 0.0044
    8.8012E+01   5.72518E-07 0.0047
    9.0558E+01   2.70760E-06 0.0044
    9.3178E+01   6.00656E-07 0.0046
    9.5873E+01   3.94254E-07 0.0047
    9.8647E+01   2.46822E-06 0.0044
    1.0150E+02   3.59250E-07 0.0047
    1.0444E+02   2.10233E-06 0.0044
    1.0746E+02   3.64927E-07 0.0046
    1.1057E+02   1.76061E-06 0.0044
    1.1377E+02   3.71909E-07 0.0045
    1.1706E+02   2.55986E-07 0.0047
    1.2044E+02   1.57865E-06 0.0044
    1.2393E+02   2.25442E-07 0.0047
    1.2751E+02   1.34700E-06 0.0043
    1.3120E+02   2.27416E-07 0.0046
    1.3500E+02   1.12470E-06 0.0043
    1.3890E+02   2.33491E-07 0.0045
    1.4292E+02   1.61197E-07 0.0046
    1.4706E+02   1.00411E-06 0.0043
    1.5131E+02   1.44320E-07 0.0046
    1.5569E+02   8.50209E-07 0.0043
    1.6019E+02   1.49528E-07 0.0045
    1.6483E+02   7.07876E-07 0.0043
    1.6959E+02   1.52007E-07 0.0045
    1.7450E+02   1.00398E-07 0.0046
    1.7955E+02   6.34024E-07 0.0043
    1.8474E+02   9.70027E-08 0.0046
    1.9009E+02   5.29510E-07 0.0043
    1.9559E+02   1.02586E-07 0.0045
    2.0124E+02   7.57942E-08 0.0046
    2.0707E+02   4.65163E-07 0.0043
    2.1306E+02   6.60659E-08 0.0046
    2.1922E+02   3.94491E-07 0.0043
    2.2556E+02   6.88092E-08 0.0045
    2.3209E+02   5.95992E-08 0.0046
    2.3880E+02   3.38368E-07 0.0043
    2.4571E+02   4.70757E-08 0.0046
    2.5282E+02   2.92865E-07 0.0043
    2.6013E+02   4.63359E-08 0.0045
    2.6766E+02   2.45610E-07 0.0043
    2.7540E+02   4.85875E-08 0.0044
    2.8337E+02   3.70724E-08 0.0046
    2.9157E+02   2.16460E-07 0.0043
    3.0000E+02   3.16360E-08 0.0046
      total      7.63495E-03 0.0009
 
 cell union total                                                                                                                      
    s(e) (MeV/cm)
    1.0000E+00   0.00000E+00 0.0000
    1.0289E+00   0.00000E+00 0.0000
    1.0587E+00   0.00000E+00 0.0000
    1.0893E+00   0.00000E+00 0.0000
    1.1208E+00   0.00000E+00 0.0000
    1.1533E+00   0.00000E+00 0.0000
    1.1866E+00   0.00000E+00 0.0000
    1.2210E+00   0.00000E+00 0.0000
    1.2563E+00   0.00000E+00 0.0000
    1.2926E+00   0.00000E+00 0.0000
    1.3300E+00   0.00000E+00 0.0000
    1.3685E+00   0.00000E+00 0.0000
    1.4081E+00   0.00000E+00 0.0000
    1.4488E+00   0.00000E+00 0.0000
    1.4907E+00   0.00000E+00 0.0000
    1.5339E+00   0.00000E+00 0.0000
    1.5782E+00   0.00000E+00 0.0000
    1.6239E+00   0.00000E+00 0.0000
    1.6709E+00   0.00000E+00 0.0000
    1.7192E+00   0.00000E+00 0.0000
    1.7689E+00   0.00000E+00 0.0000
    1.8201E+00   0.00000E+00 0.0000
    1.8728E+00   0.00000E+00 0.0000
    1.9269E+00   0.00000E+00 0.0000
    1.9827E+00   0.00000E+00 0.0000
    2.0400E+00   0.00000E+00 0.0000
    2.0991E+00   0.00000E+00 0.0000
    2.1598E+00   0.00000E+00 0.0000
    2.2223E+00   0.00000E+00 0.0000
    2.2866E+00   0.00000E+00 0.0000
    2.3527E+00   0.00000E+00 0.0000
    2.4208E+00   0.00000E+00 0.0000
    2.4908E+00   0.00000E+00 0.0000
    2.5629E+00   0.00000E+00 0.0000
    2.6370E+00   0.00000E+00 0.0000
    2.7133E+00   0.00000E+00 0.0000
    2.7918E+00   0.00000E+00 0.0000
    2.8725E+00   0.00000E+00 0.0000
    2.9557E+00   0.00000E+00 0.0000
    3.0412E+00   0.00000E+00 0.0000
    3.1291E+00   0.00000E+00 0.0000
    3.2197E+00   0.00000E+00 0.0000
    3.3128E+00   0.00000E+00 0.0000
    3.4086E+00   0.00000E+00 0.0000
    3.5072E+00   0.00000E+00 0.0000
    3.6087E+00   0.00000E+00 0.0000
    3.7131E+00   0.00000E+00 0.0000
    3.8205E+00   0.00000E+00 0.0000
    3.9311E+00   0.00000E+00 0.0000
    4.0448E+00   0.00000E+00 0.0000
    4.1618E+00   0.00000E+00 0.0000
    4.2822E+00   0.00000E+00 0.0000
    4.4061E+00   0.00000E+00 0.0000
    4.5335E+00   0.00000E+00 0.0000
    4.6647E+00   0.00000E+00 0.0000
    4.7996E+00   0.00000E+00 0.0000
    4.9385E+00   0.00000E+00 0.0000
    5.0814E+00   0.00000E+00 0.0000
    5.2284E+00   0.00000E+00 0.0000
    5.3796E+00   0.00000E+00 0.0000
    5.5352E+00   0.00000E+00 0.0000
    5.6954E+00   0.00000E+00 0.0000
    5.8601E+00   0.00000E+00 0.0000
    6.0297E+00   0.00000E+00 0.0000
    6.2041E+00   0.00000E+00 0.0000
    6.3836E+00   0.00000E+00 0.0000
    6.5683E+00   0.00000E+00 0.0000
    6.7583E+00   0.00000E+00 0.0000
    6.9538E+00   0.00000E+00 0.0000
    7.1550E+00   8.59973E-11 1.0000
    7.3619E+00   0.00000E+00 0.0000
    7.5749E+00   0.00000E+00 0.0000
    7.7941E+00   4.74950E-10 0.4324
    8.0195E+00   1.16898E-10 0.4473
    8.2515E+00   3.31277E-09 0.1706
    8.4902E+00   1.00601E-10 0.5025
    8.7359E+00   6.04740E-09 0.1188
    8.9886E+00   5.25241E-10 0.2106
    9.2486E+00   7.23912E-05 0.0032
    9.5162E+00   4.28997E-05 0.0024
    9.7915E+00   6.24488E-05 0.0022
    1.0075E+01   2.78365E-03 0.0014
    1.0366E+01   1.48062E-04 0.0016
    1.0666E+01   1.18477E-03 0.0018
    1.0975E+01   7.10231E-05 0.0025
    1.1292E+01   7.18554E-04 0.0023
    1.1619E+01   5.69389E-05 0.0027
    1.1955E+01   5.73782E-05 0.0028
    1.2301E+01   4.78410E-04 0.0026
    1.2657E+01   4.70288E-05 0.0030
    1.3023E+01   3.39559E-04 0.0030
    1.3400E+01   4.02951E-05 0.0031
    1.3787E+01   4.05331E-05 0.0031
    1.4186E+01   2.42739E-04 0.0032
    1.4596E+01   3.61726E-05 0.0034
    1.5019E+01   1.90015E-04 0.0032
    1.5453E+01   2.92601E-05 0.0035
    1.5900E+01   1.58464E-04 0.0035
    1.6360E+01   2.17062E-05 0.0035
    1.6834E+01   2.22679E-05 0.0035
    1.7321E+01   1.28648E-04 0.0034
    1.7822E+01   1.72625E-05 0.0036
    1.8337E+01   1.04012E-04 0.0036
    1.8868E+01   1.47645E-05 0.0037
    1.9413E+01   1.51416E-05 0.0037
    1.9975E+01   8.36886E-05 0.0036
    2.0553E+01   1.37873E-05 0.0036
    2.1148E+01   6.99021E-05 0.0036
    2.1759E+01   1.04064E-05 0.0037
    2.2389E+01   1.05934E-05 0.0037
    2.3037E+01   5.69423E-05 0.0037
    2.3703E+01   8.93594E-06 0.0038
    2.4389E+01   4.81642E-05 0.0037
    2.5094E+01   7.77803E-06 0.0038
    2.5820E+01   7.73283E-06 0.0038
    2.6567E+01   4.03190E-05 0.0036
    2.7336E+01   6.23532E-06 0.0037
    2.8127E+01   3.49297E-05 0.0036
    2.8940E+01   5.51901E-06 0.0037
    2.9777E+01   2.96116E-05 0.0036
    3.0639E+01   5.02190E-06 0.0036
    3.1525E+01   4.51086E-06 0.0037
    3.2437E+01   2.52190E-05 0.0036
    3.3376E+01   3.82782E-06 0.0037
    3.4341E+01   2.13023E-05 0.0036
    3.5335E+01   3.81721E-06 0.0037
    3.6357E+01   3.17824E-06 0.0038
    3.7409E+01   1.83838E-05 0.0036
    3.8491E+01   2.81267E-06 0.0038
    3.9604E+01   1.55655E-05 0.0036
    4.0750E+01   2.84248E-06 0.0037
    4.1929E+01   2.31061E-06 0.0037
    4.3142E+01   1.36043E-05 0.0036
    4.4390E+01   2.01086E-06 0.0037
    4.5674E+01   1.15630E-05 0.0036
    4.6996E+01   2.06991E-06 0.0036
    4.8355E+01   1.66409E-06 0.0037
    4.9754E+01   1.01188E-05 0.0036
    5.1193E+01   1.44302E-06 0.0036
    5.2674E+01   8.60878E-06 0.0035
    5.4198E+01   1.51040E-06 0.0036
    5.5766E+01   1.24920E-06 0.0036
    5.7379E+01   7.49326E-06 0.0035
    5.9039E+01   1.03112E-06 0.0036
    6.0747E+01   6.44170E-06 0.0035
    6.2505E+01   1.06871E-06 0.0035
    6.4313E+01   5.35113E-06 0.0034
    6.6174E+01   1.14682E-06 0.0035
    6.8088E+01   7.50217E-07 0.0035
    7.0058E+01   4.82506E-06 0.0034
    7.2084E+01   7.40865E-07 0.0035
    7.4170E+01   4.02611E-06 0.0034
    7.6315E+01   8.03631E-07 0.0034
    7.8523E+01   5.62890E-07 0.0035
    8.0795E+01   3.59216E-06 0.0034
    8.3132E+01   5.06224E-07 0.0034
    8.5537E+01   3.05076E-06 0.0033
    8.8012E+01   5.39775E-07 0.0034
    9.0558E+01   2.54934E-06 0.0033
    9.3178E+01   5.64140E-07 0.0034
    9.5873E+01   3.70546E-07 0.0034
    9.8647E+01   2.31886E-06 0.0033
    1.0150E+02   3.37043E-07 0.0034
    1.0444E+02   1.97191E-06 0.0033
    1.0746E+02   3.42259E-07 0.0033
    1.1057E+02   1.65062E-06 0.0033
    1.1377E+02   3.48246E-07 0.0033
    1.1706E+02   2.39768E-07 0.0034
    1.2044E+02   1.47918E-06 0.0033
    1.2393E+02   2.10873E-07 0.0033
    1.2751E+02   1.26121E-06 0.0032
    1.3120E+02   2.12968E-07 0.0033
    1.3500E+02   1.05268E-06 0.0032
    1.3890E+02   2.18765E-07 0.0033
    1.4292E+02   1.50779E-07 0.0033
    1.4706E+02   9.39281E-07 0.0032
    1.5131E+02   1.34994E-07 0.0033
    1.5569E+02   7.95500E-07 0.0032
    1.6019E+02   1.39907E-07 0.0033
    1.6483E+02   6.62328E-07 0.0032
    1.6959E+02   1.42145E-07 0.0033
    1.7450E+02   9.40243E-08 0.0033
    1.7955E+02   5.93042E-07 0.0032
    1.8474E+02   9.09220E-08 0.0033
    1.9009E+02   4.95246E-07 0.0032
    1.9559E+02   9.60995E-08 0.0033
    2.0124E+02   7.07100E-08 0.0033
    2.0707E+02   4.35325E-07 0.0032
    2.1306E+02   6.17182E-08 0.0033
    2.1922E+02   3.69148E-07 0.0032
    2.2556E+02   6.43193E-08 0.0033
    2.3209E+02   5.56870E-08 0.0033
    2.3880E+02   3.16655E-07 0.0032
    2.4571E+02   4.40021E-08 0.0033
    2.5282E+02   2.74023E-07 0.0032
    2.6013E+02   4.33742E-08 0.0033
    2.6766E+02   2.29813E-07 0.0032
    2.7540E+02   4.54808E-08 0.0032
    2.8337E+02   3.47145E-08 0.0033
    2.9157E+02   2.02529E-07 0.0032
    3.0000E+02   2.95837E-08 0.0033
      total      7.78526E-03 0.0009


 ===================================================================================================================================

           results of 10 statistical checks for the estimated answer for the tally fluctuation chart (tfc) bin of tally     8004

 tfc bin     --mean--      ---------relative error---------      ----variance of the variance----      --figure of merit--     -pdf-
 behavior    behavior      value   decrease   decrease rate      value   decrease   decrease rate       value     behavior     slope

 desired      random       <0.10      yes      1/sqrt(nps)       <0.10      yes        1/nps           constant    random      >3.00
 observed     random        0.00      yes          yes            0.00      yes         yes                                     4.36
 passed?        yes          yes      yes          yes             yes      yes         yes                                      yes

 ===================================================================================================================================


 this tally meets the statistical criteria used to form confidence intervals: check the tally fluctuation chart to verify.
 the results in other bins associated with this tally may not meet these statistical criteria.

 ----- estimated confidence intervals:  -----

 estimated asymmetric confidence interval(1,2,3 sigma): 7.9257E-03 to 7.9393E-03; 7.9189E-03 to 7.9462E-03; 7.9121E-03 to 7.9530E-03
 estimated  symmetric confidence interval(1,2,3 sigma): 7.9257E-03 to 7.9393E-03; 7.9189E-03 to 7.9462E-03; 7.9121E-03 to 7.9530E-03

1analysis of the results in the tally fluctuation chart bin (tfc) for tally 8004 with nps = 4000000          print table 160


 normed average tally per history  = 7.93253E-03          unnormed average tally per history  = 1.98313E-02
 estimated tally relative error    = 0.0009               estimated variance of the variance  = 0.0000
 relative error from zero tallies  = 0.0005               relative error from nonzero scores  = 0.0007

 number of nonzero history tallies =     2121575          efficiency for the nonzero tallies  = 0.5304
 history number of largest  tally  =     2276872          largest  unnormalized history tally = 1.34324E-01
 (largest  tally)/(average tally)  = 6.77330E+00          (largest  tally)/(avg nonzero tally)= 3.59252E+00

 (confidence interval shift)/mean  = 0.0000               shifted confidence interval center  = 7.93253E-03


 if the largest  history score sampled so far were to occur on the next history, the tfc bin quantities would change as follows:

      estimated quantities           value at nps           value at nps+1           value(nps+1)/value(nps)-1.

      mean                            7.93253E-03             7.93254E-03                     0.000001
      relative error                  8.59231E-04             8.59230E-04                     0.000000
      variance of the variance        5.01544E-07             5.01547E-07                     0.000005
      shifted center                  7.93253E-03             7.93253E-03                     0.000000
      figure of merit                 0.00000E+00             0.00000E+00                     0.000000

 the estimated inverse power slope of the 198 largest  tallies starting at 1.01192E-01 is 4.3605
 the empirical history score probability density function appears to be increasing at the largest  history scores:
 please examine. see print table 161.
 the large score tail of the empirical history score probability density function appears to have no unsampled regions.

 fom = (histories/minute)*(f(x) signal-to-noise ratio)**2 = (0.000E+00)*( 5.819E-01)**2 = (0.000E+00)*(3.386E-01) = 0.000E+00


# ===================================================
# tally 9104
# ===================================================
1tally     9104        nps =     4000000
           tally type 4    track length estimate of particle flux.      units   1/cm**2        
           particle(s): neutrons  photons   electrons protons   deuterons tritons   helions   alphas   

 number of histories used for normalizing tallies =      4000000.00
           this tally is modified by   ft  let

           volumes 
                   cell:      500          501          502          503          504         total                
                         2.50000E+00  2.50000E+00  2.50000E+00  2.50000E+00  2.50000E+00  1.25000E+01
 
 cell  500                                                                                                                             
    s(e) (MeV/cm)
    1.0000E+00   7.65775E-04 0.0008
    1.0289E+00   0.00000E+00 0.0000
    1.0587E+00   0.00000E+00 0.0000
    1.0893E+00   0.00000E+00 0.0000
    1.1208E+00   0.00000E+00 0.0000
    1.1533E+00   0.00000E+00 0.0000
    1.1866E+00   0.00000E+00 0.0000
    1.2210E+00   0.00000E+00 0.0000
    1.2563E+00   0.00000E+00 0.0000
    1.2926E+00   0.00000E+00 0.0000
    1.3300E+00   0.00000E+00 0.0000
    1.3685E+00   0.00000E+00 0.0000
    1.4081E+00   0.00000E+00 0.0000
    1.4488E+00   0.00000E+00 0.0000
    1.4907E+00   0.00000E+00 0.0000
    1.5339E+00   0.00000E+00 0.0000
    1.5782E+00   0.00000E+00 0.0000
    1.6239E+00   0.00000E+00 0.0000
    1.6709E+00   0.00000E+00 0.0000
    1.7192E+00   0.00000E+00 0.0000
    1.7689E+00   0.00000E+00 0.0000
    1.8201E+00   0.00000E+00 0.0000
    1.8728E+00   0.00000E+00 0.0000
    1.9269E+00   0.00000E+00 0.0000
    1.9827E+00   0.00000E+00 0.0000
    2.0400E+00   0.00000E+00 0.0000
    2.0991E+00   0.00000E+00 0.0000
    2.1598E+00   2.26645E-06 0.0116
    2.2223E+00   8.69226E-07 0.0149
    2.2866E+00   3.88464E-07 0.0196
    2.3527E+00   1.40041E-07 0.0269
    2.4208E+00   1.56149E-07 0.0171
    2.4908E+00   6.77282E-08 0.0212
    2.5629E+00   6.17766E-08 0.0177
    2.6370E+00   5.75689E-08 0.0167
    2.7133E+00   5.21076E-08 0.0164
    2.7918E+00   4.86619E-08 0.0174
    2.8725E+00   4.51143E-08 0.0159
    2.9557E+00   4.15330E-08 0.0157
    3.0412E+00   2.99429E-10 1.0000
    3.1291E+00   3.77959E-08 0.0150
    3.2197E+00   3.51289E-08 0.0148
    3.3128E+00   0.00000E+00 0.0000
    3.4086E+00   3.19746E-08 0.0145
    3.5072E+00   2.91624E-08 0.0144
    3.6087E+00   1.52890E-10 1.0000
    3.7131E+00   2.68318E-08 0.0141
    3.8205E+00   2.45170E-08 0.0139
    3.9311E+00   0.00000E+00 0.0000
    4.0448E+00   2.26210E-08 0.0137
    4.1618E+00   0.00000E+00 0.0000
    4.2822E+00   2.05941E-08 0.0135
    4.4061E+00   0.00000E+00 0.0000
    4.5335E+00   1.88617E-08 0.0133
    4.6647E+00   0.00000E+00 0.0000
    4.7996E+00   1.73253E-08 0.0130
    4.9385E+00   1.57733E-08 0.0129
    5.0814E+00   0.00000E+00 0.0000
    5.2284E+00   1.46685E-08 0.0126
    5.3796E+00   0.00000E+00 0.0000
    5.5352E+00   1.34363E-08 0.0124
    5.6954E+00   0.00000E+00 0.0000
    5.8601E+00   0.00000E+00 0.0000
    6.0297E+00   1.23112E-08 0.0122
    6.2041E+00   0.00000E+00 0.0000
    6.3836E+00   1.13049E-08 0.0120
    6.5683E+00   0.00000E+00 0.0000
    6.7583E+00   1.03522E-08 0.0118
    6.9538E+00   0.00000E+00 0.0000
    7.1550E+00   9.48989E-09 0.0117
    7.3619E+00   0.00000E+00 0.0000
    7.5749E+00   8.71866E-09 0.0115
    7.7941E+00   6.23566E-10 0.4181
    8.0195E+00   8.30875E-09 0.0226
    8.2515E+00   3.09901E-09 0.1948
    8.4902E+00   7.55022E-09 0.0203
    8.7359E+00   7.10747E-09 0.1287
    8.9886E+00   8.23120E-10 0.3783
    9.2486E+00   2.59759E-04 0.0028
    9.5162E+00   1.35300E-04 0.0022
    9.7915E+00   1.82523E-04 0.0020
    1.0075E+01   3.00090E-03 0.0014
    1.0366E+01   1.03399E-04 0.0028
    1.0666E+01   9.82121E-04 0.0022
    1.0975E+01   7.29658E-05 0.0033
    1.1292E+01   6.54927E-04 0.0027
    1.1619E+01   5.48831E-05 0.0037
    1.1955E+01   5.12366E-05 0.0038
    1.2301E+01   4.35500E-04 0.0032
    1.2657E+01   4.68206E-05 0.0041
    1.3023E+01   2.96421E-04 0.0034
    1.3400E+01   4.14985E-05 0.0044
    1.3787E+01   4.27988E-05 0.0044
    1.4186E+01   2.22554E-04 0.0039
    1.4596E+01   3.18808E-05 0.0046
    1.5019E+01   1.96212E-04 0.0042
    1.5453E+01   2.92977E-05 0.0048
    1.5900E+01   1.42157E-04 0.0042
    1.6360E+01   2.02386E-05 0.0050
    1.6834E+01   2.14400E-05 0.0049
    1.7321E+01   1.29437E-04 0.0045
    1.7822E+01   1.66001E-05 0.0050
    1.8337E+01   9.34051E-05 0.0045
    1.8868E+01   1.30152E-05 0.0050
    1.9413E+01   1.36075E-05 0.0050
    1.9975E+01   8.01928E-05 0.0047
    2.0553E+01   1.41050E-05 0.0052
    2.1148E+01   7.12849E-05 0.0048
    2.1759E+01   1.02025E-05 0.0052
    2.2389E+01   1.02504E-05 0.0052
    2.3037E+01   5.25153E-05 0.0048
    2.3703E+01   7.93532E-06 0.0051
    2.4389E+01   4.30749E-05 0.0048
    2.5094E+01   7.15583E-06 0.0052
    2.5820E+01   7.23029E-06 0.0052
    2.6567E+01   3.92471E-05 0.0048
    2.7336E+01   6.32918E-06 0.0052
    2.8127E+01   3.62410E-05 0.0049
    2.8940E+01   5.85644E-06 0.0052
    2.9777E+01   3.13724E-05 0.0049
    3.0639E+01   5.28097E-06 0.0051
    3.1525E+01   4.73972E-06 0.0052
    3.2437E+01   2.61141E-05 0.0048
    3.3376E+01   3.87940E-06 0.0051
    3.4341E+01   2.12752E-05 0.0048
    3.5335E+01   3.74995E-06 0.0050
    3.6357E+01   3.10682E-06 0.0051
    3.7409E+01   1.77629E-05 0.0047
    3.8491E+01   2.68452E-06 0.0050
    3.9604E+01   1.47897E-05 0.0046
    4.0750E+01   2.69652E-06 0.0049
    4.1929E+01   2.18351E-06 0.0050
    4.3142E+01   1.28923E-05 0.0046
    4.4390E+01   1.90501E-06 0.0050
    4.5674E+01   1.09990E-05 0.0046
    4.6996E+01   1.97837E-06 0.0048
    4.8355E+01   1.59973E-06 0.0050
    4.9754E+01   9.72061E-06 0.0046
    5.1193E+01   1.39861E-06 0.0049
    5.2674E+01   8.36597E-06 0.0046
    5.4198E+01   1.47208E-06 0.0048
    5.5766E+01   1.23324E-06 0.0049
    5.7379E+01   7.36943E-06 0.0046
    5.9039E+01   1.02409E-06 0.0049
    6.0747E+01   6.40034E-06 0.0046
    6.2505E+01   1.06707E-06 0.0048
    6.4313E+01   5.36936E-06 0.0045
    6.6174E+01   1.15470E-06 0.0047
    6.8088E+01   7.62989E-07 0.0049
    7.0058E+01   4.88522E-06 0.0045
    7.2084E+01   7.58107E-07 0.0048
    7.4170E+01   4.10219E-06 0.0045
    7.6315E+01   8.21754E-07 0.0047
    7.8523E+01   5.84171E-07 0.0048
    8.0795E+01   3.68457E-06 0.0045
    8.3132E+01   5.27376E-07 0.0048
    8.5537E+01   3.14817E-06 0.0044
    8.8012E+01   5.57227E-07 0.0047
    9.0558E+01   2.64859E-06 0.0044
    9.3178E+01   5.87036E-07 0.0046
    9.5873E+01   3.91215E-07 0.0047
    9.8647E+01   2.41573E-06 0.0044
    1.0150E+02   3.56152E-07 0.0047
    1.0444E+02   2.06135E-06 0.0044
    1.0746E+02   3.57804E-07 0.0046
    1.1057E+02   1.73363E-06 0.0043
    1.1377E+02   3.67177E-07 0.0045
    1.1706E+02   2.56986E-07 0.0046
    1.2044E+02   1.55469E-06 0.0043
    1.2393E+02   2.27368E-07 0.0046
    1.2751E+02   1.32864E-06 0.0043
    1.3120E+02   2.25584E-07 0.0045
    1.3500E+02   1.11603E-06 0.0043
    1.3890E+02   2.32732E-07 0.0044
    1.4292E+02   1.64219E-07 0.0046
    1.4706E+02   9.95144E-07 0.0043
    1.5131E+02   1.47871E-07 0.0046
    1.5569E+02   8.45147E-07 0.0043
    1.6019E+02   1.49594E-07 0.0046
    1.6483E+02   7.07453E-07 0.0042
    1.6959E+02   1.54714E-07 0.0046
    1.7450E+02   1.04316E-07 0.0046
    1.7955E+02   6.32806E-07 0.0042
    1.8474E+02   1.02788E-07 0.0048
    1.9009E+02   5.29413E-07 0.0042
    1.9559E+02   1.06181E-07 0.0047
    2.0124E+02   7.92370E-08 0.0046
    2.0707E+02   4.67133E-07 0.0042
    2.1306E+02   7.23093E-08 0.0053
    2.1922E+02   3.96749E-07 0.0042
    2.2556E+02   7.31687E-08 0.0051
    2.3209E+02   7.68410E-08 0.0041
    2.3880E+02   3.31275E-07 0.0043
    2.4571E+02   5.07797E-08 0.0046
    2.5282E+02   2.96882E-07 0.0042
    2.6013E+02   5.35425E-08 0.0056
    2.6766E+02   2.47619E-07 0.0042
    2.7540E+02   5.72024E-08 0.0057
    2.8337E+02   4.06620E-08 0.0046
    2.9157E+02   2.21433E-07 0.0041
    3.0000E+02   4.01722E-08 0.0065
      total      8.70930E-03 0.0008
 
 cell  501                                                                                                                             
    s(e) (MeV/cm)
    1.0000E+00   7.62654E-04 0.0008
    1.0289E+00   0.00000E+00 0.0000
    1.0587E+00   0.00000E+00 0.0000
    1.0893E+00   0.00000E+00 0.0000
    1.1208E+00   0.00000E+00 0.0000
    1.1533E+00   0.00000E+00 0.0000
    1.1866E+00   0.00000E+00 0.0000
    1.2210E+00   0.00000E+00 0.0000
    1.2563E+00   0.00000E+00 0.0000
    1.2926E+00   0.00000E+00 0.0000
    1.3300E+00   0.00000E+00 0.0000
    1.3685E+00   0.00000E+00 0.0000
    1.4081E+00   0.00000E+00 0.0000
    1.4488E+00   0.00000E+00 0.0000
    1.4907E+00   0.00000E+00 0.0000
    1.5339E+00   0.00000E+00 0.0000
    1.5782E+00   0.00000E+00 0.0000
    1.6239E+00   0.00000E+00 0.0000
    1.6709E+00   0.00000E+00 0.0000
    1.7192E+00   0.00000E+00 0.0000
    1.7689E+00   0.00000E+00 0.0000
    1.8201E+00   0.00000E+00 0.0000
    1.8728E+00   0.00000E+00 0.0000
    1.9269E+00   0.00000E+00 0.0000
    1.9827E+00   0.00000E+00 0.0000
    2.0400E+00   0.00000E+00 0.0000
    2.0991E+00   0.00000E+00 0.0000
    2.1598E+00   2.18795E-06 0.0115
    2.2223E+00   8.79801E-07 0.0147
    2.2866E+00   4.00760E-07 0.0199
    2.3527E+00   1.40427E-07 0.0291
    2.4208E+00   1.53403E-07 0.0175
    2.4908E+00   6.55557E-08 0.0183
    2.5629E+00   6.10655E-08 0.0191
    2.6370E+00   5.55218E-08 0.0170
    2.7133E+00   5.16913E-08 0.0162
    2.7918E+00   4.83671E-08 0.0176
    2.8725E+00   4.42866E-08 0.0160
    2.9557E+00   4.05910E-08 0.0181
    3.0412E+00   0.00000E+00 0.0000
    3.1291E+00   3.73375E-08 0.0151
    3.2197E+00   3.42720E-08 0.0149
    3.3128E+00   0.00000E+00 0.0000
    3.4086E+00   3.13074E-08 0.0147
    3.5072E+00   2.88665E-08 0.0144
    3.6087E+00   1.54713E-10 1.0000
    3.7131E+00   2.65262E-08 0.0141
    3.8205E+00   2.41648E-08 0.0139
    3.9311E+00   0.00000E+00 0.0000
    4.0448E+00   2.23752E-08 0.0137
    4.1618E+00   0.00000E+00 0.0000
    4.2822E+00   2.02784E-08 0.0135
    4.4061E+00   0.00000E+00 0.0000
    4.5335E+00   1.88451E-08 0.0132
    4.6647E+00   0.00000E+00 0.0000
    4.7996E+00   1.73862E-08 0.0129
    4.9385E+00   1.59444E-08 0.0127
    5.0814E+00   0.00000E+00 0.0000
    5.2284E+00   1.44712E-08 0.0125
    5.3796E+00   0.00000E+00 0.0000
    5.5352E+00   1.32327E-08 0.0123
    5.6954E+00   0.00000E+00 0.0000
    5.8601E+00   0.00000E+00 0.0000
    6.0297E+00   1.21213E-08 0.0122
    6.2041E+00   0.00000E+00 0.0000
    6.3836E+00   1.11929E-08 0.0120
    6.5683E+00   0.00000E+00 0.0000
    6.7583E+00   1.02374E-08 0.0118
    6.9538E+00   0.00000E+00 0.0000
    7.1550E+00   9.48432E-09 0.0149
    7.3619E+00   0.00000E+00 0.0000
    7.5749E+00   8.67360E-09 0.0115
    7.7941E+00   5.17556E-10 0.4555
    8.0195E+00   8.05261E-09 0.0182
    8.2515E+00   3.49899E-09 0.1841
    8.4902E+00   7.41375E-09 0.0190
    8.7359E+00   6.14765E-09 0.1387
    8.9886E+00   5.89677E-10 0.4477
    9.2486E+00   8.01083E-05 0.0040
    9.5162E+00   5.71811E-05 0.0030
    9.7915E+00   8.89309E-05 0.0026
    1.0075E+01   3.09623E-03 0.0014
    1.0366E+01   1.07390E-04 0.0025
    1.0666E+01   1.03623E-03 0.0021
    1.0975E+01   7.97792E-05 0.0032
    1.1292E+01   6.86466E-04 0.0025
    1.1619E+01   6.25845E-05 0.0036
    1.1955E+01   6.20705E-05 0.0037
    1.2301E+01   4.41635E-04 0.0030
    1.2657E+01   5.16947E-05 0.0040
    1.3023E+01   3.17892E-04 0.0034
    1.3400E+01   3.74560E-05 0.0043
    1.3787E+01   4.05075E-05 0.0044
    1.4186E+01   2.48633E-04 0.0039
    1.4596E+01   3.09427E-05 0.0045
    1.5019E+01   1.82359E-04 0.0041
    1.5453E+01   3.24972E-05 0.0047
    1.5900E+01   1.57445E-04 0.0042
    1.6360E+01   1.90077E-05 0.0048
    1.6834E+01   1.96229E-05 0.0048
    1.7321E+01   1.25567E-04 0.0044
    1.7822E+01   1.83864E-05 0.0049
    1.8337E+01   1.05484E-04 0.0045
    1.8868E+01   1.35370E-05 0.0049
    1.9413E+01   1.36453E-05 0.0049
    1.9975E+01   7.52945E-05 0.0045
    2.0553E+01   1.30660E-05 0.0051
    2.1148E+01   7.10695E-05 0.0047
    2.1759E+01   1.10897E-05 0.0051
    2.2389E+01   1.12963E-05 0.0051
    2.3037E+01   5.92491E-05 0.0048
    2.3703E+01   8.84560E-06 0.0051
    2.4389E+01   4.56781E-05 0.0047
    2.5094E+01   7.05545E-06 0.0051
    2.5820E+01   6.95214E-06 0.0051
    2.6567E+01   3.64878E-05 0.0047
    2.7336E+01   5.76145E-06 0.0051
    2.8127E+01   3.33197E-05 0.0047
    2.8940E+01   5.47003E-06 0.0051
    2.9777E+01   3.02891E-05 0.0048
    3.0639E+01   5.26258E-06 0.0050
    3.1525E+01   4.77308E-06 0.0051
    3.2437E+01   2.70460E-05 0.0048
    3.3376E+01   4.14568E-06 0.0051
    3.4341E+01   2.30474E-05 0.0048
    3.5335E+01   4.11567E-06 0.0050
    3.6357E+01   3.40565E-06 0.0051
    3.7409E+01   1.95571E-05 0.0047
    3.8491E+01   2.94674E-06 0.0051
    3.9604E+01   1.61329E-05 0.0047
    4.0750E+01   2.89235E-06 0.0049
    4.1929E+01   2.34640E-06 0.0050
    4.3142E+01   1.36735E-05 0.0046
    4.4390E+01   1.99298E-06 0.0050
    4.5674E+01   1.13842E-05 0.0046
    4.6996E+01   2.01647E-06 0.0048
    4.8355E+01   1.61686E-06 0.0049
    4.9754E+01   9.78157E-06 0.0045
    5.1193E+01   1.38875E-06 0.0049
    5.2674E+01   8.23882E-06 0.0045
    5.4198E+01   1.44125E-06 0.0047
    5.5766E+01   1.19622E-06 0.0048
    5.7379E+01   7.14793E-06 0.0044
    5.9039E+01   9.88503E-07 0.0048
    6.0747E+01   6.14437E-06 0.0044
    6.2505E+01   1.01839E-06 0.0047
    6.4313E+01   5.11821E-06 0.0044
    6.6174E+01   1.09695E-06 0.0046
    6.8088E+01   7.23556E-07 0.0048
    7.0058E+01   4.62456E-06 0.0044
    7.2084E+01   7.16261E-07 0.0047
    7.4170E+01   3.87108E-06 0.0043
    7.6315E+01   7.76583E-07 0.0045
    7.8523E+01   5.48224E-07 0.0047
    8.0795E+01   3.47430E-06 0.0043
    8.3132E+01   4.95195E-07 0.0047
    8.5537E+01   2.96419E-06 0.0043
    8.8012E+01   5.24843E-07 0.0045
    9.0558E+01   2.48993E-06 0.0042
    9.3178E+01   5.52424E-07 0.0044
    9.5873E+01   3.67250E-07 0.0046
    9.8647E+01   2.27167E-06 0.0042
    1.0150E+02   3.35414E-07 0.0046
    1.0444E+02   1.93928E-06 0.0042
    1.0746E+02   3.38104E-07 0.0045
    1.1057E+02   1.63381E-06 0.0042
    1.1377E+02   3.45545E-07 0.0044
    1.1706E+02   2.42397E-07 0.0045
    1.2044E+02   1.46728E-06 0.0042
    1.2393E+02   2.15191E-07 0.0045
    1.2751E+02   1.25441E-06 0.0042
    1.3120E+02   2.13946E-07 0.0044
    1.3500E+02   1.05407E-06 0.0041
    1.3890E+02   2.20473E-07 0.0043
    1.4292E+02   1.54977E-07 0.0045
    1.4706E+02   9.40786E-07 0.0041
    1.5131E+02   1.40169E-07 0.0045
    1.5569E+02   7.98659E-07 0.0041
    1.6019E+02   1.42303E-07 0.0044
    1.6483E+02   6.69547E-07 0.0041
    1.6959E+02   1.46053E-07 0.0044
    1.7450E+02   9.86741E-08 0.0045
    1.7955E+02   5.99669E-07 0.0041
    1.8474E+02   9.70697E-08 0.0047
    1.9009E+02   5.02225E-07 0.0041
    1.9559E+02   1.00512E-07 0.0046
    2.0124E+02   7.51607E-08 0.0045
    2.0707E+02   4.43083E-07 0.0041
    2.1306E+02   6.89867E-08 0.0054
    2.1922E+02   3.76872E-07 0.0041
    2.2556E+02   6.99459E-08 0.0052
    2.3209E+02   7.36654E-08 0.0040
    2.3880E+02   3.14780E-07 0.0042
    2.4571E+02   4.81175E-08 0.0046
    2.5282E+02   2.82086E-07 0.0040
    2.6013E+02   5.19999E-08 0.0059
    2.6766E+02   2.35320E-07 0.0040
    2.7540E+02   5.51242E-08 0.0058
    2.8337E+02   3.86554E-08 0.0046
    2.9157E+02   2.10503E-07 0.0040
    3.0000E+02   3.85308E-08 0.0067
      total      8.63173E-03 0.0008
 
 cell  502                                                                                                                             
    s(e) (MeV/cm)
    1.0000E+00   7.58918E-04 0.0008
    1.0289E+00   0.00000E+00 0.0000
    1.0587E+00   0.00000E+00 0.0000
    1.0893E+00   0.00000E+00 0.0000
    1.1208E+00   0.00000E+00 0.0000
    1.1533E+00   0.00000E+00 0.0000
    1.1866E+00   0.00000E+00 0.0000
    1.2210E+00   0.00000E+00 0.0000
    1.2563E+00   0.00000E+00 0.0000
    1.2926E+00   0.00000E+00 0.0000
    1.3300E+00   0.00000E+00 0.0000
    1.3685E+00   0.00000E+00 0.0000
    1.4081E+00   0.00000E+00 0.0000
    1.4488E+00   0.00000E+00 0.0000
    1.4907E+00   0.00000E+00 0.0000
    1.5339E+00   0.00000E+00 0.0000
    1.5782E+00   0.00000E+00 0.0000
    1.6239E+00   0.00000E+00 0.0000
    1.6709E+00   0.00000E+00 0.0000
    1.7192E+00   0.00000E+00 0.0000
    1.7689E+00   0.00000E+00 0.0000
    1.8201E+00   0.00000E+00 0.0000
    1.8728E+00   0.00000E+00 0.0000
    1.9269E+00   0.00000E+00 0.0000
    1.9827E+00   0.00000E+00 0.0000
    2.0400E+00   0.00000E+00 0.0000
    2.0991E+00   0.00000E+00 0.0000
    2.1598E+00   2.18564E-06 0.0115
    2.2223E+00   8.76122E-07 0.0148
    2.2866E+00   4.01518E-07 0.0199
    2.3527E+00   1.39405E-07 0.0287
    2.4208E+00   1.55917E-07 0.0198
    2.4908E+00   6.48709E-08 0.0180
    2.5629E+00   6.11800E-08 0.0187
    2.6370E+00   5.59509E-08 0.0174
    2.7133E+00   5.05216E-08 0.0167
    2.7918E+00   4.87968E-08 0.0175
    2.8725E+00   4.37893E-08 0.0159
    2.9557E+00   4.05191E-08 0.0182
    3.0412E+00   0.00000E+00 0.0000
    3.1291E+00   3.70736E-08 0.0152
    3.2197E+00   3.40740E-08 0.0149
    3.3128E+00   4.29670E-11 1.0000
    3.4086E+00   3.07934E-08 0.0147
    3.5072E+00   2.81944E-08 0.0146
    3.6087E+00   1.57191E-10 1.0000
    3.7131E+00   2.57785E-08 0.0143
    3.8205E+00   2.38270E-08 0.0140
    3.9311E+00   0.00000E+00 0.0000
    4.0448E+00   2.16052E-08 0.0138
    4.1618E+00   0.00000E+00 0.0000
    4.2822E+00   1.99635E-08 0.0136
    4.4061E+00   0.00000E+00 0.0000
    4.5335E+00   1.84732E-08 0.0133
    4.6647E+00   0.00000E+00 0.0000
    4.7996E+00   1.68648E-08 0.0131
    4.9385E+00   1.55672E-08 0.0129
    5.0814E+00   0.00000E+00 0.0000
    5.2284E+00   1.43431E-08 0.0127
    5.3796E+00   0.00000E+00 0.0000
    5.5352E+00   1.30939E-08 0.0125
    5.6954E+00   0.00000E+00 0.0000
    5.8601E+00   0.00000E+00 0.0000
    6.0297E+00   1.19230E-08 0.0123
    6.2041E+00   0.00000E+00 0.0000
    6.3836E+00   1.09410E-08 0.0122
    6.5683E+00   0.00000E+00 0.0000
    6.7583E+00   1.00547E-08 0.0119
    6.9538E+00   0.00000E+00 0.0000
    7.1550E+00   9.41059E-09 0.0168
    7.3619E+00   0.00000E+00 0.0000
    7.5749E+00   8.58608E-09 0.0116
    7.7941E+00   5.55703E-10 0.4304
    8.0195E+00   7.92481E-09 0.0114
    8.2515E+00   3.43436E-09 0.1845
    8.4902E+00   7.28475E-09 0.0113
    8.7359E+00   5.70190E-09 0.1425
    8.9886E+00   4.59826E-10 0.5002
    9.2486E+00   1.85273E-05 0.0064
    9.5162E+00   1.75539E-05 0.0047
    9.7915E+00   3.13171E-05 0.0038
    1.0075E+01   2.98132E-03 0.0015
    1.0366E+01   1.19385E-04 0.0022
    1.0666E+01   1.10928E-03 0.0021
    1.0975E+01   7.22569E-05 0.0032
    1.1292E+01   7.24092E-04 0.0026
    1.1619E+01   5.89168E-05 0.0036
    1.1955E+01   6.33332E-05 0.0036
    1.2301E+01   4.72092E-04 0.0030
    1.2657E+01   4.74532E-05 0.0040
    1.3023E+01   3.53378E-04 0.0035
    1.3400E+01   3.47688E-05 0.0042
    1.3787E+01   3.59168E-05 0.0043
    1.4186E+01   2.57489E-04 0.0039
    1.4596E+01   3.63720E-05 0.0045
    1.5019E+01   1.72682E-04 0.0039
    1.5453E+01   3.02628E-05 0.0047
    1.5900E+01   1.72562E-04 0.0042
    1.6360E+01   2.11838E-05 0.0048
    1.6834E+01   2.07747E-05 0.0048
    1.7321E+01   1.18956E-04 0.0042
    1.7822E+01   1.76360E-05 0.0048
    1.8337E+01   1.12288E-04 0.0045
    1.8868E+01   1.56172E-05 0.0049
    1.9413E+01   1.55719E-05 0.0049
    1.9975E+01   7.97508E-05 0.0045
    2.0553E+01   1.24532E-05 0.0050
    2.1148E+01   6.57947E-05 0.0046
    2.1759E+01   1.05234E-05 0.0050
    2.2389E+01   1.09551E-05 0.0051
    2.3037E+01   6.11969E-05 0.0047
    2.3703E+01   9.78512E-06 0.0050
    2.4389E+01   5.13957E-05 0.0047
    2.5094E+01   7.93197E-06 0.0051
    2.5820E+01   7.78576E-06 0.0051
    2.6567E+01   3.89635E-05 0.0047
    2.7336E+01   5.79316E-06 0.0050
    2.8127E+01   3.20728E-05 0.0046
    2.8940E+01   5.05846E-06 0.0051
    2.9777E+01   2.76780E-05 0.0047
    3.0639E+01   4.82834E-06 0.0050
    3.1525E+01   4.38474E-06 0.0051
    3.2437E+01   2.51237E-05 0.0047
    3.3376E+01   3.93498E-06 0.0050
    3.4341E+01   2.23260E-05 0.0047
    3.5335E+01   4.06448E-06 0.0050
    3.6357E+01   3.42071E-06 0.0051
    3.7409E+01   1.98859E-05 0.0047
    3.8491E+01   3.07678E-06 0.0050
    3.9604E+01   1.70630E-05 0.0047
    4.0750E+01   3.11313E-06 0.0049
    4.1929E+01   2.53029E-06 0.0050
    4.3142E+01   1.48297E-05 0.0047
    4.4390E+01   2.17998E-06 0.0050
    4.5674E+01   1.24708E-05 0.0046
    4.6996E+01   2.21491E-06 0.0049
    4.8355E+01   1.77674E-06 0.0050
    4.9754E+01   1.07354E-05 0.0046
    5.1193E+01   1.52023E-06 0.0049
    5.2674E+01   8.99243E-06 0.0046
    5.4198E+01   1.56668E-06 0.0048
    5.5766E+01   1.29344E-06 0.0049
    5.7379E+01   7.70119E-06 0.0045
    5.9039E+01   1.05717E-06 0.0048
    6.0747E+01   6.54125E-06 0.0045
    6.2505E+01   1.08245E-06 0.0047
    6.4313E+01   5.39204E-06 0.0044
    6.6174E+01   1.15202E-06 0.0046
    6.8088E+01   7.57278E-07 0.0048
    7.0058E+01   4.81869E-06 0.0044
    7.2084E+01   7.44867E-07 0.0047
    7.4170E+01   4.00183E-06 0.0043
    7.6315E+01   7.98576E-07 0.0045
    7.8523E+01   5.62202E-07 0.0047
    8.0795E+01   3.55563E-06 0.0043
    8.3132E+01   5.04801E-07 0.0046
    8.5537E+01   3.00924E-06 0.0043
    8.8012E+01   5.32718E-07 0.0045
    9.0558E+01   2.51607E-06 0.0042
    9.3178E+01   5.56564E-07 0.0044
    9.5873E+01   3.69482E-07 0.0046
    9.8647E+01   2.28334E-06 0.0042
    1.0150E+02   3.37196E-07 0.0045
    1.0444E+02   1.94109E-06 0.0042
    1.0746E+02   3.37682E-07 0.0044
    1.1057E+02   1.63021E-06 0.0041
    1.1377E+02   3.43938E-07 0.0043
    1.1706E+02   2.42011E-07 0.0045
    1.2044E+02   1.45767E-06 0.0041
    1.2393E+02   2.12876E-07 0.0044
    1.2751E+02   1.24404E-06 0.0041
    1.3120E+02   2.10748E-07 0.0044
    1.3500E+02   1.04287E-06 0.0041
    1.3890E+02   2.17967E-07 0.0043
    1.4292E+02   1.53092E-07 0.0044
    1.4706E+02   9.29338E-07 0.0041
    1.5131E+02   1.37475E-07 0.0044
    1.5569E+02   7.87434E-07 0.0040
    1.6019E+02   1.40368E-07 0.0044
    1.6483E+02   6.59295E-07 0.0040
    1.6959E+02   1.43907E-07 0.0044
    1.7450E+02   9.71755E-08 0.0044
    1.7955E+02   5.89460E-07 0.0040
    1.8474E+02   9.58096E-08 0.0047
    1.9009E+02   4.93016E-07 0.0040
    1.9559E+02   9.88678E-08 0.0046
    2.0124E+02   7.36709E-08 0.0044
    2.0707E+02   4.35081E-07 0.0040
    2.1306E+02   6.73490E-08 0.0052
    2.1922E+02   3.69750E-07 0.0040
    2.2556E+02   6.83706E-08 0.0051
    2.3209E+02   7.21292E-08 0.0040
    2.3880E+02   3.08277E-07 0.0041
    2.4571E+02   4.71597E-08 0.0045
    2.5282E+02   2.76408E-07 0.0039
    2.6013E+02   5.02472E-08 0.0058
    2.6766E+02   2.30388E-07 0.0039
    2.7540E+02   5.36517E-08 0.0058
    2.8337E+02   3.78061E-08 0.0045
    2.9157E+02   2.06289E-07 0.0039
    3.0000E+02   3.75930E-08 0.0067
      total      8.55668E-03 0.0008
 
 cell  503                                                                                                                             
    s(e) (MeV/cm)
    1.0000E+00   7.54798E-04 0.0008
    1.0289E+00   0.00000E+00 0.0000
    1.0587E+00   0.00000E+00 0.0000
    1.0893E+00   0.00000E+00 0.0000
    1.1208E+00   0.00000E+00 0.0000
    1.1533E+00   0.00000E+00 0.0000
    1.1866E+00   0.00000E+00 0.0000
    1.2210E+00   0.00000E+00 0.0000
    1.2563E+00   0.00000E+00 0.0000
    1.2926E+00   0.00000E+00 0.0000
    1.3300E+00   0.00000E+00 0.0000
    1.3685E+00   0.00000E+00 0.0000
    1.4081E+00   0.00000E+00 0.0000
    1.4488E+00   0.00000E+00 0.0000
    1.4907E+00   0.00000E+00 0.0000
    1.5339E+00   0.00000E+00 0.0000
    1.5782E+00   0.00000E+00 0.0000
    1.6239E+00   0.00000E+00 0.0000
    1.6709E+00   0.00000E+00 0.0000
    1.7192E+00   0.00000E+00 0.0000
    1.7689E+00   0.00000E+00 0.0000
    1.8201E+00   0.00000E+00 0.0000
    1.8728E+00   0.00000E+00 0.0000
    1.9269E+00   0.00000E+00 0.0000
    1.9827E+00   0.00000E+00 0.0000
    2.0400E+00   0.00000E+00 0.0000
    2.0991E+00   0.00000E+00 0.0000
    2.1598E+00   2.19453E-06 0.0114
    2.2223E+00   8.62642E-07 0.0149
    2.2866E+00   3.82016E-07 0.0196
    2.3527E+00   1.36748E-07 0.0262
    2.4208E+00   1.56107E-07 0.0188
    2.4908E+00   6.72412E-08 0.0199
    2.5629E+00   6.12384E-08 0.0173
    2.6370E+00   5.73338E-08 0.0181
    2.7133E+00   5.31657E-08 0.0219
    2.7918E+00   4.91284E-08 0.0190
    2.8725E+00   4.44453E-08 0.0162
    2.9557E+00   3.95075E-08 0.0167
    3.0412E+00   0.00000E+00 0.0000
    3.1291E+00   3.64286E-08 0.0153
    3.2197E+00   3.34212E-08 0.0156
    3.3128E+00   0.00000E+00 0.0000
    3.4086E+00   3.09239E-08 0.0148
    3.5072E+00   2.83349E-08 0.0146
    3.6087E+00   1.53212E-10 1.0000
    3.7131E+00   2.58969E-08 0.0143
    3.8205E+00   2.38030E-08 0.0142
    3.9311E+00   0.00000E+00 0.0000
    4.0448E+00   2.17918E-08 0.0139
    4.1618E+00   0.00000E+00 0.0000
    4.2822E+00   1.99032E-08 0.0136
    4.4061E+00   0.00000E+00 0.0000
    4.5335E+00   1.83389E-08 0.0135
    4.6647E+00   0.00000E+00 0.0000
    4.7996E+00   1.68661E-08 0.0133
    4.9385E+00   1.54519E-08 0.0131
    5.0814E+00   0.00000E+00 0.0000
    5.2284E+00   1.41056E-08 0.0129
    5.3796E+00   0.00000E+00 0.0000
    5.5352E+00   1.30015E-08 0.0126
    5.6954E+00   0.00000E+00 0.0000
    5.8601E+00   0.00000E+00 0.0000
    6.0297E+00   1.18301E-08 0.0124
    6.2041E+00   0.00000E+00 0.0000
    6.3836E+00   1.09703E-08 0.0123
    6.5683E+00   0.00000E+00 0.0000
    6.7583E+00   1.00005E-08 0.0120
    6.9538E+00   0.00000E+00 0.0000
    7.1550E+00   9.29198E-09 0.0170
    7.3619E+00   0.00000E+00 0.0000
    7.5749E+00   8.45442E-09 0.0117
    7.7941E+00   3.39020E-10 0.5774
    8.0195E+00   8.03026E-09 0.0237
    8.2515E+00   3.40912E-09 0.1873
    8.4902E+00   7.18778E-09 0.0113
    8.7359E+00   5.67341E-09 0.1447
    8.9886E+00   2.38512E-10 0.7071
    9.2486E+00   3.17751E-06 0.0117
    9.5162E+00   3.85650E-06 0.0083
    9.7915E+00   8.02815E-06 0.0063
    1.0075E+01   2.67402E-03 0.0015
    1.0366E+01   1.67681E-04 0.0019
    1.0666E+01   1.25693E-03 0.0020
    1.0975E+01   6.25847E-05 0.0031
    1.1292E+01   7.55412E-04 0.0026
    1.1619E+01   5.22842E-05 0.0034
    1.1955E+01   5.60104E-05 0.0035
    1.2301E+01   5.11151E-04 0.0031
    1.2657E+01   4.25306E-05 0.0038
    1.3023E+01   3.69714E-04 0.0034
    1.3400E+01   3.97478E-05 0.0041
    1.3787E+01   3.76288E-05 0.0041
    1.4186E+01   2.44962E-04 0.0037
    1.4596E+01   4.14102E-05 0.0044
    1.5019E+01   1.87264E-04 0.0039
    1.5453E+01   2.66514E-05 0.0046
    1.5900E+01   1.67458E-04 0.0041
    1.6360E+01   2.41664E-05 0.0047
    1.6834E+01   2.42401E-05 0.0047
    1.7321E+01   1.26671E-04 0.0042
    1.7822E+01   1.62794E-05 0.0047
    1.8337E+01   1.06674E-04 0.0043
    1.8868E+01   1.64106E-05 0.0048
    1.9413E+01   1.69188E-05 0.0048
    1.9975E+01   9.02142E-05 0.0045
    2.0553E+01   1.37513E-05 0.0049
    2.1148E+01   6.64982E-05 0.0045
    2.1759E+01   9.84166E-06 0.0049
    2.2389E+01   1.00979E-05 0.0049
    2.3037E+01   5.70569E-05 0.0046
    2.3703E+01   9.48676E-06 0.0050
    2.4389E+01   5.27995E-05 0.0047
    2.5094E+01   8.69905E-06 0.0050
    2.5820E+01   8.57083E-06 0.0050
    2.6567E+01   4.37754E-05 0.0047
    2.7336E+01   6.53868E-06 0.0050
    2.8127E+01   3.54416E-05 0.0047
    2.8940E+01   5.39179E-06 0.0050
    2.9777E+01   2.83074E-05 0.0046
    3.0639E+01   4.73430E-06 0.0049
    3.1525E+01   4.22666E-06 0.0050
    3.2437E+01   2.36420E-05 0.0046
    3.3376E+01   3.62217E-06 0.0049
    3.4341E+01   2.04121E-05 0.0046
    3.5335E+01   3.72329E-06 0.0049
    3.6357E+01   3.12585E-06 0.0050
    3.7409E+01   1.83825E-05 0.0046
    3.8491E+01   2.86992E-06 0.0050
    3.9604E+01   1.60873E-05 0.0046
    4.0750E+01   2.97761E-06 0.0049
    4.1929E+01   2.44652E-06 0.0050
    4.3142E+01   1.44579E-05 0.0046
    4.4390E+01   2.16582E-06 0.0049
    4.5674E+01   1.24813E-05 0.0046
    4.6996E+01   2.24444E-06 0.0048
    4.8355E+01   1.81497E-06 0.0049
    4.9754E+01   1.10320E-05 0.0046
    5.1193E+01   1.58551E-06 0.0049
    5.2674E+01   9.43740E-06 0.0046
    5.4198E+01   1.65506E-06 0.0048
    5.5766E+01   1.37255E-06 0.0049
    5.7379E+01   8.20899E-06 0.0045
    5.9039E+01   1.13171E-06 0.0049
    6.0747E+01   7.04024E-06 0.0045
    6.2505E+01   1.16456E-06 0.0047
    6.4313E+01   5.83231E-06 0.0045
    6.6174E+01   1.25115E-06 0.0046
    6.8088E+01   8.17405E-07 0.0048
    7.0058E+01   5.24250E-06 0.0044
    7.2084E+01   8.07139E-07 0.0047
    7.4170E+01   4.35954E-06 0.0044
    7.6315E+01   8.72759E-07 0.0046
    7.8523E+01   6.10384E-07 0.0047
    8.0795E+01   3.87966E-06 0.0044
    8.3132E+01   5.51949E-07 0.0047
    8.5537E+01   3.28672E-06 0.0043
    8.8012E+01   5.82545E-07 0.0046
    9.0558E+01   2.74653E-06 0.0043
    9.3178E+01   6.07968E-07 0.0045
    9.5873E+01   4.02583E-07 0.0046
    9.8647E+01   2.49091E-06 0.0043
    1.0150E+02   3.66264E-07 0.0046
    1.0444E+02   2.11481E-06 0.0043
    1.0746E+02   3.67021E-07 0.0045
    1.1057E+02   1.77328E-06 0.0042
    1.1377E+02   3.73779E-07 0.0044
    1.1706E+02   2.62112E-07 0.0045
    1.2044E+02   1.58458E-06 0.0042
    1.2393E+02   2.30004E-07 0.0045
    1.2751E+02   1.35034E-06 0.0042
    1.3120E+02   2.28563E-07 0.0044
    1.3500E+02   1.13006E-06 0.0042
    1.3890E+02   2.35897E-07 0.0043
    1.4292E+02   1.65048E-07 0.0045
    1.4706E+02   1.00605E-06 0.0042
    1.5131E+02   1.48162E-07 0.0045
    1.5569E+02   8.51659E-07 0.0041
    1.6019E+02   1.50883E-07 0.0044
    1.6483E+02   7.11906E-07 0.0041
    1.6959E+02   1.54974E-07 0.0044
    1.7450E+02   1.04035E-07 0.0045
    1.7955E+02   6.36404E-07 0.0041
    1.8474E+02   1.01829E-07 0.0046
    1.9009E+02   5.31387E-07 0.0041
    1.9559E+02   1.05706E-07 0.0046
    2.0124E+02   7.88434E-08 0.0045
    2.0707E+02   4.68528E-07 0.0041
    2.1306E+02   7.13613E-08 0.0051
    2.1922E+02   3.97751E-07 0.0041
    2.2556E+02   7.29635E-08 0.0050
    2.3209E+02   7.62555E-08 0.0040
    2.3880E+02   3.32124E-07 0.0042
    2.4571E+02   5.04214E-08 0.0045
    2.5282E+02   2.96928E-07 0.0040
    2.6013E+02   5.35224E-08 0.0056
    2.6766E+02   2.47634E-07 0.0040
    2.7540E+02   5.67428E-08 0.0056
    2.8337E+02   4.02830E-08 0.0045
    2.9157E+02   2.21017E-07 0.0040
    3.0000E+02   3.93878E-08 0.0064
      total      8.47918E-03 0.0008
 
 cell  504                                                                                                                             
    s(e) (MeV/cm)
    1.0000E+00   7.49491E-04 0.0008
    1.0289E+00   0.00000E+00 0.0000
    1.0587E+00   0.00000E+00 0.0000
    1.0893E+00   0.00000E+00 0.0000
    1.1208E+00   0.00000E+00 0.0000
    1.1533E+00   0.00000E+00 0.0000
    1.1866E+00   0.00000E+00 0.0000
    1.2210E+00   0.00000E+00 0.0000
    1.2563E+00   0.00000E+00 0.0000
    1.2926E+00   0.00000E+00 0.0000
    1.3300E+00   0.00000E+00 0.0000
    1.3685E+00   0.00000E+00 0.0000
    1.4081E+00   0.00000E+00 0.0000
    1.4488E+00   0.00000E+00 0.0000
    1.4907E+00   0.00000E+00 0.0000
    1.5339E+00   0.00000E+00 0.0000
    1.5782E+00   0.00000E+00 0.0000
    1.6239E+00   0.00000E+00 0.0000
    1.6709E+00   0.00000E+00 0.0000
    1.7192E+00   0.00000E+00 0.0000
    1.7689E+00   0.00000E+00 0.0000
    1.8201E+00   0.00000E+00 0.0000
    1.8728E+00   0.00000E+00 0.0000
    1.9269E+00   0.00000E+00 0.0000
    1.9827E+00   0.00000E+00 0.0000
    2.0400E+00   0.00000E+00 0.0000
    2.0991E+00   0.00000E+00 0.0000
    2.1598E+00   2.19862E-06 0.0115
    2.2223E+00   8.50218E-07 0.0148
    2.2866E+00   3.92461E-07 0.0196
    2.3527E+00   1.46683E-07 0.0314
    2.4208E+00   1.51368E-07 0.0186
    2.4908E+00   6.37998E-08 0.0183
    2.5629E+00   5.84620E-08 0.0173
    2.6370E+00   5.39309E-08 0.0179
    2.7133E+00   4.96000E-08 0.0166
    2.7918E+00   4.73156E-08 0.0216
    2.8725E+00   4.40907E-08 0.0173
    2.9557E+00   4.00758E-08 0.0174
    3.0412E+00   0.00000E+00 0.0000
    3.1291E+00   3.63908E-08 0.0153
    3.2197E+00   3.35558E-08 0.0155
    3.3128E+00   0.00000E+00 0.0000
    3.4086E+00   3.11366E-08 0.0148
    3.5072E+00   2.84481E-08 0.0145
    3.6087E+00   1.53733E-10 1.0000
    3.7131E+00   2.63260E-08 0.0142
    3.8205E+00   2.40064E-08 0.0140
    3.9311E+00   0.00000E+00 0.0000
    4.0448E+00   2.18899E-08 0.0138
    4.1618E+00   0.00000E+00 0.0000
    4.2822E+00   2.02710E-08 0.0136
    4.4061E+00   0.00000E+00 0.0000
    4.5335E+00   1.84248E-08 0.0134
    4.6647E+00   0.00000E+00 0.0000
    4.7996E+00   1.69011E-08 0.0132
    4.9385E+00   1.54321E-08 0.0130
    5.0814E+00   0.00000E+00 0.0000
    5.2284E+00   1.41371E-08 0.0128
    5.3796E+00   0.00000E+00 0.0000
    5.5352E+00   1.28923E-08 0.0126
    5.6954E+00   0.00000E+00 0.0000
    5.8601E+00   0.00000E+00 0.0000
    6.0297E+00   1.18810E-08 0.0123
    6.2041E+00   0.00000E+00 0.0000
    6.3836E+00   1.09091E-08 0.0121
    6.5683E+00   0.00000E+00 0.0000
    6.7583E+00   9.96809E-09 0.0120
    6.9538E+00   0.00000E+00 0.0000
    7.1550E+00   9.25211E-09 0.0169
    7.3619E+00   0.00000E+00 0.0000
    7.5749E+00   8.43038E-09 0.0116
    7.7941E+00   3.38905E-10 0.5774
    8.0195E+00   7.76529E-09 0.0114
    8.2515E+00   3.12236E-09 0.1944
    8.4902E+00   7.36393E-09 0.0273
    8.7359E+00   5.60655E-09 0.1446
    8.9886E+00   5.15072E-10 0.4673
    9.2486E+00   4.18043E-07 0.0250
    9.5162E+00   6.07274E-07 0.0176
    9.7915E+00   1.47568E-06 0.0124
    1.0075E+01   2.16581E-03 0.0016
    1.0366E+01   2.42484E-04 0.0017
    1.0666E+01   1.53930E-03 0.0017
    1.0975E+01   6.75291E-05 0.0030
    1.1292E+01   7.71901E-04 0.0026
    1.1619E+01   5.60257E-05 0.0034
    1.1955E+01   5.42650E-05 0.0034
    1.2301E+01   5.31671E-04 0.0030
    1.2657E+01   4.66675E-05 0.0037
    1.3023E+01   3.60392E-04 0.0033
    1.3400E+01   4.80043E-05 0.0040
    1.3787E+01   4.58345E-05 0.0041
    1.4186E+01   2.40057E-04 0.0035
    1.4596E+01   4.02767E-05 0.0043
    1.5019E+01   2.11559E-04 0.0039
    1.5453E+01   2.76093E-05 0.0046
    1.5900E+01   1.52701E-04 0.0040
    1.6360E+01   2.39354E-05 0.0047
    1.6834E+01   2.52791E-05 0.0046
    1.7321E+01   1.42621E-04 0.0042
    1.7822E+01   1.74275E-05 0.0047
    1.8337E+01   1.02229E-04 0.0042
    1.8868E+01   1.52601E-05 0.0047
    1.9413E+01   1.59675E-05 0.0047
    1.9975E+01   9.30601E-05 0.0044
    2.0553E+01   1.56018E-05 0.0049
    2.1148E+01   7.51851E-05 0.0045
    2.1759E+01   1.04668E-05 0.0049
    2.2389E+01   1.04681E-05 0.0049
    2.3037E+01   5.55671E-05 0.0044
    2.3703E+01   8.79788E-06 0.0048
    2.4389E+01   4.91249E-05 0.0045
    2.5094E+01   8.28051E-06 0.0050
    2.5820E+01   8.35849E-06 0.0050
    2.6567E+01   4.45824E-05 0.0046
    2.7336E+01   7.00998E-06 0.0049
    2.8127E+01   3.90842E-05 0.0046
    2.8940E+01   6.08001E-06 0.0050
    2.9777E+01   3.19153E-05 0.0046
    3.0639E+01   5.26089E-06 0.0049
    3.1525E+01   4.68064E-06 0.0049
    3.2437E+01   2.56158E-05 0.0046
    3.3376E+01   3.79285E-06 0.0049
    3.4341E+01   2.08034E-05 0.0045
    3.5335E+01   3.67502E-06 0.0048
    3.6357E+01   3.05156E-06 0.0049
    3.7409E+01   1.76066E-05 0.0045
    3.8491E+01   2.68620E-06 0.0049
    3.9604E+01   1.49398E-05 0.0045
    4.0750E+01   2.74015E-06 0.0047
    4.1929E+01   2.24064E-06 0.0049
    4.3142E+01   1.32724E-05 0.0045
    4.4390E+01   1.98786E-06 0.0048
    4.5674E+01   1.14888E-05 0.0045
    4.6996E+01   2.07606E-06 0.0047
    4.8355E+01   1.68638E-06 0.0048
    4.9754E+01   1.02642E-05 0.0045
    5.1193E+01   1.48465E-06 0.0048
    5.2674E+01   8.86848E-06 0.0045
    5.4198E+01   1.56563E-06 0.0047
    5.5766E+01   1.30754E-06 0.0048
    5.7379E+01   7.84138E-06 0.0044
    5.9039E+01   1.09464E-06 0.0048
    6.0747E+01   6.81862E-06 0.0044
    6.2505E+01   1.13827E-06 0.0047
    6.4313E+01   5.71771E-06 0.0044
    6.6174E+01   1.22578E-06 0.0046
    6.8088E+01   8.13046E-07 0.0048
    7.0058E+01   5.18832E-06 0.0044
    7.2084E+01   8.02927E-07 0.0047
    7.4170E+01   4.35559E-06 0.0044
    7.6315E+01   8.71116E-07 0.0045
    7.8523E+01   6.16336E-07 0.0047
    8.0795E+01   3.90883E-06 0.0043
    8.3132E+01   5.53961E-07 0.0047
    8.5537E+01   3.33293E-06 0.0043
    8.8012E+01   5.90024E-07 0.0045
    9.0558E+01   2.79540E-06 0.0043
    9.3178E+01   6.21199E-07 0.0044
    9.5873E+01   4.11372E-07 0.0046
    9.8647E+01   2.55034E-06 0.0043
    1.0150E+02   3.76009E-07 0.0046
    1.0444E+02   2.17582E-06 0.0043
    1.0746E+02   3.78323E-07 0.0045
    1.1057E+02   1.82834E-06 0.0042
    1.1377E+02   3.86869E-07 0.0044
    1.1706E+02   2.70374E-07 0.0045
    1.2044E+02   1.63942E-06 0.0042
    1.2393E+02   2.39103E-07 0.0045
    1.2751E+02   1.40072E-06 0.0042
    1.3120E+02   2.37478E-07 0.0044
    1.3500E+02   1.17474E-06 0.0042
    1.3890E+02   2.44795E-07 0.0043
    1.4292E+02   1.71851E-07 0.0045
    1.4706E+02   1.04788E-06 0.0042
    1.5131E+02   1.54472E-07 0.0044
    1.5569E+02   8.88435E-07 0.0041
    1.6019E+02   1.57316E-07 0.0044
    1.6483E+02   7.43118E-07 0.0041
    1.6959E+02   1.61708E-07 0.0044
    1.7450E+02   1.08642E-07 0.0045
    1.7955E+02   6.65442E-07 0.0041
    1.8474E+02   1.06258E-07 0.0046
    1.9009E+02   5.56578E-07 0.0041
    1.9559E+02   1.10196E-07 0.0045
    2.0124E+02   8.27496E-08 0.0044
    2.0707E+02   4.90462E-07 0.0041
    2.1306E+02   7.43791E-08 0.0050
    2.1922E+02   4.16546E-07 0.0041
    2.2556E+02   7.59847E-08 0.0049
    2.3209E+02   7.90089E-08 0.0040
    2.3880E+02   3.47859E-07 0.0042
    2.4571E+02   5.24650E-08 0.0045
    2.5282E+02   3.11038E-07 0.0041
    2.6013E+02   5.52694E-08 0.0055
    2.6766E+02   2.59408E-07 0.0041
    2.7540E+02   5.84074E-08 0.0055
    2.8337E+02   4.19047E-08 0.0045
    2.9157E+02   2.31463E-07 0.0040
    3.0000E+02   4.07575E-08 0.0062
      total      8.39504E-03 0.0008
 
 cell union total                                                                                                                      
    s(e) (MeV/cm)
    1.0000E+00   7.58327E-04 0.0007
    1.0289E+00   0.00000E+00 0.0000
    1.0587E+00   0.00000E+00 0.0000
    1.0893E+00   0.00000E+00 0.0000
    1.1208E+00   0.00000E+00 0.0000
    1.1533E+00   0.00000E+00 0.0000
    1.1866E+00   0.00000E+00 0.0000
    1.2210E+00   0.00000E+00 0.0000
    1.2563E+00   0.00000E+00 0.0000
    1.2926E+00   0.00000E+00 0.0000
    1.3300E+00   0.00000E+00 0.0000
    1.3685E+00   0.00000E+00 0.0000
    1.4081E+00   0.00000E+00 0.0000
    1.4488E+00   0.00000E+00 0.0000
    1.4907E+00   0.00000E+00 0.0000
    1.5339E+00   0.00000E+00 0.0000
    1.5782E+00   0.00000E+00 0.0000
    1.6239E+00   0.00000E+00 0.0000
    1.6709E+00   0.00000E+00 0.0000
    1.7192E+00   0.00000E+00 0.0000
    1.7689E+00   0.00000E+00 0.0000
    1.8201E+00   0.00000E+00 0.0000
    1.8728E+00   0.00000E+00 0.0000
    1.9269E+00   0.00000E+00 0.0000
    1.9827E+00   0.00000E+00 0.0000
    2.0400E+00   0.00000E+00 0.0000
    2.0991E+00   0.00000E+00 0.0000
    2.1598E+00   2.20664E-06 0.0078
    2.2223E+00   8.67602E-07 0.0092
    2.2866E+00   3.93044E-07 0.0120
    2.3527E+00   1.40661E-07 0.0172
    2.4208E+00   1.54589E-07 0.0100
    2.4908E+00   6.58391E-08 0.0100
    2.5629E+00   6.07445E-08 0.0099
    2.6370E+00   5.60612E-08 0.0092
    2.7133E+00   5.14172E-08 0.0084
    2.7918E+00   4.84540E-08 0.0110
    2.8725E+00   4.43452E-08 0.0083
    2.9557E+00   4.04453E-08 0.0098
    3.0412E+00   5.98859E-11 1.0000
    3.1291E+00   3.70053E-08 0.0073
    3.2197E+00   3.40904E-08 0.0074
    3.3128E+00   8.59340E-12 1.0000
    3.4086E+00   3.12272E-08 0.0072
    3.5072E+00   2.86012E-08 0.0071
    3.6087E+00   1.54348E-10 1.0000
    3.7131E+00   2.62719E-08 0.0070
    3.8205E+00   2.40637E-08 0.0070
    3.9311E+00   0.00000E+00 0.0000
    4.0448E+00   2.20566E-08 0.0069
    4.1618E+00   0.00000E+00 0.0000
    4.2822E+00   2.02020E-08 0.0069
    4.4061E+00   0.00000E+00 0.0000
    4.5335E+00   1.85887E-08 0.0068
    4.6647E+00   0.00000E+00 0.0000
    4.7996E+00   1.70687E-08 0.0068
    4.9385E+00   1.56338E-08 0.0067
    5.0814E+00   0.00000E+00 0.0000
    5.2284E+00   1.43451E-08 0.0067
    5.3796E+00   0.00000E+00 0.0000
    5.5352E+00   1.31313E-08 0.0066
    5.6954E+00   0.00000E+00 0.0000
    5.8601E+00   0.00000E+00 0.0000
    6.0297E+00   1.20133E-08 0.0066
    6.2041E+00   0.00000E+00 0.0000
    6.3836E+00   1.10636E-08 0.0065
    6.5683E+00   0.00000E+00 0.0000
    6.7583E+00   1.01226E-08 0.0065
    6.9538E+00   0.00000E+00 0.0000
    7.1550E+00   9.38578E-09 0.0112
    7.3619E+00   0.00000E+00 0.0000
    7.5749E+00   8.57263E-09 0.0064
    7.7941E+00   4.74950E-10 0.4324
    8.0195E+00   8.01635E-09 0.0091
    8.2515E+00   3.31277E-09 0.1706
    8.4902E+00   7.36009E-09 0.0093
    8.7359E+00   6.04740E-09 0.1188
    8.9886E+00   5.25241E-10 0.2106
    9.2486E+00   7.23979E-05 0.0032
    9.5162E+00   4.28997E-05 0.0024
    9.7915E+00   6.24550E-05 0.0022
    1.0075E+01   2.78365E-03 0.0014
    1.0366E+01   1.48068E-04 0.0016
    1.0666E+01   1.18477E-03 0.0018
    1.0975E+01   7.10231E-05 0.0025
    1.1292E+01   7.18560E-04 0.0023
    1.1619E+01   5.69389E-05 0.0027
    1.1955E+01   5.73831E-05 0.0028
    1.2301E+01   4.78410E-04 0.0026
    1.2657E+01   4.70333E-05 0.0030
    1.3023E+01   3.39559E-04 0.0030
    1.3400E+01   4.02951E-05 0.0031
    1.3787E+01   4.05373E-05 0.0031
    1.4186E+01   2.42739E-04 0.0032
    1.4596E+01   3.61765E-05 0.0034
    1.5019E+01   1.90015E-04 0.0032
    1.5453E+01   2.92637E-05 0.0035
    1.5900E+01   1.58465E-04 0.0035
    1.6360E+01   2.17064E-05 0.0035
    1.6834E+01   2.22714E-05 0.0035
    1.7321E+01   1.28650E-04 0.0034
    1.7822E+01   1.72659E-05 0.0036
    1.8337E+01   1.04016E-04 0.0036
    1.8868E+01   1.47680E-05 0.0037
    1.9413E+01   1.51422E-05 0.0037
    1.9975E+01   8.37025E-05 0.0035
    2.0553E+01   1.37955E-05 0.0036
    2.1148E+01   6.99665E-05 0.0035
    2.1759E+01   1.04248E-05 0.0037
    2.2389E+01   1.06136E-05 0.0037
    2.3037E+01   5.71171E-05 0.0037
    2.3703E+01   8.97014E-06 0.0038
    2.4389E+01   4.84146E-05 0.0037
    2.5094E+01   7.82456E-06 0.0038
    2.5820E+01   7.77950E-06 0.0038
    2.6567E+01   4.06112E-05 0.0036
    2.7336E+01   6.28649E-06 0.0036
    2.8127E+01   3.52319E-05 0.0035
    2.8940E+01   5.57135E-06 0.0036
    2.9777E+01   2.99124E-05 0.0035
    3.0639E+01   5.07342E-06 0.0036
    3.1525E+01   4.56097E-06 0.0037
    3.2437E+01   2.55083E-05 0.0036
    3.3376E+01   3.87501E-06 0.0037
    3.4341E+01   2.15728E-05 0.0036
    3.5335E+01   3.86568E-06 0.0037
    3.6357E+01   3.22212E-06 0.0037
    3.7409E+01   1.86390E-05 0.0036
    3.8491E+01   2.85283E-06 0.0037
    3.9604E+01   1.58026E-05 0.0036
    4.0750E+01   2.88395E-06 0.0036
    4.1929E+01   2.34947E-06 0.0037
    4.3142E+01   1.38252E-05 0.0036
    4.4390E+01   2.04633E-06 0.0036
    4.5674E+01   1.17648E-05 0.0035
    4.6996E+01   2.10605E-06 0.0036
    4.8355E+01   1.69894E-06 0.0036
    4.9754E+01   1.03068E-05 0.0035
    5.1193E+01   1.47555E-06 0.0036
    5.2674E+01   8.78062E-06 0.0035
    5.4198E+01   1.54014E-06 0.0035
    5.5766E+01   1.28060E-06 0.0035
    5.7379E+01   7.65378E-06 0.0034
    5.9039E+01   1.05922E-06 0.0035
    6.0747E+01   6.58896E-06 0.0034
    6.2505E+01   1.09415E-06 0.0034
    6.4313E+01   5.48593E-06 0.0034
    6.6174E+01   1.17612E-06 0.0034
    6.8088E+01   7.74855E-07 0.0034
    7.0058E+01   4.95186E-06 0.0033
    7.2084E+01   7.65860E-07 0.0034
    7.4170E+01   4.13804E-06 0.0033
    7.6315E+01   8.28158E-07 0.0033
    7.8523E+01   5.84264E-07 0.0034
    8.0795E+01   3.70060E-06 0.0033
    8.3132E+01   5.26656E-07 0.0033
    8.5537E+01   3.14825E-06 0.0032
    8.8012E+01   5.57471E-07 0.0033
    9.0558E+01   2.63930E-06 0.0032
    9.3178E+01   5.85038E-07 0.0032
    9.5873E+01   3.88380E-07 0.0033
    9.8647E+01   2.40240E-06 0.0032
    1.0150E+02   3.54207E-07 0.0032
    1.0444E+02   2.04647E-06 0.0032
    1.0746E+02   3.55787E-07 0.0032
    1.1057E+02   1.71985E-06 0.0031
    1.1377E+02   3.63462E-07 0.0032
    1.1706E+02   2.54776E-07 0.0032
    1.2044E+02   1.54073E-06 0.0031
    1.2393E+02   2.24908E-07 0.0032
    1.2751E+02   1.31563E-06 0.0031
    1.3120E+02   2.23264E-07 0.0032
    1.3500E+02   1.10356E-06 0.0031
    1.3890E+02   2.30373E-07 0.0031
    1.4292E+02   1.61837E-07 0.0031
    1.4706E+02   9.83841E-07 0.0031
    1.5131E+02   1.45630E-07 0.0031
    1.5569E+02   8.34267E-07 0.0031
    1.6019E+02   1.48093E-07 0.0031
    1.6483E+02   6.98264E-07 0.0031
    1.6959E+02   1.52271E-07 0.0031
    1.7450E+02   1.02569E-07 0.0031
    1.7955E+02   6.24756E-07 0.0031
    1.8474E+02   1.00751E-07 0.0031
    1.9009E+02   5.22524E-07 0.0030
    1.9559E+02   1.04293E-07 0.0031
    2.0124E+02   7.79323E-08 0.0031
    2.0707E+02   4.60858E-07 0.0030
    2.1306E+02   7.08771E-08 0.0032
    2.1922E+02   3.91534E-07 0.0030
    2.2556E+02   7.20867E-08 0.0032
    2.3209E+02   7.55800E-08 0.0026
    2.3880E+02   3.26863E-07 0.0031
    2.4571E+02   4.97886E-08 0.0030
    2.5282E+02   2.92668E-07 0.0030
    2.6013E+02   5.29163E-08 0.0033
    2.6766E+02   2.44074E-07 0.0030
    2.7540E+02   5.62257E-08 0.0033
    2.8337E+02   3.98622E-08 0.0030
    2.9157E+02   2.18141E-07 0.0030
    3.0000E+02   3.92882E-08 0.0035
      total      8.55439E-03 0.0008


 ===================================================================================================================================

           results of 10 statistical checks for the estimated answer for the tally fluctuation chart (tfc) bin of tally     9104

 tfc bin     --mean--      ---------relative error---------      ----variance of the variance----      --figure of merit--     -pdf-
 behavior    behavior      value   decrease   decrease rate      value   decrease   decrease rate       value     behavior     slope

 desired      random       <0.10      yes      1/sqrt(nps)       <0.10      yes        1/nps           constant    random      >3.00
 observed     random        0.00      yes          yes            0.00      yes         yes                                    10.00
 passed?        yes          yes      yes          yes             yes      yes         yes                                      yes

 ===================================================================================================================================


 this tally meets the statistical criteria used to form confidence intervals: check the tally fluctuation chart to verify.
 the results in other bins associated with this tally may not meet these statistical criteria.

 ----- estimated confidence intervals:  -----

 estimated asymmetric confidence interval(1,2,3 sigma): 8.7023E-03 to 8.7163E-03; 8.6952E-03 to 8.7234E-03; 8.6882E-03 to 8.7304E-03
 estimated  symmetric confidence interval(1,2,3 sigma): 8.7023E-03 to 8.7163E-03; 8.6952E-03 to 8.7234E-03; 8.6882E-03 to 8.7304E-03

1analysis of the results in the tally fluctuation chart bin (tfc) for tally 9104 with nps = 4000000          print table 160


 normed average tally per history  = 8.70930E-03          unnormed average tally per history  = 2.17732E-02
 estimated tally relative error    = 0.0008               estimated variance of the variance  = 0.0000
 relative error from zero tallies  = 0.0003               relative error from nonzero scores  = 0.0007

 number of nonzero history tallies =     2862069          efficiency for the nonzero tallies  = 0.7155
 history number of largest  tally  =     3966579          largest  unnormalized history tally = 1.71624E-01
 (largest  tally)/(average tally)  = 7.88232E+00          (largest  tally)/(avg nonzero tally)= 5.63993E+00

 (confidence interval shift)/mean  = 0.0000               shifted confidence interval center  = 8.70930E-03


 if the largest  history score sampled so far were to occur on the next history, the tfc bin quantities would change as follows:

      estimated quantities           value at nps           value at nps+1           value(nps+1)/value(nps)-1.

      mean                            8.70930E-03             8.70931E-03                     0.000002
      relative error                  8.07699E-04             8.07699E-04                     0.000000
      variance of the variance        5.06586E-07             5.06598E-07                     0.000024
      shifted center                  8.70930E-03             8.70930E-03                     0.000000
      figure of merit                 0.00000E+00             0.00000E+00                     0.000000

 the estimated slope of the 198 largest  tallies starting at  1.34016E-01 appears to be decreasing at least exponentially.
 the empirical history score probability density function appears to be increasing at the largest  history scores:
 please examine. see print table 161.
 the large score tail of the empirical history score probability density function appears to have no unsampled regions.

 fom = (histories/minute)*(f(x) signal-to-noise ratio)**2 = (0.000E+00)*( 6.190E-01)**2 = (0.000E+00)*(3.832E-01) = 0.000E+00

1    some tally scores were not made for various reasons:

                                  beyond last bin     not in
                   tally       user  segment   mult   angle   energy   time             
                   1004          0       0       0       012062642       0
                   8004          0       0       0       012062642       0
                   8204          0       0       0       012062642       0
                   9204          0       0       0       012062642       0
                   8104          0       0       0       0********       0
                   9104          0       0       0       017563983       0

1status of the statistical checks used to form confidence intervals for the mean for each tally bin


 tally   result of statistical checks for the tfc bin (the first check not passed is listed) and error magnitude check for all bins

     1006   passed the 10 statistical checks for the tally fluctuation chart bin result               
         passed all bin error check:   205 tally bins all have relative errors less than 0.10 with no zero bins

     8006   passed the 10 statistical checks for the tally fluctuation chart bin result               
         passed all bin error check:     6 tally bins all have relative errors less than 0.10 with no zero bins

       24   passed the 10 statistical checks for the tally fluctuation chart bin result               
         missed all bin error check:   615 tally bins had    41 bins with zeros and     2 bins with relative errors exceeding 0.10

       26   passed the 10 statistical checks for the tally fluctuation chart bin result               
         missed all bin error check:   615 tally bins had    41 bins with zeros and     2 bins with relative errors exceeding 0.10

       34   passed the 10 statistical checks for the tally fluctuation chart bin result               
         passed all bin error check:   205 tally bins all have relative errors less than 0.10 with no zero bins

       36   passed the 10 statistical checks for the tally fluctuation chart bin result               
         passed all bin error check:   205 tally bins all have relative errors less than 0.10 with no zero bins

      124   passed the 10 statistical checks for the tally fluctuation chart bin result               
         passed all bin error check:    18 tally bins all have relative errors less than 0.10 with no zero bins

      126   passed the 10 statistical checks for the tally fluctuation chart bin result               
         passed all bin error check:    18 tally bins all have relative errors less than 0.10 with no zero bins

      134   passed the 10 statistical checks for the tally fluctuation chart bin result               
         passed all bin error check:     6 tally bins all have relative errors less than 0.10 with no zero bins

      136   passed the 10 statistical checks for the tally fluctuation chart bin result               
         passed all bin error check:     6 tally bins all have relative errors less than 0.10 with no zero bins

     1004   passed the 10 statistical checks for the tally fluctuation chart bin result               
         missed all bin error check: 41410 tally bins had 13797 bins with zeros and  2335 bins with relative errors exceeding 0.10

     4004   passed the 10 statistical checks for the tally fluctuation chart bin result               
         missed all bin error check:   615 tally bins had    41 bins with zeros and     2 bins with relative errors exceeding 0.10

     8004   passed the 10 statistical checks for the tally fluctuation chart bin result               
         missed all bin error check:  1212 tally bins had   431 bins with zeros and    37 bins with relative errors exceeding 0.10

     8014   passed the 10 statistical checks for the tally fluctuation chart bin result               
         passed all bin error check:    18 tally bins all have relative errors less than 0.10 with no zero bins

     8204   passed the 10 statistical checks for the tally fluctuation chart bin result               
         missed all bin error check:124230 tally bins had 48263 bins with zeros and  9277 bins with relative errors exceeding 0.10

     9204   passed the 10 statistical checks for the tally fluctuation chart bin result               
         missed all bin error check:  3636 tally bins had  1330 bins with zeros and    76 bins with relative errors exceeding 0.10

       44   passed the 10 statistical checks for the tally fluctuation chart bin result               
         passed all bin error check:   205 tally bins all have relative errors less than 0.10 with no zero bins

       46   passed the 10 statistical checks for the tally fluctuation chart bin result               
         passed all bin error check:   205 tally bins all have relative errors less than 0.10 with no zero bins

      144   passed the 10 statistical checks for the tally fluctuation chart bin result               
         passed all bin error check:     6 tally bins all have relative errors less than 0.10 with no zero bins

      146   passed the 10 statistical checks for the tally fluctuation chart bin result               
         passed all bin error check:     6 tally bins all have relative errors less than 0.10 with no zero bins

       54   passed the 10 statistical checks for the tally fluctuation chart bin result               
         missed all bin error check:   205 tally bins had     0 bins with zeros and    65 bins with relative errors exceeding 0.10

       56   passed the 10 statistical checks for the tally fluctuation chart bin result               
         missed all bin error check:   205 tally bins had     0 bins with zeros and    63 bins with relative errors exceeding 0.10

      154   passed the 10 statistical checks for the tally fluctuation chart bin result               
         passed all bin error check:     6 tally bins all have relative errors less than 0.10 with no zero bins

      156   passed the 10 statistical checks for the tally fluctuation chart bin result               
         passed all bin error check:     6 tally bins all have relative errors less than 0.10 with no zero bins

       64   passed the 10 statistical checks for the tally fluctuation chart bin result               
         missed all bin error check:   205 tally bins had    36 bins with zeros and    26 bins with relative errors exceeding 0.10

       66   passed the 10 statistical checks for the tally fluctuation chart bin result               
         missed all bin error check:   205 tally bins had    36 bins with zeros and    24 bins with relative errors exceeding 0.10

      164   passed the 10 statistical checks for the tally fluctuation chart bin result               
         passed all bin error check:     6 tally bins all have relative errors less than 0.10 with no zero bins

      166   passed the 10 statistical checks for the tally fluctuation chart bin result               
         passed all bin error check:     6 tally bins all have relative errors less than 0.10 with no zero bins

       74   passed the 10 statistical checks for the tally fluctuation chart bin result               
         missed all bin error check:   205 tally bins had     0 bins with zeros and    11 bins with relative errors exceeding 0.10

       76   missed  1 of 10 tfc bin checks: the estimated mean has a trend during the last half of the problem                        
         passed all bin error check:   205 tally bins all have relative errors less than 0.10 with no zero bins

      174   passed the 10 statistical checks for the tally fluctuation chart bin result               
         passed all bin error check:     6 tally bins all have relative errors less than 0.10 with no zero bins

      176   passed the 10 statistical checks for the tally fluctuation chart bin result               
         passed all bin error check:     6 tally bins all have relative errors less than 0.10 with no zero bins

       14   passed the 10 statistical checks for the tally fluctuation chart bin result               
         passed all bin error check:   205 tally bins all have relative errors less than 0.10 with no zero bins

       16   passed the 10 statistical checks for the tally fluctuation chart bin result               
         passed all bin error check:   205 tally bins all have relative errors less than 0.10 with no zero bins

      114   passed the 10 statistical checks for the tally fluctuation chart bin result               
         passed all bin error check:     6 tally bins all have relative errors less than 0.10 with no zero bins

      116   passed the 10 statistical checks for the tally fluctuation chart bin result               
         passed all bin error check:     6 tally bins all have relative errors less than 0.10 with no zero bins

     8104   passed the 10 statistical checks for the tally fluctuation chart bin result               
         missed all bin error check: 41410 tally bins had  7112 bins with zeros and  2582 bins with relative errors exceeding 0.10

     9104   passed the 10 statistical checks for the tally fluctuation chart bin result               
         missed all bin error check:  1212 tally bins had   236 bins with zeros and    34 bins with relative errors exceeding 0.10


 the 10 statistical checks are only for the tally fluctuation chart bin and do not apply to other tally bins.

 the tally bins with zeros may or may not be correct: compare the source, cutoffs, multipliers, et cetera with the tally bins.

 warning.       1 of the    38 tally fluctuation chart bins did not pass all 10 statistical checks.
 warning.      14 of the    38 tallies had bins with relative errors greater than recommended.

# ===================================================
# tally 9204
# ===================================================
1tally     9204        nps =     4000000
           tally type 4    track length estimate of particle flux.      units   1/cm**2        
           particle(s): protons  
 number of histories used for normalizing tallies =      4000000.00
           this tally is modified by   ft  tag  let

           volumes 
                   cell:      500          501          502          503          504         total                
                         2.50000E+00  2.50000E+00  2.50000E+00  2.50000E+00  2.50000E+00  1.25000E+01
 
 cell  500                                                                                                                             
 user bin          -1.00000
    s(e) (MeV/cm)
    1.0000E+00   0.00000E+00 0.0000
    1.0289E+00   0.00000E+00 0.0000
    1.0587E+00   0.00000E+00 0.0000
    1.0893E+00   0.00000E+00 0.0000
    1.1208E+00   0.00000E+00 0.0000
    1.1533E+00   0.00000E+00 0.0000
    1.1866E+00   0.00000E+00 0.0000
    1.2210E+00   0.00000E+00 0.0000
    1.2563E+00   0.00000E+00 0.0000
    1.2926E+00   0.00000E+00 0.0000
    1.3300E+00   0.00000E+00 0.0000
    1.3685E+00   0.00000E+00 0.0000
    1.4081E+00   0.00000E+00 0.0000
    1.4488E+00   0.00000E+00 0.0000
    1.4907E+00   0.00000E+00 0.0000
    1.5339E+00   0.00000E+00 0.0000
    1.5782E+00   0.00000E+00 0.0000
    1.6239E+00   0.00000E+00 0.0000
    1.6709E+00   0.00000E+00 0.0000
    1.7192E+00   0.00000E+00 0.0000
    1.7689E+00   0.00000E+00 0.0000
    1.8201E+00   0.00000E+00 0.0000
    1.8728E+00   0.00000E+00 0.0000
    1.9269E+00   0.00000E+00 0.0000
    1.9827E+00   0.00000E+00 0.0000
    2.0400E+00   0.00000E+00 0.0000
    2.0991E+00   0.00000E+00 0.0000
    2.1598E+00   0.00000E+00 0.0000
    2.2223E+00   0.00000E+00 0.0000
    2.2866E+00   0.00000E+00 0.0000
    2.3527E+00   0.00000E+00 0.0000
    2.4208E+00   0.00000E+00 0.0000
    2.4908E+00   0.00000E+00 0.0000
    2.5629E+00   0.00000E+00 0.0000
    2.6370E+00   0.00000E+00 0.0000
    2.7133E+00   0.00000E+00 0.0000
    2.7918E+00   0.00000E+00 0.0000
    2.8725E+00   0.00000E+00 0.0000
    2.9557E+00   0.00000E+00 0.0000
    3.0412E+00   0.00000E+00 0.0000
    3.1291E+00   0.00000E+00 0.0000
    3.2197E+00   0.00000E+00 0.0000
    3.3128E+00   0.00000E+00 0.0000
    3.4086E+00   0.00000E+00 0.0000
    3.5072E+00   0.00000E+00 0.0000
    3.6087E+00   0.00000E+00 0.0000
    3.7131E+00   0.00000E+00 0.0000
    3.8205E+00   0.00000E+00 0.0000
    3.9311E+00   0.00000E+00 0.0000
    4.0448E+00   0.00000E+00 0.0000
    4.1618E+00   0.00000E+00 0.0000
    4.2822E+00   0.00000E+00 0.0000
    4.4061E+00   0.00000E+00 0.0000
    4.5335E+00   0.00000E+00 0.0000
    4.6647E+00   0.00000E+00 0.0000
    4.7996E+00   0.00000E+00 0.0000
    4.9385E+00   0.00000E+00 0.0000
    5.0814E+00   0.00000E+00 0.0000
    5.2284E+00   0.00000E+00 0.0000
    5.3796E+00   0.00000E+00 0.0000
    5.5352E+00   0.00000E+00 0.0000
    5.6954E+00   0.00000E+00 0.0000
    5.8601E+00   0.00000E+00 0.0000
    6.0297E+00   0.00000E+00 0.0000
    6.2041E+00   0.00000E+00 0.0000
    6.3836E+00   0.00000E+00 0.0000
    6.5683E+00   0.00000E+00 0.0000
    6.7583E+00   0.00000E+00 0.0000
    6.9538E+00   0.00000E+00 0.0000
    7.1550E+00   0.00000E+00 0.0000
    7.3619E+00   0.00000E+00 0.0000
    7.5749E+00   0.00000E+00 0.0000
    7.7941E+00   0.00000E+00 0.0000
    8.0195E+00   0.00000E+00 0.0000
    8.2515E+00   0.00000E+00 0.0000
    8.4902E+00   0.00000E+00 0.0000
    8.7359E+00   0.00000E+00 0.0000
    8.9886E+00   0.00000E+00 0.0000
    9.2486E+00   2.19574E-06 0.0071
    9.5162E+00   1.13546E-06 0.0099
    9.7915E+00   1.52329E-06 0.0085
    1.0075E+01   2.40168E-05 0.0021
    1.0366E+01   7.85084E-07 0.0119
    1.0666E+01   7.57449E-06 0.0038
    1.0975E+01   5.69797E-07 0.0140
    1.1292E+01   5.04943E-06 0.0047
    1.1619E+01   4.22672E-07 0.0162
    1.1955E+01   3.87486E-07 0.0169
    1.2301E+01   3.36693E-06 0.0057
    1.2657E+01   3.56851E-07 0.0177
    1.3023E+01   2.21303E-06 0.0071
    1.3400E+01   3.15935E-07 0.0188
    1.3787E+01   3.26640E-07 0.0185
    1.4186E+01   1.67570E-06 0.0081
    1.4596E+01   2.26894E-07 0.0222
    1.5019E+01   1.49528E-06 0.0086
    1.5453E+01   2.18520E-07 0.0218
    1.5900E+01   1.02383E-06 0.0102
    1.6360E+01   1.44836E-07 0.0243
    1.6834E+01   1.61886E-07 0.0231
    1.7321E+01   9.64157E-07 0.0101
    1.7822E+01   1.18680E-07 0.0241
    1.8337E+01   6.48061E-07 0.0120
    1.8868E+01   9.07498E-08 0.0257
    1.9413E+01   9.75816E-08 0.0247
    1.9975E+01   5.70875E-07 0.0124
    2.0553E+01   1.00360E-07 0.0235
    2.1148E+01   5.15343E-07 0.0128
    2.1759E+01   7.18052E-08 0.0254
    2.2389E+01   7.22592E-08 0.0253
    2.3037E+01   3.64432E-07 0.0141
    2.3703E+01   5.35143E-08 0.0268
    2.4389E+01   2.96878E-07 0.0150
    2.5094E+01   5.21310E-08 0.0259
    2.5820E+01   5.05958E-08 0.0263
    2.6567E+01   2.69978E-07 0.0148
    2.7336E+01   4.31603E-08 0.0259
    2.8127E+01   2.49296E-07 0.0146
    2.8940E+01   3.93157E-08 0.0255
    2.9777E+01   2.17022E-07 0.0148
    3.0639E+01   3.67508E-08 0.0241
    3.1525E+01   3.06552E-08 0.0263
    3.2437E+01   1.78696E-07 0.0152
    3.3376E+01   2.53532E-08 0.0268
    3.4341E+01   1.40860E-07 0.0159
    3.5335E+01   2.50227E-08 0.0252
    3.6357E+01   2.00198E-08 0.0282
    3.7409E+01   1.14421E-07 0.0164
    3.8491E+01   1.81317E-08 0.0274
    3.9604E+01   9.41777E-08 0.0168
    4.0750E+01   1.73256E-08 0.0259
    4.1929E+01   1.39549E-08 0.0289
    4.3142E+01   8.12935E-08 0.0170
    4.4390E+01   1.20277E-08 0.0288
    4.5674E+01   6.99976E-08 0.0170
    4.6996E+01   1.19861E-08 0.0266
    4.8355E+01   1.02892E-08 0.0287
    4.9754E+01   6.01714E-08 0.0170
    5.1193E+01   8.60871E-09 0.0290
    5.2674E+01   5.25813E-08 0.0169
    5.4198E+01   9.20620E-09 0.0260
    5.5766E+01   7.98609E-09 0.0279
    5.7379E+01   4.67095E-08 0.0167
    5.9039E+01   6.51945E-09 0.0285
    6.0747E+01   4.07213E-08 0.0166
    6.2505E+01   6.71626E-09 0.0261
    6.4313E+01   3.40596E-08 0.0165
    6.6174E+01   7.42580E-09 0.0229
    6.8088E+01   4.64390E-09 0.0290
    7.0058E+01   3.08357E-08 0.0165
    7.2084E+01   4.73965E-09 0.0265
    7.4170E+01   2.57776E-08 0.0165
    7.6315E+01   4.96038E-09 0.0240
    7.8523E+01   3.58252E-09 0.0282
    8.0795E+01   2.29558E-08 0.0164
    8.3132E+01   3.22369E-09 0.0276
    8.5537E+01   1.97601E-08 0.0163
    8.8012E+01   3.40964E-09 0.0248
    9.0558E+01   1.65497E-08 0.0163
    9.3178E+01   3.64723E-09 0.0222
    9.5873E+01   2.35076E-09 0.0277
    9.8647E+01   1.49808E-08 0.0163
    1.0150E+02   2.14233E-09 0.0269
    1.0444E+02   1.26988E-08 0.0163
    1.0746E+02   2.18761E-09 0.0246
    1.1057E+02   1.05270E-08 0.0163
    1.1377E+02   2.23351E-09 0.0226
    1.1706E+02   1.51062E-09 0.0275
    1.2044E+02   9.37051E-09 0.0163
    1.2393E+02   1.31807E-09 0.0272
    1.2751E+02   7.98460E-09 0.0164
    1.3120E+02   1.33529E-09 0.0251
    1.3500E+02   6.57745E-09 0.0164
    1.3890E+02   1.39209E-09 0.0227
    1.4292E+02   9.16528E-10 0.0280
    1.4706E+02   5.88464E-09 0.0164
    1.5131E+02   8.59901E-10 0.0268
    1.5569E+02   4.96127E-09 0.0164
    1.6019E+02   8.84748E-10 0.0245
    1.6483E+02   4.07820E-09 0.0164
    1.6959E+02   8.94176E-10 0.0225
    1.7450E+02   5.77478E-10 0.0280
    1.7955E+02   3.67769E-09 0.0164
    1.8474E+02   5.53850E-10 0.0265
    1.9009E+02   3.04552E-09 0.0165
    1.9559E+02   5.91166E-10 0.0237
    2.0124E+02   4.34708E-10 0.0277
    2.0707E+02   2.66902E-09 0.0164
    2.1306E+02   3.81050E-10 0.0273
    2.1922E+02   2.25024E-09 0.0165
    2.2556E+02   3.96506E-10 0.0248
    2.3209E+02   3.36817E-10 0.0269
    2.3880E+02   1.94122E-09 0.0165
    2.4571E+02   2.68362E-10 0.0279
    2.5282E+02   1.67225E-09 0.0165
    2.6013E+02   2.72463E-10 0.0256
    2.6766E+02   1.40353E-09 0.0165
    2.7540E+02   2.79183E-10 0.0234
    2.8337E+02   2.10449E-10 0.0270
    2.9157E+02   1.24051E-09 0.0164
    3.0000E+02   1.78044E-10 0.0272
      total      6.15160E-05 0.0012
 
 cell  500                                                                                                                             
 user bin 10000000000.00000
    s(e) (MeV/cm)
    1.0000E+00   0.00000E+00 0.0000
    1.0289E+00   0.00000E+00 0.0000
    1.0587E+00   0.00000E+00 0.0000
    1.0893E+00   0.00000E+00 0.0000
    1.1208E+00   0.00000E+00 0.0000
    1.1533E+00   0.00000E+00 0.0000
    1.1866E+00   0.00000E+00 0.0000
    1.2210E+00   0.00000E+00 0.0000
    1.2563E+00   0.00000E+00 0.0000
    1.2926E+00   0.00000E+00 0.0000
    1.3300E+00   0.00000E+00 0.0000
    1.3685E+00   0.00000E+00 0.0000
    1.4081E+00   0.00000E+00 0.0000
    1.4488E+00   0.00000E+00 0.0000
    1.4907E+00   0.00000E+00 0.0000
    1.5339E+00   0.00000E+00 0.0000
    1.5782E+00   0.00000E+00 0.0000
    1.6239E+00   0.00000E+00 0.0000
    1.6709E+00   0.00000E+00 0.0000
    1.7192E+00   0.00000E+00 0.0000
    1.7689E+00   0.00000E+00 0.0000
    1.8201E+00   0.00000E+00 0.0000
    1.8728E+00   0.00000E+00 0.0000
    1.9269E+00   0.00000E+00 0.0000
    1.9827E+00   0.00000E+00 0.0000
    2.0400E+00   0.00000E+00 0.0000
    2.0991E+00   0.00000E+00 0.0000
    2.1598E+00   0.00000E+00 0.0000
    2.2223E+00   0.00000E+00 0.0000
    2.2866E+00   0.00000E+00 0.0000
    2.3527E+00   0.00000E+00 0.0000
    2.4208E+00   0.00000E+00 0.0000
    2.4908E+00   0.00000E+00 0.0000
    2.5629E+00   0.00000E+00 0.0000
    2.6370E+00   0.00000E+00 0.0000
    2.7133E+00   0.00000E+00 0.0000
    2.7918E+00   0.00000E+00 0.0000
    2.8725E+00   0.00000E+00 0.0000
    2.9557E+00   0.00000E+00 0.0000
    3.0412E+00   0.00000E+00 0.0000
    3.1291E+00   0.00000E+00 0.0000
    3.2197E+00   0.00000E+00 0.0000
    3.3128E+00   0.00000E+00 0.0000
    3.4086E+00   0.00000E+00 0.0000
    3.5072E+00   0.00000E+00 0.0000
    3.6087E+00   0.00000E+00 0.0000
    3.7131E+00   0.00000E+00 0.0000
    3.8205E+00   0.00000E+00 0.0000
    3.9311E+00   0.00000E+00 0.0000
    4.0448E+00   0.00000E+00 0.0000
    4.1618E+00   0.00000E+00 0.0000
    4.2822E+00   0.00000E+00 0.0000
    4.4061E+00   0.00000E+00 0.0000
    4.5335E+00   0.00000E+00 0.0000
    4.6647E+00   0.00000E+00 0.0000
    4.7996E+00   0.00000E+00 0.0000
    4.9385E+00   0.00000E+00 0.0000
    5.0814E+00   0.00000E+00 0.0000
    5.2284E+00   0.00000E+00 0.0000
    5.3796E+00   0.00000E+00 0.0000
    5.5352E+00   0.00000E+00 0.0000
    5.6954E+00   0.00000E+00 0.0000
    5.8601E+00   0.00000E+00 0.0000
    6.0297E+00   0.00000E+00 0.0000
    6.2041E+00   0.00000E+00 0.0000
    6.3836E+00   0.00000E+00 0.0000
    6.5683E+00   0.00000E+00 0.0000
    6.7583E+00   0.00000E+00 0.0000
    6.9538E+00   0.00000E+00 0.0000
    7.1550E+00   0.00000E+00 0.0000
    7.3619E+00   0.00000E+00 0.0000
    7.5749E+00   0.00000E+00 0.0000
    7.7941E+00   6.23566E-10 0.4181
    8.0195E+00   2.31677E-10 0.7071
    8.2515E+00   3.09901E-09 0.1948
    8.4902E+00   1.29225E-10 1.0000
    8.7359E+00   7.10747E-09 0.1287
    8.9886E+00   8.23120E-10 0.3783
    9.2486E+00   2.57556E-04 0.0028
    9.5162E+00   1.34164E-04 0.0022
    9.7915E+00   1.80994E-04 0.0020
    1.0075E+01   2.97688E-03 0.0014
    1.0366E+01   1.02608E-04 0.0028
    1.0666E+01   9.74546E-04 0.0022
    1.0975E+01   7.23960E-05 0.0033
    1.1292E+01   6.49873E-04 0.0027
    1.1619E+01   5.44604E-05 0.0037
    1.1955E+01   5.08441E-05 0.0038
    1.2301E+01   4.32133E-04 0.0032
    1.2657E+01   4.64592E-05 0.0041
    1.3023E+01   2.94208E-04 0.0034
    1.3400E+01   4.11826E-05 0.0044
    1.3787E+01   4.24680E-05 0.0044
    1.4186E+01   2.20879E-04 0.0039
    1.4596E+01   3.16500E-05 0.0046
    1.5019E+01   1.94717E-04 0.0042
    1.5453E+01   2.90755E-05 0.0048
    1.5900E+01   1.41132E-04 0.0042
    1.6360E+01   2.00938E-05 0.0050
    1.6834E+01   2.12746E-05 0.0049
    1.7321E+01   1.28470E-04 0.0045
    1.7822E+01   1.64780E-05 0.0050
    1.8337E+01   9.27534E-05 0.0045
    1.8868E+01   1.29211E-05 0.0050
    1.9413E+01   1.35095E-05 0.0050
    1.9975E+01   7.95966E-05 0.0047
    2.0553E+01   1.39941E-05 0.0052
    2.1148E+01   7.06757E-05 0.0048
    2.1759E+01   1.01063E-05 0.0052
    2.2389E+01   1.01523E-05 0.0052
    2.3037E+01   5.19465E-05 0.0048
    2.3703E+01   7.84452E-06 0.0052
    2.4389E+01   4.25203E-05 0.0048
    2.5094E+01   7.05774E-06 0.0052
    2.5820E+01   7.13246E-06 0.0052
    2.6567E+01   3.86781E-05 0.0049
    2.7336E+01   6.23606E-06 0.0052
    2.8127E+01   3.56834E-05 0.0049
    2.8940E+01   5.76299E-06 0.0052
    2.9777E+01   3.08504E-05 0.0049
    3.0639E+01   5.19520E-06 0.0051
    3.1525E+01   4.65808E-06 0.0052
    3.2437E+01   2.56531E-05 0.0049
    3.3376E+01   3.80764E-06 0.0052
    3.4341E+01   2.08675E-05 0.0048
    3.5335E+01   3.67952E-06 0.0051
    3.6357E+01   3.04260E-06 0.0052
    3.7409E+01   1.73973E-05 0.0047
    3.8491E+01   2.62623E-06 0.0051
    3.9604E+01   1.44577E-05 0.0047
    4.0750E+01   2.63764E-06 0.0049
    4.1929E+01   2.13028E-06 0.0051
    4.3142E+01   1.25935E-05 0.0047
    4.4390E+01   1.85652E-06 0.0050
    4.5674E+01   1.07309E-05 0.0047
    4.6996E+01   1.93057E-06 0.0049
    4.8355E+01   1.55294E-06 0.0050
    4.9754E+01   9.47378E-06 0.0046
    5.1193E+01   1.35737E-06 0.0050
    5.2674E+01   8.14199E-06 0.0047
    5.4198E+01   1.43318E-06 0.0049
    5.5766E+01   1.19333E-06 0.0050
    5.7379E+01   7.16156E-06 0.0046
    5.9039E+01   9.87982E-07 0.0050
    6.0747E+01   6.21344E-06 0.0046
    6.2505E+01   1.03521E-06 0.0049
    6.4313E+01   5.20022E-06 0.0046
    6.6174E+01   1.11793E-06 0.0048
    6.8088E+01   7.32899E-07 0.0050
    7.0058E+01   4.72685E-06 0.0046
    7.2084E+01   7.27499E-07 0.0049
    7.4170E+01   3.96322E-06 0.0046
    7.6315E+01   7.91922E-07 0.0048
    7.8523E+01   5.58430E-07 0.0049
    8.0795E+01   3.55145E-06 0.0046
    8.3132E+01   5.03022E-07 0.0049
    8.5537E+01   3.02856E-06 0.0046
    8.8012E+01   5.35518E-07 0.0048
    9.0558E+01   2.53967E-06 0.0045
    9.3178E+01   5.61895E-07 0.0047
    9.5873E+01   3.70173E-07 0.0049
    9.8647E+01   2.31524E-06 0.0045
    1.0150E+02   3.35973E-07 0.0048
    1.0444E+02   1.97242E-06 0.0045
    1.0746E+02   3.41661E-07 0.0047
    1.1057E+02   1.65160E-06 0.0045
    1.1377E+02   3.49205E-07 0.0047
    1.1706E+02   2.39700E-07 0.0048
    1.2044E+02   1.48244E-06 0.0045
    1.2393E+02   2.11306E-07 0.0048
    1.2751E+02   1.26525E-06 0.0045
    1.3120E+02   2.13585E-07 0.0047
    1.3500E+02   1.05716E-06 0.0045
    1.3890E+02   2.19383E-07 0.0046
    1.4292E+02   1.51669E-07 0.0048
    1.4706E+02   9.43541E-07 0.0044
    1.5131E+02   1.35881E-07 0.0047
    1.5569E+02   8.00368E-07 0.0044
    1.6019E+02   1.40237E-07 0.0047
    1.6483E+02   6.66559E-07 0.0044
    1.6959E+02   1.43052E-07 0.0046
    1.7450E+02   9.46479E-08 0.0048
    1.7955E+02   5.96820E-07 0.0044
    1.8474E+02   9.16675E-08 0.0047
    1.9009E+02   4.98617E-07 0.0044
    1.9559E+02   9.69266E-08 0.0046
    2.0124E+02   7.11768E-08 0.0047
    2.0707E+02   4.38513E-07 0.0044
    2.1306E+02   6.21996E-08 0.0047
    2.1922E+02   3.71729E-07 0.0044
    2.2556E+02   6.48885E-08 0.0046
    2.3209E+02   5.60827E-08 0.0047
    2.3880E+02   3.18992E-07 0.0044
    2.4571E+02   4.43441E-08 0.0047
    2.5282E+02   2.76054E-07 0.0044
    2.6013E+02   4.37116E-08 0.0046
    2.6766E+02   2.31607E-07 0.0044
    2.7540E+02   4.58599E-08 0.0046
    2.8337E+02   3.49774E-08 0.0047
    2.9157E+02   2.04095E-07 0.0044
    3.0000E+02   2.98976E-08 0.0047
      total      7.87101E-03 0.0009
 
 cell  500                                                                                                                             
 user bin total
    s(e) (MeV/cm)
    1.0000E+00   0.00000E+00 0.0000
    1.0289E+00   0.00000E+00 0.0000
    1.0587E+00   0.00000E+00 0.0000
    1.0893E+00   0.00000E+00 0.0000
    1.1208E+00   0.00000E+00 0.0000
    1.1533E+00   0.00000E+00 0.0000
    1.1866E+00   0.00000E+00 0.0000
    1.2210E+00   0.00000E+00 0.0000
    1.2563E+00   0.00000E+00 0.0000
    1.2926E+00   0.00000E+00 0.0000
    1.3300E+00   0.00000E+00 0.0000
    1.3685E+00   0.00000E+00 0.0000
    1.4081E+00   0.00000E+00 0.0000
    1.4488E+00   0.00000E+00 0.0000
    1.4907E+00   0.00000E+00 0.0000
    1.5339E+00   0.00000E+00 0.0000
    1.5782E+00   0.00000E+00 0.0000
    1.6239E+00   0.00000E+00 0.0000
    1.6709E+00   0.00000E+00 0.0000
    1.7192E+00   0.00000E+00 0.0000
    1.7689E+00   0.00000E+00 0.0000
    1.8201E+00   0.00000E+00 0.0000
    1.8728E+00   0.00000E+00 0.0000
    1.9269E+00   0.00000E+00 0.0000
    1.9827E+00   0.00000E+00 0.0000
    2.0400E+00   0.00000E+00 0.0000
    2.0991E+00   0.00000E+00 0.0000
    2.1598E+00   0.00000E+00 0.0000
    2.2223E+00   0.00000E+00 0.0000
    2.2866E+00   0.00000E+00 0.0000
    2.3527E+00   0.00000E+00 0.0000
    2.4208E+00   0.00000E+00 0.0000
    2.4908E+00   0.00000E+00 0.0000
    2.5629E+00   0.00000E+00 0.0000
    2.6370E+00   0.00000E+00 0.0000
    2.7133E+00   0.00000E+00 0.0000
    2.7918E+00   0.00000E+00 0.0000
    2.8725E+00   0.00000E+00 0.0000
    2.9557E+00   0.00000E+00 0.0000
    3.0412E+00   0.00000E+00 0.0000
    3.1291E+00   0.00000E+00 0.0000
    3.2197E+00   0.00000E+00 0.0000
    3.3128E+00   0.00000E+00 0.0000
    3.4086E+00   0.00000E+00 0.0000
    3.5072E+00   0.00000E+00 0.0000
    3.6087E+00   0.00000E+00 0.0000
    3.7131E+00   0.00000E+00 0.0000
    3.8205E+00   0.00000E+00 0.0000
    3.9311E+00   0.00000E+00 0.0000
    4.0448E+00   0.00000E+00 0.0000
    4.1618E+00   0.00000E+00 0.0000
    4.2822E+00   0.00000E+00 0.0000
    4.4061E+00   0.00000E+00 0.0000
    4.5335E+00   0.00000E+00 0.0000
    4.6647E+00   0.00000E+00 0.0000
    4.7996E+00   0.00000E+00 0.0000
    4.9385E+00   0.00000E+00 0.0000
    5.0814E+00   0.00000E+00 0.0000
    5.2284E+00   0.00000E+00 0.0000
    5.3796E+00   0.00000E+00 0.0000
    5.5352E+00   0.00000E+00 0.0000
    5.6954E+00   0.00000E+00 0.0000
    5.8601E+00   0.00000E+00 0.0000
    6.0297E+00   0.00000E+00 0.0000
    6.2041E+00   0.00000E+00 0.0000
    6.3836E+00   0.00000E+00 0.0000
    6.5683E+00   0.00000E+00 0.0000
    6.7583E+00   0.00000E+00 0.0000
    6.9538E+00   0.00000E+00 0.0000
    7.1550E+00   0.00000E+00 0.0000
    7.3619E+00   0.00000E+00 0.0000
    7.5749E+00   0.00000E+00 0.0000
    7.7941E+00   6.23566E-10 0.4181
    8.0195E+00   2.31677E-10 0.7071
    8.2515E+00   3.09901E-09 0.1948
    8.4902E+00   1.29225E-10 1.0000
    8.7359E+00   7.10747E-09 0.1287
    8.9886E+00   8.23120E-10 0.3783
    9.2486E+00   2.59752E-04 0.0028
    9.5162E+00   1.35300E-04 0.0022
    9.7915E+00   1.82517E-04 0.0020
    1.0075E+01   3.00090E-03 0.0014
    1.0366E+01   1.03393E-04 0.0028
    1.0666E+01   9.82121E-04 0.0022
    1.0975E+01   7.29658E-05 0.0033
    1.1292E+01   6.54922E-04 0.0027
    1.1619E+01   5.48831E-05 0.0037
    1.1955E+01   5.12316E-05 0.0038
    1.2301E+01   4.35500E-04 0.0032
    1.2657E+01   4.68160E-05 0.0041
    1.3023E+01   2.96421E-04 0.0034
    1.3400E+01   4.14985E-05 0.0044
    1.3787E+01   4.27946E-05 0.0044
    1.4186E+01   2.22554E-04 0.0039
    1.4596E+01   3.18769E-05 0.0046
    1.5019E+01   1.96212E-04 0.0042
    1.5453E+01   2.92941E-05 0.0048
    1.5900E+01   1.42156E-04 0.0042
    1.6360E+01   2.02386E-05 0.0050
    1.6834E+01   2.14365E-05 0.0049
    1.7321E+01   1.29434E-04 0.0045
    1.7822E+01   1.65967E-05 0.0050
    1.8337E+01   9.34014E-05 0.0045
    1.8868E+01   1.30118E-05 0.0050
    1.9413E+01   1.36071E-05 0.0050
    1.9975E+01   8.01675E-05 0.0047
    2.0553E+01   1.40945E-05 0.0052
    2.1148E+01   7.11911E-05 0.0048
    2.1759E+01   1.01781E-05 0.0052
    2.2389E+01   1.02245E-05 0.0052
    2.3037E+01   5.23110E-05 0.0048
    2.3703E+01   7.89803E-06 0.0052
    2.4389E+01   4.28172E-05 0.0048
    2.5094E+01   7.10987E-06 0.0052
    2.5820E+01   7.18306E-06 0.0052
    2.6567E+01   3.89481E-05 0.0049
    2.7336E+01   6.27922E-06 0.0052
    2.8127E+01   3.59327E-05 0.0049
    2.8940E+01   5.80231E-06 0.0052
    2.9777E+01   3.10674E-05 0.0049
    3.0639E+01   5.23195E-06 0.0051
    3.1525E+01   4.68874E-06 0.0052
    3.2437E+01   2.58318E-05 0.0049
    3.3376E+01   3.83299E-06 0.0052
    3.4341E+01   2.10083E-05 0.0048
    3.5335E+01   3.70455E-06 0.0051
    3.6357E+01   3.06262E-06 0.0052
    3.7409E+01   1.75117E-05 0.0047
    3.8491E+01   2.64436E-06 0.0051
    3.9604E+01   1.45519E-05 0.0047
    4.0750E+01   2.65497E-06 0.0049
    4.1929E+01   2.14423E-06 0.0051
    4.3142E+01   1.26747E-05 0.0047
    4.4390E+01   1.86855E-06 0.0050
    4.5674E+01   1.08009E-05 0.0047
    4.6996E+01   1.94256E-06 0.0049
    4.8355E+01   1.56323E-06 0.0050
    4.9754E+01   9.53395E-06 0.0047
    5.1193E+01   1.36598E-06 0.0050
    5.2674E+01   8.19457E-06 0.0047
    5.4198E+01   1.44239E-06 0.0049
    5.5766E+01   1.20132E-06 0.0050
    5.7379E+01   7.20827E-06 0.0047
    5.9039E+01   9.94501E-07 0.0050
    6.0747E+01   6.25417E-06 0.0046
    6.2505E+01   1.04193E-06 0.0049
    6.4313E+01   5.23428E-06 0.0046
    6.6174E+01   1.12536E-06 0.0048
    6.8088E+01   7.37542E-07 0.0050
    7.0058E+01   4.75769E-06 0.0046
    7.2084E+01   7.32239E-07 0.0049
    7.4170E+01   3.98900E-06 0.0046
    7.6315E+01   7.96882E-07 0.0048
    7.8523E+01   5.62013E-07 0.0049
    8.0795E+01   3.57440E-06 0.0046
    8.3132E+01   5.06245E-07 0.0049
    8.5537E+01   3.04832E-06 0.0046
    8.8012E+01   5.38928E-07 0.0048
    9.0558E+01   2.55622E-06 0.0046
    9.3178E+01   5.65542E-07 0.0047
    9.5873E+01   3.72524E-07 0.0049
    9.8647E+01   2.33022E-06 0.0045
    1.0150E+02   3.38115E-07 0.0048
    1.0444E+02   1.98512E-06 0.0045
    1.0746E+02   3.43849E-07 0.0047
    1.1057E+02   1.66212E-06 0.0045
    1.1377E+02   3.51438E-07 0.0047
    1.1706E+02   2.41210E-07 0.0048
    1.2044E+02   1.49181E-06 0.0045
    1.2393E+02   2.12624E-07 0.0048
    1.2751E+02   1.27323E-06 0.0045
    1.3120E+02   2.14920E-07 0.0047
    1.3500E+02   1.06374E-06 0.0045
    1.3890E+02   2.20775E-07 0.0046
    1.4292E+02   1.52585E-07 0.0048
    1.4706E+02   9.49425E-07 0.0044
    1.5131E+02   1.36741E-07 0.0048
    1.5569E+02   8.05330E-07 0.0044
    1.6019E+02   1.41121E-07 0.0047
    1.6483E+02   6.70637E-07 0.0044
    1.6959E+02   1.43946E-07 0.0046
    1.7450E+02   9.52254E-08 0.0048
    1.7955E+02   6.00498E-07 0.0044
    1.8474E+02   9.22213E-08 0.0047
    1.9009E+02   5.01662E-07 0.0044
    1.9559E+02   9.75178E-08 0.0046
    2.0124E+02   7.16115E-08 0.0047
    2.0707E+02   4.41182E-07 0.0044
    2.1306E+02   6.25807E-08 0.0047
    2.1922E+02   3.73980E-07 0.0044
    2.2556E+02   6.52850E-08 0.0046
    2.3209E+02   5.64196E-08 0.0047
    2.3880E+02   3.20933E-07 0.0044
    2.4571E+02   4.46125E-08 0.0047
    2.5282E+02   2.77726E-07 0.0044
    2.6013E+02   4.39841E-08 0.0046
    2.6766E+02   2.33011E-07 0.0044
    2.7540E+02   4.61390E-08 0.0046
    2.8337E+02   3.51879E-08 0.0047
    2.9157E+02   2.05336E-07 0.0044
    3.0000E+02   3.00757E-08 0.0047
      total      7.93253E-03 0.0009
 
 cell  501                                                                                                                             
 user bin          -1.00000
    s(e) (MeV/cm)
    1.0000E+00   0.00000E+00 0.0000
    1.0289E+00   0.00000E+00 0.0000
    1.0587E+00   0.00000E+00 0.0000
    1.0893E+00   0.00000E+00 0.0000
    1.1208E+00   0.00000E+00 0.0000
    1.1533E+00   0.00000E+00 0.0000
    1.1866E+00   0.00000E+00 0.0000
    1.2210E+00   0.00000E+00 0.0000
    1.2563E+00   0.00000E+00 0.0000
    1.2926E+00   0.00000E+00 0.0000
    1.3300E+00   0.00000E+00 0.0000
    1.3685E+00   0.00000E+00 0.0000
    1.4081E+00   0.00000E+00 0.0000
    1.4488E+00   0.00000E+00 0.0000
    1.4907E+00   0.00000E+00 0.0000
    1.5339E+00   0.00000E+00 0.0000
    1.5782E+00   0.00000E+00 0.0000
    1.6239E+00   0.00000E+00 0.0000
    1.6709E+00   0.00000E+00 0.0000
    1.7192E+00   0.00000E+00 0.0000
    1.7689E+00   0.00000E+00 0.0000
    1.8201E+00   0.00000E+00 0.0000
    1.8728E+00   0.00000E+00 0.0000
    1.9269E+00   0.00000E+00 0.0000
    1.9827E+00   0.00000E+00 0.0000
    2.0400E+00   0.00000E+00 0.0000
    2.0991E+00   0.00000E+00 0.0000
    2.1598E+00   0.00000E+00 0.0000
    2.2223E+00   0.00000E+00 0.0000
    2.2866E+00   0.00000E+00 0.0000
    2.3527E+00   0.00000E+00 0.0000
    2.4208E+00   0.00000E+00 0.0000
    2.4908E+00   0.00000E+00 0.0000
    2.5629E+00   0.00000E+00 0.0000
    2.6370E+00   0.00000E+00 0.0000
    2.7133E+00   0.00000E+00 0.0000
    2.7918E+00   0.00000E+00 0.0000
    2.8725E+00   0.00000E+00 0.0000
    2.9557E+00   0.00000E+00 0.0000
    3.0412E+00   0.00000E+00 0.0000
    3.1291E+00   0.00000E+00 0.0000
    3.2197E+00   0.00000E+00 0.0000
    3.3128E+00   0.00000E+00 0.0000
    3.4086E+00   0.00000E+00 0.0000
    3.5072E+00   0.00000E+00 0.0000
    3.6087E+00   0.00000E+00 0.0000
    3.7131E+00   0.00000E+00 0.0000
    3.8205E+00   0.00000E+00 0.0000
    3.9311E+00   0.00000E+00 0.0000
    4.0448E+00   0.00000E+00 0.0000
    4.1618E+00   0.00000E+00 0.0000
    4.2822E+00   0.00000E+00 0.0000
    4.4061E+00   0.00000E+00 0.0000
    4.5335E+00   0.00000E+00 0.0000
    4.6647E+00   0.00000E+00 0.0000
    4.7996E+00   0.00000E+00 0.0000
    4.9385E+00   0.00000E+00 0.0000
    5.0814E+00   0.00000E+00 0.0000
    5.2284E+00   0.00000E+00 0.0000
    5.3796E+00   0.00000E+00 0.0000
    5.5352E+00   0.00000E+00 0.0000
    5.6954E+00   0.00000E+00 0.0000
    5.8601E+00   0.00000E+00 0.0000
    6.0297E+00   0.00000E+00 0.0000
    6.2041E+00   0.00000E+00 0.0000
    6.3836E+00   0.00000E+00 0.0000
    6.5683E+00   0.00000E+00 0.0000
    6.7583E+00   0.00000E+00 0.0000
    6.9538E+00   0.00000E+00 0.0000
    7.1550E+00   0.00000E+00 0.0000
    7.3619E+00   0.00000E+00 0.0000
    7.5749E+00   0.00000E+00 0.0000
    7.7941E+00   0.00000E+00 0.0000
    8.0195E+00   0.00000E+00 0.0000
    8.2515E+00   0.00000E+00 0.0000
    8.4902E+00   0.00000E+00 0.0000
    8.7359E+00   0.00000E+00 0.0000
    8.9886E+00   0.00000E+00 0.0000
    9.2486E+00   6.73455E-07 0.0128
    9.5162E+00   4.83321E-07 0.0152
    9.7915E+00   7.56731E-07 0.0121
    1.0075E+01   2.49327E-05 0.0021
    1.0366E+01   8.13475E-07 0.0117
    1.0666E+01   7.89481E-06 0.0037
    1.0975E+01   6.24078E-07 0.0133
    1.1292E+01   5.29701E-06 0.0046
    1.1619E+01   4.74638E-07 0.0153
    1.1955E+01   4.88004E-07 0.0151
    1.2301E+01   3.36689E-06 0.0057
    1.2657E+01   4.06252E-07 0.0166
    1.3023E+01   2.40182E-06 0.0068
    1.3400E+01   2.81266E-07 0.0199
    1.3787E+01   2.94689E-07 0.0194
    1.4186E+01   1.89786E-06 0.0076
    1.4596E+01   2.20358E-07 0.0225
    1.5019E+01   1.36265E-06 0.0090
    1.5453E+01   2.47928E-07 0.0205
    1.5900E+01   1.15640E-06 0.0096
    1.6360E+01   1.35880E-07 0.0251
    1.6834E+01   1.36013E-07 0.0251
    1.7321E+01   9.16334E-07 0.0103
    1.7822E+01   1.34120E-07 0.0228
    1.8337E+01   7.69325E-07 0.0111
    1.8868E+01   9.09311E-08 0.0254
    1.9413E+01   9.38571E-08 0.0251
    1.9975E+01   5.20457E-07 0.0129
    2.0553E+01   9.56508E-08 0.0241
    2.1148E+01   4.99039E-07 0.0130
    2.1759E+01   7.83542E-08 0.0243
    2.2389E+01   8.04526E-08 0.0241
    2.3037E+01   4.24054E-07 0.0132
    2.3703E+01   6.39040E-08 0.0245
    2.4389E+01   3.13883E-07 0.0146
    2.5094E+01   4.73146E-08 0.0272
    2.5820E+01   4.60753E-08 0.0275
    2.6567E+01   2.46727E-07 0.0155
    2.7336E+01   4.00061E-08 0.0269
    2.8127E+01   2.30403E-07 0.0152
    2.8940E+01   3.63167E-08 0.0265
    2.9777E+01   2.04594E-07 0.0151
    3.0639E+01   3.62561E-08 0.0243
    3.1525E+01   3.19354E-08 0.0258
    3.2437E+01   1.83034E-07 0.0150
    3.3376E+01   2.91262E-08 0.0251
    3.4341E+01   1.56588E-07 0.0151
    3.5335E+01   2.76386E-08 0.0240
    3.6357E+01   2.35691E-08 0.0260
    3.7409E+01   1.30376E-07 0.0154
    3.8491E+01   1.94217E-08 0.0265
    3.9604E+01   1.06781E-07 0.0159
    4.0750E+01   1.87045E-08 0.0250
    4.1929E+01   1.50931E-08 0.0278
    4.3142E+01   8.87290E-08 0.0163
    4.4390E+01   1.24322E-08 0.0283
    4.5674E+01   7.22103E-08 0.0167
    4.6996E+01   1.28318E-08 0.0257
    4.8355E+01   9.89992E-09 0.0293
    4.9754E+01   6.12856E-08 0.0169
    5.1193E+01   8.40576E-09 0.0294
    5.2674E+01   5.10983E-08 0.0172
    5.4198E+01   9.04870E-09 0.0262
    5.5766E+01   7.21606E-09 0.0294
    5.7379E+01   4.38273E-08 0.0172
    5.9039E+01   6.18313E-09 0.0293
    6.0747E+01   3.72900E-08 0.0173
    6.2505E+01   6.11141E-09 0.0273
    6.4313E+01   3.08518E-08 0.0174
    6.6174E+01   6.47905E-09 0.0245
    6.8088E+01   4.37877E-09 0.0298
    7.0058E+01   2.77538E-08 0.0173
    7.2084E+01   4.26037E-09 0.0280
    7.4170E+01   2.32808E-08 0.0173
    7.6315E+01   4.68349E-09 0.0247
    7.8523E+01   3.07198E-09 0.0305
    8.0795E+01   2.07243E-08 0.0174
    8.3132E+01   2.70680E-09 0.0301
    8.5537E+01   1.73680E-08 0.0175
    8.8012E+01   3.00638E-09 0.0264
    9.0558E+01   1.43437E-08 0.0175
    9.3178E+01   3.16764E-09 0.0238
    9.5873E+01   2.01550E-09 0.0299
    9.8647E+01   1.30882E-08 0.0174
    1.0150E+02   1.80113E-09 0.0293
    1.0444E+02   1.11184E-08 0.0174
    1.0746E+02   1.85968E-09 0.0267
    1.1057E+02   9.27332E-09 0.0174
    1.1377E+02   1.92889E-09 0.0243
    1.1706E+02   1.37960E-09 0.0287
    1.2044E+02   8.34795E-09 0.0173
    1.2393E+02   1.15414E-09 0.0291
    1.2751E+02   7.17471E-09 0.0173
    1.3120E+02   1.13851E-09 0.0271
    1.3500E+02   5.93186E-09 0.0173
    1.3890E+02   1.25926E-09 0.0239
    1.4292E+02   8.13092E-10 0.0298
    1.4706E+02   5.31189E-09 0.0173
    1.5131E+02   7.44264E-10 0.0288
    1.5569E+02   4.49620E-09 0.0172
    1.6019E+02   7.96828E-10 0.0258
    1.6483E+02   3.73876E-09 0.0172
    1.6959E+02   8.26346E-10 0.0234
    1.7450E+02   5.10929E-10 0.0298
    1.7955E+02   3.37663E-09 0.0171
    1.8474E+02   5.11144E-10 0.0276
    1.9009E+02   2.82528E-09 0.0171
    1.9559E+02   5.41226E-10 0.0248
    2.0124E+02   3.97108E-10 0.0289
    2.0707E+02   2.47766E-09 0.0171
    2.1306E+02   3.45612E-10 0.0287
    2.1922E+02   2.10363E-09 0.0171
    2.2556E+02   3.73901E-10 0.0255
    2.3209E+02   3.04520E-10 0.0283
    2.3880E+02   1.80447E-09 0.0171
    2.4571E+02   2.47593E-10 0.0290
    2.5282E+02   1.54845E-09 0.0171
    2.6013E+02   2.55238E-10 0.0264
    2.6766E+02   1.30267E-09 0.0171
    2.7540E+02   2.54364E-10 0.0245
    2.8337E+02   1.95792E-10 0.0280
    2.9157E+02   1.14552E-09 0.0171
    3.0000E+02   1.70809E-10 0.0277
      total      6.07541E-05 0.0013
 
 cell  501                                                                                                                             
 user bin 10000000000.00000
    s(e) (MeV/cm)
    1.0000E+00   0.00000E+00 0.0000
    1.0289E+00   0.00000E+00 0.0000
    1.0587E+00   0.00000E+00 0.0000
    1.0893E+00   0.00000E+00 0.0000
    1.1208E+00   0.00000E+00 0.0000
    1.1533E+00   0.00000E+00 0.0000
    1.1866E+00   0.00000E+00 0.0000
    1.2210E+00   0.00000E+00 0.0000
    1.2563E+00   0.00000E+00 0.0000
    1.2926E+00   0.00000E+00 0.0000
    1.3300E+00   0.00000E+00 0.0000
    1.3685E+00   0.00000E+00 0.0000
    1.4081E+00   0.00000E+00 0.0000
    1.4488E+00   0.00000E+00 0.0000
    1.4907E+00   0.00000E+00 0.0000
    1.5339E+00   0.00000E+00 0.0000
    1.5782E+00   0.00000E+00 0.0000
    1.6239E+00   0.00000E+00 0.0000
    1.6709E+00   0.00000E+00 0.0000
    1.7192E+00   0.00000E+00 0.0000
    1.7689E+00   0.00000E+00 0.0000
    1.8201E+00   0.00000E+00 0.0000
    1.8728E+00   0.00000E+00 0.0000
    1.9269E+00   0.00000E+00 0.0000
    1.9827E+00   0.00000E+00 0.0000
    2.0400E+00   0.00000E+00 0.0000
    2.0991E+00   0.00000E+00 0.0000
    2.1598E+00   0.00000E+00 0.0000
    2.2223E+00   0.00000E+00 0.0000
    2.2866E+00   0.00000E+00 0.0000
    2.3527E+00   0.00000E+00 0.0000
    2.4208E+00   0.00000E+00 0.0000
    2.4908E+00   0.00000E+00 0.0000
    2.5629E+00   0.00000E+00 0.0000
    2.6370E+00   0.00000E+00 0.0000
    2.7133E+00   0.00000E+00 0.0000
    2.7918E+00   0.00000E+00 0.0000
    2.8725E+00   0.00000E+00 0.0000
    2.9557E+00   0.00000E+00 0.0000
    3.0412E+00   0.00000E+00 0.0000
    3.1291E+00   0.00000E+00 0.0000
    3.2197E+00   0.00000E+00 0.0000
    3.3128E+00   0.00000E+00 0.0000
    3.4086E+00   0.00000E+00 0.0000
    3.5072E+00   0.00000E+00 0.0000
    3.6087E+00   0.00000E+00 0.0000
    3.7131E+00   0.00000E+00 0.0000
    3.8205E+00   0.00000E+00 0.0000
    3.9311E+00   0.00000E+00 0.0000
    4.0448E+00   0.00000E+00 0.0000
    4.1618E+00   0.00000E+00 0.0000
    4.2822E+00   0.00000E+00 0.0000
    4.4061E+00   0.00000E+00 0.0000
    4.5335E+00   0.00000E+00 0.0000
    4.6647E+00   0.00000E+00 0.0000
    4.7996E+00   0.00000E+00 0.0000
    4.9385E+00   0.00000E+00 0.0000
    5.0814E+00   0.00000E+00 0.0000
    5.2284E+00   0.00000E+00 0.0000
    5.3796E+00   0.00000E+00 0.0000
    5.5352E+00   0.00000E+00 0.0000
    5.6954E+00   0.00000E+00 0.0000
    5.8601E+00   0.00000E+00 0.0000
    6.0297E+00   0.00000E+00 0.0000
    6.2041E+00   0.00000E+00 0.0000
    6.3836E+00   0.00000E+00 0.0000
    6.5683E+00   0.00000E+00 0.0000
    6.7583E+00   0.00000E+00 0.0000
    6.9538E+00   0.00000E+00 0.0000
    7.1550E+00   8.91081E-11 1.0000
    7.3619E+00   0.00000E+00 0.0000
    7.5749E+00   0.00000E+00 0.0000
    7.7941E+00   5.17556E-10 0.4555
    8.0195E+00   1.15537E-10 1.0000
    8.2515E+00   3.49899E-09 0.1841
    8.4902E+00   1.15060E-10 1.0000
    8.7359E+00   6.14765E-09 0.1387
    8.9886E+00   5.89677E-10 0.4477
    9.2486E+00   7.94282E-05 0.0040
    9.5162E+00   5.66978E-05 0.0030
    9.7915E+00   8.81680E-05 0.0026
    1.0075E+01   3.07130E-03 0.0014
    1.0366E+01   1.06571E-04 0.0025
    1.0666E+01   1.02833E-03 0.0021
    1.0975E+01   7.91551E-05 0.0032
    1.1292E+01   6.81163E-04 0.0025
    1.1619E+01   6.21098E-05 0.0036
    1.1955E+01   6.15776E-05 0.0037
    1.2301E+01   4.38268E-04 0.0030
    1.2657E+01   5.12840E-05 0.0040
    1.3023E+01   3.15490E-04 0.0034
    1.3400E+01   3.71747E-05 0.0043
    1.3787E+01   4.02086E-05 0.0044
    1.4186E+01   2.46735E-04 0.0039
    1.4596E+01   3.07184E-05 0.0045
    1.5019E+01   1.80996E-04 0.0041
    1.5453E+01   3.22456E-05 0.0047
    1.5900E+01   1.56288E-04 0.0042
    1.6360E+01   1.88714E-05 0.0048
    1.6834E+01   1.94831E-05 0.0048
    1.7321E+01   1.24649E-04 0.0044
    1.7822E+01   1.82484E-05 0.0049
    1.8337E+01   1.04711E-04 0.0045
    1.8868E+01   1.34430E-05 0.0049
    1.9413E+01   1.35509E-05 0.0049
    1.9975E+01   7.47551E-05 0.0045
    2.0553E+01   1.29601E-05 0.0051
    2.1148E+01   7.04893E-05 0.0047
    2.1759E+01   1.09912E-05 0.0051
    2.2389E+01   1.11919E-05 0.0051
    2.3037E+01   5.86275E-05 0.0048
    2.3703E+01   8.74646E-06 0.0051
    2.4389E+01   4.51065E-05 0.0048
    2.5094E+01   6.96097E-06 0.0052
    2.5820E+01   6.85795E-06 0.0051
    2.6567E+01   3.59500E-05 0.0047
    2.7336E+01   5.66970E-06 0.0051
    2.8127E+01   3.27888E-05 0.0048
    2.8940E+01   5.38264E-06 0.0052
    2.9777E+01   2.97776E-05 0.0048
    3.0639E+01   5.17336E-06 0.0051
    3.1525E+01   4.68907E-06 0.0052
    3.2437E+01   2.65684E-05 0.0048
    3.3376E+01   4.06883E-06 0.0051
    3.4341E+01   2.26255E-05 0.0048
    3.5335E+01   4.03969E-06 0.0051
    3.6357E+01   3.33780E-06 0.0052
    3.7409E+01   1.91745E-05 0.0048
    3.8491E+01   2.88701E-06 0.0051
    3.9604E+01   1.57919E-05 0.0048
    4.0750E+01   2.83368E-06 0.0050
    4.1929E+01   2.29152E-06 0.0051
    4.3142E+01   1.33647E-05 0.0047
    4.4390E+01   1.94398E-06 0.0050
    4.5674E+01   1.11069E-05 0.0047
    4.6996E+01   1.96735E-06 0.0049
    4.8355E+01   1.57199E-06 0.0050
    4.9754E+01   9.53184E-06 0.0046
    5.1193E+01   1.34586E-06 0.0050
    5.2674E+01   8.01729E-06 0.0046
    5.4198E+01   1.40308E-06 0.0048
    5.5766E+01   1.15675E-06 0.0049
    5.7379E+01   6.94429E-06 0.0045
    5.9039E+01   9.54322E-07 0.0049
    6.0747E+01   5.95881E-06 0.0045
    6.2505E+01   9.86803E-07 0.0048
    6.4313E+01   4.95163E-06 0.0045
    6.6174E+01   1.06130E-06 0.0047
    6.8088E+01   6.93785E-07 0.0049
    7.0058E+01   4.46995E-06 0.0045
    7.2084E+01   6.86184E-07 0.0048
    7.4170E+01   3.73565E-06 0.0044
    7.6315E+01   7.46797E-07 0.0046
    7.8523E+01   5.23679E-07 0.0048
    8.0795E+01   3.34428E-06 0.0044
    8.3132E+01   4.71993E-07 0.0048
    8.5537E+01   2.84885E-06 0.0044
    8.8012E+01   5.04338E-07 0.0046
    9.0558E+01   2.38572E-06 0.0044
    9.3178E+01   5.28483E-07 0.0045
    9.5873E+01   3.47372E-07 0.0047
    9.8647E+01   2.17494E-06 0.0044
    1.0150E+02   3.16592E-07 0.0047
    1.0444E+02   1.85331E-06 0.0044
    1.0746E+02   3.22584E-07 0.0046
    1.1057E+02   1.55522E-06 0.0043
    1.1377E+02   3.28408E-07 0.0045
    1.1706E+02   2.26062E-07 0.0047
    1.2044E+02   1.39704E-06 0.0043
    1.2393E+02   1.99945E-07 0.0047
    1.2751E+02   1.19258E-06 0.0043
    1.3120E+02   2.02244E-07 0.0046
    1.3500E+02   9.96925E-07 0.0043
    1.3890E+02   2.07435E-07 0.0045
    1.4292E+02   1.43055E-07 0.0047
    1.4706E+02   8.90486E-07 0.0043
    1.5131E+02   1.28569E-07 0.0046
    1.5569E+02   7.54928E-07 0.0043
    1.6019E+02   1.33036E-07 0.0045
    1.6483E+02   6.29369E-07 0.0043
    1.6959E+02   1.34982E-07 0.0045
    1.7450E+02   8.94769E-08 0.0046
    1.7955E+02   5.63920E-07 0.0043
    1.8474E+02   8.65260E-08 0.0046
    1.9009E+02   4.71417E-07 0.0043
    1.9559E+02   9.14100E-08 0.0045
    2.0124E+02   6.73809E-08 0.0046
    2.0707E+02   4.14599E-07 0.0043
    2.1306E+02   5.87504E-08 0.0046
    2.1922E+02   3.51932E-07 0.0043
    2.2556E+02   6.11324E-08 0.0045
    2.3209E+02   5.31373E-08 0.0046
    2.3880E+02   3.02076E-07 0.0043
    2.4571E+02   4.18839E-08 0.0046
    2.5282E+02   2.61454E-07 0.0042
    2.6013E+02   4.14258E-08 0.0045
    2.6766E+02   2.19403E-07 0.0042
    2.7540E+02   4.33406E-08 0.0045
    2.8337E+02   3.31922E-08 0.0046
    2.9157E+02   1.93327E-07 0.0042
    3.0000E+02   2.82059E-08 0.0046
      total      7.79743E-03 0.0009
 
 cell  501                                                                                                                             
 user bin total
    s(e) (MeV/cm)
    1.0000E+00   0.00000E+00 0.0000
    1.0289E+00   0.00000E+00 0.0000
    1.0587E+00   0.00000E+00 0.0000
    1.0893E+00   0.00000E+00 0.0000
    1.1208E+00   0.00000E+00 0.0000
    1.1533E+00   0.00000E+00 0.0000
    1.1866E+00   0.00000E+00 0.0000
    1.2210E+00   0.00000E+00 0.0000
    1.2563E+00   0.00000E+00 0.0000
    1.2926E+00   0.00000E+00 0.0000
    1.3300E+00   0.00000E+00 0.0000
    1.3685E+00   0.00000E+00 0.0000
    1.4081E+00   0.00000E+00 0.0000
    1.4488E+00   0.00000E+00 0.0000
    1.4907E+00   0.00000E+00 0.0000
    1.5339E+00   0.00000E+00 0.0000
    1.5782E+00   0.00000E+00 0.0000
    1.6239E+00   0.00000E+00 0.0000
    1.6709E+00   0.00000E+00 0.0000
    1.7192E+00   0.00000E+00 0.0000
    1.7689E+00   0.00000E+00 0.0000
    1.8201E+00   0.00000E+00 0.0000
    1.8728E+00   0.00000E+00 0.0000
    1.9269E+00   0.00000E+00 0.0000
    1.9827E+00   0.00000E+00 0.0000
    2.0400E+00   0.00000E+00 0.0000
    2.0991E+00   0.00000E+00 0.0000
    2.1598E+00   0.00000E+00 0.0000
    2.2223E+00   0.00000E+00 0.0000
    2.2866E+00   0.00000E+00 0.0000
    2.3527E+00   0.00000E+00 0.0000
    2.4208E+00   0.00000E+00 0.0000
    2.4908E+00   0.00000E+00 0.0000
    2.5629E+00   0.00000E+00 0.0000
    2.6370E+00   0.00000E+00 0.0000
    2.7133E+00   0.00000E+00 0.0000
    2.7918E+00   0.00000E+00 0.0000
    2.8725E+00   0.00000E+00 0.0000
    2.9557E+00   0.00000E+00 0.0000
    3.0412E+00   0.00000E+00 0.0000
    3.1291E+00   0.00000E+00 0.0000
    3.2197E+00   0.00000E+00 0.0000
    3.3128E+00   0.00000E+00 0.0000
    3.4086E+00   0.00000E+00 0.0000
    3.5072E+00   0.00000E+00 0.0000
    3.6087E+00   0.00000E+00 0.0000
    3.7131E+00   0.00000E+00 0.0000
    3.8205E+00   0.00000E+00 0.0000
    3.9311E+00   0.00000E+00 0.0000
    4.0448E+00   0.00000E+00 0.0000
    4.1618E+00   0.00000E+00 0.0000
    4.2822E+00   0.00000E+00 0.0000
    4.4061E+00   0.00000E+00 0.0000
    4.5335E+00   0.00000E+00 0.0000
    4.6647E+00   0.00000E+00 0.0000
    4.7996E+00   0.00000E+00 0.0000
    4.9385E+00   0.00000E+00 0.0000
    5.0814E+00   0.00000E+00 0.0000
    5.2284E+00   0.00000E+00 0.0000
    5.3796E+00   0.00000E+00 0.0000
    5.5352E+00   0.00000E+00 0.0000
    5.6954E+00   0.00000E+00 0.0000
    5.8601E+00   0.00000E+00 0.0000
    6.0297E+00   0.00000E+00 0.0000
    6.2041E+00   0.00000E+00 0.0000
    6.3836E+00   0.00000E+00 0.0000
    6.5683E+00   0.00000E+00 0.0000
    6.7583E+00   0.00000E+00 0.0000
    6.9538E+00   0.00000E+00 0.0000
    7.1550E+00   8.91081E-11 1.0000
    7.3619E+00   0.00000E+00 0.0000
    7.5749E+00   0.00000E+00 0.0000
    7.7941E+00   5.17556E-10 0.4555
    8.0195E+00   1.15537E-10 1.0000
    8.2515E+00   3.49899E-09 0.1841
    8.4902E+00   1.15060E-10 1.0000
    8.7359E+00   6.14765E-09 0.1387
    8.9886E+00   5.89677E-10 0.4477
    9.2486E+00   8.01016E-05 0.0040
    9.5162E+00   5.71811E-05 0.0030
    9.7915E+00   8.89247E-05 0.0026
    1.0075E+01   3.09623E-03 0.0014
    1.0366E+01   1.07385E-04 0.0025
    1.0666E+01   1.03623E-03 0.0021
    1.0975E+01   7.97792E-05 0.0032
    1.1292E+01   6.86460E-04 0.0025
    1.1619E+01   6.25845E-05 0.0036
    1.1955E+01   6.20656E-05 0.0037
    1.2301E+01   4.41635E-04 0.0030
    1.2657E+01   5.16902E-05 0.0040
    1.3023E+01   3.17892E-04 0.0034
    1.3400E+01   3.74560E-05 0.0043
    1.3787E+01   4.05033E-05 0.0044
    1.4186E+01   2.48633E-04 0.0039
    1.4596E+01   3.09388E-05 0.0045
    1.5019E+01   1.82359E-04 0.0041
    1.5453E+01   3.24936E-05 0.0047
    1.5900E+01   1.57445E-04 0.0042
    1.6360E+01   1.90073E-05 0.0048
    1.6834E+01   1.96191E-05 0.0048
    1.7321E+01   1.25565E-04 0.0044
    1.7822E+01   1.83825E-05 0.0049
    1.8337E+01   1.05480E-04 0.0045
    1.8868E+01   1.35339E-05 0.0049
    1.9413E+01   1.36447E-05 0.0049
    1.9975E+01   7.52755E-05 0.0045
    2.0553E+01   1.30558E-05 0.0051
    2.1148E+01   7.09883E-05 0.0047
    2.1759E+01   1.10695E-05 0.0051
    2.2389E+01   1.12723E-05 0.0051
    2.3037E+01   5.90515E-05 0.0048
    2.3703E+01   8.81036E-06 0.0051
    2.4389E+01   4.54204E-05 0.0048
    2.5094E+01   7.00828E-06 0.0052
    2.5820E+01   6.90402E-06 0.0051
    2.6567E+01   3.61967E-05 0.0047
    2.7336E+01   5.70970E-06 0.0051
    2.8127E+01   3.30192E-05 0.0048
    2.8940E+01   5.41896E-06 0.0052
    2.9777E+01   2.99822E-05 0.0048
    3.0639E+01   5.20962E-06 0.0051
    3.1525E+01   4.72100E-06 0.0052
    3.2437E+01   2.67515E-05 0.0048
    3.3376E+01   4.09796E-06 0.0051
    3.4341E+01   2.27821E-05 0.0048
    3.5335E+01   4.06733E-06 0.0051
    3.6357E+01   3.36137E-06 0.0052
    3.7409E+01   1.93049E-05 0.0048
    3.8491E+01   2.90643E-06 0.0051
    3.9604E+01   1.58987E-05 0.0048
    4.0750E+01   2.85239E-06 0.0050
    4.1929E+01   2.30661E-06 0.0051
    4.3142E+01   1.34535E-05 0.0047
    4.4390E+01   1.95642E-06 0.0050
    4.5674E+01   1.11791E-05 0.0047
    4.6996E+01   1.98018E-06 0.0049
    4.8355E+01   1.58189E-06 0.0050
    4.9754E+01   9.59312E-06 0.0046
    5.1193E+01   1.35427E-06 0.0050
    5.2674E+01   8.06839E-06 0.0046
    5.4198E+01   1.41213E-06 0.0048
    5.5766E+01   1.16396E-06 0.0049
    5.7379E+01   6.98812E-06 0.0045
    5.9039E+01   9.60506E-07 0.0049
    6.0747E+01   5.99610E-06 0.0045
    6.2505E+01   9.92914E-07 0.0048
    6.4313E+01   4.98248E-06 0.0045
    6.6174E+01   1.06778E-06 0.0047
    6.8088E+01   6.98164E-07 0.0049
    7.0058E+01   4.49771E-06 0.0045
    7.2084E+01   6.90445E-07 0.0048
    7.4170E+01   3.75893E-06 0.0044
    7.6315E+01   7.51481E-07 0.0046
    7.8523E+01   5.26751E-07 0.0048
    8.0795E+01   3.36500E-06 0.0044
    8.3132E+01   4.74700E-07 0.0048
    8.5537E+01   2.86622E-06 0.0044
    8.8012E+01   5.07344E-07 0.0047
    9.0558E+01   2.40007E-06 0.0044
    9.3178E+01   5.31651E-07 0.0046
    9.5873E+01   3.49387E-07 0.0047
    9.8647E+01   2.18803E-06 0.0044
    1.0150E+02   3.18394E-07 0.0047
    1.0444E+02   1.86443E-06 0.0044
    1.0746E+02   3.24443E-07 0.0046
    1.1057E+02   1.56449E-06 0.0043
    1.1377E+02   3.30337E-07 0.0045
    1.1706E+02   2.27441E-07 0.0047
    1.2044E+02   1.40539E-06 0.0043
    1.2393E+02   2.01099E-07 0.0047
    1.2751E+02   1.19975E-06 0.0043
    1.3120E+02   2.03382E-07 0.0046
    1.3500E+02   1.00286E-06 0.0043
    1.3890E+02   2.08694E-07 0.0045
    1.4292E+02   1.43868E-07 0.0047
    1.4706E+02   8.95798E-07 0.0043
    1.5131E+02   1.29313E-07 0.0046
    1.5569E+02   7.59424E-07 0.0043
    1.6019E+02   1.33833E-07 0.0045
    1.6483E+02   6.33108E-07 0.0043
    1.6959E+02   1.35808E-07 0.0045
    1.7450E+02   8.99878E-08 0.0046
    1.7955E+02   5.67297E-07 0.0043
    1.8474E+02   8.70371E-08 0.0046
    1.9009E+02   4.74242E-07 0.0043
    1.9559E+02   9.19512E-08 0.0045
    2.0124E+02   6.77780E-08 0.0046
    2.0707E+02   4.17077E-07 0.0043
    2.1306E+02   5.90960E-08 0.0046
    2.1922E+02   3.54036E-07 0.0043
    2.2556E+02   6.15063E-08 0.0045
    2.3209E+02   5.34419E-08 0.0046
    2.3880E+02   3.03881E-07 0.0043
    2.4571E+02   4.21315E-08 0.0046
    2.5282E+02   2.63003E-07 0.0043
    2.6013E+02   4.16810E-08 0.0046
    2.6766E+02   2.20706E-07 0.0043
    2.7540E+02   4.35949E-08 0.0045
    2.8337E+02   3.33879E-08 0.0046
    2.9157E+02   1.94473E-07 0.0043
    3.0000E+02   2.83767E-08 0.0046
      total      7.85819E-03 0.0009
 
 cell  502                                                                                                                             
 user bin          -1.00000
    s(e) (MeV/cm)
    1.0000E+00   0.00000E+00 0.0000
    1.0289E+00   0.00000E+00 0.0000
    1.0587E+00   0.00000E+00 0.0000
    1.0893E+00   0.00000E+00 0.0000
    1.1208E+00   0.00000E+00 0.0000
    1.1533E+00   0.00000E+00 0.0000
    1.1866E+00   0.00000E+00 0.0000
    1.2210E+00   0.00000E+00 0.0000
    1.2563E+00   0.00000E+00 0.0000
    1.2926E+00   0.00000E+00 0.0000
    1.3300E+00   0.00000E+00 0.0000
    1.3685E+00   0.00000E+00 0.0000
    1.4081E+00   0.00000E+00 0.0000
    1.4488E+00   0.00000E+00 0.0000
    1.4907E+00   0.00000E+00 0.0000
    1.5339E+00   0.00000E+00 0.0000
    1.5782E+00   0.00000E+00 0.0000
    1.6239E+00   0.00000E+00 0.0000
    1.6709E+00   0.00000E+00 0.0000
    1.7192E+00   0.00000E+00 0.0000
    1.7689E+00   0.00000E+00 0.0000
    1.8201E+00   0.00000E+00 0.0000
    1.8728E+00   0.00000E+00 0.0000
    1.9269E+00   0.00000E+00 0.0000
    1.9827E+00   0.00000E+00 0.0000
    2.0400E+00   0.00000E+00 0.0000
    2.0991E+00   0.00000E+00 0.0000
    2.1598E+00   0.00000E+00 0.0000
    2.2223E+00   0.00000E+00 0.0000
    2.2866E+00   0.00000E+00 0.0000
    2.3527E+00   0.00000E+00 0.0000
    2.4208E+00   0.00000E+00 0.0000
    2.4908E+00   0.00000E+00 0.0000
    2.5629E+00   0.00000E+00 0.0000
    2.6370E+00   0.00000E+00 0.0000
    2.7133E+00   0.00000E+00 0.0000
    2.7918E+00   0.00000E+00 0.0000
    2.8725E+00   0.00000E+00 0.0000
    2.9557E+00   0.00000E+00 0.0000
    3.0412E+00   0.00000E+00 0.0000
    3.1291E+00   0.00000E+00 0.0000
    3.2197E+00   0.00000E+00 0.0000
    3.3128E+00   0.00000E+00 0.0000
    3.4086E+00   0.00000E+00 0.0000
    3.5072E+00   0.00000E+00 0.0000
    3.6087E+00   0.00000E+00 0.0000
    3.7131E+00   0.00000E+00 0.0000
    3.8205E+00   0.00000E+00 0.0000
    3.9311E+00   0.00000E+00 0.0000
    4.0448E+00   0.00000E+00 0.0000
    4.1618E+00   0.00000E+00 0.0000
    4.2822E+00   0.00000E+00 0.0000
    4.4061E+00   0.00000E+00 0.0000
    4.5335E+00   0.00000E+00 0.0000
    4.6647E+00   0.00000E+00 0.0000
    4.7996E+00   0.00000E+00 0.0000
    4.9385E+00   0.00000E+00 0.0000
    5.0814E+00   0.00000E+00 0.0000
    5.2284E+00   0.00000E+00 0.0000
    5.3796E+00   0.00000E+00 0.0000
    5.5352E+00   0.00000E+00 0.0000
    5.6954E+00   0.00000E+00 0.0000
    5.8601E+00   0.00000E+00 0.0000
    6.0297E+00   0.00000E+00 0.0000
    6.2041E+00   0.00000E+00 0.0000
    6.3836E+00   0.00000E+00 0.0000
    6.5683E+00   0.00000E+00 0.0000
    6.7583E+00   0.00000E+00 0.0000
    6.9538E+00   0.00000E+00 0.0000
    7.1550E+00   0.00000E+00 0.0000
    7.3619E+00   0.00000E+00 0.0000
    7.5749E+00   0.00000E+00 0.0000
    7.7941E+00   0.00000E+00 0.0000
    8.0195E+00   0.00000E+00 0.0000
    8.2515E+00   0.00000E+00 0.0000
    8.4902E+00   0.00000E+00 0.0000
    8.7359E+00   0.00000E+00 0.0000
    8.9886E+00   0.00000E+00 0.0000
    9.2486E+00   1.59666E-07 0.0264
    9.5162E+00   1.46712E-07 0.0275
    9.7915E+00   2.65966E-07 0.0204
    1.0075E+01   2.41375E-05 0.0021
    1.0366E+01   8.88554E-07 0.0112
    1.0666E+01   8.38407E-06 0.0036
    1.0975E+01   5.53175E-07 0.0142
    1.1292E+01   5.59651E-06 0.0044
    1.1619E+01   4.42690E-07 0.0159
    1.1955E+01   4.90395E-07 0.0151
    1.2301E+01   3.59130E-06 0.0055
    1.2657E+01   3.54142E-07 0.0177
    1.3023E+01   2.70798E-06 0.0064
    1.3400E+01   2.41393E-07 0.0215
    1.3787E+01   2.67052E-07 0.0204
    1.4186E+01   1.95858E-06 0.0075
    1.4596E+01   2.66397E-07 0.0204
    1.5019E+01   1.26829E-06 0.0093
    1.5453E+01   2.30519E-07 0.0213
    1.5900E+01   1.29067E-06 0.0091
    1.6360E+01   1.54441E-07 0.0235
    1.6834E+01   1.47825E-07 0.0241
    1.7321E+01   8.49199E-07 0.0107
    1.7822E+01   1.27382E-07 0.0234
    1.8337E+01   8.22051E-07 0.0107
    1.8868E+01   1.15874E-07 0.0225
    1.9413E+01   1.10803E-07 0.0231
    1.9975E+01   5.52010E-07 0.0125
    2.0553E+01   8.70303E-08 0.0253
    2.1148E+01   4.56169E-07 0.0136
    2.1759E+01   7.58014E-08 0.0248
    2.2389E+01   7.62075E-08 0.0247
    2.3037E+01   4.25899E-07 0.0131
    2.3703E+01   7.10439E-08 0.0234
    2.4389E+01   3.64892E-07 0.0136
    2.5094E+01   5.49854E-08 0.0252
    2.5820E+01   5.56485E-08 0.0250
    2.6567E+01   2.64380E-07 0.0149
    2.7336E+01   4.01760E-08 0.0267
    2.8127E+01   2.11460E-07 0.0157
    2.8940E+01   3.51165E-08 0.0270
    2.9777E+01   1.85475E-07 0.0159
    3.0639E+01   3.29419E-08 0.0255
    3.1525E+01   2.95497E-08 0.0269
    3.2437E+01   1.70192E-07 0.0155
    3.3376E+01   2.62105E-08 0.0264
    3.4341E+01   1.47668E-07 0.0155
    3.5335E+01   2.77457E-08 0.0240
    3.6357E+01   2.28217E-08 0.0264
    3.7409E+01   1.32174E-07 0.0153
    3.8491E+01   2.08135E-08 0.0256
    3.9604E+01   1.13690E-07 0.0153
    4.0750E+01   2.10819E-08 0.0235
    4.1929E+01   1.66816E-08 0.0264
    4.3142E+01   9.84419E-08 0.0155
    4.4390E+01   1.47761E-08 0.0260
    4.5674E+01   8.17944E-08 0.0157
    4.6996E+01   1.45759E-08 0.0241
    4.8355E+01   1.15025E-08 0.0271
    4.9754E+01   6.93910E-08 0.0159
    5.1193E+01   9.87159E-09 0.0271
    5.2674E+01   5.78011E-08 0.0162
    5.4198E+01   9.71304E-09 0.0253
    5.5766E+01   8.42309E-09 0.0272
    5.7379E+01   4.76137E-08 0.0165
    5.9039E+01   6.48499E-09 0.0286
    6.0747E+01   4.01364E-08 0.0167
    6.2505E+01   6.80157E-09 0.0259
    6.4313E+01   3.27052E-08 0.0168
    6.6174E+01   6.98685E-09 0.0236
    6.8088E+01   4.50368E-09 0.0294
    7.0058E+01   2.88715E-08 0.0170
    7.2084E+01   4.51813E-09 0.0272
    7.4170E+01   2.38738E-08 0.0171
    7.6315E+01   4.74999E-09 0.0245
    7.8523E+01   3.28861E-09 0.0295
    8.0795E+01   2.08880E-08 0.0172
    8.3132E+01   2.94772E-09 0.0288
    8.5537E+01   1.74378E-08 0.0173
    8.8012E+01   3.25529E-09 0.0254
    9.0558E+01   1.45746E-08 0.0173
    9.3178E+01   3.09709E-09 0.0241
    9.5873E+01   2.19178E-09 0.0286
    9.8647E+01   1.31247E-08 0.0173
    1.0150E+02   1.97396E-09 0.0280
    1.0444E+02   1.11240E-08 0.0174
    1.0746E+02   1.96938E-09 0.0260
    1.1057E+02   9.25123E-09 0.0174
    1.1377E+02   1.91738E-09 0.0244
    1.1706E+02   1.37120E-09 0.0288
    1.2044E+02   8.24745E-09 0.0174
    1.2393E+02   1.14714E-09 0.0292
    1.2751E+02   7.00122E-09 0.0175
    1.3120E+02   1.14161E-09 0.0271
    1.3500E+02   5.82734E-09 0.0175
    1.3890E+02   1.19356E-09 0.0246
    1.4292E+02   8.28474E-10 0.0295
    1.4706E+02   5.16600E-09 0.0175
    1.5131E+02   7.27868E-10 0.0291
    1.5569E+02   4.35095E-09 0.0175
    1.6019E+02   7.57960E-10 0.0264
    1.6483E+02   3.62990E-09 0.0175
    1.6959E+02   7.51561E-10 0.0246
    1.7450E+02   5.31537E-10 0.0292
    1.7955E+02   3.20564E-09 0.0175
    1.8474E+02   4.92924E-10 0.0281
    1.9009E+02   2.67732E-09 0.0176
    1.9559E+02   5.30149E-10 0.0250
    2.0124E+02   3.67200E-10 0.0301
    2.0707E+02   2.35998E-09 0.0175
    2.1306E+02   3.22952E-10 0.0297
    2.1922E+02   1.99275E-09 0.0176
    2.2556E+02   3.46736E-10 0.0265
    2.3209E+02   3.06247E-10 0.0282
    2.3880E+02   1.71748E-09 0.0175
    2.4571E+02   2.21762E-10 0.0307
    2.5282E+02   1.48714E-09 0.0175
    2.6013E+02   2.33619E-10 0.0276
    2.6766E+02   1.23911E-09 0.0175
    2.7540E+02   2.49091E-10 0.0248
    2.8337E+02   1.87657E-10 0.0286
    2.9157E+02   1.09140E-09 0.0175
    3.0000E+02   1.60139E-10 0.0286
      total      6.00395E-05 0.0013
 
 cell  502                                                                                                                             
 user bin 10000000000.00000
    s(e) (MeV/cm)
    1.0000E+00   0.00000E+00 0.0000
    1.0289E+00   0.00000E+00 0.0000
    1.0587E+00   0.00000E+00 0.0000
    1.0893E+00   0.00000E+00 0.0000
    1.1208E+00   0.00000E+00 0.0000
    1.1533E+00   0.00000E+00 0.0000
    1.1866E+00   0.00000E+00 0.0000
    1.2210E+00   0.00000E+00 0.0000
    1.2563E+00   0.00000E+00 0.0000
    1.2926E+00   0.00000E+00 0.0000
    1.3300E+00   0.00000E+00 0.0000
    1.3685E+00   0.00000E+00 0.0000
    1.4081E+00   0.00000E+00 0.0000
    1.4488E+00   0.00000E+00 0.0000
    1.4907E+00   0.00000E+00 0.0000
    1.5339E+00   0.00000E+00 0.0000
    1.5782E+00   0.00000E+00 0.0000
    1.6239E+00   0.00000E+00 0.0000
    1.6709E+00   0.00000E+00 0.0000
    1.7192E+00   0.00000E+00 0.0000
    1.7689E+00   0.00000E+00 0.0000
    1.8201E+00   0.00000E+00 0.0000
    1.8728E+00   0.00000E+00 0.0000
    1.9269E+00   0.00000E+00 0.0000
    1.9827E+00   0.00000E+00 0.0000
    2.0400E+00   0.00000E+00 0.0000
    2.0991E+00   0.00000E+00 0.0000
    2.1598E+00   0.00000E+00 0.0000
    2.2223E+00   0.00000E+00 0.0000
    2.2866E+00   0.00000E+00 0.0000
    2.3527E+00   0.00000E+00 0.0000
    2.4208E+00   0.00000E+00 0.0000
    2.4908E+00   0.00000E+00 0.0000
    2.5629E+00   0.00000E+00 0.0000
    2.6370E+00   0.00000E+00 0.0000
    2.7133E+00   0.00000E+00 0.0000
    2.7918E+00   0.00000E+00 0.0000
    2.8725E+00   0.00000E+00 0.0000
    2.9557E+00   0.00000E+00 0.0000
    3.0412E+00   0.00000E+00 0.0000
    3.1291E+00   0.00000E+00 0.0000
    3.2197E+00   0.00000E+00 0.0000
    3.3128E+00   0.00000E+00 0.0000
    3.4086E+00   0.00000E+00 0.0000
    3.5072E+00   0.00000E+00 0.0000
    3.6087E+00   0.00000E+00 0.0000
    3.7131E+00   0.00000E+00 0.0000
    3.8205E+00   0.00000E+00 0.0000
    3.9311E+00   0.00000E+00 0.0000
    4.0448E+00   0.00000E+00 0.0000
    4.1618E+00   0.00000E+00 0.0000
    4.2822E+00   0.00000E+00 0.0000
    4.4061E+00   0.00000E+00 0.0000
    4.5335E+00   0.00000E+00 0.0000
    4.6647E+00   0.00000E+00 0.0000
    4.7996E+00   0.00000E+00 0.0000
    4.9385E+00   0.00000E+00 0.0000
    5.0814E+00   0.00000E+00 0.0000
    5.2284E+00   0.00000E+00 0.0000
    5.3796E+00   0.00000E+00 0.0000
    5.5352E+00   0.00000E+00 0.0000
    5.6954E+00   0.00000E+00 0.0000
    5.8601E+00   0.00000E+00 0.0000
    6.0297E+00   0.00000E+00 0.0000
    6.2041E+00   0.00000E+00 0.0000
    6.3836E+00   0.00000E+00 0.0000
    6.5683E+00   0.00000E+00 0.0000
    6.7583E+00   0.00000E+00 0.0000
    6.9538E+00   0.00000E+00 0.0000
    7.1550E+00   1.13640E-10 1.0000
    7.3619E+00   0.00000E+00 0.0000
    7.5749E+00   0.00000E+00 0.0000
    7.7941E+00   5.55703E-10 0.4304
    8.0195E+00   0.00000E+00 0.0000
    8.2515E+00   3.43436E-09 0.1845
    8.4902E+00   0.00000E+00 0.0000
    8.7359E+00   5.70190E-09 0.1425
    8.9886E+00   4.59826E-10 0.5002
    9.2486E+00   1.83609E-05 0.0064
    9.5162E+00   1.74071E-05 0.0047
    9.7915E+00   3.10450E-05 0.0038
    1.0075E+01   2.95718E-03 0.0015
    1.0366E+01   1.18490E-04 0.0022
    1.0666E+01   1.10089E-03 0.0021
    1.0975E+01   7.17037E-05 0.0032
    1.1292E+01   7.18490E-04 0.0026
    1.1619E+01   5.84741E-05 0.0036
    1.1955E+01   6.28379E-05 0.0036
    1.2301E+01   4.68500E-04 0.0030
    1.2657E+01   4.70945E-05 0.0040
    1.3023E+01   3.50670E-04 0.0035
    1.3400E+01   3.45274E-05 0.0042
    1.3787E+01   3.56455E-05 0.0043
    1.4186E+01   2.55530E-04 0.0039
    1.4596E+01   3.61018E-05 0.0045
    1.5019E+01   1.71413E-04 0.0039
    1.5453E+01   3.00286E-05 0.0047
    1.5900E+01   1.71270E-04 0.0042
    1.6360E+01   2.10292E-05 0.0048
    1.6834E+01   2.06236E-05 0.0047
    1.7321E+01   1.18105E-04 0.0042
    1.7822E+01   1.75053E-05 0.0048
    1.8337E+01   1.11461E-04 0.0045
    1.8868E+01   1.54976E-05 0.0049
    1.9413E+01   1.54606E-05 0.0049
    1.9975E+01   7.91878E-05 0.0045
    2.0553E+01   1.23577E-05 0.0050
    2.1148E+01   6.52774E-05 0.0046
    2.1759E+01   1.04289E-05 0.0050
    2.2389E+01   1.08561E-05 0.0051
    2.3037E+01   6.05908E-05 0.0047
    2.3703E+01   9.67630E-06 0.0051
    2.4389E+01   5.07783E-05 0.0047
    2.5094E+01   7.82770E-06 0.0051
    2.5820E+01   7.68516E-06 0.0051
    2.6567E+01   3.84083E-05 0.0047
    2.7336E+01   5.70207E-06 0.0051
    2.8127E+01   3.15605E-05 0.0047
    2.8940E+01   4.97204E-06 0.0051
    2.9777E+01   2.71994E-05 0.0047
    3.0639E+01   4.74196E-06 0.0050
    3.1525E+01   4.30705E-06 0.0051
    3.2437E+01   2.46590E-05 0.0047
    3.3376E+01   3.86059E-06 0.0051
    3.4341E+01   2.18997E-05 0.0048
    3.5335E+01   3.98500E-06 0.0050
    3.6357E+01   3.35616E-06 0.0051
    3.7409E+01   1.94977E-05 0.0048
    3.8491E+01   3.01556E-06 0.0051
    3.9604E+01   1.67157E-05 0.0047
    4.0750E+01   3.05221E-06 0.0050
    4.1929E+01   2.47410E-06 0.0051
    4.3142E+01   1.45150E-05 0.0047
    4.4390E+01   2.12995E-06 0.0050
    4.5674E+01   1.21897E-05 0.0047
    4.6996E+01   2.16421E-06 0.0049
    4.8355E+01   1.73044E-06 0.0050
    4.9754E+01   1.04787E-05 0.0047
    5.1193E+01   1.47685E-06 0.0050
    5.2674E+01   8.76125E-06 0.0046
    5.4198E+01   1.52610E-06 0.0049
    5.5766E+01   1.25263E-06 0.0050
    5.7379E+01   7.49259E-06 0.0046
    5.9039E+01   1.02151E-06 0.0049
    6.0747E+01   6.35437E-06 0.0046
    6.2505E+01   1.04969E-06 0.0048
    6.4313E+01   5.22395E-06 0.0045
    6.6174E+01   1.11629E-06 0.0047
    6.8088E+01   7.27924E-07 0.0049
    7.0058E+01   4.66327E-06 0.0045
    7.2084E+01   7.15108E-07 0.0048
    7.4170E+01   3.86615E-06 0.0045
    7.6315E+01   7.69440E-07 0.0046
    7.8523E+01   5.37085E-07 0.0048
    8.0795E+01   3.42616E-06 0.0044
    8.3132E+01   4.81144E-07 0.0048
    8.5537E+01   2.89465E-06 0.0044
    8.8012E+01   5.11785E-07 0.0046
    9.0558E+01   2.41136E-06 0.0044
    9.3178E+01   5.32560E-07 0.0045
    9.5873E+01   3.49424E-07 0.0047
    9.8647E+01   2.18691E-06 0.0043
    1.0150E+02   3.18034E-07 0.0047
    1.0444E+02   1.85583E-06 0.0043
    1.0746E+02   3.22362E-07 0.0046
    1.1057E+02   1.55213E-06 0.0043
    1.1377E+02   3.26757E-07 0.0045
    1.1706E+02   2.25626E-07 0.0046
    1.2044E+02   1.38827E-06 0.0043
    1.2393E+02   1.97559E-07 0.0046
    1.2751E+02   1.18292E-06 0.0043
    1.3120E+02   1.99447E-07 0.0045
    1.3500E+02   9.86445E-07 0.0042
    1.3890E+02   2.05309E-07 0.0044
    1.4292E+02   1.41112E-07 0.0046
    1.4706E+02   8.79948E-07 0.0042
    1.5131E+02   1.26222E-07 0.0046
    1.5569E+02   7.44817E-07 0.0042
    1.6019E+02   1.31274E-07 0.0045
    1.6483E+02   6.20113E-07 0.0042
    1.6959E+02   1.33042E-07 0.0044
    1.7450E+02   8.82089E-08 0.0046
    1.7955E+02   5.55016E-07 0.0042
    1.8474E+02   8.53624E-08 0.0045
    1.9009E+02   4.63494E-07 0.0042
    1.9559E+02   9.00461E-08 0.0044
    2.0124E+02   6.61207E-08 0.0045
    2.0707E+02   4.07464E-07 0.0042
    2.1306E+02   5.79511E-08 0.0045
    2.1922E+02   3.45488E-07 0.0042
    2.2556E+02   6.02152E-08 0.0044
    2.3209E+02   5.21354E-08 0.0045
    2.3880E+02   2.96346E-07 0.0042
    2.4571E+02   4.12487E-08 0.0045
    2.5282E+02   2.56457E-07 0.0041
    2.6013E+02   4.05788E-08 0.0045
    2.6766E+02   2.15048E-07 0.0041
    2.7540E+02   4.26099E-08 0.0044
    2.8337E+02   3.24443E-08 0.0045
    2.9157E+02   1.89572E-07 0.0041
    3.0000E+02   2.76308E-08 0.0045
      total      7.72693E-03 0.0009
 
 cell  502                                                                                                                             
 user bin total
    s(e) (MeV/cm)
    1.0000E+00   0.00000E+00 0.0000
    1.0289E+00   0.00000E+00 0.0000
    1.0587E+00   0.00000E+00 0.0000
    1.0893E+00   0.00000E+00 0.0000
    1.1208E+00   0.00000E+00 0.0000
    1.1533E+00   0.00000E+00 0.0000
    1.1866E+00   0.00000E+00 0.0000
    1.2210E+00   0.00000E+00 0.0000
    1.2563E+00   0.00000E+00 0.0000
    1.2926E+00   0.00000E+00 0.0000
    1.3300E+00   0.00000E+00 0.0000
    1.3685E+00   0.00000E+00 0.0000
    1.4081E+00   0.00000E+00 0.0000
    1.4488E+00   0.00000E+00 0.0000
    1.4907E+00   0.00000E+00 0.0000
    1.5339E+00   0.00000E+00 0.0000
    1.5782E+00   0.00000E+00 0.0000
    1.6239E+00   0.00000E+00 0.0000
    1.6709E+00   0.00000E+00 0.0000
    1.7192E+00   0.00000E+00 0.0000
    1.7689E+00   0.00000E+00 0.0000
    1.8201E+00   0.00000E+00 0.0000
    1.8728E+00   0.00000E+00 0.0000
    1.9269E+00   0.00000E+00 0.0000
    1.9827E+00   0.00000E+00 0.0000
    2.0400E+00   0.00000E+00 0.0000
    2.0991E+00   0.00000E+00 0.0000
    2.1598E+00   0.00000E+00 0.0000
    2.2223E+00   0.00000E+00 0.0000
    2.2866E+00   0.00000E+00 0.0000
    2.3527E+00   0.00000E+00 0.0000
    2.4208E+00   0.00000E+00 0.0000
    2.4908E+00   0.00000E+00 0.0000
    2.5629E+00   0.00000E+00 0.0000
    2.6370E+00   0.00000E+00 0.0000
    2.7133E+00   0.00000E+00 0.0000
    2.7918E+00   0.00000E+00 0.0000
    2.8725E+00   0.00000E+00 0.0000
    2.9557E+00   0.00000E+00 0.0000
    3.0412E+00   0.00000E+00 0.0000
    3.1291E+00   0.00000E+00 0.0000
    3.2197E+00   0.00000E+00 0.0000
    3.3128E+00   0.00000E+00 0.0000
    3.4086E+00   0.00000E+00 0.0000
    3.5072E+00   0.00000E+00 0.0000
    3.6087E+00   0.00000E+00 0.0000
    3.7131E+00   0.00000E+00 0.0000
    3.8205E+00   0.00000E+00 0.0000
    3.9311E+00   0.00000E+00 0.0000
    4.0448E+00   0.00000E+00 0.0000
    4.1618E+00   0.00000E+00 0.0000
    4.2822E+00   0.00000E+00 0.0000
    4.4061E+00   0.00000E+00 0.0000
    4.5335E+00   0.00000E+00 0.0000
    4.6647E+00   0.00000E+00 0.0000
    4.7996E+00   0.00000E+00 0.0000
    4.9385E+00   0.00000E+00 0.0000
    5.0814E+00   0.00000E+00 0.0000
    5.2284E+00   0.00000E+00 0.0000
    5.3796E+00   0.00000E+00 0.0000
    5.5352E+00   0.00000E+00 0.0000
    5.6954E+00   0.00000E+00 0.0000
    5.8601E+00   0.00000E+00 0.0000
    6.0297E+00   0.00000E+00 0.0000
    6.2041E+00   0.00000E+00 0.0000
    6.3836E+00   0.00000E+00 0.0000
    6.5683E+00   0.00000E+00 0.0000
    6.7583E+00   0.00000E+00 0.0000
    6.9538E+00   0.00000E+00 0.0000
    7.1550E+00   1.13640E-10 1.0000
    7.3619E+00   0.00000E+00 0.0000
    7.5749E+00   0.00000E+00 0.0000
    7.7941E+00   5.55703E-10 0.4304
    8.0195E+00   0.00000E+00 0.0000
    8.2515E+00   3.43436E-09 0.1845
    8.4902E+00   0.00000E+00 0.0000
    8.7359E+00   5.70190E-09 0.1425
    8.9886E+00   4.59826E-10 0.5002
    9.2486E+00   1.85205E-05 0.0064
    9.5162E+00   1.75539E-05 0.0047
    9.7915E+00   3.13109E-05 0.0038
    1.0075E+01   2.98132E-03 0.0015
    1.0366E+01   1.19379E-04 0.0022
    1.0666E+01   1.10928E-03 0.0021
    1.0975E+01   7.22569E-05 0.0032
    1.1292E+01   7.24087E-04 0.0026
    1.1619E+01   5.89168E-05 0.0036
    1.1955E+01   6.33283E-05 0.0036
    1.2301E+01   4.72092E-04 0.0030
    1.2657E+01   4.74487E-05 0.0040
    1.3023E+01   3.53378E-04 0.0035
    1.3400E+01   3.47688E-05 0.0042
    1.3787E+01   3.59126E-05 0.0043
    1.4186E+01   2.57489E-04 0.0039
    1.4596E+01   3.63682E-05 0.0045
    1.5019E+01   1.72682E-04 0.0039
    1.5453E+01   3.02592E-05 0.0047
    1.5900E+01   1.72561E-04 0.0042
    1.6360E+01   2.11837E-05 0.0048
    1.6834E+01   2.07714E-05 0.0048
    1.7321E+01   1.18954E-04 0.0042
    1.7822E+01   1.76326E-05 0.0048
    1.8337E+01   1.12283E-04 0.0045
    1.8868E+01   1.56134E-05 0.0049
    1.9413E+01   1.55714E-05 0.0049
    1.9975E+01   7.97398E-05 0.0045
    2.0553E+01   1.24447E-05 0.0050
    2.1148E+01   6.57336E-05 0.0046
    2.1759E+01   1.05047E-05 0.0051
    2.2389E+01   1.09323E-05 0.0051
    2.3037E+01   6.10167E-05 0.0047
    2.3703E+01   9.74734E-06 0.0051
    2.4389E+01   5.11432E-05 0.0048
    2.5094E+01   7.88268E-06 0.0051
    2.5820E+01   7.74081E-06 0.0051
    2.6567E+01   3.86726E-05 0.0047
    2.7336E+01   5.74225E-06 0.0051
    2.8127E+01   3.17720E-05 0.0047
    2.8940E+01   5.00716E-06 0.0051
    2.9777E+01   2.73849E-05 0.0047
    3.0639E+01   4.77490E-06 0.0050
    3.1525E+01   4.33660E-06 0.0051
    3.2437E+01   2.48292E-05 0.0047
    3.3376E+01   3.88680E-06 0.0051
    3.4341E+01   2.20473E-05 0.0048
    3.5335E+01   4.01275E-06 0.0050
    3.6357E+01   3.37899E-06 0.0051
    3.7409E+01   1.96298E-05 0.0048
    3.8491E+01   3.03638E-06 0.0051
    3.9604E+01   1.68294E-05 0.0048
    4.0750E+01   3.07329E-06 0.0050
    4.1929E+01   2.49078E-06 0.0051
    4.3142E+01   1.46134E-05 0.0047
    4.4390E+01   2.14472E-06 0.0050
    4.5674E+01   1.22715E-05 0.0047
    4.6996E+01   2.17878E-06 0.0049
    4.8355E+01   1.74194E-06 0.0050
    4.9754E+01   1.05481E-05 0.0047
    5.1193E+01   1.48673E-06 0.0050
    5.2674E+01   8.81905E-06 0.0046
    5.4198E+01   1.53582E-06 0.0049
    5.5766E+01   1.26105E-06 0.0050
    5.7379E+01   7.54020E-06 0.0046
    5.9039E+01   1.02799E-06 0.0049
    6.0747E+01   6.39451E-06 0.0046
    6.2505E+01   1.05649E-06 0.0048
    6.4313E+01   5.25665E-06 0.0045
    6.6174E+01   1.12328E-06 0.0047
    6.8088E+01   7.32427E-07 0.0049
    7.0058E+01   4.69214E-06 0.0045
    7.2084E+01   7.19626E-07 0.0048
    7.4170E+01   3.89003E-06 0.0045
    7.6315E+01   7.74190E-07 0.0046
    7.8523E+01   5.40374E-07 0.0048
    8.0795E+01   3.44705E-06 0.0044
    8.3132E+01   4.84092E-07 0.0048
    8.5537E+01   2.91209E-06 0.0044
    8.8012E+01   5.15040E-07 0.0046
    9.0558E+01   2.42593E-06 0.0044
    9.3178E+01   5.35657E-07 0.0045
    9.5873E+01   3.51616E-07 0.0047
    9.8647E+01   2.20003E-06 0.0043
    1.0150E+02   3.20008E-07 0.0047
    1.0444E+02   1.86695E-06 0.0043
    1.0746E+02   3.24332E-07 0.0046
    1.1057E+02   1.56138E-06 0.0043
    1.1377E+02   3.28675E-07 0.0045
    1.1706E+02   2.26997E-07 0.0046
    1.2044E+02   1.39652E-06 0.0043
    1.2393E+02   1.98706E-07 0.0046
    1.2751E+02   1.18992E-06 0.0043
    1.3120E+02   2.00589E-07 0.0045
    1.3500E+02   9.92272E-07 0.0042
    1.3890E+02   2.06502E-07 0.0044
    1.4292E+02   1.41940E-07 0.0046
    1.4706E+02   8.85114E-07 0.0042
    1.5131E+02   1.26949E-07 0.0046
    1.5569E+02   7.49168E-07 0.0042
    1.6019E+02   1.32032E-07 0.0045
    1.6483E+02   6.23743E-07 0.0042
    1.6959E+02   1.33794E-07 0.0044
    1.7450E+02   8.87404E-08 0.0046
    1.7955E+02   5.58222E-07 0.0042
    1.8474E+02   8.58553E-08 0.0045
    1.9009E+02   4.66171E-07 0.0042
    1.9559E+02   9.05762E-08 0.0044
    2.0124E+02   6.64879E-08 0.0045
    2.0707E+02   4.09824E-07 0.0042
    2.1306E+02   5.82740E-08 0.0045
    2.1922E+02   3.47481E-07 0.0042
    2.2556E+02   6.05619E-08 0.0044
    2.3209E+02   5.24416E-08 0.0045
    2.3880E+02   2.98064E-07 0.0042
    2.4571E+02   4.14705E-08 0.0045
    2.5282E+02   2.57944E-07 0.0042
    2.6013E+02   4.08124E-08 0.0045
    2.6766E+02   2.16287E-07 0.0042
    2.7540E+02   4.28590E-08 0.0044
    2.8337E+02   3.26320E-08 0.0045
    2.9157E+02   1.90663E-07 0.0042
    3.0000E+02   2.77909E-08 0.0045
      total      7.78697E-03 0.0009
 
 cell  503                                                                                                                             
 user bin          -1.00000
    s(e) (MeV/cm)
    1.0000E+00   0.00000E+00 0.0000
    1.0289E+00   0.00000E+00 0.0000
    1.0587E+00   0.00000E+00 0.0000
    1.0893E+00   0.00000E+00 0.0000
    1.1208E+00   0.00000E+00 0.0000
    1.1533E+00   0.00000E+00 0.0000
    1.1866E+00   0.00000E+00 0.0000
    1.2210E+00   0.00000E+00 0.0000
    1.2563E+00   0.00000E+00 0.0000
    1.2926E+00   0.00000E+00 0.0000
    1.3300E+00   0.00000E+00 0.0000
    1.3685E+00   0.00000E+00 0.0000
    1.4081E+00   0.00000E+00 0.0000
    1.4488E+00   0.00000E+00 0.0000
    1.4907E+00   0.00000E+00 0.0000
    1.5339E+00   0.00000E+00 0.0000
    1.5782E+00   0.00000E+00 0.0000
    1.6239E+00   0.00000E+00 0.0000
    1.6709E+00   0.00000E+00 0.0000
    1.7192E+00   0.00000E+00 0.0000
    1.7689E+00   0.00000E+00 0.0000
    1.8201E+00   0.00000E+00 0.0000
    1.8728E+00   0.00000E+00 0.0000
    1.9269E+00   0.00000E+00 0.0000
    1.9827E+00   0.00000E+00 0.0000
    2.0400E+00   0.00000E+00 0.0000
    2.0991E+00   0.00000E+00 0.0000
    2.1598E+00   0.00000E+00 0.0000
    2.2223E+00   0.00000E+00 0.0000
    2.2866E+00   0.00000E+00 0.0000
    2.3527E+00   0.00000E+00 0.0000
    2.4208E+00   0.00000E+00 0.0000
    2.4908E+00   0.00000E+00 0.0000
    2.5629E+00   0.00000E+00 0.0000
    2.6370E+00   0.00000E+00 0.0000
    2.7133E+00   0.00000E+00 0.0000
    2.7918E+00   0.00000E+00 0.0000
    2.8725E+00   0.00000E+00 0.0000
    2.9557E+00   0.00000E+00 0.0000
    3.0412E+00   0.00000E+00 0.0000
    3.1291E+00   0.00000E+00 0.0000
    3.2197E+00   0.00000E+00 0.0000
    3.3128E+00   0.00000E+00 0.0000
    3.4086E+00   0.00000E+00 0.0000
    3.5072E+00   0.00000E+00 0.0000
    3.6087E+00   0.00000E+00 0.0000
    3.7131E+00   0.00000E+00 0.0000
    3.8205E+00   0.00000E+00 0.0000
    3.9311E+00   0.00000E+00 0.0000
    4.0448E+00   0.00000E+00 0.0000
    4.1618E+00   0.00000E+00 0.0000
    4.2822E+00   0.00000E+00 0.0000
    4.4061E+00   0.00000E+00 0.0000
    4.5335E+00   0.00000E+00 0.0000
    4.6647E+00   0.00000E+00 0.0000
    4.7996E+00   0.00000E+00 0.0000
    4.9385E+00   0.00000E+00 0.0000
    5.0814E+00   0.00000E+00 0.0000
    5.2284E+00   0.00000E+00 0.0000
    5.3796E+00   0.00000E+00 0.0000
    5.5352E+00   0.00000E+00 0.0000
    5.6954E+00   0.00000E+00 0.0000
    5.8601E+00   0.00000E+00 0.0000
    6.0297E+00   0.00000E+00 0.0000
    6.2041E+00   0.00000E+00 0.0000
    6.3836E+00   0.00000E+00 0.0000
    6.5683E+00   0.00000E+00 0.0000
    6.7583E+00   0.00000E+00 0.0000
    6.9538E+00   0.00000E+00 0.0000
    7.1550E+00   0.00000E+00 0.0000
    7.3619E+00   0.00000E+00 0.0000
    7.5749E+00   0.00000E+00 0.0000
    7.7941E+00   0.00000E+00 0.0000
    8.0195E+00   0.00000E+00 0.0000
    8.2515E+00   0.00000E+00 0.0000
    8.4902E+00   0.00000E+00 0.0000
    8.7359E+00   0.00000E+00 0.0000
    8.9886E+00   0.00000E+00 0.0000
    9.2486E+00   2.69019E-08 0.0643
    9.5162E+00   3.33161E-08 0.0577
    9.7915E+00   7.09529E-08 0.0396
    1.0075E+01   2.18079E-05 0.0022
    1.0366E+01   1.25879E-06 0.0094
    1.0666E+01   9.44866E-06 0.0034
    1.0975E+01   4.57608E-07 0.0156
    1.1292E+01   5.82862E-06 0.0043
    1.1619E+01   3.97073E-07 0.0167
    1.1955E+01   4.10768E-07 0.0165
    1.2301E+01   3.89349E-06 0.0053
    1.2657E+01   3.11239E-07 0.0189
    1.3023E+01   2.83706E-06 0.0062
    1.3400E+01   2.88021E-07 0.0197
    1.3787E+01   2.72549E-07 0.0202
    1.4186E+01   1.81805E-06 0.0078
    1.4596E+01   3.19309E-07 0.0187
    1.5019E+01   1.38879E-06 0.0089
    1.5453E+01   1.92077E-07 0.0233
    1.5900E+01   1.25535E-06 0.0092
    1.6360E+01   1.78908E-07 0.0219
    1.6834E+01   1.81730E-07 0.0217
    1.7321E+01   9.06884E-07 0.0103
    1.7822E+01   1.10508E-07 0.0250
    1.8337E+01   7.69929E-07 0.0111
    1.8868E+01   1.15135E-07 0.0227
    1.9413E+01   1.23801E-07 0.0219
    1.9975E+01   6.54432E-07 0.0116
    2.0553E+01   9.92275E-08 0.0237
    2.1148E+01   4.45481E-07 0.0137
    2.1759E+01   6.67377E-08 0.0264
    2.2389E+01   7.15440E-08 0.0255
    2.3037E+01   3.96295E-07 0.0136
    2.3703E+01   6.27533E-08 0.0249
    2.4389E+01   3.67330E-07 0.0135
    2.5094E+01   6.05111E-08 0.0240
    2.5820E+01   6.13164E-08 0.0238
    2.6567E+01   3.09042E-07 0.0139
    2.7336E+01   4.48052E-08 0.0253
    2.8127E+01   2.41014E-07 0.0147
    2.8940E+01   3.66632E-08 0.0264
    2.9777E+01   1.90056E-07 0.0158
    3.0639E+01   3.03621E-08 0.0265
    3.1525E+01   2.78949E-08 0.0276
    3.2437E+01   1.54259E-07 0.0163
    3.3376E+01   2.44828E-08 0.0273
    3.4341E+01   1.34460E-07 0.0162
    3.5335E+01   2.42755E-08 0.0256
    3.6357E+01   2.15023E-08 0.0272
    3.7409E+01   1.21803E-07 0.0160
    3.8491E+01   1.93173E-08 0.0266
    3.9604E+01   1.06202E-07 0.0159
    4.0750E+01   1.91457E-08 0.0247
    4.1929E+01   1.59271E-08 0.0270
    4.3142E+01   9.43122E-08 0.0158
    4.4390E+01   1.40219E-08 0.0267
    4.5674E+01   8.13848E-08 0.0157
    4.6996E+01   1.49359E-08 0.0239
    4.8355E+01   1.16767E-08 0.0269
    4.9754E+01   7.15029E-08 0.0156
    5.1193E+01   1.02338E-08 0.0266
    5.2674E+01   6.07162E-08 0.0157
    5.4198E+01   1.05502E-08 0.0243
    5.5766E+01   9.11859E-09 0.0261
    5.7379E+01   5.31567E-08 0.0157
    5.9039E+01   7.30354E-09 0.0270
    6.0747E+01   4.50145E-08 0.0158
    6.2505E+01   7.38148E-09 0.0249
    6.4313E+01   3.70497E-08 0.0159
    6.6174E+01   7.85654E-09 0.0223
    6.8088E+01   5.19190E-09 0.0274
    7.0058E+01   3.28167E-08 0.0159
    7.2084E+01   5.11633E-09 0.0255
    7.4170E+01   2.70012E-08 0.0161
    7.6315E+01   5.40319E-09 0.0230
    7.8523E+01   3.77015E-09 0.0275
    8.0795E+01   2.40910E-08 0.0160
    8.3132E+01   3.31038E-09 0.0272
    8.5537E+01   2.01389E-08 0.0162
    8.8012E+01   3.50951E-09 0.0245
    9.0558E+01   1.66266E-08 0.0162
    9.3178E+01   3.62594E-09 0.0223
    9.5873E+01   2.42148E-09 0.0272
    9.8647E+01   1.49016E-08 0.0163
    1.0150E+02   2.14033E-09 0.0269
    1.0444E+02   1.25292E-08 0.0163
    1.0746E+02   2.20448E-09 0.0245
    1.1057E+02   1.04625E-08 0.0164
    1.1377E+02   2.20173E-09 0.0227
    1.1706E+02   1.53123E-09 0.0273
    1.2044E+02   9.32100E-09 0.0164
    1.2393E+02   1.34501E-09 0.0270
    1.2751E+02   7.90144E-09 0.0164
    1.3120E+02   1.31026E-09 0.0253
    1.3500E+02   6.60597E-09 0.0164
    1.3890E+02   1.32946E-09 0.0233
    1.4292E+02   9.70598E-10 0.0272
    1.4706E+02   5.85060E-09 0.0164
    1.5131E+02   8.22374E-10 0.0274
    1.5569E+02   4.95508E-09 0.0165
    1.6019E+02   8.62693E-10 0.0248
    1.6483E+02   4.04290E-09 0.0165
    1.6959E+02   9.07605E-10 0.0223
    1.7450E+02   5.50513E-10 0.0287
    1.7955E+02   3.64027E-09 0.0165
    1.8474E+02   5.64101E-10 0.0262
    1.9009E+02   3.00821E-09 0.0165
    1.9559E+02   5.91073E-10 0.0237
    2.0124E+02   4.29836E-10 0.0278
    2.0707E+02   2.64165E-09 0.0165
    2.1306E+02   3.92157E-10 0.0269
    2.1922E+02   2.22725E-09 0.0166
    2.2556E+02   3.85139E-10 0.0252
    2.3209E+02   3.38960E-10 0.0268
    2.3880E+02   1.90815E-09 0.0166
    2.4571E+02   2.66724E-10 0.0280
    2.5282E+02   1.65284E-09 0.0166
    2.6013E+02   2.66394E-10 0.0259
    2.6766E+02   1.38037E-09 0.0166
    2.7540E+02   2.74209E-10 0.0236
    2.8337E+02   2.10102E-10 0.0270
    2.9157E+02   1.21745E-09 0.0166
    3.0000E+02   1.79048E-10 0.0271
      total      5.93138E-05 0.0013
 
 cell  503                                                                                                                             
 user bin 10000000000.00000
    s(e) (MeV/cm)
    1.0000E+00   0.00000E+00 0.0000
    1.0289E+00   0.00000E+00 0.0000
    1.0587E+00   0.00000E+00 0.0000
    1.0893E+00   0.00000E+00 0.0000
    1.1208E+00   0.00000E+00 0.0000
    1.1533E+00   0.00000E+00 0.0000
    1.1866E+00   0.00000E+00 0.0000
    1.2210E+00   0.00000E+00 0.0000
    1.2563E+00   0.00000E+00 0.0000
    1.2926E+00   0.00000E+00 0.0000
    1.3300E+00   0.00000E+00 0.0000
    1.3685E+00   0.00000E+00 0.0000
    1.4081E+00   0.00000E+00 0.0000
    1.4488E+00   0.00000E+00 0.0000
    1.4907E+00   0.00000E+00 0.0000
    1.5339E+00   0.00000E+00 0.0000
    1.5782E+00   0.00000E+00 0.0000
    1.6239E+00   0.00000E+00 0.0000
    1.6709E+00   0.00000E+00 0.0000
    1.7192E+00   0.00000E+00 0.0000
    1.7689E+00   0.00000E+00 0.0000
    1.8201E+00   0.00000E+00 0.0000
    1.8728E+00   0.00000E+00 0.0000
    1.9269E+00   0.00000E+00 0.0000
    1.9827E+00   0.00000E+00 0.0000
    2.0400E+00   0.00000E+00 0.0000
    2.0991E+00   0.00000E+00 0.0000
    2.1598E+00   0.00000E+00 0.0000
    2.2223E+00   0.00000E+00 0.0000
    2.2866E+00   0.00000E+00 0.0000
    2.3527E+00   0.00000E+00 0.0000
    2.4208E+00   0.00000E+00 0.0000
    2.4908E+00   0.00000E+00 0.0000
    2.5629E+00   0.00000E+00 0.0000
    2.6370E+00   0.00000E+00 0.0000
    2.7133E+00   0.00000E+00 0.0000
    2.7918E+00   0.00000E+00 0.0000
    2.8725E+00   0.00000E+00 0.0000
    2.9557E+00   0.00000E+00 0.0000
    3.0412E+00   0.00000E+00 0.0000
    3.1291E+00   0.00000E+00 0.0000
    3.2197E+00   0.00000E+00 0.0000
    3.3128E+00   0.00000E+00 0.0000
    3.4086E+00   0.00000E+00 0.0000
    3.5072E+00   0.00000E+00 0.0000
    3.6087E+00   0.00000E+00 0.0000
    3.7131E+00   0.00000E+00 0.0000
    3.8205E+00   0.00000E+00 0.0000
    3.9311E+00   0.00000E+00 0.0000
    4.0448E+00   0.00000E+00 0.0000
    4.1618E+00   0.00000E+00 0.0000
    4.2822E+00   0.00000E+00 0.0000
    4.4061E+00   0.00000E+00 0.0000
    4.5335E+00   0.00000E+00 0.0000
    4.6647E+00   0.00000E+00 0.0000
    4.7996E+00   0.00000E+00 0.0000
    4.9385E+00   0.00000E+00 0.0000
    5.0814E+00   0.00000E+00 0.0000
    5.2284E+00   0.00000E+00 0.0000
    5.3796E+00   0.00000E+00 0.0000
    5.5352E+00   0.00000E+00 0.0000
    5.6954E+00   0.00000E+00 0.0000
    5.8601E+00   0.00000E+00 0.0000
    6.0297E+00   0.00000E+00 0.0000
    6.2041E+00   0.00000E+00 0.0000
    6.3836E+00   0.00000E+00 0.0000
    6.5683E+00   0.00000E+00 0.0000
    6.7583E+00   0.00000E+00 0.0000
    6.9538E+00   0.00000E+00 0.0000
    7.1550E+00   1.13640E-10 1.0000
    7.3619E+00   0.00000E+00 0.0000
    7.5749E+00   0.00000E+00 0.0000
    7.7941E+00   3.39020E-10 0.5774
    8.0195E+00   2.37274E-10 0.7075
    8.2515E+00   3.40912E-09 0.1873
    8.4902E+00   0.00000E+00 0.0000
    8.7359E+00   5.67341E-09 0.1447
    8.9886E+00   2.38512E-10 0.7071
    9.2486E+00   3.14399E-06 0.0117
    9.5162E+00   3.82318E-06 0.0083
    9.7915E+00   7.95103E-06 0.0063
    1.0075E+01   2.65221E-03 0.0015
    1.0366E+01   1.66417E-04 0.0019
    1.0666E+01   1.24748E-03 0.0020
    1.0975E+01   6.21271E-05 0.0031
    1.1292E+01   7.49578E-04 0.0026
    1.1619E+01   5.18871E-05 0.0034
    1.1955E+01   5.55947E-05 0.0035
    1.2301E+01   5.07258E-04 0.0031
    1.2657E+01   4.22149E-05 0.0038
    1.3023E+01   3.66877E-04 0.0034
    1.3400E+01   3.94597E-05 0.0041
    1.3787E+01   3.73521E-05 0.0041
    1.4186E+01   2.43144E-04 0.0037
    1.4596E+01   4.10870E-05 0.0044
    1.5019E+01   1.85875E-04 0.0039
    1.5453E+01   2.64558E-05 0.0046
    1.5900E+01   1.66202E-04 0.0041
    1.6360E+01   2.39874E-05 0.0047
    1.6834E+01   2.40548E-05 0.0047
    1.7321E+01   1.25762E-04 0.0042
    1.7822E+01   1.61657E-05 0.0047
    1.8337E+01   1.05902E-04 0.0043
    1.8868E+01   1.62918E-05 0.0048
    1.9413E+01   1.67937E-05 0.0048
    1.9975E+01   8.95520E-05 0.0045
    2.0553E+01   1.36459E-05 0.0049
    2.1148E+01   6.60036E-05 0.0045
    2.1759E+01   9.76014E-06 0.0049
    2.2389E+01   1.00094E-05 0.0049
    2.3037E+01   5.65035E-05 0.0046
    2.3703E+01   9.39086E-06 0.0050
    2.4389E+01   5.21815E-05 0.0047
    2.5094E+01   8.59413E-06 0.0051
    2.5820E+01   8.46376E-06 0.0051
    2.6567E+01   4.31773E-05 0.0047
    2.7336E+01   6.44178E-06 0.0050
    2.8127E+01   3.48982E-05 0.0047
    2.8940E+01   5.30139E-06 0.0051
    2.9777E+01   2.78198E-05 0.0047
    3.0639E+01   4.65315E-06 0.0049
    3.1525E+01   4.14906E-06 0.0050
    3.2437E+01   2.32016E-05 0.0046
    3.3376E+01   3.55145E-06 0.0050
    3.4341E+01   2.00095E-05 0.0046
    3.5335E+01   3.65137E-06 0.0049
    3.6357E+01   3.05882E-06 0.0050
    3.7409E+01   1.79991E-05 0.0047
    3.8491E+01   2.81057E-06 0.0050
    3.9604E+01   1.57409E-05 0.0047
    4.0750E+01   2.91508E-06 0.0049
    4.1929E+01   2.39279E-06 0.0051
    4.3142E+01   1.41397E-05 0.0047
    4.4390E+01   2.11663E-06 0.0050
    4.5674E+01   1.21979E-05 0.0047
    4.6996E+01   2.19321E-06 0.0049
    4.8355E+01   1.76880E-06 0.0050
    4.9754E+01   1.07715E-05 0.0046
    5.1193E+01   1.54415E-06 0.0050
    5.2674E+01   9.20474E-06 0.0046
    5.4198E+01   1.61520E-06 0.0048
    5.5766E+01   1.33276E-06 0.0050
    5.7379E+01   7.99643E-06 0.0046
    5.9039E+01   1.09785E-06 0.0049
    6.0747E+01   6.84825E-06 0.0046
    6.2505E+01   1.13189E-06 0.0048
    6.4313E+01   5.66080E-06 0.0046
    6.6174E+01   1.21329E-06 0.0047
    6.8088E+01   7.88154E-07 0.0049
    7.0058E+01   5.08061E-06 0.0045
    7.2084E+01   7.77574E-07 0.0048
    7.4170E+01   4.21935E-06 0.0045
    7.6315E+01   8.42610E-07 0.0047
    7.8523E+01   5.85533E-07 0.0048
    8.0795E+01   3.74751E-06 0.0045
    8.3132E+01   5.28349E-07 0.0048
    8.5537E+01   3.16971E-06 0.0045
    8.8012E+01   5.61535E-07 0.0047
    9.0558E+01   2.64025E-06 0.0044
    9.3178E+01   5.83566E-07 0.0046
    9.5873E+01   3.82529E-07 0.0048
    9.8647E+01   2.39288E-06 0.0044
    1.0150E+02   3.47310E-07 0.0047
    1.0444E+02   2.02818E-06 0.0044
    1.0746E+02   3.51541E-07 0.0046
    1.1057E+02   1.69403E-06 0.0044
    1.1377E+02   3.56669E-07 0.0045
    1.1706E+02   2.45673E-07 0.0047
    1.2044E+02   1.51422E-06 0.0044
    1.2393E+02   2.15148E-07 0.0047
    1.2751E+02   1.28824E-06 0.0043
    1.3120E+02   2.17223E-07 0.0046
    1.3500E+02   1.07321E-06 0.0043
    1.3890E+02   2.23031E-07 0.0045
    1.4292E+02   1.53336E-07 0.0047
    1.4706E+02   9.56105E-07 0.0043
    1.5131E+02   1.36826E-07 0.0046
    1.5569E+02   8.08415E-07 0.0043
    1.6019E+02   1.42157E-07 0.0045
    1.6483E+02   6.72234E-07 0.0043
    1.6959E+02   1.44264E-07 0.0044
    1.7450E+02   9.52188E-08 0.0046
    1.7955E+02   6.01529E-07 0.0043
    1.8474E+02   9.19297E-08 0.0046
    1.9009E+02   5.01636E-07 0.0043
    1.9559E+02   9.72753E-08 0.0045
    2.0124E+02   7.14488E-08 0.0046
    2.0707E+02   4.40736E-07 0.0043
    2.1306E+02   6.21825E-08 0.0046
    2.1922E+02   3.73525E-07 0.0043
    2.2556E+02   6.50487E-08 0.0045
    2.3209E+02   5.61937E-08 0.0046
    2.3880E+02   3.20120E-07 0.0043
    2.4571E+02   4.44537E-08 0.0046
    2.5282E+02   2.76924E-07 0.0042
    2.6013E+02   4.37910E-08 0.0045
    2.6766E+02   2.32070E-07 0.0042
    2.7540E+02   4.59493E-08 0.0044
    2.8337E+02   3.50824E-08 0.0046
    2.9157E+02   2.04495E-07 0.0042
    3.0000E+02   2.98603E-08 0.0046
      total      7.65437E-03 0.0009
 
 cell  503                                                                                                                             
 user bin total
    s(e) (MeV/cm)
    1.0000E+00   0.00000E+00 0.0000
    1.0289E+00   0.00000E+00 0.0000
    1.0587E+00   0.00000E+00 0.0000
    1.0893E+00   0.00000E+00 0.0000
    1.1208E+00   0.00000E+00 0.0000
    1.1533E+00   0.00000E+00 0.0000
    1.1866E+00   0.00000E+00 0.0000
    1.2210E+00   0.00000E+00 0.0000
    1.2563E+00   0.00000E+00 0.0000
    1.2926E+00   0.00000E+00 0.0000
    1.3300E+00   0.00000E+00 0.0000
    1.3685E+00   0.00000E+00 0.0000
    1.4081E+00   0.00000E+00 0.0000
    1.4488E+00   0.00000E+00 0.0000
    1.4907E+00   0.00000E+00 0.0000
    1.5339E+00   0.00000E+00 0.0000
    1.5782E+00   0.00000E+00 0.0000
    1.6239E+00   0.00000E+00 0.0000
    1.6709E+00   0.00000E+00 0.0000
    1.7192E+00   0.00000E+00 0.0000
    1.7689E+00   0.00000E+00 0.0000
    1.8201E+00   0.00000E+00 0.0000
    1.8728E+00   0.00000E+00 0.0000
    1.9269E+00   0.00000E+00 0.0000
    1.9827E+00   0.00000E+00 0.0000
    2.0400E+00   0.00000E+00 0.0000
    2.0991E+00   0.00000E+00 0.0000
    2.1598E+00   0.00000E+00 0.0000
    2.2223E+00   0.00000E+00 0.0000
    2.2866E+00   0.00000E+00 0.0000
    2.3527E+00   0.00000E+00 0.0000
    2.4208E+00   0.00000E+00 0.0000
    2.4908E+00   0.00000E+00 0.0000
    2.5629E+00   0.00000E+00 0.0000
    2.6370E+00   0.00000E+00 0.0000
    2.7133E+00   0.00000E+00 0.0000
    2.7918E+00   0.00000E+00 0.0000
    2.8725E+00   0.00000E+00 0.0000
    2.9557E+00   0.00000E+00 0.0000
    3.0412E+00   0.00000E+00 0.0000
    3.1291E+00   0.00000E+00 0.0000
    3.2197E+00   0.00000E+00 0.0000
    3.3128E+00   0.00000E+00 0.0000
    3.4086E+00   0.00000E+00 0.0000
    3.5072E+00   0.00000E+00 0.0000
    3.6087E+00   0.00000E+00 0.0000
    3.7131E+00   0.00000E+00 0.0000
    3.8205E+00   0.00000E+00 0.0000
    3.9311E+00   0.00000E+00 0.0000
    4.0448E+00   0.00000E+00 0.0000
    4.1618E+00   0.00000E+00 0.0000
    4.2822E+00   0.00000E+00 0.0000
    4.4061E+00   0.00000E+00 0.0000
    4.5335E+00   0.00000E+00 0.0000
    4.6647E+00   0.00000E+00 0.0000
    4.7996E+00   0.00000E+00 0.0000
    4.9385E+00   0.00000E+00 0.0000
    5.0814E+00   0.00000E+00 0.0000
    5.2284E+00   0.00000E+00 0.0000
    5.3796E+00   0.00000E+00 0.0000
    5.5352E+00   0.00000E+00 0.0000
    5.6954E+00   0.00000E+00 0.0000
    5.8601E+00   0.00000E+00 0.0000
    6.0297E+00   0.00000E+00 0.0000
    6.2041E+00   0.00000E+00 0.0000
    6.3836E+00   0.00000E+00 0.0000
    6.5683E+00   0.00000E+00 0.0000
    6.7583E+00   0.00000E+00 0.0000
    6.9538E+00   0.00000E+00 0.0000
    7.1550E+00   1.13640E-10 1.0000
    7.3619E+00   0.00000E+00 0.0000
    7.5749E+00   0.00000E+00 0.0000
    7.7941E+00   3.39020E-10 0.5774
    8.0195E+00   2.37274E-10 0.7075
    8.2515E+00   3.40912E-09 0.1873
    8.4902E+00   0.00000E+00 0.0000
    8.7359E+00   5.67341E-09 0.1447
    8.9886E+00   2.38512E-10 0.7071
    9.2486E+00   3.17089E-06 0.0117
    9.5162E+00   3.85650E-06 0.0083
    9.7915E+00   8.02198E-06 0.0063
    1.0075E+01   2.67402E-03 0.0015
    1.0366E+01   1.67676E-04 0.0019
    1.0666E+01   1.25693E-03 0.0020
    1.0975E+01   6.25847E-05 0.0031
    1.1292E+01   7.55407E-04 0.0026
    1.1619E+01   5.22842E-05 0.0034
    1.1955E+01   5.60055E-05 0.0035
    1.2301E+01   5.11151E-04 0.0031
    1.2657E+01   4.25261E-05 0.0038
    1.3023E+01   3.69714E-04 0.0034
    1.3400E+01   3.97478E-05 0.0041
    1.3787E+01   3.76247E-05 0.0041
    1.4186E+01   2.44962E-04 0.0037
    1.4596E+01   4.14063E-05 0.0044
    1.5019E+01   1.87264E-04 0.0039
    1.5453E+01   2.66479E-05 0.0046
    1.5900E+01   1.67458E-04 0.0041
    1.6360E+01   2.41663E-05 0.0047
    1.6834E+01   2.42365E-05 0.0047
    1.7321E+01   1.26669E-04 0.0042
    1.7822E+01   1.62762E-05 0.0047
    1.8337E+01   1.06672E-04 0.0043
    1.8868E+01   1.64070E-05 0.0048
    1.9413E+01   1.69175E-05 0.0048
    1.9975E+01   9.02064E-05 0.0045
    2.0553E+01   1.37451E-05 0.0049
    2.1148E+01   6.64491E-05 0.0045
    2.1759E+01   9.82688E-06 0.0049
    2.2389E+01   1.00810E-05 0.0049
    2.3037E+01   5.68998E-05 0.0046
    2.3703E+01   9.45361E-06 0.0050
    2.4389E+01   5.25488E-05 0.0047
    2.5094E+01   8.65464E-06 0.0051
    2.5820E+01   8.52508E-06 0.0051
    2.6567E+01   4.34863E-05 0.0047
    2.7336E+01   6.48658E-06 0.0050
    2.8127E+01   3.51392E-05 0.0047
    2.8940E+01   5.33805E-06 0.0051
    2.9777E+01   2.80099E-05 0.0047
    3.0639E+01   4.68351E-06 0.0049
    3.1525E+01   4.17695E-06 0.0050
    3.2437E+01   2.33559E-05 0.0046
    3.3376E+01   3.57593E-06 0.0050
    3.4341E+01   2.01440E-05 0.0046
    3.5335E+01   3.67564E-06 0.0049
    3.6357E+01   3.08033E-06 0.0050
    3.7409E+01   1.81209E-05 0.0047
    3.8491E+01   2.82988E-06 0.0050
    3.9604E+01   1.58471E-05 0.0047
    4.0750E+01   2.93423E-06 0.0049
    4.1929E+01   2.40871E-06 0.0051
    4.3142E+01   1.42340E-05 0.0047
    4.4390E+01   2.13065E-06 0.0050
    4.5674E+01   1.22793E-05 0.0047
    4.6996E+01   2.20815E-06 0.0049
    4.8355E+01   1.78048E-06 0.0050
    4.9754E+01   1.08430E-05 0.0047
    5.1193E+01   1.55438E-06 0.0050
    5.2674E+01   9.26546E-06 0.0046
    5.4198E+01   1.62575E-06 0.0049
    5.5766E+01   1.34188E-06 0.0050
    5.7379E+01   8.04959E-06 0.0046
    5.9039E+01   1.10515E-06 0.0049
    6.0747E+01   6.89326E-06 0.0046
    6.2505E+01   1.13927E-06 0.0048
    6.4313E+01   5.69785E-06 0.0046
    6.6174E+01   1.22114E-06 0.0047
    6.8088E+01   7.93346E-07 0.0049
    7.0058E+01   5.11342E-06 0.0045
    7.2084E+01   7.82690E-07 0.0048
    7.4170E+01   4.24635E-06 0.0045
    7.6315E+01   8.48013E-07 0.0047
    7.8523E+01   5.89303E-07 0.0048
    8.0795E+01   3.77160E-06 0.0045
    8.3132E+01   5.31659E-07 0.0048
    8.5537E+01   3.18985E-06 0.0045
    8.8012E+01   5.65044E-07 0.0047
    9.0558E+01   2.65688E-06 0.0044
    9.3178E+01   5.87192E-07 0.0046
    9.5873E+01   3.84950E-07 0.0048
    9.8647E+01   2.40778E-06 0.0044
    1.0150E+02   3.49450E-07 0.0047
    1.0444E+02   2.04070E-06 0.0044
    1.0746E+02   3.53745E-07 0.0046
    1.1057E+02   1.70450E-06 0.0044
    1.1377E+02   3.58871E-07 0.0046
    1.1706E+02   2.47204E-07 0.0047
    1.2044E+02   1.52354E-06 0.0044
    1.2393E+02   2.16493E-07 0.0047
    1.2751E+02   1.29614E-06 0.0044
    1.3120E+02   2.18533E-07 0.0046
    1.3500E+02   1.07982E-06 0.0043
    1.3890E+02   2.24360E-07 0.0045
    1.4292E+02   1.54306E-07 0.0047
    1.4706E+02   9.61955E-07 0.0043
    1.5131E+02   1.37648E-07 0.0046
    1.5569E+02   8.13370E-07 0.0043
    1.6019E+02   1.43019E-07 0.0045
    1.6483E+02   6.76277E-07 0.0043
    1.6959E+02   1.45171E-07 0.0045
    1.7450E+02   9.57693E-08 0.0046
    1.7955E+02   6.05169E-07 0.0043
    1.8474E+02   9.24938E-08 0.0046
    1.9009E+02   5.04644E-07 0.0043
    1.9559E+02   9.78664E-08 0.0045
    2.0124E+02   7.18787E-08 0.0046
    2.0707E+02   4.43378E-07 0.0043
    2.1306E+02   6.25747E-08 0.0046
    2.1922E+02   3.75752E-07 0.0043
    2.2556E+02   6.54338E-08 0.0045
    2.3209E+02   5.65327E-08 0.0046
    2.3880E+02   3.22028E-07 0.0043
    2.4571E+02   4.47204E-08 0.0046
    2.5282E+02   2.78576E-07 0.0043
    2.6013E+02   4.40574E-08 0.0045
    2.6766E+02   2.33451E-07 0.0043
    2.7540E+02   4.62235E-08 0.0044
    2.8337E+02   3.52925E-08 0.0046
    2.9157E+02   2.05712E-07 0.0042
    3.0000E+02   3.00394E-08 0.0046
      total      7.71369E-03 0.0009
 
 cell  504                                                                                                                             
 user bin          -1.00000
    s(e) (MeV/cm)
    1.0000E+00   0.00000E+00 0.0000
    1.0289E+00   0.00000E+00 0.0000
    1.0587E+00   0.00000E+00 0.0000
    1.0893E+00   0.00000E+00 0.0000
    1.1208E+00   0.00000E+00 0.0000
    1.1533E+00   0.00000E+00 0.0000
    1.1866E+00   0.00000E+00 0.0000
    1.2210E+00   0.00000E+00 0.0000
    1.2563E+00   0.00000E+00 0.0000
    1.2926E+00   0.00000E+00 0.0000
    1.3300E+00   0.00000E+00 0.0000
    1.3685E+00   0.00000E+00 0.0000
    1.4081E+00   0.00000E+00 0.0000
    1.4488E+00   0.00000E+00 0.0000
    1.4907E+00   0.00000E+00 0.0000
    1.5339E+00   0.00000E+00 0.0000
    1.5782E+00   0.00000E+00 0.0000
    1.6239E+00   0.00000E+00 0.0000
    1.6709E+00   0.00000E+00 0.0000
    1.7192E+00   0.00000E+00 0.0000
    1.7689E+00   0.00000E+00 0.0000
    1.8201E+00   0.00000E+00 0.0000
    1.8728E+00   0.00000E+00 0.0000
    1.9269E+00   0.00000E+00 0.0000
    1.9827E+00   0.00000E+00 0.0000
    2.0400E+00   0.00000E+00 0.0000
    2.0991E+00   0.00000E+00 0.0000
    2.1598E+00   0.00000E+00 0.0000
    2.2223E+00   0.00000E+00 0.0000
    2.2866E+00   0.00000E+00 0.0000
    2.3527E+00   0.00000E+00 0.0000
    2.4208E+00   0.00000E+00 0.0000
    2.4908E+00   0.00000E+00 0.0000
    2.5629E+00   0.00000E+00 0.0000
    2.6370E+00   0.00000E+00 0.0000
    2.7133E+00   0.00000E+00 0.0000
    2.7918E+00   0.00000E+00 0.0000
    2.8725E+00   0.00000E+00 0.0000
    2.9557E+00   0.00000E+00 0.0000
    3.0412E+00   0.00000E+00 0.0000
    3.1291E+00   0.00000E+00 0.0000
    3.2197E+00   0.00000E+00 0.0000
    3.3128E+00   0.00000E+00 0.0000
    3.4086E+00   0.00000E+00 0.0000
    3.5072E+00   0.00000E+00 0.0000
    3.6087E+00   0.00000E+00 0.0000
    3.7131E+00   0.00000E+00 0.0000
    3.8205E+00   0.00000E+00 0.0000
    3.9311E+00   0.00000E+00 0.0000
    4.0448E+00   0.00000E+00 0.0000
    4.1618E+00   0.00000E+00 0.0000
    4.2822E+00   0.00000E+00 0.0000
    4.4061E+00   0.00000E+00 0.0000
    4.5335E+00   0.00000E+00 0.0000
    4.6647E+00   0.00000E+00 0.0000
    4.7996E+00   0.00000E+00 0.0000
    4.9385E+00   0.00000E+00 0.0000
    5.0814E+00   0.00000E+00 0.0000
    5.2284E+00   0.00000E+00 0.0000
    5.3796E+00   0.00000E+00 0.0000
    5.5352E+00   0.00000E+00 0.0000
    5.6954E+00   0.00000E+00 0.0000
    5.8601E+00   0.00000E+00 0.0000
    6.0297E+00   0.00000E+00 0.0000
    6.2041E+00   0.00000E+00 0.0000
    6.3836E+00   0.00000E+00 0.0000
    6.5683E+00   0.00000E+00 0.0000
    6.7583E+00   0.00000E+00 0.0000
    6.9538E+00   0.00000E+00 0.0000
    7.1550E+00   0.00000E+00 0.0000
    7.3619E+00   0.00000E+00 0.0000
    7.5749E+00   0.00000E+00 0.0000
    7.7941E+00   0.00000E+00 0.0000
    8.0195E+00   0.00000E+00 0.0000
    8.2515E+00   0.00000E+00 0.0000
    8.4902E+00   0.00000E+00 0.0000
    8.7359E+00   0.00000E+00 0.0000
    8.9886E+00   0.00000E+00 0.0000
    9.2486E+00   3.11524E-09 0.1890
    9.5162E+00   5.00499E-09 0.1491
    9.7915E+00   1.26356E-08 0.0937
    1.0075E+01   1.77678E-05 0.0025
    1.0366E+01   1.91190E-06 0.0076
    1.0666E+01   1.16072E-05 0.0031
    1.0975E+01   5.08442E-07 0.0148
    1.1292E+01   5.92253E-06 0.0043
    1.1619E+01   4.18017E-07 0.0163
    1.1955E+01   4.00097E-07 0.0167
    1.2301E+01   4.03926E-06 0.0052
    1.2657E+01   3.48899E-07 0.0179
    1.3023E+01   2.73470E-06 0.0064
    1.3400E+01   3.60645E-07 0.0176
    1.3787E+01   3.45630E-07 0.0180
    1.4186E+01   1.75627E-06 0.0079
    1.4596E+01   2.95063E-07 0.0194
    1.5019E+01   1.59231E-06 0.0083
    1.5453E+01   2.06513E-07 0.0225
    1.5900E+01   1.11148E-06 0.0098
    1.6360E+01   1.82510E-07 0.0217
    1.6834E+01   1.86339E-07 0.0215
    1.7321E+01   1.05223E-06 0.0097
    1.7822E+01   1.21002E-07 0.0239
    1.8337E+01   7.18070E-07 0.0114
    1.8868E+01   1.07707E-07 0.0235
    1.9413E+01   1.15554E-07 0.0227
    1.9975E+01   6.70126E-07 0.0114
    2.0553E+01   1.16247E-07 0.0219
    2.1148E+01   5.35842E-07 0.0126
    2.1759E+01   6.86469E-08 0.0259
    2.2389E+01   7.27754E-08 0.0253
    2.3037E+01   3.70410E-07 0.0140
    2.3703E+01   5.93786E-08 0.0256
    2.4389E+01   3.38372E-07 0.0141
    2.5094E+01   5.60466E-08 0.0250
    2.5820E+01   5.92215E-08 0.0243
    2.6567E+01   3.05623E-07 0.0139
    2.7336E+01   4.84146E-08 0.0244
    2.8127E+01   2.72207E-07 0.0140
    2.8940E+01   4.36617E-08 0.0242
    2.9777E+01   2.17564E-07 0.0147
    3.0639E+01   3.54762E-08 0.0245
    3.1525E+01   3.24086E-08 0.0256
    3.2437E+01   1.70698E-07 0.0154
    3.3376E+01   2.51440E-08 0.0270
    3.4341E+01   1.38165E-07 0.0161
    3.5335E+01   2.39099E-08 0.0258
    3.6357E+01   2.00747E-08 0.0281
    3.7409E+01   1.12936E-07 0.0165
    3.8491E+01   1.72533E-08 0.0281
    3.9604E+01   9.58313E-08 0.0167
    4.0750E+01   1.74667E-08 0.0258
    4.1929E+01   1.47008E-08 0.0282
    4.3142E+01   8.52433E-08 0.0166
    4.4390E+01   1.29883E-08 0.0277
    4.5674E+01   7.41557E-08 0.0165
    4.6996E+01   1.33558E-08 0.0252
    4.8355E+01   1.11436E-08 0.0276
    4.9754E+01   6.62479E-08 0.0162
    5.1193E+01   9.45869E-09 0.0277
    5.2674E+01   5.72683E-08 0.0162
    5.4198E+01   9.97263E-09 0.0250
    5.5766E+01   8.12437E-09 0.0277
    5.7379E+01   4.97105E-08 0.0162
    5.9039E+01   6.96256E-09 0.0276
    6.0747E+01   4.28035E-08 0.0162
    6.2505E+01   7.04761E-09 0.0254
    6.4313E+01   3.57614E-08 0.0162
    6.6174E+01   7.64330E-09 0.0226
    6.8088E+01   5.08405E-09 0.0277
    7.0058E+01   3.24684E-08 0.0161
    7.2084E+01   4.93809E-09 0.0260
    7.4170E+01   2.70745E-08 0.0160
    7.6315E+01   5.51131E-09 0.0228
    7.8523E+01   3.75379E-09 0.0276
    8.0795E+01   2.41178E-08 0.0160
    8.3132E+01   3.31518E-09 0.0272
    8.5537E+01   2.06283E-08 0.0160
    8.8012E+01   3.55347E-09 0.0243
    9.0558E+01   1.71018E-08 0.0160
    9.3178E+01   3.71815E-09 0.0220
    9.5873E+01   2.51177E-09 0.0268
    9.8647E+01   1.55432E-08 0.0160
    1.0150E+02   2.24342E-09 0.0262
    1.0444E+02   1.32820E-08 0.0160
    1.0746E+02   2.23529E-09 0.0244
    1.1057E+02   1.09744E-08 0.0160
    1.1377E+02   2.32835E-09 0.0221
    1.1706E+02   1.60192E-09 0.0267
    1.2044E+02   9.81935E-09 0.0160
    1.2393E+02   1.39088E-09 0.0265
    1.2751E+02   8.36497E-09 0.0160
    1.3120E+02   1.36061E-09 0.0248
    1.3500E+02   6.95934E-09 0.0160
    1.3890E+02   1.45751E-09 0.0222
    1.4292E+02   9.63232E-10 0.0273
    1.4706E+02   6.15793E-09 0.0160
    1.5131E+02   9.20307E-10 0.0259
    1.5569E+02   5.19717E-09 0.0160
    1.6019E+02   9.13926E-10 0.0241
    1.6483E+02   4.36410E-09 0.0160
    1.6959E+02   9.03483E-10 0.0224
    1.7450E+02   6.27024E-10 0.0269
    1.7955E+02   3.88001E-09 0.0160
    1.8474E+02   5.99753E-10 0.0254
    1.9009E+02   3.24112E-09 0.0159
    1.9559E+02   6.41157E-10 0.0228
    2.0124E+02   4.68561E-10 0.0266
    2.0707E+02   2.84059E-09 0.0159
    2.1306E+02   3.97916E-10 0.0267
    2.1922E+02   2.42770E-09 0.0159
    2.2556E+02   4.22079E-10 0.0240
    2.3209E+02   3.54965E-10 0.0262
    2.3880E+02   2.07008E-09 0.0159
    2.4571E+02   2.93325E-10 0.0267
    2.5282E+02   1.79236E-09 0.0159
    2.6013E+02   2.69433E-10 0.0257
    2.6766E+02   1.50015E-09 0.0159
    2.7540E+02   2.95799E-10 0.0227
    2.8337E+02   2.20549E-10 0.0263
    2.9157E+02   1.32790E-09 0.0159
    3.0000E+02   1.84841E-10 0.0266
      total      5.85420E-05 0.0013
 
 cell  504                                                                                                                             
 user bin 10000000000.00000
    s(e) (MeV/cm)
    1.0000E+00   0.00000E+00 0.0000
    1.0289E+00   0.00000E+00 0.0000
    1.0587E+00   0.00000E+00 0.0000
    1.0893E+00   0.00000E+00 0.0000
    1.1208E+00   0.00000E+00 0.0000
    1.1533E+00   0.00000E+00 0.0000
    1.1866E+00   0.00000E+00 0.0000
    1.2210E+00   0.00000E+00 0.0000
    1.2563E+00   0.00000E+00 0.0000
    1.2926E+00   0.00000E+00 0.0000
    1.3300E+00   0.00000E+00 0.0000
    1.3685E+00   0.00000E+00 0.0000
    1.4081E+00   0.00000E+00 0.0000
    1.4488E+00   0.00000E+00 0.0000
    1.4907E+00   0.00000E+00 0.0000
    1.5339E+00   0.00000E+00 0.0000
    1.5782E+00   0.00000E+00 0.0000
    1.6239E+00   0.00000E+00 0.0000
    1.6709E+00   0.00000E+00 0.0000
    1.7192E+00   0.00000E+00 0.0000
    1.7689E+00   0.00000E+00 0.0000
    1.8201E+00   0.00000E+00 0.0000
    1.8728E+00   0.00000E+00 0.0000
    1.9269E+00   0.00000E+00 0.0000
    1.9827E+00   0.00000E+00 0.0000
    2.0400E+00   0.00000E+00 0.0000
    2.0991E+00   0.00000E+00 0.0000
    2.1598E+00   0.00000E+00 0.0000
    2.2223E+00   0.00000E+00 0.0000
    2.2866E+00   0.00000E+00 0.0000
    2.3527E+00   0.00000E+00 0.0000
    2.4208E+00   0.00000E+00 0.0000
    2.4908E+00   0.00000E+00 0.0000
    2.5629E+00   0.00000E+00 0.0000
    2.6370E+00   0.00000E+00 0.0000
    2.7133E+00   0.00000E+00 0.0000
    2.7918E+00   0.00000E+00 0.0000
    2.8725E+00   0.00000E+00 0.0000
    2.9557E+00   0.00000E+00 0.0000
    3.0412E+00   0.00000E+00 0.0000
    3.1291E+00   0.00000E+00 0.0000
    3.2197E+00   0.00000E+00 0.0000
    3.3128E+00   0.00000E+00 0.0000
    3.4086E+00   0.00000E+00 0.0000
    3.5072E+00   0.00000E+00 0.0000
    3.6087E+00   0.00000E+00 0.0000
    3.7131E+00   0.00000E+00 0.0000
    3.8205E+00   0.00000E+00 0.0000
    3.9311E+00   0.00000E+00 0.0000
    4.0448E+00   0.00000E+00 0.0000
    4.1618E+00   0.00000E+00 0.0000
    4.2822E+00   0.00000E+00 0.0000
    4.4061E+00   0.00000E+00 0.0000
    4.5335E+00   0.00000E+00 0.0000
    4.6647E+00   0.00000E+00 0.0000
    4.7996E+00   0.00000E+00 0.0000
    4.9385E+00   0.00000E+00 0.0000
    5.0814E+00   0.00000E+00 0.0000
    5.2284E+00   0.00000E+00 0.0000
    5.3796E+00   0.00000E+00 0.0000
    5.5352E+00   0.00000E+00 0.0000
    5.6954E+00   0.00000E+00 0.0000
    5.8601E+00   0.00000E+00 0.0000
    6.0297E+00   0.00000E+00 0.0000
    6.2041E+00   0.00000E+00 0.0000
    6.3836E+00   0.00000E+00 0.0000
    6.5683E+00   0.00000E+00 0.0000
    6.7583E+00   0.00000E+00 0.0000
    6.9538E+00   0.00000E+00 0.0000
    7.1550E+00   1.13599E-10 1.0000
    7.3619E+00   0.00000E+00 0.0000
    7.5749E+00   0.00000E+00 0.0000
    7.7941E+00   3.38905E-10 0.5774
    8.0195E+00   0.00000E+00 0.0000
    8.2515E+00   3.12236E-09 0.1944
    8.4902E+00   2.58720E-10 0.7123
    8.7359E+00   5.60655E-09 0.1446
    8.9886E+00   5.15072E-10 0.4673
    9.2486E+00   4.08345E-07 0.0254
    9.5162E+00   6.02269E-07 0.0177
    9.7915E+00   1.45692E-06 0.0125
    1.0075E+01   2.14804E-03 0.0016
    1.0366E+01   2.40566E-04 0.0017
    1.0666E+01   1.52770E-03 0.0017
    1.0975E+01   6.70206E-05 0.0030
    1.1292E+01   7.65974E-04 0.0026
    1.1619E+01   5.56077E-05 0.0034
    1.1955E+01   5.38601E-05 0.0034
    1.2301E+01   5.27632E-04 0.0030
    1.2657E+01   4.63142E-05 0.0037
    1.3023E+01   3.57657E-04 0.0033
    1.3400E+01   4.76437E-05 0.0040
    1.3787E+01   4.54847E-05 0.0041
    1.4186E+01   2.38301E-04 0.0035
    1.4596E+01   3.99777E-05 0.0043
    1.5019E+01   2.09967E-04 0.0039
    1.5453E+01   2.73992E-05 0.0046
    1.5900E+01   1.51589E-04 0.0040
    1.6360E+01   2.37526E-05 0.0047
    1.6834E+01   2.50894E-05 0.0046
    1.7321E+01   1.41567E-04 0.0042
    1.7822E+01   1.73035E-05 0.0047
    1.8337E+01   1.01508E-04 0.0042
    1.8868E+01   1.51487E-05 0.0047
    1.9413E+01   1.58518E-05 0.0047
    1.9975E+01   9.23837E-05 0.0044
    2.0553E+01   1.54803E-05 0.0049
    2.1148E+01   7.46125E-05 0.0045
    2.1759E+01   1.03842E-05 0.0049
    2.2389E+01   1.03839E-05 0.0049
    2.3037E+01   5.50622E-05 0.0044
    2.3703E+01   8.71098E-06 0.0048
    2.4389E+01   4.85533E-05 0.0046
    2.5094E+01   8.17862E-06 0.0050
    2.5820E+01   8.25193E-06 0.0050
    2.6567E+01   4.39857E-05 0.0046
    2.7336E+01   6.91041E-06 0.0050
    2.8127E+01   3.85134E-05 0.0047
    2.8940E+01   5.98490E-06 0.0050
    2.9777E+01   3.13960E-05 0.0047
    3.0639E+01   5.17407E-06 0.0049
    3.1525E+01   4.59857E-06 0.0050
    3.2437E+01   2.51559E-05 0.0046
    3.3376E+01   3.72026E-06 0.0049
    3.4341E+01   2.03917E-05 0.0046
    3.5335E+01   3.60185E-06 0.0049
    3.6357E+01   2.98783E-06 0.0049
    3.7409E+01   1.72385E-05 0.0045
    3.8491E+01   2.62903E-06 0.0049
    3.9604E+01   1.46046E-05 0.0045
    4.0750E+01   2.68005E-06 0.0048
    4.1929E+01   2.18800E-06 0.0049
    4.3142E+01   1.29608E-05 0.0045
    4.4390E+01   1.94096E-06 0.0049
    4.5674E+01   1.12098E-05 0.0045
    4.6996E+01   2.02651E-06 0.0048
    4.8355E+01   1.64175E-06 0.0049
    4.9754E+01   1.00094E-05 0.0045
    5.1193E+01   1.44431E-06 0.0049
    5.2674E+01   8.63917E-06 0.0045
    5.4198E+01   1.52595E-06 0.0048
    5.5766E+01   1.26965E-06 0.0049
    5.7379E+01   7.63039E-06 0.0045
    5.9039E+01   1.06049E-06 0.0049
    6.0747E+01   6.62763E-06 0.0045
    6.2505E+01   1.10590E-06 0.0048
    6.4313E+01   5.54864E-06 0.0045
    6.6174E+01   1.18888E-06 0.0047
    6.8088E+01   7.84520E-07 0.0049
    7.0058E+01   5.03189E-06 0.0045
    7.2084E+01   7.74385E-07 0.0048
    7.4170E+01   4.21916E-06 0.0045
    7.6315E+01   8.42077E-07 0.0046
    7.8523E+01   5.92257E-07 0.0048
    8.0795E+01   3.77865E-06 0.0044
    8.3132E+01   5.31110E-07 0.0048
    8.5537E+01   3.21671E-06 0.0044
    8.8012E+01   5.68964E-07 0.0047
    9.0558E+01   2.69050E-06 0.0044
    9.3178E+01   5.96937E-07 0.0046
    9.5873E+01   3.91742E-07 0.0047
    9.8647E+01   2.45267E-06 0.0044
    1.0150E+02   3.57007E-07 0.0047
    1.0444E+02   2.08905E-06 0.0044
    1.0746E+02   3.62692E-07 0.0046
    1.1057E+02   1.74964E-06 0.0044
    1.1377E+02   3.69580E-07 0.0045
    1.1706E+02   2.54384E-07 0.0047
    1.2044E+02   1.56883E-06 0.0043
    1.2393E+02   2.24051E-07 0.0047
    1.2751E+02   1.33863E-06 0.0043
    1.3120E+02   2.26055E-07 0.0046
    1.3500E+02   1.11774E-06 0.0043
    1.3890E+02   2.32034E-07 0.0045
    1.4292E+02   1.60233E-07 0.0046
    1.4706E+02   9.97952E-07 0.0043
    1.5131E+02   1.43400E-07 0.0046
    1.5569E+02   8.45011E-07 0.0043
    1.6019E+02   1.48614E-07 0.0045
    1.6483E+02   7.03512E-07 0.0043
    1.6959E+02   1.51104E-07 0.0045
    1.7450E+02   9.97713E-08 0.0046
    1.7955E+02   6.30144E-07 0.0043
    1.8474E+02   9.64029E-08 0.0046
    1.9009E+02   5.26269E-07 0.0043
    1.9559E+02   1.01945E-07 0.0045
    2.0124E+02   7.53256E-08 0.0046
    2.0707E+02   4.62323E-07 0.0043
    2.1306E+02   6.56680E-08 0.0046
    2.1922E+02   3.92063E-07 0.0043
    2.2556E+02   6.83871E-08 0.0045
    2.3209E+02   5.92443E-08 0.0045
    2.3880E+02   3.36298E-07 0.0043
    2.4571E+02   4.67824E-08 0.0046
    2.5282E+02   2.91073E-07 0.0043
    2.6013E+02   4.60665E-08 0.0045
    2.6766E+02   2.44110E-07 0.0043
    2.7540E+02   4.82917E-08 0.0044
    2.8337E+02   3.68518E-08 0.0045
    2.9157E+02   2.15132E-07 0.0043
    3.0000E+02   3.14511E-08 0.0045
      total      7.57640E-03 0.0009
 
 cell  504                                                                                                                             
 user bin total
    s(e) (MeV/cm)
    1.0000E+00   0.00000E+00 0.0000
    1.0289E+00   0.00000E+00 0.0000
    1.0587E+00   0.00000E+00 0.0000
    1.0893E+00   0.00000E+00 0.0000
    1.1208E+00   0.00000E+00 0.0000
    1.1533E+00   0.00000E+00 0.0000
    1.1866E+00   0.00000E+00 0.0000
    1.2210E+00   0.00000E+00 0.0000
    1.2563E+00   0.00000E+00 0.0000
    1.2926E+00   0.00000E+00 0.0000
    1.3300E+00   0.00000E+00 0.0000
    1.3685E+00   0.00000E+00 0.0000
    1.4081E+00   0.00000E+00 0.0000
    1.4488E+00   0.00000E+00 0.0000
    1.4907E+00   0.00000E+00 0.0000
    1.5339E+00   0.00000E+00 0.0000
    1.5782E+00   0.00000E+00 0.0000
    1.6239E+00   0.00000E+00 0.0000
    1.6709E+00   0.00000E+00 0.0000
    1.7192E+00   0.00000E+00 0.0000
    1.7689E+00   0.00000E+00 0.0000
    1.8201E+00   0.00000E+00 0.0000
    1.8728E+00   0.00000E+00 0.0000
    1.9269E+00   0.00000E+00 0.0000
    1.9827E+00   0.00000E+00 0.0000
    2.0400E+00   0.00000E+00 0.0000
    2.0991E+00   0.00000E+00 0.0000
    2.1598E+00   0.00000E+00 0.0000
    2.2223E+00   0.00000E+00 0.0000
    2.2866E+00   0.00000E+00 0.0000
    2.3527E+00   0.00000E+00 0.0000
    2.4208E+00   0.00000E+00 0.0000
    2.4908E+00   0.00000E+00 0.0000
    2.5629E+00   0.00000E+00 0.0000
    2.6370E+00   0.00000E+00 0.0000
    2.7133E+00   0.00000E+00 0.0000
    2.7918E+00   0.00000E+00 0.0000
    2.8725E+00   0.00000E+00 0.0000
    2.9557E+00   0.00000E+00 0.0000
    3.0412E+00   0.00000E+00 0.0000
    3.1291E+00   0.00000E+00 0.0000
    3.2197E+00   0.00000E+00 0.0000
    3.3128E+00   0.00000E+00 0.0000
    3.4086E+00   0.00000E+00 0.0000
    3.5072E+00   0.00000E+00 0.0000
    3.6087E+00   0.00000E+00 0.0000
    3.7131E+00   0.00000E+00 0.0000
    3.8205E+00   0.00000E+00 0.0000
    3.9311E+00   0.00000E+00 0.0000
    4.0448E+00   0.00000E+00 0.0000
    4.1618E+00   0.00000E+00 0.0000
    4.2822E+00   0.00000E+00 0.0000
    4.4061E+00   0.00000E+00 0.0000
    4.5335E+00   0.00000E+00 0.0000
    4.6647E+00   0.00000E+00 0.0000
    4.7996E+00   0.00000E+00 0.0000
    4.9385E+00   0.00000E+00 0.0000
    5.0814E+00   0.00000E+00 0.0000
    5.2284E+00   0.00000E+00 0.0000
    5.3796E+00   0.00000E+00 0.0000
    5.5352E+00   0.00000E+00 0.0000
    5.6954E+00   0.00000E+00 0.0000
    5.8601E+00   0.00000E+00 0.0000
    6.0297E+00   0.00000E+00 0.0000
    6.2041E+00   0.00000E+00 0.0000
    6.3836E+00   0.00000E+00 0.0000
    6.5683E+00   0.00000E+00 0.0000
    6.7583E+00   0.00000E+00 0.0000
    6.9538E+00   0.00000E+00 0.0000
    7.1550E+00   1.13599E-10 1.0000
    7.3619E+00   0.00000E+00 0.0000
    7.5749E+00   0.00000E+00 0.0000
    7.7941E+00   3.38905E-10 0.5774
    8.0195E+00   0.00000E+00 0.0000
    8.2515E+00   3.12236E-09 0.1944
    8.4902E+00   2.58720E-10 0.7123
    8.7359E+00   5.60655E-09 0.1446
    8.9886E+00   5.15072E-10 0.4673
    9.2486E+00   4.11460E-07 0.0254
    9.5162E+00   6.07274E-07 0.0176
    9.7915E+00   1.46956E-06 0.0125
    1.0075E+01   2.16581E-03 0.0016
    1.0366E+01   2.42478E-04 0.0017
    1.0666E+01   1.53930E-03 0.0017
    1.0975E+01   6.75291E-05 0.0030
    1.1292E+01   7.71896E-04 0.0026
    1.1619E+01   5.60257E-05 0.0034
    1.1955E+01   5.42602E-05 0.0034
    1.2301E+01   5.31671E-04 0.0030
    1.2657E+01   4.66631E-05 0.0037
    1.3023E+01   3.60392E-04 0.0033
    1.3400E+01   4.80043E-05 0.0040
    1.3787E+01   4.58304E-05 0.0041
    1.4186E+01   2.40057E-04 0.0035
    1.4596E+01   4.02728E-05 0.0043
    1.5019E+01   2.11559E-04 0.0039
    1.5453E+01   2.76057E-05 0.0046
    1.5900E+01   1.52701E-04 0.0040
    1.6360E+01   2.39351E-05 0.0047
    1.6834E+01   2.52758E-05 0.0046
    1.7321E+01   1.42619E-04 0.0042
    1.7822E+01   1.74245E-05 0.0047
    1.8337E+01   1.02226E-04 0.0042
    1.8868E+01   1.52564E-05 0.0047
    1.9413E+01   1.59674E-05 0.0047
    1.9975E+01   9.30538E-05 0.0044
    2.0553E+01   1.55965E-05 0.0049
    2.1148E+01   7.51483E-05 0.0045
    2.1759E+01   1.04529E-05 0.0049
    2.2389E+01   1.04567E-05 0.0049
    2.3037E+01   5.54326E-05 0.0044
    2.3703E+01   8.77036E-06 0.0048
    2.4389E+01   4.88917E-05 0.0046
    2.5094E+01   8.23467E-06 0.0050
    2.5820E+01   8.31116E-06 0.0050
    2.6567E+01   4.42914E-05 0.0047
    2.7336E+01   6.95882E-06 0.0050
    2.8127E+01   3.87856E-05 0.0047
    2.8940E+01   6.02856E-06 0.0050
    2.9777E+01   3.16135E-05 0.0047
    3.0639E+01   5.20955E-06 0.0049
    3.1525E+01   4.63098E-06 0.0050
    3.2437E+01   2.53266E-05 0.0046
    3.3376E+01   3.74541E-06 0.0049
    3.4341E+01   2.05299E-05 0.0046
    3.5335E+01   3.62576E-06 0.0049
    3.6357E+01   3.00790E-06 0.0049
    3.7409E+01   1.73514E-05 0.0045
    3.8491E+01   2.64628E-06 0.0049
    3.9604E+01   1.47004E-05 0.0045
    4.0750E+01   2.69751E-06 0.0048
    4.1929E+01   2.20270E-06 0.0049
    4.3142E+01   1.30460E-05 0.0045
    4.4390E+01   1.95395E-06 0.0049
    4.5674E+01   1.12839E-05 0.0046
    4.6996E+01   2.03986E-06 0.0048
    4.8355E+01   1.65290E-06 0.0049
    4.9754E+01   1.00757E-05 0.0045
    5.1193E+01   1.45376E-06 0.0049
    5.2674E+01   8.69643E-06 0.0045
    5.4198E+01   1.53592E-06 0.0048
    5.5766E+01   1.27778E-06 0.0049
    5.7379E+01   7.68010E-06 0.0045
    5.9039E+01   1.06745E-06 0.0049
    6.0747E+01   6.67044E-06 0.0045
    6.2505E+01   1.11295E-06 0.0048
    6.4313E+01   5.58440E-06 0.0045
    6.6174E+01   1.19652E-06 0.0047
    6.8088E+01   7.89604E-07 0.0049
    7.0058E+01   5.06435E-06 0.0045
    7.2084E+01   7.79323E-07 0.0048
    7.4170E+01   4.24623E-06 0.0045
    7.6315E+01   8.47588E-07 0.0047
    7.8523E+01   5.96011E-07 0.0048
    8.0795E+01   3.80277E-06 0.0045
    8.3132E+01   5.34425E-07 0.0048
    8.5537E+01   3.23734E-06 0.0044
    8.8012E+01   5.72518E-07 0.0047
    9.0558E+01   2.70760E-06 0.0044
    9.3178E+01   6.00656E-07 0.0046
    9.5873E+01   3.94254E-07 0.0047
    9.8647E+01   2.46822E-06 0.0044
    1.0150E+02   3.59250E-07 0.0047
    1.0444E+02   2.10233E-06 0.0044
    1.0746E+02   3.64927E-07 0.0046
    1.1057E+02   1.76061E-06 0.0044
    1.1377E+02   3.71909E-07 0.0045
    1.1706E+02   2.55986E-07 0.0047
    1.2044E+02   1.57865E-06 0.0044
    1.2393E+02   2.25442E-07 0.0047
    1.2751E+02   1.34700E-06 0.0043
    1.3120E+02   2.27416E-07 0.0046
    1.3500E+02   1.12470E-06 0.0043
    1.3890E+02   2.33491E-07 0.0045
    1.4292E+02   1.61197E-07 0.0046
    1.4706E+02   1.00411E-06 0.0043
    1.5131E+02   1.44320E-07 0.0046
    1.5569E+02   8.50209E-07 0.0043
    1.6019E+02   1.49528E-07 0.0045
    1.6483E+02   7.07876E-07 0.0043
    1.6959E+02   1.52007E-07 0.0045
    1.7450E+02   1.00398E-07 0.0046
    1.7955E+02   6.34024E-07 0.0043
    1.8474E+02   9.70027E-08 0.0046
    1.9009E+02   5.29510E-07 0.0043
    1.9559E+02   1.02586E-07 0.0045
    2.0124E+02   7.57942E-08 0.0046
    2.0707E+02   4.65163E-07 0.0043
    2.1306E+02   6.60659E-08 0.0046
    2.1922E+02   3.94491E-07 0.0043
    2.2556E+02   6.88092E-08 0.0045
    2.3209E+02   5.95992E-08 0.0046
    2.3880E+02   3.38368E-07 0.0043
    2.4571E+02   4.70757E-08 0.0046
    2.5282E+02   2.92865E-07 0.0043
    2.6013E+02   4.63359E-08 0.0045
    2.6766E+02   2.45610E-07 0.0043
    2.7540E+02   4.85875E-08 0.0044
    2.8337E+02   3.70724E-08 0.0046
    2.9157E+02   2.16460E-07 0.0043
    3.0000E+02   3.16360E-08 0.0046
      total      7.63495E-03 0.0009
 
 cell union total                                                                                                                      
 user bin          -1.00000
    s(e) (MeV/cm)
    1.0000E+00   0.00000E+00 0.0000
    1.0289E+00   0.00000E+00 0.0000
    1.0587E+00   0.00000E+00 0.0000
    1.0893E+00   0.00000E+00 0.0000
    1.1208E+00   0.00000E+00 0.0000
    1.1533E+00   0.00000E+00 0.0000
    1.1866E+00   0.00000E+00 0.0000
    1.2210E+00   0.00000E+00 0.0000
    1.2563E+00   0.00000E+00 0.0000
    1.2926E+00   0.00000E+00 0.0000
    1.3300E+00   0.00000E+00 0.0000
    1.3685E+00   0.00000E+00 0.0000
    1.4081E+00   0.00000E+00 0.0000
    1.4488E+00   0.00000E+00 0.0000
    1.4907E+00   0.00000E+00 0.0000
    1.5339E+00   0.00000E+00 0.0000
    1.5782E+00   0.00000E+00 0.0000
    1.6239E+00   0.00000E+00 0.0000
    1.6709E+00   0.00000E+00 0.0000
    1.7192E+00   0.00000E+00 0.0000
    1.7689E+00   0.00000E+00 0.0000
    1.8201E+00   0.00000E+00 0.0000
    1.8728E+00   0.00000E+00 0.0000
    1.9269E+00   0.00000E+00 0.0000
    1.9827E+00   0.00000E+00 0.0000
    2.0400E+00   0.00000E+00 0.0000
    2.0991E+00   0.00000E+00 0.0000
    2.1598E+00   0.00000E+00 0.0000
    2.2223E+00   0.00000E+00 0.0000
    2.2866E+00   0.00000E+00 0.0000
    2.3527E+00   0.00000E+00 0.0000
    2.4208E+00   0.00000E+00 0.0000
    2.4908E+00   0.00000E+00 0.0000
    2.5629E+00   0.00000E+00 0.0000
    2.6370E+00   0.00000E+00 0.0000
    2.7133E+00   0.00000E+00 0.0000
    2.7918E+00   0.00000E+00 0.0000
    2.8725E+00   0.00000E+00 0.0000
    2.9557E+00   0.00000E+00 0.0000
    3.0412E+00   0.00000E+00 0.0000
    3.1291E+00   0.00000E+00 0.0000
    3.2197E+00   0.00000E+00 0.0000
    3.3128E+00   0.00000E+00 0.0000
    3.4086E+00   0.00000E+00 0.0000
    3.5072E+00   0.00000E+00 0.0000
    3.6087E+00   0.00000E+00 0.0000
    3.7131E+00   0.00000E+00 0.0000
    3.8205E+00   0.00000E+00 0.0000
    3.9311E+00   0.00000E+00 0.0000
    4.0448E+00   0.00000E+00 0.0000
    4.1618E+00   0.00000E+00 0.0000
    4.2822E+00   0.00000E+00 0.0000
    4.4061E+00   0.00000E+00 0.0000
    4.5335E+00   0.00000E+00 0.0000
    4.6647E+00   0.00000E+00 0.0000
    4.7996E+00   0.00000E+00 0.0000
    4.9385E+00   0.00000E+00 0.0000
    5.0814E+00   0.00000E+00 0.0000
    5.2284E+00   0.00000E+00 0.0000
    5.3796E+00   0.00000E+00 0.0000
    5.5352E+00   0.00000E+00 0.0000
    5.6954E+00   0.00000E+00 0.0000
    5.8601E+00   0.00000E+00 0.0000
    6.0297E+00   0.00000E+00 0.0000
    6.2041E+00   0.00000E+00 0.0000
    6.3836E+00   0.00000E+00 0.0000
    6.5683E+00   0.00000E+00 0.0000
    6.7583E+00   0.00000E+00 0.0000
    6.9538E+00   0.00000E+00 0.0000
    7.1550E+00   0.00000E+00 0.0000
    7.3619E+00   0.00000E+00 0.0000
    7.5749E+00   0.00000E+00 0.0000
    7.7941E+00   0.00000E+00 0.0000
    8.0195E+00   0.00000E+00 0.0000
    8.2515E+00   0.00000E+00 0.0000
    8.4902E+00   0.00000E+00 0.0000
    8.7359E+00   0.00000E+00 0.0000
    8.9886E+00   0.00000E+00 0.0000
    9.2486E+00   6.11775E-07 0.0079
    9.5162E+00   3.60763E-07 0.0078
    9.7915E+00   5.25916E-07 0.0065
    1.0075E+01   2.25325E-05 0.0020
    1.0366E+01   1.13156E-06 0.0044
    1.0666E+01   8.98184E-06 0.0029
    1.0975E+01   5.42620E-07 0.0064
    1.1292E+01   5.53882E-06 0.0036
    1.1619E+01   4.31018E-07 0.0072
    1.1955E+01   4.35350E-07 0.0071
    1.2301E+01   3.65157E-06 0.0042
    1.2657E+01   3.55477E-07 0.0079
    1.3023E+01   2.57892E-06 0.0048
    1.3400E+01   2.97452E-07 0.0086
    1.3787E+01   3.01312E-07 0.0086
    1.4186E+01   1.82129E-06 0.0054
    1.4596E+01   2.65604E-07 0.0091
    1.5019E+01   1.42147E-06 0.0056
    1.5453E+01   2.19111E-07 0.0097
    1.5900E+01   1.16754E-06 0.0059
    1.6360E+01   1.59315E-07 0.0104
    1.6834E+01   1.62758E-07 0.0103
    1.7321E+01   9.37761E-07 0.0060
    1.7822E+01   1.22338E-07 0.0106
    1.8337E+01   7.45487E-07 0.0064
    1.8868E+01   1.04079E-07 0.0107
    1.9413E+01   1.08319E-07 0.0105
    1.9975E+01   5.93580E-07 0.0066
    2.0553E+01   9.97031E-08 0.0106
    2.1148E+01   4.90375E-07 0.0067
    2.1759E+01   7.22691E-08 0.0113
    2.2389E+01   7.46477E-08 0.0111
    2.3037E+01   3.96218E-07 0.0069
    2.3703E+01   6.21188E-08 0.0111
    2.4389E+01   3.36271E-07 0.0070
    2.5094E+01   5.41978E-08 0.0113
    2.5820E+01   5.45715E-08 0.0113
    2.6567E+01   2.79150E-07 0.0071
    2.7336E+01   4.33124E-08 0.0115
    2.8127E+01   2.40876E-07 0.0071
    2.8940E+01   3.82148E-08 0.0116
    2.9777E+01   2.02942E-07 0.0072
    3.0639E+01   3.43574E-08 0.0111
    3.1525E+01   3.04888E-08 0.0118
    3.2437E+01   1.71376E-07 0.0073
    3.3376E+01   2.60633E-08 0.0118
    3.4341E+01   1.43548E-07 0.0074
    3.5335E+01   2.57185E-08 0.0111
    3.6357E+01   2.15975E-08 0.0121
    3.7409E+01   1.22342E-07 0.0074
    3.8491E+01   1.89875E-08 0.0120
    3.9604E+01   1.03336E-07 0.0074
    4.0750E+01   1.87449E-08 0.0111
    4.1929E+01   1.52715E-08 0.0123
    4.3142E+01   8.96040E-08 0.0074
    4.4390E+01   1.32493E-08 0.0123
    4.5674E+01   7.59086E-08 0.0074
    4.6996E+01   1.35371E-08 0.0112
    4.8355E+01   1.09024E-08 0.0125
    4.9754E+01   6.57198E-08 0.0074
    5.1193E+01   9.31570E-09 0.0125
    5.2674E+01   5.58930E-08 0.0075
    5.4198E+01   9.69815E-09 0.0113
    5.5766E+01   8.17364E-09 0.0123
    5.7379E+01   4.82035E-08 0.0074
    5.9039E+01   6.69073E-09 0.0126
    6.0747E+01   4.11931E-08 0.0075
    6.2505E+01   6.81167E-09 0.0116
    6.4313E+01   3.40855E-08 0.0074
    6.6174E+01   7.27831E-09 0.0103
    6.8088E+01   4.76046E-09 0.0128
    7.0058E+01   3.05492E-08 0.0074
    7.2084E+01   4.71451E-09 0.0119
    7.4170E+01   2.54016E-08 0.0074
    7.6315E+01   5.06167E-09 0.0106
    7.8523E+01   3.49341E-09 0.0128
    8.0795E+01   2.25554E-08 0.0074
    8.3132E+01   3.10075E-09 0.0126
    8.5537E+01   1.90666E-08 0.0075
    8.8012E+01   3.34686E-09 0.0112
    9.0558E+01   1.58393E-08 0.0075
    9.3178E+01   3.45121E-09 0.0102
    9.5873E+01   2.29826E-09 0.0125
    9.8647E+01   1.43277E-08 0.0074
    1.0150E+02   2.06023E-09 0.0122
    1.0444E+02   1.21505E-08 0.0075
    1.0746E+02   2.09129E-09 0.0113
    1.1057E+02   1.00977E-08 0.0075
    1.1377E+02   2.12197E-09 0.0104
    1.1706E+02   1.47891E-09 0.0124
    1.2044E+02   9.02125E-09 0.0075
    1.2393E+02   1.27105E-09 0.0124
    1.2751E+02   7.68539E-09 0.0075
    1.3120E+02   1.25726E-09 0.0115
    1.3500E+02   6.38039E-09 0.0075
    1.3890E+02   1.32637E-09 0.0104
    1.4292E+02   8.98385E-10 0.0126
    1.4706E+02   5.67421E-09 0.0075
    1.5131E+02   8.14943E-10 0.0123
    1.5569E+02   4.79213E-09 0.0075
    1.6019E+02   8.43231E-10 0.0112
    1.6483E+02   3.97077E-09 0.0075
    1.6959E+02   8.56634E-10 0.0103
    1.7450E+02   5.59496E-10 0.0127
    1.7955E+02   3.55605E-09 0.0075
    1.8474E+02   5.44354E-10 0.0119
    1.9009E+02   2.95949E-09 0.0075
    1.9559E+02   5.78954E-10 0.0107
    2.0124E+02   4.19483E-10 0.0126
    2.0707E+02   2.59778E-09 0.0075
    2.1306E+02   3.67938E-10 0.0124
    2.1922E+02   2.20031E-09 0.0075
    2.2556E+02   3.84872E-10 0.0112
    2.3209E+02   3.28302E-10 0.0122
    2.3880E+02   1.88828E-09 0.0075
    2.4571E+02   2.59553E-10 0.0127
    2.5282E+02   1.63061E-09 0.0075
    2.6013E+02   2.59429E-10 0.0117
    2.6766E+02   1.36517E-09 0.0075
    2.7540E+02   2.70529E-10 0.0106
    2.8337E+02   2.04910E-10 0.0122
    2.9157E+02   1.20456E-09 0.0074
    3.0000E+02   1.74576E-10 0.0123
      total      6.00331E-05 0.0013
 
 cell union total                                                                                                                      
 user bin 10000000000.00000
    s(e) (MeV/cm)
    1.0000E+00   0.00000E+00 0.0000
    1.0289E+00   0.00000E+00 0.0000
    1.0587E+00   0.00000E+00 0.0000
    1.0893E+00   0.00000E+00 0.0000
    1.1208E+00   0.00000E+00 0.0000
    1.1533E+00   0.00000E+00 0.0000
    1.1866E+00   0.00000E+00 0.0000
    1.2210E+00   0.00000E+00 0.0000
    1.2563E+00   0.00000E+00 0.0000
    1.2926E+00   0.00000E+00 0.0000
    1.3300E+00   0.00000E+00 0.0000
    1.3685E+00   0.00000E+00 0.0000
    1.4081E+00   0.00000E+00 0.0000
    1.4488E+00   0.00000E+00 0.0000
    1.4907E+00   0.00000E+00 0.0000
    1.5339E+00   0.00000E+00 0.0000
    1.5782E+00   0.00000E+00 0.0000
    1.6239E+00   0.00000E+00 0.0000
    1.6709E+00   0.00000E+00 0.0000
    1.7192E+00   0.00000E+00 0.0000
    1.7689E+00   0.00000E+00 0.0000
    1.8201E+00   0.00000E+00 0.0000
    1.8728E+00   0.00000E+00 0.0000
    1.9269E+00   0.00000E+00 0.0000
    1.9827E+00   0.00000E+00 0.0000
    2.0400E+00   0.00000E+00 0.0000
    2.0991E+00   0.00000E+00 0.0000
    2.1598E+00   0.00000E+00 0.0000
    2.2223E+00   0.00000E+00 0.0000
    2.2866E+00   0.00000E+00 0.0000
    2.3527E+00   0.00000E+00 0.0000
    2.4208E+00   0.00000E+00 0.0000
    2.4908E+00   0.00000E+00 0.0000
    2.5629E+00   0.00000E+00 0.0000
    2.6370E+00   0.00000E+00 0.0000
    2.7133E+00   0.00000E+00 0.0000
    2.7918E+00   0.00000E+00 0.0000
    2.8725E+00   0.00000E+00 0.0000
    2.9557E+00   0.00000E+00 0.0000
    3.0412E+00   0.00000E+00 0.0000
    3.1291E+00   0.00000E+00 0.0000
    3.2197E+00   0.00000E+00 0.0000
    3.3128E+00   0.00000E+00 0.0000
    3.4086E+00   0.00000E+00 0.0000
    3.5072E+00   0.00000E+00 0.0000
    3.6087E+00   0.00000E+00 0.0000
    3.7131E+00   0.00000E+00 0.0000
    3.8205E+00   0.00000E+00 0.0000
    3.9311E+00   0.00000E+00 0.0000
    4.0448E+00   0.00000E+00 0.0000
    4.1618E+00   0.00000E+00 0.0000
    4.2822E+00   0.00000E+00 0.0000
    4.4061E+00   0.00000E+00 0.0000
    4.5335E+00   0.00000E+00 0.0000
    4.6647E+00   0.00000E+00 0.0000
    4.7996E+00   0.00000E+00 0.0000
    4.9385E+00   0.00000E+00 0.0000
    5.0814E+00   0.00000E+00 0.0000
    5.2284E+00   0.00000E+00 0.0000
    5.3796E+00   0.00000E+00 0.0000
    5.5352E+00   0.00000E+00 0.0000
    5.6954E+00   0.00000E+00 0.0000
    5.8601E+00   0.00000E+00 0.0000
    6.0297E+00   0.00000E+00 0.0000
    6.2041E+00   0.00000E+00 0.0000
    6.3836E+00   0.00000E+00 0.0000
    6.5683E+00   0.00000E+00 0.0000
    6.7583E+00   0.00000E+00 0.0000
    6.9538E+00   0.00000E+00 0.0000
    7.1550E+00   8.59973E-11 1.0000
    7.3619E+00   0.00000E+00 0.0000
    7.5749E+00   0.00000E+00 0.0000
    7.7941E+00   4.74950E-10 0.4324
    8.0195E+00   1.16898E-10 0.4473
    8.2515E+00   3.31277E-09 0.1706
    8.4902E+00   1.00601E-10 0.5025
    8.7359E+00   6.04740E-09 0.1188
    8.9886E+00   5.25241E-10 0.2106
    9.2486E+00   7.17795E-05 0.0032
    9.5162E+00   4.25389E-05 0.0024
    9.7915E+00   6.19229E-05 0.0022
    1.0075E+01   2.76112E-03 0.0014
    1.0366E+01   1.46931E-04 0.0016
    1.0666E+01   1.17579E-03 0.0018
    1.0975E+01   7.04805E-05 0.0025
    1.1292E+01   7.13016E-04 0.0023
    1.1619E+01   5.65078E-05 0.0027
    1.1955E+01   5.69429E-05 0.0028
    1.2301E+01   4.74758E-04 0.0026
    1.2657E+01   4.66734E-05 0.0030
    1.3023E+01   3.36980E-04 0.0030
    1.3400E+01   3.99976E-05 0.0031
    1.3787E+01   4.02318E-05 0.0031
    1.4186E+01   2.40918E-04 0.0032
    1.4596E+01   3.59070E-05 0.0034
    1.5019E+01   1.88594E-04 0.0032
    1.5453E+01   2.90410E-05 0.0035
    1.5900E+01   1.57296E-04 0.0035
    1.6360E+01   2.15469E-05 0.0035
    1.6834E+01   2.21051E-05 0.0035
    1.7321E+01   1.27710E-04 0.0034
    1.7822E+01   1.71402E-05 0.0036
    1.8337E+01   1.03267E-04 0.0036
    1.8868E+01   1.46604E-05 0.0037
    1.9413E+01   1.50333E-05 0.0037
    1.9975E+01   8.30950E-05 0.0035
    2.0553E+01   1.36876E-05 0.0036
    2.1148E+01   6.94117E-05 0.0035
    2.1759E+01   1.03341E-05 0.0037
    2.2389E+01   1.05187E-05 0.0037
    2.3037E+01   5.65461E-05 0.0037
    2.3703E+01   8.87382E-06 0.0038
    2.4389E+01   4.78280E-05 0.0037
    2.5094E+01   7.72383E-06 0.0038
    2.5820E+01   7.67825E-06 0.0038
    2.6567E+01   4.00399E-05 0.0036
    2.7336E+01   6.19200E-06 0.0037
    2.8127E+01   3.46889E-05 0.0036
    2.8940E+01   5.48079E-06 0.0037
    2.9777E+01   2.94087E-05 0.0036
    3.0639E+01   4.98755E-06 0.0036
    3.1525E+01   4.48037E-06 0.0037
    3.2437E+01   2.50476E-05 0.0036
    3.3376E+01   3.80175E-06 0.0037
    3.4341E+01   2.11588E-05 0.0036
    3.5335E+01   3.79149E-06 0.0037
    3.6357E+01   3.15664E-06 0.0037
    3.7409E+01   1.82614E-05 0.0036
    3.8491E+01   2.79368E-06 0.0037
    3.9604E+01   1.54621E-05 0.0036
    4.0750E+01   2.82373E-06 0.0037
    4.1929E+01   2.29534E-06 0.0037
    4.3142E+01   1.35147E-05 0.0036
    4.4390E+01   1.99761E-06 0.0037
    4.5674E+01   1.14870E-05 0.0036
    4.6996E+01   2.05637E-06 0.0036
    4.8355E+01   1.65319E-06 0.0037
    4.9754E+01   1.00531E-05 0.0036
    5.1193E+01   1.43371E-06 0.0036
    5.2674E+01   8.55289E-06 0.0035
    5.4198E+01   1.50070E-06 0.0036
    5.5766E+01   1.24102E-06 0.0036
    5.7379E+01   7.44505E-06 0.0035
    5.9039E+01   1.02443E-06 0.0036
    6.0747E+01   6.40050E-06 0.0035
    6.2505E+01   1.06190E-06 0.0035
    6.4313E+01   5.31705E-06 0.0034
    6.6174E+01   1.13954E-06 0.0035
    6.8088E+01   7.45456E-07 0.0035
    7.0058E+01   4.79451E-06 0.0034
    7.2084E+01   7.36150E-07 0.0035
    7.4170E+01   4.00071E-06 0.0034
    7.6315E+01   7.98569E-07 0.0034
    7.8523E+01   5.59397E-07 0.0035
    8.0795E+01   3.56961E-06 0.0034
    8.3132E+01   5.03123E-07 0.0034
    8.5537E+01   3.03170E-06 0.0033
    8.8012E+01   5.36428E-07 0.0034
    9.0558E+01   2.53350E-06 0.0033
    9.3178E+01   5.60688E-07 0.0034
    9.5873E+01   3.68248E-07 0.0034
    9.8647E+01   2.30453E-06 0.0033
    1.0150E+02   3.34983E-07 0.0034
    1.0444E+02   1.95976E-06 0.0033
    1.0746E+02   3.40168E-07 0.0033
    1.1057E+02   1.64052E-06 0.0033
    1.1377E+02   3.46124E-07 0.0033
    1.1706E+02   2.38289E-07 0.0033
    1.2044E+02   1.47016E-06 0.0033
    1.2393E+02   2.09602E-07 0.0033
    1.2751E+02   1.25352E-06 0.0032
    1.3120E+02   2.11711E-07 0.0033
    1.3500E+02   1.04630E-06 0.0032
    1.3890E+02   2.17438E-07 0.0033
    1.4292E+02   1.49881E-07 0.0033
    1.4706E+02   9.33606E-07 0.0032
    1.5131E+02   1.34179E-07 0.0033
    1.5569E+02   7.90708E-07 0.0032
    1.6019E+02   1.39063E-07 0.0033
    1.6483E+02   6.58358E-07 0.0032
    1.6959E+02   1.41289E-07 0.0032
    1.7450E+02   9.34648E-08 0.0033
    1.7955E+02   5.89486E-07 0.0032
    1.8474E+02   9.03777E-08 0.0033
    1.9009E+02   4.92286E-07 0.0032
    1.9559E+02   9.55206E-08 0.0032
    2.0124E+02   7.02906E-08 0.0033
    2.0707E+02   4.32727E-07 0.0032
    2.1306E+02   6.13503E-08 0.0033
    2.1922E+02   3.66947E-07 0.0032
    2.2556E+02   6.39344E-08 0.0032
    2.3209E+02   5.53587E-08 0.0033
    2.3880E+02   3.14766E-07 0.0032
    2.4571E+02   4.37426E-08 0.0033
    2.5282E+02   2.72392E-07 0.0032
    2.6013E+02   4.31147E-08 0.0032
    2.6766E+02   2.28448E-07 0.0032
    2.7540E+02   4.52103E-08 0.0032
    2.8337E+02   3.45096E-08 0.0033
    2.9157E+02   2.01324E-07 0.0032
    3.0000E+02   2.94091E-08 0.0033
      total      7.72523E-03 0.0009
 
 cell union total                                                                                                                      
 user bin total
    s(e) (MeV/cm)
    1.0000E+00   0.00000E+00 0.0000
    1.0289E+00   0.00000E+00 0.0000
    1.0587E+00   0.00000E+00 0.0000
    1.0893E+00   0.00000E+00 0.0000
    1.1208E+00   0.00000E+00 0.0000
    1.1533E+00   0.00000E+00 0.0000
    1.1866E+00   0.00000E+00 0.0000
    1.2210E+00   0.00000E+00 0.0000
    1.2563E+00   0.00000E+00 0.0000
    1.2926E+00   0.00000E+00 0.0000
    1.3300E+00   0.00000E+00 0.0000
    1.3685E+00   0.00000E+00 0.0000
    1.4081E+00   0.00000E+00 0.0000
    1.4488E+00   0.00000E+00 0.0000
    1.4907E+00   0.00000E+00 0.0000
    1.5339E+00   0.00000E+00 0.0000
    1.5782E+00   0.00000E+00 0.0000
    1.6239E+00   0.00000E+00 0.0000
    1.6709E+00   0.00000E+00 0.0000
    1.7192E+00   0.00000E+00 0.0000
    1.7689E+00   0.00000E+00 0.0000
    1.8201E+00   0.00000E+00 0.0000
    1.8728E+00   0.00000E+00 0.0000
    1.9269E+00   0.00000E+00 0.0000
    1.9827E+00   0.00000E+00 0.0000
    2.0400E+00   0.00000E+00 0.0000
    2.0991E+00   0.00000E+00 0.0000
    2.1598E+00   0.00000E+00 0.0000
    2.2223E+00   0.00000E+00 0.0000
    2.2866E+00   0.00000E+00 0.0000
    2.3527E+00   0.00000E+00 0.0000
    2.4208E+00   0.00000E+00 0.0000
    2.4908E+00   0.00000E+00 0.0000
    2.5629E+00   0.00000E+00 0.0000
    2.6370E+00   0.00000E+00 0.0000
    2.7133E+00   0.00000E+00 0.0000
    2.7918E+00   0.00000E+00 0.0000
    2.8725E+00   0.00000E+00 0.0000
    2.9557E+00   0.00000E+00 0.0000
    3.0412E+00   0.00000E+00 0.0000
    3.1291E+00   0.00000E+00 0.0000
    3.2197E+00   0.00000E+00 0.0000
    3.3128E+00   0.00000E+00 0.0000
    3.4086E+00   0.00000E+00 0.0000
    3.5072E+00   0.00000E+00 0.0000
    3.6087E+00   0.00000E+00 0.0000
    3.7131E+00   0.00000E+00 0.0000
    3.8205E+00   0.00000E+00 0.0000
    3.9311E+00   0.00000E+00 0.0000
    4.0448E+00   0.00000E+00 0.0000
    4.1618E+00   0.00000E+00 0.0000
    4.2822E+00   0.00000E+00 0.0000
    4.4061E+00   0.00000E+00 0.0000
    4.5335E+00   0.00000E+00 0.0000
    4.6647E+00   0.00000E+00 0.0000
    4.7996E+00   0.00000E+00 0.0000
    4.9385E+00   0.00000E+00 0.0000
    5.0814E+00   0.00000E+00 0.0000
    5.2284E+00   0.00000E+00 0.0000
    5.3796E+00   0.00000E+00 0.0000
    5.5352E+00   0.00000E+00 0.0000
    5.6954E+00   0.00000E+00 0.0000
    5.8601E+00   0.00000E+00 0.0000
    6.0297E+00   0.00000E+00 0.0000
    6.2041E+00   0.00000E+00 0.0000
    6.3836E+00   0.00000E+00 0.0000
    6.5683E+00   0.00000E+00 0.0000
    6.7583E+00   0.00000E+00 0.0000
    6.9538E+00   0.00000E+00 0.0000
    7.1550E+00   8.59973E-11 1.0000
    7.3619E+00   0.00000E+00 0.0000
    7.5749E+00   0.00000E+00 0.0000
    7.7941E+00   4.74950E-10 0.4324
    8.0195E+00   1.16898E-10 0.4473
    8.2515E+00   3.31277E-09 0.1706
    8.4902E+00   1.00601E-10 0.5025
    8.7359E+00   6.04740E-09 0.1188
    8.9886E+00   5.25241E-10 0.2106
    9.2486E+00   7.23912E-05 0.0032
    9.5162E+00   4.28997E-05 0.0024
    9.7915E+00   6.24488E-05 0.0022
    1.0075E+01   2.78365E-03 0.0014
    1.0366E+01   1.48062E-04 0.0016
    1.0666E+01   1.18477E-03 0.0018
    1.0975E+01   7.10231E-05 0.0025
    1.1292E+01   7.18554E-04 0.0023
    1.1619E+01   5.69389E-05 0.0027
    1.1955E+01   5.73782E-05 0.0028
    1.2301E+01   4.78410E-04 0.0026
    1.2657E+01   4.70288E-05 0.0030
    1.3023E+01   3.39559E-04 0.0030
    1.3400E+01   4.02951E-05 0.0031
    1.3787E+01   4.05331E-05 0.0031
    1.4186E+01   2.42739E-04 0.0032
    1.4596E+01   3.61726E-05 0.0034
    1.5019E+01   1.90015E-04 0.0032
    1.5453E+01   2.92601E-05 0.0035
    1.5900E+01   1.58464E-04 0.0035
    1.6360E+01   2.17062E-05 0.0035
    1.6834E+01   2.22679E-05 0.0035
    1.7321E+01   1.28648E-04 0.0034
    1.7822E+01   1.72625E-05 0.0036
    1.8337E+01   1.04012E-04 0.0036
    1.8868E+01   1.47645E-05 0.0037
    1.9413E+01   1.51416E-05 0.0037
    1.9975E+01   8.36886E-05 0.0036
    2.0553E+01   1.37873E-05 0.0036
    2.1148E+01   6.99021E-05 0.0036
    2.1759E+01   1.04064E-05 0.0037
    2.2389E+01   1.05934E-05 0.0037
    2.3037E+01   5.69423E-05 0.0037
    2.3703E+01   8.93594E-06 0.0038
    2.4389E+01   4.81642E-05 0.0037
    2.5094E+01   7.77803E-06 0.0038
    2.5820E+01   7.73283E-06 0.0038
    2.6567E+01   4.03190E-05 0.0036
    2.7336E+01   6.23532E-06 0.0037
    2.8127E+01   3.49297E-05 0.0036
    2.8940E+01   5.51901E-06 0.0037
    2.9777E+01   2.96116E-05 0.0036
    3.0639E+01   5.02190E-06 0.0036
    3.1525E+01   4.51086E-06 0.0037
    3.2437E+01   2.52190E-05 0.0036
    3.3376E+01   3.82782E-06 0.0037
    3.4341E+01   2.13023E-05 0.0036
    3.5335E+01   3.81721E-06 0.0037
    3.6357E+01   3.17824E-06 0.0038
    3.7409E+01   1.83838E-05 0.0036
    3.8491E+01   2.81267E-06 0.0038
    3.9604E+01   1.55655E-05 0.0036
    4.0750E+01   2.84248E-06 0.0037
    4.1929E+01   2.31061E-06 0.0037
    4.3142E+01   1.36043E-05 0.0036
    4.4390E+01   2.01086E-06 0.0037
    4.5674E+01   1.15630E-05 0.0036
    4.6996E+01   2.06991E-06 0.0036
    4.8355E+01   1.66409E-06 0.0037
    4.9754E+01   1.01188E-05 0.0036
    5.1193E+01   1.44302E-06 0.0036
    5.2674E+01   8.60878E-06 0.0035
    5.4198E+01   1.51040E-06 0.0036
    5.5766E+01   1.24920E-06 0.0036
    5.7379E+01   7.49326E-06 0.0035
    5.9039E+01   1.03112E-06 0.0036
    6.0747E+01   6.44170E-06 0.0035
    6.2505E+01   1.06871E-06 0.0035
    6.4313E+01   5.35113E-06 0.0034
    6.6174E+01   1.14682E-06 0.0035
    6.8088E+01   7.50217E-07 0.0035
    7.0058E+01   4.82506E-06 0.0034
    7.2084E+01   7.40865E-07 0.0035
    7.4170E+01   4.02611E-06 0.0034
    7.6315E+01   8.03631E-07 0.0034
    7.8523E+01   5.62890E-07 0.0035
    8.0795E+01   3.59216E-06 0.0034
    8.3132E+01   5.06224E-07 0.0034
    8.5537E+01   3.05076E-06 0.0033
    8.8012E+01   5.39775E-07 0.0034
    9.0558E+01   2.54934E-06 0.0033
    9.3178E+01   5.64140E-07 0.0034
    9.5873E+01   3.70546E-07 0.0034
    9.8647E+01   2.31886E-06 0.0033
    1.0150E+02   3.37043E-07 0.0034
    1.0444E+02   1.97191E-06 0.0033
    1.0746E+02   3.42259E-07 0.0033
    1.1057E+02   1.65062E-06 0.0033
    1.1377E+02   3.48246E-07 0.0033
    1.1706E+02   2.39768E-07 0.0034
    1.2044E+02   1.47918E-06 0.0033
    1.2393E+02   2.10873E-07 0.0033
    1.2751E+02   1.26121E-06 0.0032
    1.3120E+02   2.12968E-07 0.0033
    1.3500E+02   1.05268E-06 0.0032
    1.3890E+02   2.18765E-07 0.0033
    1.4292E+02   1.50779E-07 0.0033
    1.4706E+02   9.39281E-07 0.0032
    1.5131E+02   1.34994E-07 0.0033
    1.5569E+02   7.95500E-07 0.0032
    1.6019E+02   1.39907E-07 0.0033
    1.6483E+02   6.62328E-07 0.0032
    1.6959E+02   1.42145E-07 0.0033
    1.7450E+02   9.40243E-08 0.0033
    1.7955E+02   5.93042E-07 0.0032
    1.8474E+02   9.09220E-08 0.0033
    1.9009E+02   4.95246E-07 0.0032
    1.9559E+02   9.60995E-08 0.0033
    2.0124E+02   7.07100E-08 0.0033
    2.0707E+02   4.35325E-07 0.0032
    2.1306E+02   6.17182E-08 0.0033
    2.1922E+02   3.69148E-07 0.0032
    2.2556E+02   6.43193E-08 0.0033
    2.3209E+02   5.56870E-08 0.0033
    2.3880E+02   3.16655E-07 0.0032
    2.4571E+02   4.40021E-08 0.0033
    2.5282E+02   2.74023E-07 0.0032
    2.6013E+02   4.33742E-08 0.0033
    2.6766E+02   2.29813E-07 0.0032
    2.7540E+02   4.54808E-08 0.0032
    2.8337E+02   3.47145E-08 0.0033
    2.9157E+02   2.02529E-07 0.0032
    3.0000E+02   2.95837E-08 0.0033
      total      7.78526E-03 0.0009


 ===================================================================================================================================

           results of 10 statistical checks for the estimated answer for the tally fluctuation chart (tfc) bin of tally     9204

 tfc bin     --mean--      ---------relative error---------      ----variance of the variance----      --figure of merit--     -pdf-
 behavior    behavior      value   decrease   decrease rate      value   decrease   decrease rate       value     behavior     slope

 desired      random       <0.10      yes      1/sqrt(nps)       <0.10      yes        1/nps           constant    random      >3.00
 observed     random        0.00      yes          yes            0.00      yes         yes                                     4.36
 passed?        yes          yes      yes          yes             yes      yes         yes                                      yes

 ===================================================================================================================================


 this tally meets the statistical criteria used to form confidence intervals: check the tally fluctuation chart to verify.
 the results in other bins associated with this tally may not meet these statistical criteria.

 ----- estimated confidence intervals:  -----

 estimated asymmetric confidence interval(1,2,3 sigma): 7.9257E-03 to 7.9393E-03; 7.9189E-03 to 7.9462E-03; 7.9121E-03 to 7.9530E-03
 estimated  symmetric confidence interval(1,2,3 sigma): 7.9257E-03 to 7.9393E-03; 7.9189E-03 to 7.9462E-03; 7.9121E-03 to 7.9530E-03

1analysis of the results in the tally fluctuation chart bin (tfc) for tally 9204 with nps = 4000000          print table 160


 normed average tally per history  = 7.93253E-03          unnormed average tally per history  = 1.98313E-02
 estimated tally relative error    = 0.0009               estimated variance of the variance  = 0.0000
 relative error from zero tallies  = 0.0005               relative error from nonzero scores  = 0.0007

 number of nonzero history tallies =     2121575          efficiency for the nonzero tallies  = 0.5304
 history number of largest  tally  =     2276872          largest  unnormalized history tally = 1.34324E-01
 (largest  tally)/(average tally)  = 6.77330E+00          (largest  tally)/(avg nonzero tally)= 3.59252E+00

 (confidence interval shift)/mean  = 0.0000               shifted confidence interval center  = 7.93253E-03


 if the largest  history score sampled so far were to occur on the next history, the tfc bin quantities would change as follows:

      estimated quantities           value at nps           value at nps+1           value(nps+1)/value(nps)-1.

      mean                            7.93253E-03             7.93254E-03                     0.000001
      relative error                  8.59231E-04             8.59230E-04                     0.000000
      variance of the variance        5.01544E-07             5.01547E-07                     0.000005
      shifted center                  7.93253E-03             7.93253E-03                     0.000000
      figure of merit                 0.00000E+00             0.00000E+00                     0.000000

 the estimated inverse power slope of the 198 largest  tallies starting at 1.01192E-01 is 4.3605
 the empirical history score probability density function appears to be increasing at the largest  history scores:
 please examine. see print table 161.
 the large score tail of the empirical history score probability density function appears to have no unsampled regions.

 fom = (histories/minute)*(f(x) signal-to-noise ratio)**2 = (0.000E+00)*( 5.819E-01)**2 = (0.000E+00)*(3.386E-01) = 0.000E+00

