1tally     8004        nps =    99000000
           tally type 4    track length estimate of particle flux.      units   1/cm**2        
           particle(s): protons  
 number of histories used for normalizing tallies =     99000000.00
           this tally is modified by   ft  let

           volumes 
                   cell:      500          501          502          503          504         total                
                         2.50000E+00  2.50000E+00  2.50000E+00  2.50000E+00  2.50000E+00  1.25000E+01
 
 cell  500                                                                                                                             
    s(e) (MeV/cm)
    1.0000E+00   0.00000E+00 0.0000
    1.0289E+00   0.00000E+00 0.0000
    1.0587E+00   0.00000E+00 0.0000
    1.0893E+00   0.00000E+00 0.0000
    1.1208E+00   0.00000E+00 0.0000
    1.1533E+00   0.00000E+00 0.0000
    1.1866E+00   0.00000E+00 0.0000
    1.2210E+00   0.00000E+00 0.0000
    1.2563E+00   0.00000E+00 0.0000
    1.2926E+00   0.00000E+00 0.0000
    1.3300E+00   0.00000E+00 0.0000
    1.3685E+00   0.00000E+00 0.0000
    1.4081E+00   0.00000E+00 0.0000
    1.4488E+00   0.00000E+00 0.0000
    1.4907E+00   0.00000E+00 0.0000
    1.5339E+00   0.00000E+00 0.0000
    1.5782E+00   0.00000E+00 0.0000
    1.6239E+00   0.00000E+00 0.0000
    1.6709E+00   0.00000E+00 0.0000
    1.7192E+00   0.00000E+00 0.0000
    1.7689E+00   0.00000E+00 0.0000
    1.8201E+00   0.00000E+00 0.0000
    1.8728E+00   0.00000E+00 0.0000
    1.9269E+00   0.00000E+00 0.0000
    1.9827E+00   0.00000E+00 0.0000
    2.0400E+00   0.00000E+00 0.0000
    2.0991E+00   0.00000E+00 0.0000
    2.1598E+00   0.00000E+00 0.0000
    2.2223E+00   0.00000E+00 0.0000
    2.2866E+00   0.00000E+00 0.0000
    2.3527E+00   0.00000E+00 0.0000
    2.4208E+00   0.00000E+00 0.0000
    2.4908E+00   0.00000E+00 0.0000
    2.5629E+00   0.00000E+00 0.0000
    2.6370E+00   0.00000E+00 0.0000
    2.7133E+00   0.00000E+00 0.0000
    2.7918E+00   0.00000E+00 0.0000
    2.8725E+00   0.00000E+00 0.0000
    2.9557E+00   0.00000E+00 0.0000
    3.0412E+00   0.00000E+00 0.0000
    3.1291E+00   0.00000E+00 0.0000
    3.2197E+00   0.00000E+00 0.0000
    3.3128E+00   0.00000E+00 0.0000
    3.4086E+00   0.00000E+00 0.0000
    3.5072E+00   0.00000E+00 0.0000
    3.6087E+00   0.00000E+00 0.0000
    3.7131E+00   0.00000E+00 0.0000
    3.8205E+00   0.00000E+00 0.0000
    3.9311E+00   0.00000E+00 0.0000
    4.0448E+00   0.00000E+00 0.0000
    4.1618E+00   0.00000E+00 0.0000
    4.2822E+00   0.00000E+00 0.0000
    4.4061E+00   0.00000E+00 0.0000
    4.5335E+00   0.00000E+00 0.0000
    4.6647E+00   0.00000E+00 0.0000
    4.7996E+00   0.00000E+00 0.0000
    4.9385E+00   0.00000E+00 0.0000
    5.0814E+00   0.00000E+00 0.0000
    5.2284E+00   0.00000E+00 0.0000
    5.3796E+00   0.00000E+00 0.0000
    5.5352E+00   0.00000E+00 0.0000
    5.6954E+00   0.00000E+00 0.0000
    5.8601E+00   0.00000E+00 0.0000
    6.0297E+00   0.00000E+00 0.0000
    6.2041E+00   0.00000E+00 0.0000
    6.3836E+00   0.00000E+00 0.0000
    6.5683E+00   0.00000E+00 0.0000
    6.7583E+00   0.00000E+00 0.0000
    6.9538E+00   0.00000E+00 0.0000
    7.1550E+00   1.12413E-12 1.0000
    7.3619E+00   0.00000E+00 0.0000
    7.5749E+00   0.00000E+00 0.0000
    7.7941E+00   0.00000E+00 0.0000
    8.0195E+00   0.00000E+00 0.0000
    8.2515E+00   2.88667E-11 0.4084
    8.4902E+00   0.00000E+00 0.0000
    8.7359E+00   2.00016E-10 0.1516
    8.9886E+00   7.63683E-12 0.7226
    9.2486E+00   5.74297E-10 0.0901
    9.5162E+00   5.17885E-11 0.3022
    9.7915E+00   6.19176E-11 0.2789
    1.0075E+01   1.49492E-09 0.0565
    1.0366E+01   1.12167E-10 0.2099
    1.0666E+01   2.70094E-09 0.0423
    1.0975E+01   3.24721E-10 0.1223
    1.1292E+01   4.27307E-09 0.0339
    1.1619E+01   6.13070E-10 0.0910
    1.1955E+01   6.68629E-10 0.0864
    1.2301E+01   1.10078E-07 0.0133
    1.2657E+01   1.42644E-07 0.0092
    1.3023E+01   2.85224E-05 0.0020
    1.3400E+01   1.32285E-05 0.0015
    1.3787E+01   1.70417E-05 0.0014
    1.4186E+01   1.50448E-04 0.0011
    1.4596E+01   2.13851E-05 0.0012
    1.5019E+01   1.25920E-04 0.0010
    1.5453E+01   2.55220E-05 0.0011
    1.5900E+01   1.43057E-04 0.0010
    1.6360E+01   1.86224E-05 0.0010
    1.6834E+01   1.94342E-05 0.0010
    1.7321E+01   1.33770E-04 0.0009
    1.7822E+01   2.26595E-05 0.0009
    1.8337E+01   1.45695E-04 0.0008
    1.8868E+01   1.99465E-05 0.0009
    1.9413E+01   1.99163E-05 0.0009
    1.9975E+01   1.05990E-04 0.0008
    2.0553E+01   1.78066E-05 0.0009
    2.1148E+01   9.92447E-05 0.0008
    2.1759E+01   1.65347E-05 0.0009
    2.2389E+01   1.72275E-05 0.0009
    2.3037E+01   9.63397E-05 0.0008
    2.3703E+01   1.52130E-05 0.0009
    2.4389E+01   7.93606E-05 0.0008
    2.5094E+01   1.22937E-05 0.0009
    2.5820E+01   1.20070E-05 0.0009
    2.6567E+01   6.07502E-05 0.0008
    2.7336E+01   9.26661E-06 0.0009
    2.8127E+01   5.29275E-05 0.0008
    2.8940E+01   8.68446E-06 0.0008
    2.9777E+01   4.83585E-05 0.0008
    3.0639E+01   8.52075E-06 0.0008
    3.1525E+01   7.85815E-06 0.0008
    3.2437E+01   4.51419E-05 0.0008
    3.3376E+01   7.09696E-06 0.0008
    3.4341E+01   4.02624E-05 0.0008
    3.5335E+01   7.30934E-06 0.0008
    3.6357E+01   6.15029E-06 0.0008
    3.7409E+01   3.54582E-05 0.0008
    3.8491E+01   5.44915E-06 0.0008
    3.9604E+01   2.98729E-05 0.0008
    4.0750E+01   5.39767E-06 0.0008
    4.1929E+01   4.39945E-06 0.0008
    4.3142E+01   2.54663E-05 0.0008
    4.4390E+01   3.71881E-06 0.0008
    4.5674E+01   2.10829E-05 0.0008
    4.6996E+01   3.70493E-06 0.0008
    4.8355E+01   2.97114E-06 0.0008
    4.9754E+01   1.78783E-05 0.0008
    5.1193E+01   2.51007E-06 0.0008
    5.2674E+01   1.48245E-05 0.0008
    5.4198E+01   2.56809E-06 0.0008
    5.5766E+01   2.11639E-06 0.0008
    5.7379E+01   1.25823E-05 0.0008
    5.9039E+01   1.71111E-06 0.0008
    6.0747E+01   1.06207E-05 0.0008
    6.2505E+01   1.74615E-06 0.0008
    6.4313E+01   8.68592E-06 0.0008
    6.6174E+01   1.85017E-06 0.0008
    6.8088E+01   1.20567E-06 0.0008
    7.0058E+01   7.72279E-06 0.0008
    7.2084E+01   1.17982E-06 0.0008
    7.4170E+01   6.38519E-06 0.0008
    7.6315E+01   1.26922E-06 0.0008
    7.8523E+01   8.87823E-07 0.0008
    8.0795E+01   5.64786E-06 0.0008
    8.3132E+01   7.92629E-07 0.0008
    8.5537E+01   4.76775E-06 0.0008
    8.8012E+01   8.42386E-07 0.0008
    9.0558E+01   3.96413E-06 0.0008
    9.3178E+01   8.75462E-07 0.0008
    9.5873E+01   5.73403E-07 0.0008
    9.8647E+01   3.58828E-06 0.0008
    1.0150E+02   5.20018E-07 0.0008
    1.0444E+02   3.04041E-06 0.0008
    1.0746E+02   5.25909E-07 0.0008
    1.1057E+02   2.53615E-06 0.0008
    1.1377E+02   5.34333E-07 0.0008
    1.1706E+02   3.67234E-07 0.0008
    1.2044E+02   2.26563E-06 0.0008
    1.2393E+02   3.22060E-07 0.0008
    1.2751E+02   1.92740E-06 0.0008
    1.3120E+02   3.24776E-07 0.0008
    1.3500E+02   1.60514E-06 0.0008
    1.3890E+02   3.33361E-07 0.0008
    1.4292E+02   2.29236E-07 0.0008
    1.4706E+02   1.42917E-06 0.0008
    1.5131E+02   2.05130E-07 0.0008
    1.5569E+02   1.20792E-06 0.0008
    1.6019E+02   2.12587E-07 0.0008
    1.6483E+02   1.00421E-06 0.0008
    1.6959E+02   2.15308E-07 0.0008
    1.7450E+02   1.42583E-07 0.0008
    1.7955E+02   8.97630E-07 0.0008
    1.8474E+02   1.37489E-07 0.0008
    1.9009E+02   7.48885E-07 0.0008
    1.9559E+02   1.45247E-07 0.0008
    2.0124E+02   1.06783E-07 0.0008
    2.0707E+02   6.57600E-07 0.0008
    2.1306E+02   9.32488E-08 0.0008
    2.1922E+02   5.57193E-07 0.0008
    2.2556E+02   9.71242E-08 0.0008
    2.3209E+02   8.40197E-08 0.0008
    2.3880E+02   4.77623E-07 0.0007
    2.4571E+02   6.63311E-08 0.0008
    2.5282E+02   4.13138E-07 0.0007
    2.6013E+02   6.53238E-08 0.0008
    2.6766E+02   3.46212E-07 0.0007
    2.7540E+02   6.85582E-08 0.0008
    2.8337E+02   5.22990E-08 0.0008
    2.9157E+02   3.04972E-07 0.0007
    3.0000E+02   4.45475E-08 0.0008
      total      1.95841E-03 0.0004
 
 cell  501                                                                                                                             
    s(e) (MeV/cm)
    1.0000E+00   0.00000E+00 0.0000
    1.0289E+00   0.00000E+00 0.0000
    1.0587E+00   0.00000E+00 0.0000
    1.0893E+00   0.00000E+00 0.0000
    1.1208E+00   0.00000E+00 0.0000
    1.1533E+00   0.00000E+00 0.0000
    1.1866E+00   0.00000E+00 0.0000
    1.2210E+00   0.00000E+00 0.0000
    1.2563E+00   0.00000E+00 0.0000
    1.2926E+00   0.00000E+00 0.0000
    1.3300E+00   0.00000E+00 0.0000
    1.3685E+00   0.00000E+00 0.0000
    1.4081E+00   0.00000E+00 0.0000
    1.4488E+00   0.00000E+00 0.0000
    1.4907E+00   0.00000E+00 0.0000
    1.5339E+00   0.00000E+00 0.0000
    1.5782E+00   0.00000E+00 0.0000
    1.6239E+00   0.00000E+00 0.0000
    1.6709E+00   0.00000E+00 0.0000
    1.7192E+00   0.00000E+00 0.0000
    1.7689E+00   0.00000E+00 0.0000
    1.8201E+00   0.00000E+00 0.0000
    1.8728E+00   0.00000E+00 0.0000
    1.9269E+00   0.00000E+00 0.0000
    1.9827E+00   0.00000E+00 0.0000
    2.0400E+00   0.00000E+00 0.0000
    2.0991E+00   0.00000E+00 0.0000
    2.1598E+00   0.00000E+00 0.0000
    2.2223E+00   0.00000E+00 0.0000
    2.2866E+00   0.00000E+00 0.0000
    2.3527E+00   0.00000E+00 0.0000
    2.4208E+00   0.00000E+00 0.0000
    2.4908E+00   0.00000E+00 0.0000
    2.5629E+00   0.00000E+00 0.0000
    2.6370E+00   0.00000E+00 0.0000
    2.7133E+00   0.00000E+00 0.0000
    2.7918E+00   0.00000E+00 0.0000
    2.8725E+00   0.00000E+00 0.0000
    2.9557E+00   0.00000E+00 0.0000
    3.0412E+00   0.00000E+00 0.0000
    3.1291E+00   0.00000E+00 0.0000
    3.2197E+00   0.00000E+00 0.0000
    3.3128E+00   0.00000E+00 0.0000
    3.4086E+00   0.00000E+00 0.0000
    3.5072E+00   0.00000E+00 0.0000
    3.6087E+00   0.00000E+00 0.0000
    3.7131E+00   0.00000E+00 0.0000
    3.8205E+00   0.00000E+00 0.0000
    3.9311E+00   0.00000E+00 0.0000
    4.0448E+00   0.00000E+00 0.0000
    4.1618E+00   0.00000E+00 0.0000
    4.2822E+00   0.00000E+00 0.0000
    4.4061E+00   0.00000E+00 0.0000
    4.5335E+00   0.00000E+00 0.0000
    4.6647E+00   0.00000E+00 0.0000
    4.7996E+00   0.00000E+00 0.0000
    4.9385E+00   0.00000E+00 0.0000
    5.0814E+00   0.00000E+00 0.0000
    5.2284E+00   0.00000E+00 0.0000
    5.3796E+00   0.00000E+00 0.0000
    5.5352E+00   0.00000E+00 0.0000
    5.6954E+00   0.00000E+00 0.0000
    5.8601E+00   0.00000E+00 0.0000
    6.0297E+00   0.00000E+00 0.0000
    6.2041E+00   0.00000E+00 0.0000
    6.3836E+00   0.00000E+00 0.0000
    6.5683E+00   0.00000E+00 0.0000
    6.7583E+00   0.00000E+00 0.0000
    6.9538E+00   0.00000E+00 0.0000
    7.1550E+00   0.00000E+00 0.0000
    7.3619E+00   0.00000E+00 0.0000
    7.5749E+00   0.00000E+00 0.0000
    7.7941E+00   0.00000E+00 0.0000
    8.0195E+00   0.00000E+00 0.0000
    8.2515E+00   4.16540E-11 0.3270
    8.4902E+00   0.00000E+00 0.0000
    8.7359E+00   1.63069E-10 0.1670
    8.9886E+00   1.86650E-11 0.5001
    9.2486E+00   5.74428E-10 0.0902
    9.5162E+00   5.16596E-11 0.3021
    9.7915E+00   4.91986E-11 0.3091
    1.0075E+01   1.49235E-09 0.0563
    1.0366E+01   1.60727E-10 0.1728
    1.0666E+01   2.73222E-09 0.0420
    1.0975E+01   3.18885E-10 0.1285
    1.1292E+01   4.43154E-09 0.0334
    1.1619E+01   5.33196E-10 0.0972
    1.1955E+01   6.97611E-10 0.0846
    1.2301E+01   7.29974E-07 0.0069
    1.2657E+01   7.63440E-07 0.0047
    1.3023E+01   6.53604E-05 0.0015
    1.3400E+01   2.10814E-05 0.0013
    1.3787E+01   2.38405E-05 0.0012
    1.4186E+01   1.48969E-04 0.0010
    1.4596E+01   2.12926E-05 0.0011
    1.5019E+01   1.48535E-04 0.0010
    1.5453E+01   2.68813E-05 0.0011
    1.5900E+01   1.38844E-04 0.0009
    1.6360E+01   2.06821E-05 0.0010
    1.6834E+01   2.29341E-05 0.0010
    1.7321E+01   1.59726E-04 0.0008
    1.7822E+01   2.38260E-05 0.0009
    1.8337E+01   1.37135E-04 0.0008
    1.8868E+01   1.80613E-05 0.0009
    1.9413E+01   1.85516E-05 0.0009
    1.9975E+01   1.10810E-04 0.0008
    2.0553E+01   2.05949E-05 0.0009
    2.1148E+01   1.12716E-04 0.0008
    2.1759E+01   1.74192E-05 0.0009
    2.2389E+01   1.76769E-05 0.0009
    2.3037E+01   9.22130E-05 0.0008
    2.3703E+01   1.37502E-05 0.0009
    2.4389E+01   7.21858E-05 0.0008
    2.5094E+01   1.16428E-05 0.0009
    2.5820E+01   1.16399E-05 0.0009
    2.6567E+01   6.27398E-05 0.0008
    2.7336E+01   1.02710E-05 0.0008
    2.8127E+01   6.02245E-05 0.0008
    2.8940E+01   1.00605E-05 0.0008
    2.9777E+01   5.54416E-05 0.0008
    3.0639E+01   9.56529E-06 0.0008
    3.1525E+01   8.69621E-06 0.0008
    3.2437E+01   4.86511E-05 0.0008
    3.3376E+01   7.34307E-06 0.0008
    3.4341E+01   4.05209E-05 0.0008
    3.5335E+01   7.12745E-06 0.0008
    3.6357E+01   5.90677E-06 0.0008
    3.7409E+01   3.35197E-05 0.0008
    3.8491E+01   5.03044E-06 0.0008
    3.9604E+01   2.72755E-05 0.0008
    4.0750E+01   4.88432E-06 0.0008
    4.1929E+01   3.95859E-06 0.0008
    4.3142E+01   2.29074E-05 0.0008
    4.4390E+01   3.34351E-06 0.0008
    4.5674E+01   1.90366E-05 0.0008
    4.6996E+01   3.36407E-06 0.0008
    4.8355E+01   2.71298E-06 0.0008
    4.9754E+01   1.63946E-05 0.0008
    5.1193E+01   2.33085E-06 0.0008
    5.2674E+01   1.38678E-05 0.0008
    5.4198E+01   2.42626E-06 0.0008
    5.5766E+01   2.01595E-06 0.0008
    5.7379E+01   1.20422E-05 0.0008
    5.9039E+01   1.66296E-06 0.0008
    6.0747E+01   1.03692E-05 0.0008
    6.2505E+01   1.72090E-06 0.0008
    6.4313E+01   8.64473E-06 0.0008
    6.6174E+01   1.85067E-06 0.0008
    6.8088E+01   1.21809E-06 0.0008
    7.0058E+01   7.82366E-06 0.0008
    7.2084E+01   1.20507E-06 0.0008
    7.4170E+01   6.56167E-06 0.0008
    7.6315E+01   1.30885E-06 0.0008
    7.8523E+01   9.22506E-07 0.0008
    8.0795E+01   5.87341E-06 0.0008
    8.3132E+01   8.29555E-07 0.0008
    8.5537E+01   5.00483E-06 0.0008
    8.8012E+01   8.86660E-07 0.0008
    9.0558E+01   4.19371E-06 0.0008
    9.3178E+01   9.28685E-07 0.0008
    9.5873E+01   6.09915E-07 0.0008
    9.8647E+01   3.82337E-06 0.0008
    1.0150E+02   5.56212E-07 0.0008
    1.0444E+02   3.25701E-06 0.0008
    1.0746E+02   5.64420E-07 0.0008
    1.1057E+02   2.72952E-06 0.0008
    1.1377E+02   5.75811E-07 0.0008
    1.1706E+02   3.96746E-07 0.0008
    1.2044E+02   2.44846E-06 0.0008
    1.2393E+02   3.48675E-07 0.0008
    1.2751E+02   2.08907E-06 0.0008
    1.3120E+02   3.52597E-07 0.0008
    1.3500E+02   1.74422E-06 0.0008
    1.3890E+02   3.62630E-07 0.0008
    1.4292E+02   2.49631E-07 0.0008
    1.4706E+02   1.55653E-06 0.0008
    1.5131E+02   2.23620E-07 0.0008
    1.5569E+02   1.31780E-06 0.0008
    1.6019E+02   2.31980E-07 0.0008
    1.6483E+02   1.09693E-06 0.0008
    1.6959E+02   2.35463E-07 0.0008
    1.7450E+02   1.55825E-07 0.0008
    1.7955E+02   9.81916E-07 0.0008
    1.8474E+02   1.50506E-07 0.0008
    1.9009E+02   8.19835E-07 0.0008
    1.9559E+02   1.59078E-07 0.0008
    2.0124E+02   1.16970E-07 0.0008
    2.0707E+02   7.20519E-07 0.0008
    2.1306E+02   1.02229E-07 0.0008
    2.1922E+02   6.10917E-07 0.0008
    2.2556E+02   1.06513E-07 0.0008
    2.3209E+02   9.21684E-08 0.0008
    2.3880E+02   5.24027E-07 0.0008
    2.4571E+02   7.27610E-08 0.0008
    2.5282E+02   4.53438E-07 0.0008
    2.6013E+02   7.17162E-08 0.0008
    2.6766E+02   3.80138E-07 0.0008
    2.7540E+02   7.52870E-08 0.0008
    2.8337E+02   5.74492E-08 0.0008
    2.9157E+02   3.35000E-07 0.0007
    3.0000E+02   4.89394E-08 0.0008
      total      2.07134E-03 0.0004
 
 cell  502                                                                                                                             
    s(e) (MeV/cm)
    1.0000E+00   0.00000E+00 0.0000
    1.0289E+00   0.00000E+00 0.0000
    1.0587E+00   0.00000E+00 0.0000
    1.0893E+00   0.00000E+00 0.0000
    1.1208E+00   0.00000E+00 0.0000
    1.1533E+00   0.00000E+00 0.0000
    1.1866E+00   0.00000E+00 0.0000
    1.2210E+00   0.00000E+00 0.0000
    1.2563E+00   0.00000E+00 0.0000
    1.2926E+00   0.00000E+00 0.0000
    1.3300E+00   0.00000E+00 0.0000
    1.3685E+00   0.00000E+00 0.0000
    1.4081E+00   0.00000E+00 0.0000
    1.4488E+00   0.00000E+00 0.0000
    1.4907E+00   0.00000E+00 0.0000
    1.5339E+00   0.00000E+00 0.0000
    1.5782E+00   0.00000E+00 0.0000
    1.6239E+00   0.00000E+00 0.0000
    1.6709E+00   0.00000E+00 0.0000
    1.7192E+00   0.00000E+00 0.0000
    1.7689E+00   0.00000E+00 0.0000
    1.8201E+00   0.00000E+00 0.0000
    1.8728E+00   0.00000E+00 0.0000
    1.9269E+00   0.00000E+00 0.0000
    1.9827E+00   0.00000E+00 0.0000
    2.0400E+00   0.00000E+00 0.0000
    2.0991E+00   0.00000E+00 0.0000
    2.1598E+00   0.00000E+00 0.0000
    2.2223E+00   0.00000E+00 0.0000
    2.2866E+00   0.00000E+00 0.0000
    2.3527E+00   0.00000E+00 0.0000
    2.4208E+00   0.00000E+00 0.0000
    2.4908E+00   0.00000E+00 0.0000
    2.5629E+00   0.00000E+00 0.0000
    2.6370E+00   0.00000E+00 0.0000
    2.7133E+00   0.00000E+00 0.0000
    2.7918E+00   0.00000E+00 0.0000
    2.8725E+00   0.00000E+00 0.0000
    2.9557E+00   0.00000E+00 0.0000
    3.0412E+00   0.00000E+00 0.0000
    3.1291E+00   0.00000E+00 0.0000
    3.2197E+00   0.00000E+00 0.0000
    3.3128E+00   0.00000E+00 0.0000
    3.4086E+00   0.00000E+00 0.0000
    3.5072E+00   0.00000E+00 0.0000
    3.6087E+00   0.00000E+00 0.0000
    3.7131E+00   0.00000E+00 0.0000
    3.8205E+00   0.00000E+00 0.0000
    3.9311E+00   0.00000E+00 0.0000
    4.0448E+00   0.00000E+00 0.0000
    4.1618E+00   0.00000E+00 0.0000
    4.2822E+00   0.00000E+00 0.0000
    4.4061E+00   0.00000E+00 0.0000
    4.5335E+00   0.00000E+00 0.0000
    4.6647E+00   0.00000E+00 0.0000
    4.7996E+00   0.00000E+00 0.0000
    4.9385E+00   0.00000E+00 0.0000
    5.0814E+00   0.00000E+00 0.0000
    5.2284E+00   0.00000E+00 0.0000
    5.3796E+00   0.00000E+00 0.0000
    5.5352E+00   0.00000E+00 0.0000
    5.6954E+00   0.00000E+00 0.0000
    5.8601E+00   0.00000E+00 0.0000
    6.0297E+00   0.00000E+00 0.0000
    6.2041E+00   0.00000E+00 0.0000
    6.3836E+00   0.00000E+00 0.0000
    6.5683E+00   0.00000E+00 0.0000
    6.7583E+00   0.00000E+00 0.0000
    6.9538E+00   0.00000E+00 0.0000
    7.1550E+00   0.00000E+00 0.0000
    7.3619E+00   0.00000E+00 0.0000
    7.5749E+00   0.00000E+00 0.0000
    7.7941E+00   0.00000E+00 0.0000
    8.0195E+00   0.00000E+00 0.0000
    8.2515E+00   2.91695E-11 0.3849
    8.4902E+00   3.81130E-12 1.0000
    8.7359E+00   1.84371E-10 0.1577
    8.9886E+00   1.86371E-11 0.5001
    9.2486E+00   5.71505E-10 0.0897
    9.5162E+00   7.38857E-11 0.2600
    9.7915E+00   8.10528E-11 0.2430
    1.0075E+01   1.50171E-09 0.0565
    1.0366E+01   1.55448E-10 0.1800
    1.0666E+01   2.71978E-09 0.0422
    1.0975E+01   3.09774E-10 0.1256
    1.1292E+01   4.59787E-09 0.0326
    1.1619E+01   7.95406E-10 0.0798
    1.1955E+01   1.29082E-09 0.0642
    1.2301E+01   3.66195E-06 0.0039
    1.2657E+01   2.93845E-06 0.0028
    1.3023E+01   1.15374E-04 0.0013
    1.3400E+01   2.47862E-05 0.0012
    1.3787E+01   2.51306E-05 0.0012
    1.4186E+01   1.43647E-04 0.0010
    1.4596E+01   2.60216E-05 0.0011
    1.5019E+01   1.63459E-04 0.0010
    1.5453E+01   2.50261E-05 0.0010
    1.5900E+01   1.49277E-04 0.0009
    1.6360E+01   2.58440E-05 0.0009
    1.6834E+01   2.80845E-05 0.0009
    1.7321E+01   1.68805E-04 0.0008
    1.7822E+01   2.14660E-05 0.0009
    1.8337E+01   1.28139E-04 0.0008
    1.8868E+01   1.94067E-05 0.0009
    1.9413E+01   2.06393E-05 0.0009
    1.9975E+01   1.27235E-04 0.0008
    2.0553E+01   2.25758E-05 0.0009
    2.1148E+01   1.12135E-04 0.0008
    2.1759E+01   1.58592E-05 0.0009
    2.2389E+01   1.59361E-05 0.0009
    2.3037E+01   8.42145E-05 0.0008
    2.3703E+01   1.33153E-05 0.0009
    2.4389E+01   7.53437E-05 0.0008
    2.5094E+01   1.30789E-05 0.0008
    2.5820E+01   1.32859E-05 0.0008
    2.6567E+01   7.23753E-05 0.0008
    2.7336E+01   1.17041E-05 0.0008
    2.8127E+01   6.65511E-05 0.0008
    2.8940E+01   1.06132E-05 0.0008
    2.9777E+01   5.59919E-05 0.0008
    3.0639E+01   9.22927E-06 0.0008
    3.1525E+01   8.28094E-06 0.0008
    3.2437E+01   4.52314E-05 0.0008
    3.3376E+01   6.64655E-06 0.0008
    3.4341E+01   3.64686E-05 0.0008
    3.5335E+01   6.39867E-06 0.0008
    3.6357E+01   5.31512E-06 0.0008
    3.7409E+01   3.04678E-05 0.0008
    3.8491E+01   4.65088E-06 0.0008
    3.9604E+01   2.56754E-05 0.0008
    4.0750E+01   4.68481E-06 0.0008
    4.1929E+01   3.85386E-06 0.0008
    4.3142E+01   2.26322E-05 0.0008
    4.4390E+01   3.39694E-06 0.0008
    4.5674E+01   1.96096E-05 0.0008
    4.6996E+01   3.52347E-06 0.0008
    4.8355E+01   2.88009E-06 0.0008
    4.9754E+01   1.75029E-05 0.0008
    5.1193E+01   2.53261E-06 0.0008
    5.2674E+01   1.51662E-05 0.0008
    5.4198E+01   2.67327E-06 0.0008
    5.5766E+01   2.23677E-06 0.0008
    5.7379E+01   1.33925E-05 0.0008
    5.9039E+01   1.86379E-06 0.0008
    6.0747E+01   1.16517E-05 0.0008
    6.2505E+01   1.94160E-06 0.0008
    6.4313E+01   9.77490E-06 0.0008
    6.6174E+01   2.09660E-06 0.0008
    6.8088E+01   1.38102E-06 0.0008
    7.0058E+01   8.86882E-06 0.0008
    7.2084E+01   1.36538E-06 0.0008
    7.4170E+01   7.43631E-06 0.0008
    7.6315E+01   1.48300E-06 0.0008
    7.8523E+01   1.04423E-06 0.0008
    8.0795E+01   6.64902E-06 0.0008
    8.3132E+01   9.37521E-07 0.0008
    8.5537E+01   5.65641E-06 0.0008
    8.8012E+01   1.00152E-06 0.0008
    9.0558E+01   4.72966E-06 0.0008
    9.3178E+01   1.04709E-06 0.0008
    9.5873E+01   6.86478E-07 0.0008
    9.8647E+01   4.30419E-06 0.0008
    1.0150E+02   6.24846E-07 0.0008
    1.0444E+02   3.65878E-06 0.0008
    1.0746E+02   6.33589E-07 0.0008
    1.1057E+02   3.05973E-06 0.0008
    1.1377E+02   6.44932E-07 0.0008
    1.1706E+02   4.43939E-07 0.0008
    1.2044E+02   2.73831E-06 0.0008
    1.2393E+02   3.89356E-07 0.0008
    1.2751E+02   2.33209E-06 0.0008
    1.3120E+02   3.93220E-07 0.0008
    1.3500E+02   1.94354E-06 0.0008
    1.3890E+02   4.03861E-07 0.0008
    1.4292E+02   2.77690E-07 0.0008
    1.4706E+02   1.73156E-06 0.0007
    1.5131E+02   2.48556E-07 0.0008
    1.5569E+02   1.46383E-06 0.0007
    1.6019E+02   2.57757E-07 0.0008
    1.6483E+02   1.21728E-06 0.0007
    1.6959E+02   2.61144E-07 0.0008
    1.7450E+02   1.72932E-07 0.0008
    1.7955E+02   1.08854E-06 0.0007
    1.8474E+02   1.66822E-07 0.0008
    1.9009E+02   9.08281E-07 0.0007
    1.9559E+02   1.76187E-07 0.0008
    2.0124E+02   1.29536E-07 0.0008
    2.0707E+02   7.97675E-07 0.0007
    2.1306E+02   1.13135E-07 0.0008
    2.1922E+02   6.76022E-07 0.0007
    2.2556E+02   1.17812E-07 0.0008
    2.3209E+02   1.01982E-07 0.0008
    2.3880E+02   5.79545E-07 0.0007
    2.4571E+02   8.04503E-08 0.0008
    2.5282E+02   5.01323E-07 0.0007
    2.6013E+02   7.92357E-08 0.0008
    2.6766E+02   4.20117E-07 0.0007
    2.7540E+02   8.32092E-08 0.0008
    2.8337E+02   6.34476E-08 0.0008
    2.9157E+02   3.70126E-07 0.0007
    3.0000E+02   5.40292E-08 0.0008
      total      2.19771E-03 0.0003
 
 cell  503                                                                                                                             
    s(e) (MeV/cm)
    1.0000E+00   0.00000E+00 0.0000
    1.0289E+00   0.00000E+00 0.0000
    1.0587E+00   0.00000E+00 0.0000
    1.0893E+00   0.00000E+00 0.0000
    1.1208E+00   0.00000E+00 0.0000
    1.1533E+00   0.00000E+00 0.0000
    1.1866E+00   0.00000E+00 0.0000
    1.2210E+00   0.00000E+00 0.0000
    1.2563E+00   0.00000E+00 0.0000
    1.2926E+00   0.00000E+00 0.0000
    1.3300E+00   0.00000E+00 0.0000
    1.3685E+00   0.00000E+00 0.0000
    1.4081E+00   0.00000E+00 0.0000
    1.4488E+00   0.00000E+00 0.0000
    1.4907E+00   0.00000E+00 0.0000
    1.5339E+00   0.00000E+00 0.0000
    1.5782E+00   0.00000E+00 0.0000
    1.6239E+00   0.00000E+00 0.0000
    1.6709E+00   0.00000E+00 0.0000
    1.7192E+00   0.00000E+00 0.0000
    1.7689E+00   0.00000E+00 0.0000
    1.8201E+00   0.00000E+00 0.0000
    1.8728E+00   0.00000E+00 0.0000
    1.9269E+00   0.00000E+00 0.0000
    1.9827E+00   0.00000E+00 0.0000
    2.0400E+00   0.00000E+00 0.0000
    2.0991E+00   0.00000E+00 0.0000
    2.1598E+00   0.00000E+00 0.0000
    2.2223E+00   0.00000E+00 0.0000
    2.2866E+00   0.00000E+00 0.0000
    2.3527E+00   0.00000E+00 0.0000
    2.4208E+00   0.00000E+00 0.0000
    2.4908E+00   0.00000E+00 0.0000
    2.5629E+00   0.00000E+00 0.0000
    2.6370E+00   0.00000E+00 0.0000
    2.7133E+00   0.00000E+00 0.0000
    2.7918E+00   0.00000E+00 0.0000
    2.8725E+00   0.00000E+00 0.0000
    2.9557E+00   0.00000E+00 0.0000
    3.0412E+00   0.00000E+00 0.0000
    3.1291E+00   0.00000E+00 0.0000
    3.2197E+00   0.00000E+00 0.0000
    3.3128E+00   0.00000E+00 0.0000
    3.4086E+00   0.00000E+00 0.0000
    3.5072E+00   0.00000E+00 0.0000
    3.6087E+00   0.00000E+00 0.0000
    3.7131E+00   0.00000E+00 0.0000
    3.8205E+00   0.00000E+00 0.0000
    3.9311E+00   0.00000E+00 0.0000
    4.0448E+00   0.00000E+00 0.0000
    4.1618E+00   0.00000E+00 0.0000
    4.2822E+00   0.00000E+00 0.0000
    4.4061E+00   0.00000E+00 0.0000
    4.5335E+00   0.00000E+00 0.0000
    4.6647E+00   0.00000E+00 0.0000
    4.7996E+00   0.00000E+00 0.0000
    4.9385E+00   0.00000E+00 0.0000
    5.0814E+00   0.00000E+00 0.0000
    5.2284E+00   0.00000E+00 0.0000
    5.3796E+00   0.00000E+00 0.0000
    5.5352E+00   0.00000E+00 0.0000
    5.6954E+00   0.00000E+00 0.0000
    5.8601E+00   0.00000E+00 0.0000
    6.0297E+00   0.00000E+00 0.0000
    6.2041E+00   0.00000E+00 0.0000
    6.3836E+00   0.00000E+00 0.0000
    6.5683E+00   0.00000E+00 0.0000
    6.7583E+00   0.00000E+00 0.0000
    6.9538E+00   0.00000E+00 0.0000
    7.1550E+00   0.00000E+00 0.0000
    7.3619E+00   0.00000E+00 0.0000
    7.5749E+00   0.00000E+00 0.0000
    7.7941E+00   0.00000E+00 0.0000
    8.0195E+00   0.00000E+00 0.0000
    8.2515E+00   2.31870E-11 0.4480
    8.4902E+00   0.00000E+00 0.0000
    8.7359E+00   1.88364E-10 0.1551
    8.9886E+00   3.15075E-11 0.3786
    9.2486E+00   5.92395E-10 0.0889
    9.5162E+00   5.37483E-11 0.2958
    9.7915E+00   6.34678E-11 0.2782
    1.0075E+01   1.52763E-09 0.0559
    1.0366E+01   2.07115E-10 0.1537
    1.0666E+01   2.68507E-09 0.0425
    1.0975E+01   3.54015E-10 0.1177
    1.1292E+01   6.03047E-09 0.0297
    1.1619E+01   3.32238E-09 0.0443
    1.1955E+01   8.70252E-09 0.0297
    1.2301E+01   1.36810E-05 0.0025
    1.2657E+01   8.16279E-06 0.0019
    1.3023E+01   1.60292E-04 0.0011
    1.3400E+01   2.30072E-05 0.0012
    1.3787E+01   2.22772E-05 0.0012
    1.4186E+01   1.55566E-04 0.0010
    1.4596E+01   3.07629E-05 0.0011
    1.5019E+01   1.61847E-04 0.0009
    1.5453E+01   2.58118E-05 0.0010
    1.5900E+01   1.78621E-04 0.0008
    1.6360E+01   2.86356E-05 0.0009
    1.6834E+01   2.91245E-05 0.0009
    1.7321E+01   1.56915E-04 0.0008
    1.7822E+01   2.03267E-05 0.0009
    1.8337E+01   1.39100E-04 0.0008
    1.8868E+01   2.25741E-05 0.0009
    1.9413E+01   2.36173E-05 0.0009
    1.9975E+01   1.32970E-04 0.0008
    2.0553E+01   2.11396E-05 0.0009
    2.1148E+01   1.01584E-04 0.0008
    2.1759E+01   1.48971E-05 0.0009
    2.2389E+01   1.54133E-05 0.0009
    2.3037E+01   8.85005E-05 0.0008
    2.3703E+01   1.51656E-05 0.0008
    2.4389E+01   8.68996E-05 0.0008
    2.5094E+01   1.48197E-05 0.0008
    2.5820E+01   1.47976E-05 0.0008
    2.6567E+01   7.65631E-05 0.0008
    2.7336E+01   1.15737E-05 0.0008
    2.8127E+01   6.33517E-05 0.0008
    2.8940E+01   9.67785E-06 0.0008
    2.9777E+01   5.03954E-05 0.0008
    3.0639E+01   8.29979E-06 0.0008
    3.1525E+01   7.47025E-06 0.0008
    3.2437E+01   4.15708E-05 0.0008
    3.3376E+01   6.32551E-06 0.0008
    3.4341E+01   3.56501E-05 0.0008
    3.5335E+01   6.46855E-06 0.0008
    3.6357E+01   5.48606E-06 0.0008
    3.7409E+01   3.20685E-05 0.0008
    3.8491E+01   5.04349E-06 0.0008
    3.9604E+01   2.82745E-05 0.0008
    4.0750E+01   5.23203E-06 0.0008
    4.1929E+01   4.33707E-06 0.0008
    4.3142E+01   2.55752E-05 0.0008
    4.4390E+01   3.85681E-06 0.0008
    4.5674E+01   2.22548E-05 0.0008
    4.6996E+01   3.99278E-06 0.0008
    4.8355E+01   3.25157E-06 0.0008
    4.9754E+01   1.97274E-05 0.0008
    5.1193E+01   2.83293E-06 0.0008
    5.2674E+01   1.68740E-05 0.0008
    5.4198E+01   2.95837E-06 0.0008
    5.5766E+01   2.45993E-06 0.0008
    5.7379E+01   1.46815E-05 0.0008
    5.9039E+01   2.02252E-06 0.0008
    6.0747E+01   1.25972E-05 0.0008
    6.2505E+01   2.08345E-06 0.0008
    6.4313E+01   1.04165E-05 0.0008
    6.6174E+01   2.22447E-06 0.0008
    6.8088E+01   1.45378E-06 0.0008
    7.0058E+01   9.32000E-06 0.0008
    7.2084E+01   1.42626E-06 0.0008
    7.4170E+01   7.72778E-06 0.0008
    7.6315E+01   1.53731E-06 0.0008
    7.8523E+01   1.07515E-06 0.0008
    8.0795E+01   6.84343E-06 0.0008
    8.3132E+01   9.59934E-07 0.0008
    8.5537E+01   5.77488E-06 0.0008
    8.8012E+01   1.02014E-06 0.0008
    9.0558E+01   4.79591E-06 0.0008
    9.3178E+01   1.05984E-06 0.0008
    9.5873E+01   6.92119E-07 0.0008
    9.8647E+01   4.33562E-06 0.0008
    1.0150E+02   6.27565E-07 0.0008
    1.0444E+02   3.66643E-06 0.0008
    1.0746E+02   6.33889E-07 0.0008
    1.1057E+02   3.05299E-06 0.0007
    1.1377E+02   6.42782E-07 0.0008
    1.1706E+02   4.41765E-07 0.0008
    1.2044E+02   2.72284E-06 0.0007
    1.2393E+02   3.86415E-07 0.0008
    1.2751E+02   2.31247E-06 0.0007
    1.3120E+02   3.89263E-07 0.0008
    1.3500E+02   1.92254E-06 0.0007
    1.3890E+02   3.99468E-07 0.0008
    1.4292E+02   2.74156E-07 0.0008
    1.4706E+02   1.70960E-06 0.0007
    1.5131E+02   2.45082E-07 0.0008
    1.5569E+02   1.44304E-06 0.0007
    1.6019E+02   2.53932E-07 0.0008
    1.6483E+02   1.19811E-06 0.0007
    1.6959E+02   2.57042E-07 0.0008
    1.7450E+02   1.69880E-07 0.0008
    1.7955E+02   1.07006E-06 0.0007
    1.8474E+02   1.63825E-07 0.0008
    1.9009E+02   8.91795E-07 0.0007
    1.9559E+02   1.73012E-07 0.0008
    2.0124E+02   1.27027E-07 0.0008
    2.0707E+02   7.82518E-07 0.0007
    2.1306E+02   1.10940E-07 0.0008
    2.1922E+02   6.62593E-07 0.0007
    2.2556E+02   1.15472E-07 0.0008
    2.3209E+02   9.98718E-08 0.0008
    2.3880E+02   5.67656E-07 0.0007
    2.4571E+02   7.88308E-08 0.0008
    2.5282E+02   4.90762E-07 0.0007
    2.6013E+02   7.75769E-08 0.0008
    2.6766E+02   4.11093E-07 0.0007
    2.7540E+02   8.14132E-08 0.0008
    2.8337E+02   6.20896E-08 0.0008
    2.9157E+02   3.62006E-07 0.0007
    3.0000E+02   5.28370E-08 0.0008
      total      2.32928E-03 0.0003
 
 cell  504                                                                                                                             
    s(e) (MeV/cm)
    1.0000E+00   0.00000E+00 0.0000
    1.0289E+00   0.00000E+00 0.0000
    1.0587E+00   0.00000E+00 0.0000
    1.0893E+00   0.00000E+00 0.0000
    1.1208E+00   0.00000E+00 0.0000
    1.1533E+00   0.00000E+00 0.0000
    1.1866E+00   0.00000E+00 0.0000
    1.2210E+00   0.00000E+00 0.0000
    1.2563E+00   0.00000E+00 0.0000
    1.2926E+00   0.00000E+00 0.0000
    1.3300E+00   0.00000E+00 0.0000
    1.3685E+00   0.00000E+00 0.0000
    1.4081E+00   0.00000E+00 0.0000
    1.4488E+00   0.00000E+00 0.0000
    1.4907E+00   0.00000E+00 0.0000
    1.5339E+00   0.00000E+00 0.0000
    1.5782E+00   0.00000E+00 0.0000
    1.6239E+00   0.00000E+00 0.0000
    1.6709E+00   0.00000E+00 0.0000
    1.7192E+00   0.00000E+00 0.0000
    1.7689E+00   0.00000E+00 0.0000
    1.8201E+00   0.00000E+00 0.0000
    1.8728E+00   0.00000E+00 0.0000
    1.9269E+00   0.00000E+00 0.0000
    1.9827E+00   0.00000E+00 0.0000
    2.0400E+00   0.00000E+00 0.0000
    2.0991E+00   0.00000E+00 0.0000
    2.1598E+00   0.00000E+00 0.0000
    2.2223E+00   0.00000E+00 0.0000
    2.2866E+00   0.00000E+00 0.0000
    2.3527E+00   0.00000E+00 0.0000
    2.4208E+00   0.00000E+00 0.0000
    2.4908E+00   0.00000E+00 0.0000
    2.5629E+00   0.00000E+00 0.0000
    2.6370E+00   0.00000E+00 0.0000
    2.7133E+00   0.00000E+00 0.0000
    2.7918E+00   0.00000E+00 0.0000
    2.8725E+00   0.00000E+00 0.0000
    2.9557E+00   0.00000E+00 0.0000
    3.0412E+00   0.00000E+00 0.0000
    3.1291E+00   0.00000E+00 0.0000
    3.2197E+00   0.00000E+00 0.0000
    3.3128E+00   0.00000E+00 0.0000
    3.4086E+00   0.00000E+00 0.0000
    3.5072E+00   0.00000E+00 0.0000
    3.6087E+00   0.00000E+00 0.0000
    3.7131E+00   0.00000E+00 0.0000
    3.8205E+00   0.00000E+00 0.0000
    3.9311E+00   0.00000E+00 0.0000
    4.0448E+00   0.00000E+00 0.0000
    4.1618E+00   0.00000E+00 0.0000
    4.2822E+00   0.00000E+00 0.0000
    4.4061E+00   0.00000E+00 0.0000
    4.5335E+00   0.00000E+00 0.0000
    4.6647E+00   0.00000E+00 0.0000
    4.7996E+00   0.00000E+00 0.0000
    4.9385E+00   0.00000E+00 0.0000
    5.0814E+00   0.00000E+00 0.0000
    5.2284E+00   0.00000E+00 0.0000
    5.3796E+00   0.00000E+00 0.0000
    5.5352E+00   0.00000E+00 0.0000
    5.6954E+00   0.00000E+00 0.0000
    5.8601E+00   0.00000E+00 0.0000
    6.0297E+00   0.00000E+00 0.0000
    6.2041E+00   0.00000E+00 0.0000
    6.3836E+00   0.00000E+00 0.0000
    6.5683E+00   0.00000E+00 0.0000
    6.7583E+00   0.00000E+00 0.0000
    6.9538E+00   0.00000E+00 0.0000
    7.1550E+00   0.00000E+00 0.0000
    7.3619E+00   0.00000E+00 0.0000
    7.5749E+00   0.00000E+00 0.0000
    7.7941E+00   0.00000E+00 0.0000
    8.0195E+00   0.00000E+00 0.0000
    8.2515E+00   2.39469E-11 0.4476
    8.4902E+00   6.32900E-12 0.7731
    8.7359E+00   2.00320E-10 0.1511
    8.9886E+00   2.85887E-11 0.4084
    9.2486E+00   5.81810E-10 0.0897
    9.5162E+00   3.87139E-11 0.3551
    9.7915E+00   6.06295E-11 0.2745
    1.0075E+01   1.62824E-09 0.0543
    1.0366E+01   1.24136E-10 0.1986
    1.0666E+01   2.79853E-09 0.0414
    1.0975E+01   3.09024E-10 0.1268
    1.1292E+01   2.22966E-08 0.0229
    1.1619E+01   2.91782E-08 0.0182
    1.1955E+01   7.13621E-08 0.0124
    1.2301E+01   3.84476E-05 0.0018
    1.2657E+01   1.63061E-05 0.0014
    1.3023E+01   1.81743E-04 0.0011
    1.3400E+01   2.06244E-05 0.0012
    1.3787E+01   2.15180E-05 0.0012
    1.4186E+01   1.80255E-04 0.0010
    1.4596E+01   3.07014E-05 0.0011
    1.5019E+01   1.63514E-04 0.0009
    1.5453E+01   3.19525E-05 0.0010
    1.5900E+01   1.99967E-04 0.0008
    1.6360E+01   2.64073E-05 0.0009
    1.6834E+01   2.59734E-05 0.0009
    1.7321E+01   1.50715E-04 0.0008
    1.7822E+01   2.31380E-05 0.0009
    1.8337E+01   1.57805E-04 0.0008
    1.8868E+01   2.31536E-05 0.0009
    1.9413E+01   2.34318E-05 0.0009
    1.9975E+01   1.22310E-04 0.0008
    2.0553E+01   1.92752E-05 0.0009
    2.1148E+01   1.01821E-04 0.0008
    2.1759E+01   1.66940E-05 0.0009
    2.2389E+01   1.75780E-05 0.0008
    2.3037E+01   1.01849E-04 0.0008
    2.3703E+01   1.69555E-05 0.0008
    2.4389E+01   9.10323E-05 0.0008
    2.5094E+01   1.43966E-05 0.0008
    2.5820E+01   1.41170E-05 0.0008
    2.6567E+01   7.03167E-05 0.0008
    2.7336E+01   1.03454E-05 0.0008
    2.8127E+01   5.73174E-05 0.0008
    2.8940E+01   9.03436E-06 0.0008
    2.9777E+01   4.90653E-05 0.0008
    3.0639E+01   8.49426E-06 0.0008
    3.1525E+01   7.78593E-06 0.0008
    3.2437E+01   4.46757E-05 0.0008
    3.3376E+01   7.02989E-06 0.0008
    3.4341E+01   4.01600E-05 0.0008
    3.5335E+01   7.35894E-06 0.0008
    3.6357E+01   6.23921E-06 0.0008
    3.7409E+01   3.63026E-05 0.0008
    3.8491E+01   5.66331E-06 0.0008
    3.9604E+01   3.13276E-05 0.0008
    4.0750E+01   5.72765E-06 0.0008
    4.1929E+01   4.69941E-06 0.0008
    4.3142E+01   2.73976E-05 0.0008
    4.4390E+01   4.04794E-06 0.0008
    4.5674E+01   2.30814E-05 0.0008
    4.6996E+01   4.08412E-06 0.0008
    4.8355E+01   3.28905E-06 0.0008
    4.9754E+01   1.98338E-05 0.0008
    5.1193E+01   2.80262E-06 0.0008
    5.2674E+01   1.65913E-05 0.0008
    5.4198E+01   2.88345E-06 0.0008
    5.5766E+01   2.38288E-06 0.0008
    5.7379E+01   1.41710E-05 0.0008
    5.9039E+01   1.93201E-06 0.0008
    6.0747E+01   1.19990E-05 0.0008
    6.2505E+01   1.97374E-06 0.0008
    6.4313E+01   9.82566E-06 0.0008
    6.6174E+01   2.09350E-06 0.0008
    6.8088E+01   1.36344E-06 0.0008
    7.0058E+01   8.73584E-06 0.0008
    7.2084E+01   1.33369E-06 0.0008
    7.4170E+01   7.21644E-06 0.0008
    7.6315E+01   1.43362E-06 0.0008
    7.8523E+01   1.00181E-06 0.0008
    8.0795E+01   6.37253E-06 0.0008
    8.3132E+01   8.93782E-07 0.0008
    8.5537E+01   5.36952E-06 0.0007
    8.8012E+01   9.47998E-07 0.0008
    9.0558E+01   4.45616E-06 0.0007
    9.3178E+01   9.83680E-07 0.0008
    9.5873E+01   6.43594E-07 0.0008
    9.8647E+01   4.02852E-06 0.0007
    1.0150E+02   5.83038E-07 0.0008
    1.0444E+02   3.40897E-06 0.0007
    1.0746E+02   5.89216E-07 0.0008
    1.1057E+02   2.84008E-06 0.0007
    1.1377E+02   5.98337E-07 0.0008
    1.1706E+02   4.10948E-07 0.0008
    1.2044E+02   2.53487E-06 0.0007
    1.2393E+02   3.60038E-07 0.0008
    1.2751E+02   2.15404E-06 0.0007
    1.3120E+02   3.63024E-07 0.0008
    1.3500E+02   1.79259E-06 0.0007
    1.3890E+02   3.72244E-07 0.0008
    1.4292E+02   2.55900E-07 0.0008
    1.4706E+02   1.59503E-06 0.0007
    1.5131E+02   2.28782E-07 0.0008
    1.5569E+02   1.34732E-06 0.0007
    1.6019E+02   2.36987E-07 0.0008
    1.6483E+02   1.11936E-06 0.0007
    1.6959E+02   2.40197E-07 0.0008
    1.7450E+02   1.58748E-07 0.0008
    1.7955E+02   1.00028E-06 0.0007
    1.8474E+02   1.53194E-07 0.0008
    1.9009E+02   8.34036E-07 0.0007
    1.9559E+02   1.61762E-07 0.0008
    2.0124E+02   1.18896E-07 0.0008
    2.0707E+02   7.32104E-07 0.0007
    2.1306E+02   1.03792E-07 0.0008
    2.1922E+02   6.20107E-07 0.0007
    2.2556E+02   1.08106E-07 0.0008
    2.3209E+02   9.34585E-08 0.0008
    2.3880E+02   5.31472E-07 0.0007
    2.4571E+02   7.37847E-08 0.0008
    2.5282E+02   4.59563E-07 0.0007
    2.6013E+02   7.27005E-08 0.0008
    2.6766E+02   3.85015E-07 0.0007
    2.7540E+02   7.62798E-08 0.0008
    2.8337E+02   5.81519E-08 0.0008
    2.9157E+02   3.39136E-07 0.0007
    3.0000E+02   4.95511E-08 0.0008
      total      2.45368E-03 0.0003
 
 cell union total                                                                                                                      
    s(e) (MeV/cm)
    1.0000E+00   0.00000E+00 0.0000
    1.0289E+00   0.00000E+00 0.0000
    1.0587E+00   0.00000E+00 0.0000
    1.0893E+00   0.00000E+00 0.0000
    1.1208E+00   0.00000E+00 0.0000
    1.1533E+00   0.00000E+00 0.0000
    1.1866E+00   0.00000E+00 0.0000
    1.2210E+00   0.00000E+00 0.0000
    1.2563E+00   0.00000E+00 0.0000
    1.2926E+00   0.00000E+00 0.0000
    1.3300E+00   0.00000E+00 0.0000
    1.3685E+00   0.00000E+00 0.0000
    1.4081E+00   0.00000E+00 0.0000
    1.4488E+00   0.00000E+00 0.0000
    1.4907E+00   0.00000E+00 0.0000
    1.5339E+00   0.00000E+00 0.0000
    1.5782E+00   0.00000E+00 0.0000
    1.6239E+00   0.00000E+00 0.0000
    1.6709E+00   0.00000E+00 0.0000
    1.7192E+00   0.00000E+00 0.0000
    1.7689E+00   0.00000E+00 0.0000
    1.8201E+00   0.00000E+00 0.0000
    1.8728E+00   0.00000E+00 0.0000
    1.9269E+00   0.00000E+00 0.0000
    1.9827E+00   0.00000E+00 0.0000
    2.0400E+00   0.00000E+00 0.0000
    2.0991E+00   0.00000E+00 0.0000
    2.1598E+00   0.00000E+00 0.0000
    2.2223E+00   0.00000E+00 0.0000
    2.2866E+00   0.00000E+00 0.0000
    2.3527E+00   0.00000E+00 0.0000
    2.4208E+00   0.00000E+00 0.0000
    2.4908E+00   0.00000E+00 0.0000
    2.5629E+00   0.00000E+00 0.0000
    2.6370E+00   0.00000E+00 0.0000
    2.7133E+00   0.00000E+00 0.0000
    2.7918E+00   0.00000E+00 0.0000
    2.8725E+00   0.00000E+00 0.0000
    2.9557E+00   0.00000E+00 0.0000
    3.0412E+00   0.00000E+00 0.0000
    3.1291E+00   0.00000E+00 0.0000
    3.2197E+00   0.00000E+00 0.0000
    3.3128E+00   0.00000E+00 0.0000
    3.4086E+00   0.00000E+00 0.0000
    3.5072E+00   0.00000E+00 0.0000
    3.6087E+00   0.00000E+00 0.0000
    3.7131E+00   0.00000E+00 0.0000
    3.8205E+00   0.00000E+00 0.0000
    3.9311E+00   0.00000E+00 0.0000
    4.0448E+00   0.00000E+00 0.0000
    4.1618E+00   0.00000E+00 0.0000
    4.2822E+00   0.00000E+00 0.0000
    4.4061E+00   0.00000E+00 0.0000
    4.5335E+00   0.00000E+00 0.0000
    4.6647E+00   0.00000E+00 0.0000
    4.7996E+00   0.00000E+00 0.0000
    4.9385E+00   0.00000E+00 0.0000
    5.0814E+00   0.00000E+00 0.0000
    5.2284E+00   0.00000E+00 0.0000
    5.3796E+00   0.00000E+00 0.0000
    5.5352E+00   0.00000E+00 0.0000
    5.6954E+00   0.00000E+00 0.0000
    5.8601E+00   0.00000E+00 0.0000
    6.0297E+00   0.00000E+00 0.0000
    6.2041E+00   0.00000E+00 0.0000
    6.3836E+00   0.00000E+00 0.0000
    6.5683E+00   0.00000E+00 0.0000
    6.7583E+00   0.00000E+00 0.0000
    6.9538E+00   0.00000E+00 0.0000
    7.1550E+00   2.24825E-13 1.0000
    7.3619E+00   0.00000E+00 0.0000
    7.5749E+00   0.00000E+00 0.0000
    7.7941E+00   0.00000E+00 0.0000
    8.0195E+00   0.00000E+00 0.0000
    8.2515E+00   2.93648E-11 0.3283
    8.4902E+00   2.02806E-12 0.6116
    8.7359E+00   1.87228E-10 0.1318
    8.9886E+00   2.10070E-11 0.2093
    9.2486E+00   5.78887E-10 0.0735
    9.5162E+00   5.39592E-11 0.1336
    9.7915E+00   6.32533E-11 0.1227
    1.0075E+01   1.52897E-09 0.0457
    1.0366E+01   1.51919E-10 0.0804
    1.0666E+01   2.72731E-09 0.0332
    1.0975E+01   3.23284E-10 0.0555
    1.1292E+01   8.32591E-09 0.0190
    1.1619E+01   6.88844E-09 0.0178
    1.1955E+01   1.65443E-08 0.0127
    1.2301E+01   1.13261E-05 0.0021
    1.2657E+01   5.66269E-06 0.0016
    1.3023E+01   1.10258E-04 0.0011
    1.3400E+01   2.05455E-05 0.0010
    1.3787E+01   2.19616E-05 0.0010
    1.4186E+01   1.55777E-04 0.0008
    1.4596E+01   2.60327E-05 0.0008
    1.5019E+01   1.52655E-04 0.0008
    1.5453E+01   2.70387E-05 0.0008
    1.5900E+01   1.61953E-04 0.0007
    1.6360E+01   2.40383E-05 0.0007
    1.6834E+01   2.51101E-05 0.0007
    1.7321E+01   1.53986E-04 0.0007
    1.7822E+01   2.22832E-05 0.0007
    1.8337E+01   1.41575E-04 0.0006
    1.8868E+01   2.06284E-05 0.0006
    1.9413E+01   2.12312E-05 0.0007
    1.9975E+01   1.19863E-04 0.0006
    2.0553E+01   2.02784E-05 0.0007
    2.1148E+01   1.05500E-04 0.0006
    2.1759E+01   1.62808E-05 0.0006
    2.2389E+01   1.67663E-05 0.0006
    2.3037E+01   9.26234E-05 0.0006
    2.3703E+01   1.48799E-05 0.0006
    2.4389E+01   8.09644E-05 0.0006
    2.5094E+01   1.32464E-05 0.0006
    2.5820E+01   1.31695E-05 0.0006
    2.6567E+01   6.85490E-05 0.0006
    2.7336E+01   1.06321E-05 0.0006
    2.8127E+01   6.00744E-05 0.0006
    2.8940E+01   9.61407E-06 0.0006
    2.9777E+01   5.18505E-05 0.0006
    3.0639E+01   8.82187E-06 0.0006
    3.1525E+01   8.01829E-06 0.0006
    3.2437E+01   4.50542E-05 0.0006
    3.3376E+01   6.88840E-06 0.0006
    3.4341E+01   3.86124E-05 0.0006
    3.5335E+01   6.93259E-06 0.0006
    3.6357E+01   5.81949E-06 0.0006
    3.7409E+01   3.35634E-05 0.0006
    3.8491E+01   5.16745E-06 0.0006
    3.9604E+01   2.84852E-05 0.0006
    4.0750E+01   5.18530E-06 0.0006
    4.1929E+01   4.24967E-06 0.0006
    4.3142E+01   2.47957E-05 0.0006
    4.4390E+01   3.67280E-06 0.0006
    4.5674E+01   2.10130E-05 0.0006
    4.6996E+01   3.73387E-06 0.0006
    4.8355E+01   3.02096E-06 0.0006
    4.9754E+01   1.82674E-05 0.0006
    5.1193E+01   2.60182E-06 0.0006
    5.2674E+01   1.54648E-05 0.0006
    5.4198E+01   2.70189E-06 0.0006
    5.5766E+01   2.24238E-06 0.0006
    5.7379E+01   1.33739E-05 0.0006
    5.9039E+01   1.83848E-06 0.0006
    6.0747E+01   1.14476E-05 0.0006
    6.2505E+01   1.89317E-06 0.0006
    6.4313E+01   9.46955E-06 0.0006
    6.6174E+01   2.02308E-06 0.0006
    6.8088E+01   1.32440E-06 0.0006
    7.0058E+01   8.49422E-06 0.0006
    7.2084E+01   1.30204E-06 0.0006
    7.4170E+01   7.06548E-06 0.0006
    7.6315E+01   1.40640E-06 0.0006
    7.8523E+01   9.86303E-07 0.0006
    8.0795E+01   6.27725E-06 0.0006
    8.3132E+01   8.82684E-07 0.0006
    8.5537E+01   5.31468E-06 0.0006
    8.8012E+01   9.39741E-07 0.0006
    9.0558E+01   4.42791E-06 0.0006
    9.3178E+01   9.78952E-07 0.0006
    9.5873E+01   6.41102E-07 0.0006
    9.8647E+01   4.01600E-06 0.0006
    1.0150E+02   5.82336E-07 0.0006
    1.0444E+02   3.40632E-06 0.0006
    1.0746E+02   5.89405E-07 0.0006
    1.1057E+02   2.84369E-06 0.0006
    1.1377E+02   5.99239E-07 0.0006
    1.1706E+02   4.12126E-07 0.0006
    1.2044E+02   2.54202E-06 0.0006
    1.2393E+02   3.61309E-07 0.0006
    1.2751E+02   2.16301E-06 0.0006
    1.3120E+02   3.64576E-07 0.0006
    1.3500E+02   1.80161E-06 0.0006
    1.3890E+02   3.74313E-07 0.0006
    1.4292E+02   2.57323E-07 0.0006
    1.4706E+02   1.60438E-06 0.0006
    1.5131E+02   2.30234E-07 0.0006
    1.5569E+02   1.35598E-06 0.0006
    1.6019E+02   2.38649E-07 0.0006
    1.6483E+02   1.12718E-06 0.0006
    1.6959E+02   2.41831E-07 0.0006
    1.7450E+02   1.59994E-07 0.0006
    1.7955E+02   1.00769E-06 0.0006
    1.8474E+02   1.54367E-07 0.0006
    1.9009E+02   8.40566E-07 0.0006
    1.9559E+02   1.63057E-07 0.0006
    2.0124E+02   1.19842E-07 0.0006
    2.0707E+02   7.38083E-07 0.0006
    2.1306E+02   1.04669E-07 0.0006
    2.1922E+02   6.25366E-07 0.0006
    2.2556E+02   1.09006E-07 0.0006
    2.3209E+02   9.43001E-08 0.0006
    2.3880E+02   5.36065E-07 0.0006
    2.4571E+02   7.44316E-08 0.0006
    2.5282E+02   4.63645E-07 0.0006
    2.6013E+02   7.33106E-08 0.0006
    2.6766E+02   3.88515E-07 0.0006
    2.7540E+02   7.69495E-08 0.0006
    2.8337E+02   5.86875E-08 0.0006
    2.9157E+02   3.42248E-07 0.0006
    3.0000E+02   4.99808E-08 0.0006
      total      2.20209E-03 0.0003


 ===================================================================================================================================

           results of 10 statistical checks for the estimated answer for the tally fluctuation chart (tfc) bin of tally     8004

 tfc bin     --mean--      ---------relative error---------      ----variance of the variance----      --figure of merit--     -pdf-
 behavior    behavior      value   decrease   decrease rate      value   decrease   decrease rate       value     behavior     slope

 desired      random       <0.10      yes      1/sqrt(nps)       <0.10      yes        1/nps           constant    random      >3.00
 observed     random        0.00      yes          yes            0.00      yes         yes                                    10.00
 passed?        yes          yes      yes          yes             yes      yes         yes                                      yes

 ===================================================================================================================================


 this tally meets the statistical criteria used to form confidence intervals: check the tally fluctuation chart to verify.
 the results in other bins associated with this tally may not meet these statistical criteria.

 ----- estimated confidence intervals:  -----

 estimated asymmetric confidence interval(1,2,3 sigma): 1.9577E-03 to 1.9591E-03; 1.9570E-03 to 1.9599E-03; 1.9562E-03 to 1.9606E-03
 estimated  symmetric confidence interval(1,2,3 sigma): 1.9577E-03 to 1.9591E-03; 1.9570E-03 to 1.9599E-03; 1.9562E-03 to 1.9606E-03

1analysis of the results in the tally fluctuation chart bin (tfc) for tally 8004 with nps = 99000000         print table 160


 normed average tally per history  = 1.95841E-03          unnormed average tally per history  = 4.89602E-03
 estimated tally relative error    = 0.0004               estimated variance of the variance  = 0.0000
 relative error from zero tallies  = 0.0002               relative error from nonzero scores  = 0.0003

 number of nonzero history tallies =    14851847          efficiency for the nonzero tallies  = 0.1500
 history number of largest  tally  =    64373302          largest  unnormalized history tally = 1.12785E-01
 (largest  tally)/(average tally)  = 2.30361E+01          (largest  tally)/(avg nonzero tally)= 3.45585E+00

 (confidence interval shift)/mean  = 0.0000               shifted confidence interval center  = 1.95841E-03


 if the largest  history score sampled so far were to occur on the next history, the tfc bin quantities would change as follows:

      estimated quantities           value at nps           value at nps+1           value(nps+1)/value(nps)-1.

      mean                            1.95841E-03             1.95841E-03                     0.000000
      relative error                  3.70420E-04             3.70420E-04                     0.000000
      variance of the variance        1.53736E-07             1.53736E-07                     0.000000
      shifted center                  1.95841E-03             1.95841E-03                     0.000000
      figure of merit                 0.00000E+00             0.00000E+00                     0.000000

 the estimated slope of the 198 largest  tallies starting at  1.00656E-01 appears to be decreasing at least exponentially.
 the empirical history score probability density function appears to be increasing at the largest  history scores:
 please examine. see print table 161.
 the large score tail of the empirical history score probability density function appears to have no unsampled regions.

 fom = (histories/minute)*(f(x) signal-to-noise ratio)**2 = (0.000E+00)*( 2.713E-01)**2 = (0.000E+00)*(7.362E-02) = 0.000E+00


# ===================================================
# tally 9104
# ===================================================
1tally     9104        nps =    99000000
           tally type 4    track length estimate of particle flux.      units   1/cm**2        
           particle(s): neutrons  photons   electrons protons   deuterons tritons   helions   alphas   

 number of histories used for normalizing tallies =     99000000.00
           this tally is modified by   ft  let

           volumes 
                   cell:      500          501          502          503          504         total                
                         2.50000E+00  2.50000E+00  2.50000E+00  2.50000E+00  2.50000E+00  1.25000E+01
 
 cell  500                                                                                                                             
    s(e) (MeV/cm)
    1.0000E+00   3.63815E-04 0.0002
    1.0289E+00   0.00000E+00 0.0000
    1.0587E+00   0.00000E+00 0.0000
    1.0893E+00   0.00000E+00 0.0000
    1.1208E+00   0.00000E+00 0.0000
    1.1533E+00   0.00000E+00 0.0000
    1.1866E+00   0.00000E+00 0.0000
    1.2210E+00   0.00000E+00 0.0000
    1.2563E+00   0.00000E+00 0.0000
    1.2926E+00   0.00000E+00 0.0000
    1.3300E+00   0.00000E+00 0.0000
    1.3685E+00   0.00000E+00 0.0000
    1.4081E+00   0.00000E+00 0.0000
    1.4488E+00   0.00000E+00 0.0000
    1.4907E+00   0.00000E+00 0.0000
    1.5339E+00   0.00000E+00 0.0000
    1.5782E+00   0.00000E+00 0.0000
    1.6239E+00   0.00000E+00 0.0000
    1.6709E+00   0.00000E+00 0.0000
    1.7192E+00   0.00000E+00 0.0000
    1.7689E+00   0.00000E+00 0.0000
    1.8201E+00   0.00000E+00 0.0000
    1.8728E+00   0.00000E+00 0.0000
    1.9269E+00   0.00000E+00 0.0000
    1.9827E+00   0.00000E+00 0.0000
    2.0400E+00   0.00000E+00 0.0000
    2.0991E+00   0.00000E+00 0.0000
    2.1598E+00   1.16871E-06 0.0031
    2.2223E+00   4.59901E-07 0.0040
    2.2866E+00   2.08817E-07 0.0054
    2.3527E+00   7.41928E-08 0.0077
    2.4208E+00   8.08001E-08 0.0050
    2.4908E+00   3.44791E-08 0.0050
    2.5629E+00   3.18318E-08 0.0050
    2.6370E+00   2.95244E-08 0.0050
    2.7133E+00   2.72739E-08 0.0047
    2.7918E+00   2.53536E-08 0.0051
    2.8725E+00   2.31956E-08 0.0047
    2.9557E+00   2.14110E-08 0.0055
    3.0412E+00   8.47056E-11 0.3792
    3.1291E+00   1.95170E-08 0.0043
    3.2197E+00   1.79140E-08 0.0042
    3.3128E+00   4.37221E-12 1.0000
    3.4086E+00   1.63984E-08 0.0041
    3.5072E+00   1.50372E-08 0.0040
    3.6087E+00   4.12707E-11 0.4589
    3.7131E+00   1.38006E-08 0.0039
    3.8205E+00   1.26636E-08 0.0039
    3.9311E+00   0.00000E+00 0.0000
    4.0448E+00   1.16115E-08 0.0038
    4.1618E+00   0.00000E+00 0.0000
    4.2822E+00   1.06719E-08 0.0037
    4.4061E+00   1.29526E-11 0.7331
    4.5335E+00   9.77184E-09 0.0037
    4.6647E+00   0.00000E+00 0.0000
    4.7996E+00   8.97538E-09 0.0036
    4.9385E+00   8.23650E-09 0.0036
    5.0814E+00   0.00000E+00 0.0000
    5.2284E+00   7.55695E-09 0.0035
    5.3796E+00   0.00000E+00 0.0000
    5.5352E+00   6.93026E-09 0.0034
    5.6954E+00   0.00000E+00 0.0000
    5.8601E+00   0.00000E+00 0.0000
    6.0297E+00   6.37827E-09 0.0034
    6.2041E+00   0.00000E+00 0.0000
    6.3836E+00   5.86650E-09 0.0033
    6.5683E+00   0.00000E+00 0.0000
    6.7583E+00   5.38947E-09 0.0033
    6.9538E+00   0.00000E+00 0.0000
    7.1550E+00   4.93811E-09 0.0032
    7.3619E+00   0.00000E+00 0.0000
    7.5749E+00   4.55591E-09 0.0032
    7.7941E+00   0.00000E+00 0.0000
    8.0195E+00   4.19250E-09 0.0031
    8.2515E+00   2.88667E-11 0.4084
    8.4902E+00   3.86299E-09 0.0031
    8.7359E+00   2.00016E-10 0.1516
    8.9886E+00   7.63683E-12 0.7226
    9.2486E+00   4.13990E-09 0.0128
    9.5162E+00   5.17885E-11 0.3022
    9.7915E+00   3.35022E-09 0.0059
    1.0075E+01   1.49492E-09 0.0565
    1.0366E+01   3.15391E-09 0.0080
    1.0666E+01   2.70094E-09 0.0423
    1.0975E+01   3.24721E-10 0.1223
    1.1292E+01   7.07872E-09 0.0205
    1.1619E+01   6.13070E-10 0.0910
    1.1955E+01   3.26727E-09 0.0178
    1.2301E+01   1.10078E-07 0.0133
    1.2657E+01   1.45047E-07 0.0090
    1.3023E+01   2.85224E-05 0.0020
    1.3400E+01   1.32285E-05 0.0015
    1.3787E+01   1.70439E-05 0.0014
    1.4186E+01   1.50448E-04 0.0011
    1.4596E+01   2.13872E-05 0.0012
    1.5019E+01   1.25920E-04 0.0010
    1.5453E+01   2.55239E-05 0.0011
    1.5900E+01   1.43057E-04 0.0010
    1.6360E+01   1.86224E-05 0.0010
    1.6834E+01   1.94359E-05 0.0010
    1.7321E+01   1.33770E-04 0.0009
    1.7822E+01   2.26612E-05 0.0009
    1.8337E+01   1.45695E-04 0.0008
    1.8868E+01   1.99481E-05 0.0009
    1.9413E+01   1.99163E-05 0.0009
    1.9975E+01   1.05990E-04 0.0008
    2.0553E+01   1.78081E-05 0.0009
    2.1148E+01   9.92451E-05 0.0008
    2.1759E+01   1.65361E-05 0.0009
    2.2389E+01   1.72276E-05 0.0009
    2.3037E+01   9.63415E-05 0.0008
    2.3703E+01   1.52132E-05 0.0009
    2.4389E+01   7.93614E-05 0.0008
    2.5094E+01   1.22950E-05 0.0009
    2.5820E+01   1.20072E-05 0.0009
    2.6567E+01   6.07523E-05 0.0008
    2.7336E+01   9.26679E-06 0.0009
    2.8127E+01   5.29287E-05 0.0008
    2.8940E+01   8.68567E-06 0.0008
    2.9777E+01   4.83602E-05 0.0008
    3.0639E+01   8.52204E-06 0.0008
    3.1525E+01   7.85860E-06 0.0008
    3.2437E+01   4.51457E-05 0.0008
    3.3376E+01   7.09764E-06 0.0008
    3.4341E+01   4.02671E-05 0.0008
    3.5335E+01   7.31116E-06 0.0008
    3.6357E+01   6.15132E-06 0.0008
    3.7409E+01   3.54661E-05 0.0008
    3.8491E+01   5.45066E-06 0.0008
    3.9604E+01   2.98833E-05 0.0008
    4.0750E+01   5.39961E-06 0.0008
    4.1929E+01   4.40139E-06 0.0008
    4.3142E+01   2.54791E-05 0.0008
    4.4390E+01   3.72106E-06 0.0008
    4.5674E+01   2.10973E-05 0.0008
    4.6996E+01   3.70757E-06 0.0008
    4.8355E+01   2.97428E-06 0.0008
    4.9754E+01   1.78938E-05 0.0008
    5.1193E+01   2.51322E-06 0.0008
    5.2674E+01   1.48406E-05 0.0008
    5.4198E+01   2.57108E-06 0.0008
    5.5766E+01   2.11970E-06 0.0008
    5.7379E+01   1.25993E-05 0.0008
    5.9039E+01   1.71430E-06 0.0008
    6.0747E+01   1.06379E-05 0.0008
    6.2505E+01   1.74957E-06 0.0008
    6.4313E+01   8.70241E-06 0.0008
    6.6174E+01   1.85388E-06 0.0008
    6.8088E+01   1.20868E-06 0.0008
    7.0058E+01   7.73986E-06 0.0008
    7.2084E+01   1.18294E-06 0.0008
    7.4170E+01   6.40097E-06 0.0008
    7.6315E+01   1.27287E-06 0.0008
    7.8523E+01   8.90188E-07 0.0008
    8.0795E+01   5.66396E-06 0.0008
    8.3132E+01   7.94906E-07 0.0008
    8.5537E+01   4.78262E-06 0.0008
    8.8012E+01   8.44984E-07 0.0008
    9.0558E+01   3.97751E-06 0.0008
    9.3178E+01   8.78602E-07 0.0008
    9.5873E+01   5.75410E-07 0.0008
    9.8647E+01   3.60167E-06 0.0008
    1.0150E+02   5.22043E-07 0.0008
    1.0444E+02   3.05252E-06 0.0008
    1.0746E+02   5.27995E-07 0.0008
    1.1057E+02   2.54700E-06 0.0008
    1.1377E+02   5.36737E-07 0.0008
    1.1706E+02   3.69173E-07 0.0008
    1.2044E+02   2.27585E-06 0.0008
    1.2393E+02   3.23917E-07 0.0008
    1.2751E+02   1.93650E-06 0.0008
    1.3120E+02   3.26590E-07 0.0008
    1.3500E+02   1.61318E-06 0.0008
    1.3890E+02   3.35395E-07 0.0008
    1.4292E+02   2.30528E-07 0.0008
    1.4706E+02   1.43674E-06 0.0007
    1.5131E+02   2.06391E-07 0.0008
    1.5569E+02   1.21447E-06 0.0007
    1.6019E+02   2.13813E-07 0.0008
    1.6483E+02   1.00996E-06 0.0007
    1.6959E+02   2.16670E-07 0.0008
    1.7450E+02   1.43559E-07 0.0008
    1.7955E+02   9.02931E-07 0.0007
    1.8474E+02   1.38503E-07 0.0008
    1.9009E+02   7.53368E-07 0.0007
    1.9559E+02   1.46226E-07 0.0008
    2.0124E+02   1.07575E-07 0.0008
    2.0707E+02   6.61764E-07 0.0007
    2.1306E+02   9.40185E-08 0.0008
    2.1922E+02   5.60772E-07 0.0007
    2.2556E+02   9.78297E-08 0.0008
    2.3209E+02   8.71439E-08 0.0008
    2.3880E+02   4.78441E-07 0.0007
    2.4571E+02   6.69100E-08 0.0008
    2.5282E+02   4.15967E-07 0.0007
    2.6013E+02   6.60119E-08 0.0008
    2.6766E+02   3.48562E-07 0.0007
    2.7540E+02   6.92896E-08 0.0008
    2.8337E+02   5.27906E-08 0.0008
    2.9157E+02   3.07218E-07 0.0007
    3.0000E+02   4.52035E-08 0.0008
      total      2.32506E-03 0.0003
 
 cell  501                                                                                                                             
    s(e) (MeV/cm)
    1.0000E+00   3.69620E-04 0.0002
    1.0289E+00   0.00000E+00 0.0000
    1.0587E+00   0.00000E+00 0.0000
    1.0893E+00   0.00000E+00 0.0000
    1.1208E+00   0.00000E+00 0.0000
    1.1533E+00   0.00000E+00 0.0000
    1.1866E+00   0.00000E+00 0.0000
    1.2210E+00   0.00000E+00 0.0000
    1.2563E+00   0.00000E+00 0.0000
    1.2926E+00   0.00000E+00 0.0000
    1.3300E+00   0.00000E+00 0.0000
    1.3685E+00   0.00000E+00 0.0000
    1.4081E+00   0.00000E+00 0.0000
    1.4488E+00   0.00000E+00 0.0000
    1.4907E+00   0.00000E+00 0.0000
    1.5339E+00   0.00000E+00 0.0000
    1.5782E+00   0.00000E+00 0.0000
    1.6239E+00   0.00000E+00 0.0000
    1.6709E+00   0.00000E+00 0.0000
    1.7192E+00   0.00000E+00 0.0000
    1.7689E+00   0.00000E+00 0.0000
    1.8201E+00   0.00000E+00 0.0000
    1.8728E+00   0.00000E+00 0.0000
    1.9269E+00   0.00000E+00 0.0000
    1.9827E+00   0.00000E+00 0.0000
    2.0400E+00   0.00000E+00 0.0000
    2.0991E+00   0.00000E+00 0.0000
    2.1598E+00   1.19292E-06 0.0031
    2.2223E+00   4.70775E-07 0.0040
    2.2866E+00   2.13696E-07 0.0053
    2.3527E+00   7.56286E-08 0.0075
    2.4208E+00   8.20658E-08 0.0049
    2.4908E+00   3.54497E-08 0.0050
    2.5629E+00   3.25540E-08 0.0050
    2.6370E+00   3.00914E-08 0.0049
    2.7133E+00   2.78670E-08 0.0048
    2.7918E+00   2.59335E-08 0.0053
    2.8725E+00   2.35750E-08 0.0046
    2.9557E+00   2.18268E-08 0.0050
    3.0412E+00   5.84851E-11 0.3556
    3.1291E+00   1.98769E-08 0.0042
    3.2197E+00   1.82404E-08 0.0042
    3.3128E+00   7.72972E-12 0.7245
    3.4086E+00   1.67442E-08 0.0040
    3.5072E+00   1.54259E-08 0.0040
    3.6087E+00   2.63226E-11 0.5526
    3.7131E+00   1.40762E-08 0.0039
    3.8205E+00   1.29458E-08 0.0039
    3.9311E+00   9.02326E-12 1.0000
    4.0448E+00   1.18622E-08 0.0038
    4.1618E+00   0.00000E+00 0.0000
    4.2822E+00   1.08936E-08 0.0037
    4.4061E+00   6.70973E-12 0.7610
    4.5335E+00   1.00063E-08 0.0036
    4.6647E+00   0.00000E+00 0.0000
    4.7996E+00   9.16132E-09 0.0036
    4.9385E+00   8.40238E-09 0.0035
    5.0814E+00   0.00000E+00 0.0000
    5.2284E+00   7.70301E-09 0.0035
    5.3796E+00   0.00000E+00 0.0000
    5.5352E+00   7.07835E-09 0.0034
    5.6954E+00   0.00000E+00 0.0000
    5.8601E+00   0.00000E+00 0.0000
    6.0297E+00   6.51636E-09 0.0034
    6.2041E+00   0.00000E+00 0.0000
    6.3836E+00   5.98618E-09 0.0033
    6.5683E+00   0.00000E+00 0.0000
    6.7583E+00   5.49984E-09 0.0032
    6.9538E+00   0.00000E+00 0.0000
    7.1550E+00   5.04186E-09 0.0032
    7.3619E+00   0.00000E+00 0.0000
    7.5749E+00   4.64680E-09 0.0032
    7.7941E+00   0.00000E+00 0.0000
    8.0195E+00   4.27337E-09 0.0031
    8.2515E+00   4.16540E-11 0.3270
    8.4902E+00   3.94130E-09 0.0031
    8.7359E+00   1.63069E-10 0.1670
    8.9886E+00   1.86650E-11 0.5001
    9.2486E+00   4.20984E-09 0.0126
    9.5162E+00   5.16596E-11 0.3021
    9.7915E+00   3.40245E-09 0.0053
    1.0075E+01   1.49235E-09 0.0563
    1.0366E+01   3.25248E-09 0.0090
    1.0666E+01   2.73222E-09 0.0420
    1.0975E+01   3.18885E-10 0.1285
    1.1292E+01   7.29651E-09 0.0203
    1.1619E+01   5.33196E-10 0.0972
    1.1955E+01   3.34293E-09 0.0178
    1.2301E+01   7.29974E-07 0.0069
    1.2657E+01   7.65890E-07 0.0047
    1.3023E+01   6.53604E-05 0.0015
    1.3400E+01   2.10814E-05 0.0013
    1.3787E+01   2.38428E-05 0.0012
    1.4186E+01   1.48969E-04 0.0010
    1.4596E+01   2.12947E-05 0.0011
    1.5019E+01   1.48535E-04 0.0010
    1.5453E+01   2.68832E-05 0.0011
    1.5900E+01   1.38844E-04 0.0009
    1.6360E+01   2.06821E-05 0.0010
    1.6834E+01   2.29359E-05 0.0010
    1.7321E+01   1.59726E-04 0.0008
    1.7822E+01   2.38277E-05 0.0009
    1.8337E+01   1.37136E-04 0.0008
    1.8868E+01   1.80629E-05 0.0009
    1.9413E+01   1.85516E-05 0.0009
    1.9975E+01   1.10811E-04 0.0008
    2.0553E+01   2.05965E-05 0.0009
    2.1148E+01   1.12716E-04 0.0008
    2.1759E+01   1.74206E-05 0.0009
    2.2389E+01   1.76769E-05 0.0009
    2.3037E+01   9.22149E-05 0.0008
    2.3703E+01   1.37503E-05 0.0009
    2.4389E+01   7.21866E-05 0.0008
    2.5094E+01   1.16441E-05 0.0009
    2.5820E+01   1.16401E-05 0.0009
    2.6567E+01   6.27419E-05 0.0008
    2.7336E+01   1.02712E-05 0.0008
    2.8127E+01   6.02258E-05 0.0008
    2.8940E+01   1.00618E-05 0.0008
    2.9777E+01   5.54437E-05 0.0008
    3.0639E+01   9.56667E-06 0.0008
    3.1525E+01   8.69669E-06 0.0008
    3.2437E+01   4.86556E-05 0.0008
    3.3376E+01   7.34385E-06 0.0008
    3.4341E+01   4.05269E-05 0.0008
    3.5335E+01   7.12956E-06 0.0008
    3.6357E+01   5.90807E-06 0.0008
    3.7409E+01   3.35297E-05 0.0008
    3.8491E+01   5.03219E-06 0.0008
    3.9604E+01   2.72879E-05 0.0008
    4.0750E+01   4.88663E-06 0.0008
    4.1929E+01   3.96081E-06 0.0008
    4.3142E+01   2.29224E-05 0.0008
    4.4390E+01   3.34606E-06 0.0008
    4.5674E+01   1.90531E-05 0.0008
    4.6996E+01   3.36707E-06 0.0008
    4.8355E+01   2.71647E-06 0.0008
    4.9754E+01   1.64123E-05 0.0008
    5.1193E+01   2.33432E-06 0.0008
    5.2674E+01   1.38860E-05 0.0008
    5.4198E+01   2.42955E-06 0.0008
    5.5766E+01   2.01958E-06 0.0008
    5.7379E+01   1.20611E-05 0.0008
    5.9039E+01   1.66645E-06 0.0008
    6.0747E+01   1.03881E-05 0.0008
    6.2505E+01   1.72461E-06 0.0008
    6.4313E+01   8.66277E-06 0.0008
    6.6174E+01   1.85470E-06 0.0008
    6.8088E+01   1.22136E-06 0.0008
    7.0058E+01   7.84208E-06 0.0008
    7.2084E+01   1.20838E-06 0.0008
    7.4170E+01   6.57884E-06 0.0008
    7.6315E+01   1.31277E-06 0.0008
    7.8523E+01   9.25091E-07 0.0008
    8.0795E+01   5.89095E-06 0.0008
    8.3132E+01   8.32047E-07 0.0008
    8.5537E+01   5.02108E-06 0.0008
    8.8012E+01   8.89496E-07 0.0008
    9.0558E+01   4.20837E-06 0.0008
    9.3178E+01   9.32091E-07 0.0008
    9.5873E+01   6.12165E-07 0.0008
    9.8647E+01   3.83800E-06 0.0008
    1.0150E+02   5.58438E-07 0.0008
    1.0444E+02   3.27031E-06 0.0008
    1.0746E+02   5.66719E-07 0.0008
    1.1057E+02   2.74141E-06 0.0008
    1.1377E+02   5.78452E-07 0.0008
    1.1706E+02   3.98836E-07 0.0008
    1.2044E+02   2.45963E-06 0.0008
    1.2393E+02   3.50698E-07 0.0008
    1.2751E+02   2.09904E-06 0.0008
    1.3120E+02   3.54554E-07 0.0008
    1.3500E+02   1.75302E-06 0.0008
    1.3890E+02   3.64830E-07 0.0008
    1.4292E+02   2.51064E-07 0.0008
    1.4706E+02   1.56475E-06 0.0007
    1.5131E+02   2.25016E-07 0.0008
    1.5569E+02   1.32496E-06 0.0007
    1.6019E+02   2.33316E-07 0.0008
    1.6483E+02   1.10322E-06 0.0007
    1.6959E+02   2.36950E-07 0.0008
    1.7450E+02   1.56899E-07 0.0008
    1.7955E+02   9.87692E-07 0.0007
    1.8474E+02   1.51626E-07 0.0008
    1.9009E+02   8.24721E-07 0.0007
    1.9559E+02   1.60153E-07 0.0008
    2.0124E+02   1.17845E-07 0.0008
    2.0707E+02   7.25061E-07 0.0007
    2.1306E+02   1.03089E-07 0.0008
    2.1922E+02   6.14809E-07 0.0007
    2.2556E+02   1.07293E-07 0.0008
    2.3209E+02   9.55887E-08 0.0008
    2.3880E+02   5.24920E-07 0.0007
    2.4571E+02   7.34046E-08 0.0008
    2.5282E+02   4.56532E-07 0.0007
    2.6013E+02   7.24892E-08 0.0008
    2.6766E+02   3.82702E-07 0.0007
    2.7540E+02   7.61068E-08 0.0008
    2.8337E+02   5.79988E-08 0.0008
    2.9157E+02   3.37463E-07 0.0007
    3.0000E+02   4.96920E-08 0.0008
      total      2.44390E-03 0.0003
 
 cell  502                                                                                                                             
    s(e) (MeV/cm)
    1.0000E+00   3.75349E-04 0.0002
    1.0289E+00   0.00000E+00 0.0000
    1.0587E+00   0.00000E+00 0.0000
    1.0893E+00   0.00000E+00 0.0000
    1.1208E+00   0.00000E+00 0.0000
    1.1533E+00   0.00000E+00 0.0000
    1.1866E+00   0.00000E+00 0.0000
    1.2210E+00   0.00000E+00 0.0000
    1.2563E+00   0.00000E+00 0.0000
    1.2926E+00   0.00000E+00 0.0000
    1.3300E+00   0.00000E+00 0.0000
    1.3685E+00   0.00000E+00 0.0000
    1.4081E+00   0.00000E+00 0.0000
    1.4488E+00   0.00000E+00 0.0000
    1.4907E+00   0.00000E+00 0.0000
    1.5339E+00   0.00000E+00 0.0000
    1.5782E+00   0.00000E+00 0.0000
    1.6239E+00   0.00000E+00 0.0000
    1.6709E+00   0.00000E+00 0.0000
    1.7192E+00   0.00000E+00 0.0000
    1.7689E+00   0.00000E+00 0.0000
    1.8201E+00   0.00000E+00 0.0000
    1.8728E+00   0.00000E+00 0.0000
    1.9269E+00   0.00000E+00 0.0000
    1.9827E+00   0.00000E+00 0.0000
    2.0400E+00   0.00000E+00 0.0000
    2.0991E+00   0.00000E+00 0.0000
    2.1598E+00   1.21650E-06 0.0031
    2.2223E+00   4.80918E-07 0.0040
    2.2866E+00   2.17955E-07 0.0053
    2.3527E+00   7.75142E-08 0.0075
    2.4208E+00   8.35769E-08 0.0049
    2.4908E+00   3.60369E-08 0.0050
    2.5629E+00   3.29194E-08 0.0047
    2.6370E+00   3.05106E-08 0.0050
    2.7133E+00   2.80610E-08 0.0047
    2.7918E+00   2.61872E-08 0.0047
    2.8725E+00   2.40315E-08 0.0044
    2.9557E+00   2.21528E-08 0.0045
    3.0412E+00   4.22858E-11 0.3815
    3.1291E+00   2.02115E-08 0.0042
    3.2197E+00   1.85152E-08 0.0041
    3.3128E+00   4.72800E-12 1.0000
    3.4086E+00   1.70347E-08 0.0040
    3.5072E+00   1.56142E-08 0.0040
    3.6087E+00   2.83120E-11 0.5255
    3.7131E+00   1.43458E-08 0.0039
    3.8205E+00   1.31495E-08 0.0038
    3.9311E+00   9.10454E-12 1.0000
    4.0448E+00   1.20744E-08 0.0037
    4.1618E+00   0.00000E+00 0.0000
    4.2822E+00   1.10815E-08 0.0037
    4.4061E+00   4.68584E-12 1.0000
    4.5335E+00   1.01725E-08 0.0036
    4.6647E+00   0.00000E+00 0.0000
    4.7996E+00   9.31876E-09 0.0036
    4.9385E+00   8.54279E-09 0.0035
    5.0814E+00   0.00000E+00 0.0000
    5.2284E+00   7.82448E-09 0.0034
    5.3796E+00   0.00000E+00 0.0000
    5.5352E+00   7.18888E-09 0.0034
    5.6954E+00   0.00000E+00 0.0000
    5.8601E+00   0.00000E+00 0.0000
    6.0297E+00   6.60458E-09 0.0033
    6.2041E+00   0.00000E+00 0.0000
    6.3836E+00   6.06092E-09 0.0033
    6.5683E+00   0.00000E+00 0.0000
    6.7583E+00   5.57182E-09 0.0032
    6.9538E+00   0.00000E+00 0.0000
    7.1550E+00   5.12720E-09 0.0032
    7.3619E+00   0.00000E+00 0.0000
    7.5749E+00   4.71513E-09 0.0031
    7.7941E+00   0.00000E+00 0.0000
    8.0195E+00   4.33888E-09 0.0031
    8.2515E+00   2.91695E-11 0.3849
    8.4902E+00   4.00741E-09 0.0032
    8.7359E+00   1.84371E-10 0.1577
    8.9886E+00   1.86371E-11 0.5001
    9.2486E+00   4.26409E-09 0.0123
    9.5162E+00   7.38857E-11 0.2600
    9.7915E+00   3.48486E-09 0.0063
    1.0075E+01   1.50171E-09 0.0565
    1.0366E+01   3.29844E-09 0.0089
    1.0666E+01   2.71978E-09 0.0422
    1.0975E+01   3.09774E-10 0.1256
    1.1292E+01   7.50426E-09 0.0200
    1.1619E+01   7.95406E-10 0.0798
    1.1955E+01   3.98166E-09 0.0209
    1.2301E+01   3.66195E-06 0.0039
    1.2657E+01   2.94093E-06 0.0028
    1.3023E+01   1.15374E-04 0.0013
    1.3400E+01   2.47862E-05 0.0012
    1.3787E+01   2.51329E-05 0.0012
    1.4186E+01   1.43647E-04 0.0010
    1.4596E+01   2.60238E-05 0.0011
    1.5019E+01   1.63459E-04 0.0010
    1.5453E+01   2.50281E-05 0.0010
    1.5900E+01   1.49277E-04 0.0009
    1.6360E+01   2.58440E-05 0.0009
    1.6834E+01   2.80864E-05 0.0009
    1.7321E+01   1.68805E-04 0.0008
    1.7822E+01   2.14677E-05 0.0009
    1.8337E+01   1.28139E-04 0.0008
    1.8868E+01   1.94083E-05 0.0009
    1.9413E+01   2.06393E-05 0.0009
    1.9975E+01   1.27235E-04 0.0008
    2.0553E+01   2.25773E-05 0.0009
    2.1148E+01   1.12135E-04 0.0008
    2.1759E+01   1.58607E-05 0.0009
    2.2389E+01   1.59362E-05 0.0009
    2.3037E+01   8.42165E-05 0.0008
    2.3703E+01   1.33154E-05 0.0009
    2.4389E+01   7.53446E-05 0.0008
    2.5094E+01   1.30803E-05 0.0008
    2.5820E+01   1.32861E-05 0.0008
    2.6567E+01   7.23775E-05 0.0008
    2.7336E+01   1.17043E-05 0.0008
    2.8127E+01   6.65525E-05 0.0008
    2.8940E+01   1.06145E-05 0.0008
    2.9777E+01   5.59943E-05 0.0008
    3.0639E+01   9.23079E-06 0.0008
    3.1525E+01   8.28153E-06 0.0008
    3.2437E+01   4.52370E-05 0.0008
    3.3376E+01   6.64766E-06 0.0008
    3.4341E+01   3.64762E-05 0.0008
    3.5335E+01   6.40113E-06 0.0008
    3.6357E+01   5.31677E-06 0.0008
    3.7409E+01   3.04797E-05 0.0008
    3.8491E+01   4.65290E-06 0.0008
    3.9604E+01   2.56899E-05 0.0008
    4.0750E+01   4.68740E-06 0.0008
    4.1929E+01   3.85656E-06 0.0008
    4.3142E+01   2.26492E-05 0.0008
    4.4390E+01   3.39977E-06 0.0008
    4.5674E+01   1.96281E-05 0.0008
    4.6996E+01   3.52680E-06 0.0008
    4.8355E+01   2.88382E-06 0.0008
    4.9754E+01   1.75222E-05 0.0008
    5.1193E+01   2.53633E-06 0.0008
    5.2674E+01   1.51864E-05 0.0008
    5.4198E+01   2.67692E-06 0.0008
    5.5766E+01   2.24077E-06 0.0008
    5.7379E+01   1.34136E-05 0.0008
    5.9039E+01   1.86758E-06 0.0008
    6.0747E+01   1.16726E-05 0.0008
    6.2505E+01   1.94560E-06 0.0008
    6.4313E+01   9.79468E-06 0.0008
    6.6174E+01   2.10101E-06 0.0008
    6.8088E+01   1.38453E-06 0.0008
    7.0058E+01   8.88911E-06 0.0008
    7.2084E+01   1.36899E-06 0.0008
    7.4170E+01   7.45490E-06 0.0008
    7.6315E+01   1.48725E-06 0.0008
    7.8523E+01   1.04706E-06 0.0008
    8.0795E+01   6.66785E-06 0.0008
    8.3132E+01   9.40245E-07 0.0008
    8.5537E+01   5.67382E-06 0.0008
    8.8012E+01   1.00457E-06 0.0008
    9.0558E+01   4.74541E-06 0.0008
    9.3178E+01   1.05076E-06 0.0008
    9.5873E+01   6.88934E-07 0.0008
    9.8647E+01   4.31989E-06 0.0008
    1.0150E+02   6.27277E-07 0.0008
    1.0444E+02   3.67303E-06 0.0008
    1.0746E+02   6.36067E-07 0.0008
    1.1057E+02   3.07247E-06 0.0007
    1.1377E+02   6.47775E-07 0.0008
    1.1706E+02   4.46214E-07 0.0008
    1.2044E+02   2.75029E-06 0.0007
    1.2393E+02   3.91565E-07 0.0008
    1.2751E+02   2.34276E-06 0.0007
    1.3120E+02   3.95345E-07 0.0008
    1.3500E+02   1.95302E-06 0.0007
    1.3890E+02   4.06208E-07 0.0008
    1.4292E+02   2.79258E-07 0.0008
    1.4706E+02   1.74040E-06 0.0007
    1.5131E+02   2.50066E-07 0.0008
    1.5569E+02   1.47153E-06 0.0007
    1.6019E+02   2.59188E-07 0.0008
    1.6483E+02   1.22404E-06 0.0007
    1.6959E+02   2.62750E-07 0.0008
    1.7450E+02   1.74093E-07 0.0008
    1.7955E+02   1.09476E-06 0.0007
    1.8474E+02   1.68031E-07 0.0008
    1.9009E+02   9.13522E-07 0.0007
    1.9559E+02   1.77352E-07 0.0008
    2.0124E+02   1.30473E-07 0.0008
    2.0707E+02   8.02550E-07 0.0007
    2.1306E+02   1.14051E-07 0.0008
    2.1922E+02   6.80203E-07 0.0007
    2.2556E+02   1.18651E-07 0.0008
    2.3209E+02   1.05648E-07 0.0008
    2.3880E+02   5.80513E-07 0.0007
    2.4571E+02   8.11488E-08 0.0008
    2.5282E+02   5.04646E-07 0.0007
    2.6013E+02   8.00728E-08 0.0008
    2.6766E+02   4.22878E-07 0.0007
    2.7540E+02   8.41137E-08 0.0008
    2.8337E+02   6.40444E-08 0.0008
    2.9157E+02   3.72783E-07 0.0007
    3.0000E+02   5.48437E-08 0.0008
      total      2.57609E-03 0.0003
 
 cell  503                                                                                                                             
    s(e) (MeV/cm)
    1.0000E+00   3.80887E-04 0.0002
    1.0289E+00   0.00000E+00 0.0000
    1.0587E+00   0.00000E+00 0.0000
    1.0893E+00   0.00000E+00 0.0000
    1.1208E+00   0.00000E+00 0.0000
    1.1533E+00   0.00000E+00 0.0000
    1.1866E+00   0.00000E+00 0.0000
    1.2210E+00   0.00000E+00 0.0000
    1.2563E+00   0.00000E+00 0.0000
    1.2926E+00   0.00000E+00 0.0000
    1.3300E+00   0.00000E+00 0.0000
    1.3685E+00   0.00000E+00 0.0000
    1.4081E+00   0.00000E+00 0.0000
    1.4488E+00   0.00000E+00 0.0000
    1.4907E+00   0.00000E+00 0.0000
    1.5339E+00   0.00000E+00 0.0000
    1.5782E+00   0.00000E+00 0.0000
    1.6239E+00   0.00000E+00 0.0000
    1.6709E+00   0.00000E+00 0.0000
    1.7192E+00   0.00000E+00 0.0000
    1.7689E+00   0.00000E+00 0.0000
    1.8201E+00   0.00000E+00 0.0000
    1.8728E+00   0.00000E+00 0.0000
    1.9269E+00   0.00000E+00 0.0000
    1.9827E+00   0.00000E+00 0.0000
    2.0400E+00   0.00000E+00 0.0000
    2.0991E+00   0.00000E+00 0.0000
    2.1598E+00   1.23645E-06 0.0031
    2.2223E+00   4.92370E-07 0.0040
    2.2866E+00   2.20880E-07 0.0053
    2.3527E+00   7.84597E-08 0.0074
    2.4208E+00   8.45785E-08 0.0047
    2.4908E+00   3.68038E-08 0.0050
    2.5629E+00   3.37220E-08 0.0047
    2.6370E+00   3.12928E-08 0.0051
    2.7133E+00   2.89072E-08 0.0047
    2.7918E+00   2.67694E-08 0.0049
    2.8725E+00   2.44892E-08 0.0044
    2.9557E+00   2.25846E-08 0.0043
    3.0412E+00   2.83150E-11 0.4891
    3.1291E+00   2.06400E-08 0.0042
    3.2197E+00   1.89499E-08 0.0040
    3.3128E+00   1.78518E-11 0.5843
    3.4086E+00   1.74764E-08 0.0041
    3.5072E+00   1.59790E-08 0.0040
    3.6087E+00   1.01732E-11 0.7084
    3.7131E+00   1.46133E-08 0.0038
    3.8205E+00   1.34244E-08 0.0038
    3.9311E+00   9.17894E-12 1.0000
    4.0448E+00   1.23159E-08 0.0037
    4.1618E+00   0.00000E+00 0.0000
    4.2822E+00   1.12863E-08 0.0036
    4.4061E+00   4.67096E-12 1.0000
    4.5335E+00   1.03411E-08 0.0036
    4.6647E+00   0.00000E+00 0.0000
    4.7996E+00   9.47271E-09 0.0035
    4.9385E+00   8.69728E-09 0.0035
    5.0814E+00   0.00000E+00 0.0000
    5.2284E+00   7.99142E-09 0.0034
    5.3796E+00   0.00000E+00 0.0000
    5.5352E+00   7.35466E-09 0.0034
    5.6954E+00   0.00000E+00 0.0000
    5.8601E+00   0.00000E+00 0.0000
    6.0297E+00   6.74492E-09 0.0033
    6.2041E+00   0.00000E+00 0.0000
    6.3836E+00   6.19466E-09 0.0032
    6.5683E+00   0.00000E+00 0.0000
    6.7583E+00   5.70325E-09 0.0032
    6.9538E+00   0.00000E+00 0.0000
    7.1550E+00   5.23459E-09 0.0031
    7.3619E+00   0.00000E+00 0.0000
    7.5749E+00   4.81354E-09 0.0031
    7.7941E+00   0.00000E+00 0.0000
    8.0195E+00   4.43546E-09 0.0031
    8.2515E+00   2.31870E-11 0.4480
    8.4902E+00   4.08916E-09 0.0030
    8.7359E+00   1.88364E-10 0.1551
    8.9886E+00   3.15075E-11 0.3786
    9.2486E+00   4.36522E-09 0.0123
    9.5162E+00   5.37483E-11 0.2958
    9.7915E+00   3.54495E-09 0.0058
    1.0075E+01   1.52763E-09 0.0559
    1.0366E+01   3.41968E-09 0.0097
    1.0666E+01   2.68507E-09 0.0425
    1.0975E+01   3.54015E-10 0.1177
    1.1292E+01   9.00198E-09 0.0200
    1.1619E+01   3.32238E-09 0.0443
    1.1955E+01   1.14470E-08 0.0226
    1.2301E+01   1.36810E-05 0.0025
    1.2657E+01   8.16533E-06 0.0019
    1.3023E+01   1.60292E-04 0.0011
    1.3400E+01   2.30072E-05 0.0012
    1.3787E+01   2.22796E-05 0.0012
    1.4186E+01   1.55566E-04 0.0010
    1.4596E+01   3.07651E-05 0.0011
    1.5019E+01   1.61847E-04 0.0009
    1.5453E+01   2.58139E-05 0.0010
    1.5900E+01   1.78622E-04 0.0008
    1.6360E+01   2.86356E-05 0.0009
    1.6834E+01   2.91264E-05 0.0009
    1.7321E+01   1.56915E-04 0.0008
    1.7822E+01   2.03284E-05 0.0009
    1.8337E+01   1.39100E-04 0.0008
    1.8868E+01   2.25758E-05 0.0009
    1.9413E+01   2.36173E-05 0.0009
    1.9975E+01   1.32970E-04 0.0008
    2.0553E+01   2.11411E-05 0.0009
    2.1148E+01   1.01585E-04 0.0008
    2.1759E+01   1.48986E-05 0.0009
    2.2389E+01   1.54134E-05 0.0009
    2.3037E+01   8.85024E-05 0.0008
    2.3703E+01   1.51657E-05 0.0008
    2.4389E+01   8.69005E-05 0.0008
    2.5094E+01   1.48210E-05 0.0008
    2.5820E+01   1.47978E-05 0.0008
    2.6567E+01   7.65653E-05 0.0008
    2.7336E+01   1.15739E-05 0.0008
    2.8127E+01   6.33533E-05 0.0008
    2.8940E+01   9.67927E-06 0.0008
    2.9777E+01   5.03988E-05 0.0008
    3.0639E+01   8.30151E-06 0.0008
    3.1525E+01   7.47109E-06 0.0008
    3.2437E+01   4.15776E-05 0.0008
    3.3376E+01   6.32686E-06 0.0008
    3.4341E+01   3.56592E-05 0.0008
    3.5335E+01   6.47130E-06 0.0008
    3.6357E+01   5.48800E-06 0.0008
    3.7409E+01   3.20820E-05 0.0008
    3.8491E+01   5.04586E-06 0.0008
    3.9604E+01   2.82904E-05 0.0008
    4.0750E+01   5.23500E-06 0.0008
    4.1929E+01   4.33995E-06 0.0008
    4.3142E+01   2.55939E-05 0.0008
    4.4390E+01   3.85998E-06 0.0008
    4.5674E+01   2.22751E-05 0.0008
    4.6996E+01   3.99644E-06 0.0008
    4.8355E+01   3.25574E-06 0.0008
    4.9754E+01   1.97487E-05 0.0008
    5.1193E+01   2.83702E-06 0.0008
    5.2674E+01   1.68959E-05 0.0008
    5.4198E+01   2.96221E-06 0.0008
    5.5766E+01   2.46418E-06 0.0008
    5.7379E+01   1.47039E-05 0.0008
    5.9039E+01   2.02654E-06 0.0008
    6.0747E+01   1.26196E-05 0.0008
    6.2505E+01   2.08772E-06 0.0008
    6.4313E+01   1.04376E-05 0.0008
    6.6174E+01   2.22906E-06 0.0008
    6.8088E+01   1.45756E-06 0.0008
    7.0058E+01   9.34141E-06 0.0008
    7.2084E+01   1.43009E-06 0.0008
    7.4170E+01   7.74751E-06 0.0008
    7.6315E+01   1.54181E-06 0.0008
    7.8523E+01   1.07816E-06 0.0008
    8.0795E+01   6.86345E-06 0.0008
    8.3132E+01   9.62847E-07 0.0008
    8.5537E+01   5.79342E-06 0.0008
    8.8012E+01   1.02339E-06 0.0008
    9.0558E+01   4.81275E-06 0.0007
    9.3178E+01   1.06376E-06 0.0008
    9.5873E+01   6.94703E-07 0.0008
    9.8647E+01   4.35240E-06 0.0007
    1.0150E+02   6.30146E-07 0.0008
    1.0444E+02   3.68159E-06 0.0007
    1.0746E+02   6.36557E-07 0.0008
    1.1057E+02   3.06659E-06 0.0007
    1.1377E+02   6.45815E-07 0.0008
    1.1706E+02   4.44186E-07 0.0008
    1.2044E+02   2.73564E-06 0.0007
    1.2393E+02   3.88749E-07 0.0008
    1.2751E+02   2.32388E-06 0.0007
    1.3120E+02   3.91511E-07 0.0008
    1.3500E+02   1.93265E-06 0.0007
    1.3890E+02   4.01969E-07 0.0008
    1.4292E+02   2.75826E-07 0.0008
    1.4706E+02   1.71904E-06 0.0007
    1.5131E+02   2.46712E-07 0.0008
    1.5569E+02   1.45124E-06 0.0007
    1.6019E+02   2.55467E-07 0.0008
    1.6483E+02   1.20533E-06 0.0007
    1.6959E+02   2.58745E-07 0.0008
    1.7450E+02   1.71137E-07 0.0008
    1.7955E+02   1.07668E-06 0.0007
    1.8474E+02   1.65126E-07 0.0008
    1.9009E+02   8.97400E-07 0.0007
    1.9559E+02   1.74240E-07 0.0008
    2.0124E+02   1.28044E-07 0.0008
    2.0707E+02   7.87721E-07 0.0007
    2.1306E+02   1.11933E-07 0.0008
    2.1922E+02   6.67064E-07 0.0007
    2.2556E+02   1.16374E-07 0.0008
    2.3209E+02   1.03797E-07 0.0008
    2.3880E+02   5.68710E-07 0.0007
    2.4571E+02   7.95805E-08 0.0008
    2.5282E+02   4.94317E-07 0.0007
    2.6013E+02   7.84944E-08 0.0008
    2.6766E+02   4.14040E-07 0.0007
    2.7540E+02   8.24047E-08 0.0008
    2.8337E+02   6.27434E-08 0.0008
    2.9157E+02   3.64845E-07 0.0007
    3.0000E+02   5.37536E-08 0.0008
      total      2.71329E-03 0.0003
 
 cell  504                                                                                                                             
    s(e) (MeV/cm)
    1.0000E+00   3.86172E-04 0.0002
    1.0289E+00   0.00000E+00 0.0000
    1.0587E+00   0.00000E+00 0.0000
    1.0893E+00   0.00000E+00 0.0000
    1.1208E+00   0.00000E+00 0.0000
    1.1533E+00   0.00000E+00 0.0000
    1.1866E+00   0.00000E+00 0.0000
    1.2210E+00   0.00000E+00 0.0000
    1.2563E+00   0.00000E+00 0.0000
    1.2926E+00   0.00000E+00 0.0000
    1.3300E+00   0.00000E+00 0.0000
    1.3685E+00   0.00000E+00 0.0000
    1.4081E+00   0.00000E+00 0.0000
    1.4488E+00   0.00000E+00 0.0000
    1.4907E+00   0.00000E+00 0.0000
    1.5339E+00   0.00000E+00 0.0000
    1.5782E+00   0.00000E+00 0.0000
    1.6239E+00   0.00000E+00 0.0000
    1.6709E+00   0.00000E+00 0.0000
    1.7192E+00   0.00000E+00 0.0000
    1.7689E+00   0.00000E+00 0.0000
    1.8201E+00   0.00000E+00 0.0000
    1.8728E+00   0.00000E+00 0.0000
    1.9269E+00   0.00000E+00 0.0000
    1.9827E+00   0.00000E+00 0.0000
    2.0400E+00   0.00000E+00 0.0000
    2.0991E+00   0.00000E+00 0.0000
    2.1598E+00   1.26380E-06 0.0031
    2.2223E+00   4.98516E-07 0.0039
    2.2866E+00   2.25036E-07 0.0053
    2.3527E+00   8.01096E-08 0.0074
    2.4208E+00   8.62632E-08 0.0047
    2.4908E+00   3.72321E-08 0.0048
    2.5629E+00   3.44401E-08 0.0051
    2.6370E+00   3.16812E-08 0.0047
    2.7133E+00   2.93006E-08 0.0046
    2.7918E+00   2.73012E-08 0.0050
    2.8725E+00   2.48827E-08 0.0044
    2.9557E+00   2.29095E-08 0.0047
    3.0412E+00   2.05586E-11 0.5023
    3.1291E+00   2.09764E-08 0.0041
    3.2197E+00   1.92624E-08 0.0040
    3.3128E+00   1.13787E-11 0.7179
    3.4086E+00   1.76858E-08 0.0039
    3.5072E+00   1.62157E-08 0.0040
    3.6087E+00   7.02621E-12 0.7535
    3.7131E+00   1.48602E-08 0.0038
    3.8205E+00   1.35843E-08 0.0038
    3.9311E+00   6.48005E-12 1.0000
    4.0448E+00   1.24592E-08 0.0038
    4.1618E+00   0.00000E+00 0.0000
    4.2822E+00   1.14519E-08 0.0036
    4.4061E+00   4.66592E-12 1.0000
    4.5335E+00   1.04996E-08 0.0036
    4.6647E+00   0.00000E+00 0.0000
    4.7996E+00   9.63342E-09 0.0035
    4.9385E+00   8.84824E-09 0.0034
    5.0814E+00   0.00000E+00 0.0000
    5.2284E+00   8.09257E-09 0.0034
    5.3796E+00   0.00000E+00 0.0000
    5.5352E+00   7.44898E-09 0.0033
    5.6954E+00   0.00000E+00 0.0000
    5.8601E+00   0.00000E+00 0.0000
    6.0297E+00   6.84268E-09 0.0033
    6.2041E+00   0.00000E+00 0.0000
    6.3836E+00   6.29181E-09 0.0032
    6.5683E+00   0.00000E+00 0.0000
    6.7583E+00   5.79168E-09 0.0032
    6.9538E+00   0.00000E+00 0.0000
    7.1550E+00   5.32595E-09 0.0031
    7.3619E+00   0.00000E+00 0.0000
    7.5749E+00   4.88749E-09 0.0031
    7.7941E+00   0.00000E+00 0.0000
    8.0195E+00   4.50221E-09 0.0030
    8.2515E+00   2.39469E-11 0.4476
    8.4902E+00   4.15592E-09 0.0032
    8.7359E+00   2.00320E-10 0.1511
    8.9886E+00   2.85887E-11 0.4084
    9.2486E+00   4.40903E-09 0.0121
    9.5162E+00   3.87139E-11 0.3551
    9.7915E+00   3.58998E-09 0.0054
    1.0075E+01   1.62824E-09 0.0543
    1.0366E+01   3.38436E-09 0.0078
    1.0666E+01   2.79853E-09 0.0414
    1.0975E+01   3.09024E-10 0.1268
    1.1292E+01   2.53056E-08 0.0202
    1.1619E+01   2.91782E-08 0.0182
    1.1955E+01   7.41425E-08 0.0120
    1.2301E+01   3.84476E-05 0.0018
    1.2657E+01   1.63087E-05 0.0014
    1.3023E+01   1.81743E-04 0.0011
    1.3400E+01   2.06244E-05 0.0012
    1.3787E+01   2.15204E-05 0.0012
    1.4186E+01   1.80255E-04 0.0010
    1.4596E+01   3.07036E-05 0.0011
    1.5019E+01   1.63514E-04 0.0009
    1.5453E+01   3.19545E-05 0.0010
    1.5900E+01   1.99967E-04 0.0008
    1.6360E+01   2.64073E-05 0.0009
    1.6834E+01   2.59753E-05 0.0009
    1.7321E+01   1.50715E-04 0.0008
    1.7822E+01   2.31398E-05 0.0009
    1.8337E+01   1.57805E-04 0.0008
    1.8868E+01   2.31553E-05 0.0009
    1.9413E+01   2.34318E-05 0.0009
    1.9975E+01   1.22310E-04 0.0008
    2.0553E+01   1.92768E-05 0.0009
    2.1148E+01   1.01822E-04 0.0008
    2.1759E+01   1.66955E-05 0.0009
    2.2389E+01   1.75780E-05 0.0008
    2.3037E+01   1.01851E-04 0.0008
    2.3703E+01   1.69556E-05 0.0008
    2.4389E+01   9.10333E-05 0.0008
    2.5094E+01   1.43980E-05 0.0008
    2.5820E+01   1.41172E-05 0.0008
    2.6567E+01   7.03190E-05 0.0008
    2.7336E+01   1.03456E-05 0.0008
    2.8127E+01   5.73197E-05 0.0008
    2.8940E+01   9.03593E-06 0.0008
    2.9777E+01   4.90692E-05 0.0008
    3.0639E+01   8.49613E-06 0.0008
    3.1525E+01   7.78682E-06 0.0008
    3.2437E+01   4.46838E-05 0.0008
    3.3376E+01   7.03140E-06 0.0008
    3.4341E+01   4.01702E-05 0.0008
    3.5335E+01   7.36187E-06 0.0008
    3.6357E+01   6.24122E-06 0.0008
    3.7409E+01   3.63172E-05 0.0008
    3.8491E+01   5.66590E-06 0.0008
    3.9604E+01   3.13451E-05 0.0008
    4.0750E+01   5.73091E-06 0.0008
    4.1929E+01   4.70255E-06 0.0008
    4.3142E+01   2.74178E-05 0.0008
    4.4390E+01   4.05134E-06 0.0008
    4.5674E+01   2.31028E-05 0.0008
    4.6996E+01   4.08806E-06 0.0008
    4.8355E+01   3.29345E-06 0.0008
    4.9754E+01   1.98565E-05 0.0008
    5.1193E+01   2.80685E-06 0.0008
    5.2674E+01   1.66143E-05 0.0008
    5.4198E+01   2.88760E-06 0.0008
    5.5766E+01   2.38730E-06 0.0008
    5.7379E+01   1.41948E-05 0.0008
    5.9039E+01   1.93615E-06 0.0008
    6.0747E+01   1.20226E-05 0.0008
    6.2505E+01   1.97822E-06 0.0008
    6.4313E+01   9.84795E-06 0.0008
    6.6174E+01   2.09849E-06 0.0008
    6.8088E+01   1.36741E-06 0.0008
    7.0058E+01   8.75880E-06 0.0008
    7.2084E+01   1.33781E-06 0.0008
    7.4170E+01   7.23756E-06 0.0008
    7.6315E+01   1.43841E-06 0.0008
    7.8523E+01   1.00506E-06 0.0008
    8.0795E+01   6.39402E-06 0.0007
    8.3132E+01   8.96992E-07 0.0008
    8.5537E+01   5.38938E-06 0.0007
    8.8012E+01   9.51506E-07 0.0008
    9.0558E+01   4.47414E-06 0.0007
    9.3178E+01   9.87814E-07 0.0008
    9.5873E+01   6.46466E-07 0.0008
    9.8647E+01   4.04636E-06 0.0007
    1.0150E+02   5.85838E-07 0.0008
    1.0444E+02   3.42509E-06 0.0007
    1.0746E+02   5.92018E-07 0.0008
    1.1057E+02   2.85451E-06 0.0007
    1.1377E+02   6.01544E-07 0.0008
    1.1706E+02   4.13528E-07 0.0008
    1.2044E+02   2.54840E-06 0.0007
    1.2393E+02   3.62517E-07 0.0008
    1.2751E+02   2.16607E-06 0.0007
    1.3120E+02   3.65383E-07 0.0008
    1.3500E+02   1.80326E-06 0.0007
    1.3890E+02   3.74884E-07 0.0008
    1.4292E+02   2.57695E-07 0.0008
    1.4706E+02   1.60496E-06 0.0007
    1.5131E+02   2.30525E-07 0.0008
    1.5569E+02   1.35597E-06 0.0007
    1.6019E+02   2.38607E-07 0.0008
    1.6483E+02   1.12701E-06 0.0007
    1.6959E+02   2.42003E-07 0.0008
    1.7450E+02   1.60104E-07 0.0008
    1.7955E+02   1.00727E-06 0.0007
    1.8474E+02   1.54589E-07 0.0008
    1.9009E+02   8.39947E-07 0.0007
    1.9559E+02   1.63057E-07 0.0008
    2.0124E+02   1.20003E-07 0.0008
    2.0707E+02   7.37603E-07 0.0007
    2.1306E+02   1.04862E-07 0.0008
    2.1922E+02   6.24833E-07 0.0007
    2.2556E+02   1.09076E-07 0.0008
    2.3209E+02   9.76224E-08 0.0008
    2.3880E+02   5.32620E-07 0.0007
    2.4571E+02   7.46034E-08 0.0008
    2.5282E+02   4.63332E-07 0.0007
    2.6013E+02   7.37154E-08 0.0008
    2.6766E+02   3.88129E-07 0.0007
    2.7540E+02   7.73658E-08 0.0008
    2.8337E+02   5.88636E-08 0.0008
    2.9157E+02   3.42166E-07 0.0007
    3.0000E+02   5.05378E-08 0.0008
      total      2.84306E-03 0.0003
 
 cell union total                                                                                                                      
    s(e) (MeV/cm)
    1.0000E+00   3.75169E-04 0.0002
    1.0289E+00   0.00000E+00 0.0000
    1.0587E+00   0.00000E+00 0.0000
    1.0893E+00   0.00000E+00 0.0000
    1.1208E+00   0.00000E+00 0.0000
    1.1533E+00   0.00000E+00 0.0000
    1.1866E+00   0.00000E+00 0.0000
    1.2210E+00   0.00000E+00 0.0000
    1.2563E+00   0.00000E+00 0.0000
    1.2926E+00   0.00000E+00 0.0000
    1.3300E+00   0.00000E+00 0.0000
    1.3685E+00   0.00000E+00 0.0000
    1.4081E+00   0.00000E+00 0.0000
    1.4488E+00   0.00000E+00 0.0000
    1.4907E+00   0.00000E+00 0.0000
    1.5339E+00   0.00000E+00 0.0000
    1.5782E+00   0.00000E+00 0.0000
    1.6239E+00   0.00000E+00 0.0000
    1.6709E+00   0.00000E+00 0.0000
    1.7192E+00   0.00000E+00 0.0000
    1.7689E+00   0.00000E+00 0.0000
    1.8201E+00   0.00000E+00 0.0000
    1.8728E+00   0.00000E+00 0.0000
    1.9269E+00   0.00000E+00 0.0000
    1.9827E+00   0.00000E+00 0.0000
    2.0400E+00   0.00000E+00 0.0000
    2.0991E+00   0.00000E+00 0.0000
    2.1598E+00   1.21568E-06 0.0021
    2.2223E+00   4.80496E-07 0.0025
    2.2866E+00   2.17277E-07 0.0033
    2.3527E+00   7.71810E-08 0.0046
    2.4208E+00   8.34569E-08 0.0026
    2.4908E+00   3.60003E-08 0.0026
    2.5629E+00   3.30935E-08 0.0025
    2.6370E+00   3.06201E-08 0.0027
    2.7133E+00   2.82820E-08 0.0024
    2.7918E+00   2.63090E-08 0.0027
    2.8725E+00   2.40348E-08 0.0023
    2.9557E+00   2.21769E-08 0.0025
    3.0412E+00   4.68700E-11 0.3162
    3.1291E+00   2.02444E-08 0.0021
    3.2197E+00   1.85764E-08 0.0020
    3.3128E+00   9.21209E-12 0.5344
    3.4086E+00   1.70679E-08 0.0020
    3.5072E+00   1.56544E-08 0.0020
    3.6087E+00   2.26209E-11 0.4465
    3.7131E+00   1.43392E-08 0.0019
    3.8205E+00   1.31535E-08 0.0020
    3.9311E+00   6.75736E-12 0.8307
    4.0448E+00   1.20647E-08 0.0019
    4.1618E+00   0.00000E+00 0.0000
    4.2822E+00   1.10770E-08 0.0019
    4.4061E+00   6.73701E-12 0.7591
    4.5335E+00   1.01583E-08 0.0019
    4.6647E+00   0.00000E+00 0.0000
    4.7996E+00   9.31232E-09 0.0018
    4.9385E+00   8.54544E-09 0.0018
    5.0814E+00   0.00000E+00 0.0000
    5.2284E+00   7.83369E-09 0.0018
    5.3796E+00   0.00000E+00 0.0000
    5.5352E+00   7.20022E-09 0.0018
    5.6954E+00   0.00000E+00 0.0000
    5.8601E+00   0.00000E+00 0.0000
    6.0297E+00   6.61736E-09 0.0018
    6.2041E+00   0.00000E+00 0.0000
    6.3836E+00   6.08001E-09 0.0018
    6.5683E+00   0.00000E+00 0.0000
    6.7583E+00   5.59121E-09 0.0018
    6.9538E+00   0.00000E+00 0.0000
    7.1550E+00   5.13354E-09 0.0017
    7.3619E+00   0.00000E+00 0.0000
    7.5749E+00   4.72377E-09 0.0017
    7.7941E+00   0.00000E+00 0.0000
    8.0195E+00   4.34848E-09 0.0017
    8.2515E+00   2.93648E-11 0.3283
    8.4902E+00   4.01136E-09 0.0017
    8.7359E+00   1.87228E-10 0.1318
    8.9886E+00   2.10070E-11 0.2093
    9.2486E+00   4.27761E-09 0.0101
    9.5162E+00   5.39592E-11 0.1336
    9.7915E+00   3.47449E-09 0.0028
    1.0075E+01   1.52897E-09 0.0457
    1.0366E+01   3.30177E-09 0.0040
    1.0666E+01   2.72731E-09 0.0332
    1.0975E+01   3.23284E-10 0.0555
    1.1292E+01   1.12374E-08 0.0141
    1.1619E+01   6.88844E-09 0.0178
    1.1955E+01   1.92363E-08 0.0109
    1.2301E+01   1.13261E-05 0.0021
    1.2657E+01   5.66518E-06 0.0016
    1.3023E+01   1.10258E-04 0.0011
    1.3400E+01   2.05455E-05 0.0010
    1.3787E+01   2.19639E-05 0.0010
    1.4186E+01   1.55777E-04 0.0008
    1.4596E+01   2.60349E-05 0.0008
    1.5019E+01   1.52655E-04 0.0008
    1.5453E+01   2.70407E-05 0.0008
    1.5900E+01   1.61953E-04 0.0007
    1.6360E+01   2.40383E-05 0.0007
    1.6834E+01   2.51120E-05 0.0007
    1.7321E+01   1.53986E-04 0.0007
    1.7822E+01   2.22850E-05 0.0007
    1.8337E+01   1.41575E-04 0.0006
    1.8868E+01   2.06300E-05 0.0006
    1.9413E+01   2.12313E-05 0.0007
    1.9975E+01   1.19863E-04 0.0006
    2.0553E+01   2.02800E-05 0.0007
    2.1148E+01   1.05501E-04 0.0006
    2.1759E+01   1.62823E-05 0.0006
    2.2389E+01   1.67664E-05 0.0006
    2.3037E+01   9.26253E-05 0.0006
    2.3703E+01   1.48800E-05 0.0006
    2.4389E+01   8.09653E-05 0.0006
    2.5094E+01   1.32477E-05 0.0006
    2.5820E+01   1.31697E-05 0.0006
    2.6567E+01   6.85512E-05 0.0006
    2.7336E+01   1.06324E-05 0.0006
    2.8127E+01   6.00760E-05 0.0006
    2.8940E+01   9.61544E-06 0.0006
    2.9777E+01   5.18532E-05 0.0006
    3.0639E+01   8.82343E-06 0.0006
    3.1525E+01   8.01894E-06 0.0006
    3.2437E+01   4.50599E-05 0.0006
    3.3376E+01   6.88948E-06 0.0006
    3.4341E+01   3.86199E-05 0.0006
    3.5335E+01   6.93500E-06 0.0006
    3.6357E+01   5.82108E-06 0.0006
    3.7409E+01   3.35749E-05 0.0006
    3.8491E+01   5.16950E-06 0.0006
    3.9604E+01   2.84993E-05 0.0006
    4.0750E+01   5.18791E-06 0.0006
    4.1929E+01   4.25225E-06 0.0006
    4.3142E+01   2.48125E-05 0.0006
    4.4390E+01   3.67564E-06 0.0006
    4.5674E+01   2.10313E-05 0.0006
    4.6996E+01   3.73719E-06 0.0006
    4.8355E+01   3.02475E-06 0.0006
    4.9754E+01   1.82867E-05 0.0006
    5.1193E+01   2.60555E-06 0.0006
    5.2674E+01   1.54846E-05 0.0006
    5.4198E+01   2.70547E-06 0.0006
    5.5766E+01   2.24630E-06 0.0006
    5.7379E+01   1.33945E-05 0.0006
    5.9039E+01   1.84220E-06 0.0006
    6.0747E+01   1.14682E-05 0.0006
    6.2505E+01   1.89714E-06 0.0006
    6.4313E+01   9.48908E-06 0.0006
    6.6174E+01   2.02743E-06 0.0006
    6.8088E+01   1.32791E-06 0.0006
    7.0058E+01   8.51425E-06 0.0006
    7.2084E+01   1.30564E-06 0.0006
    7.4170E+01   7.08396E-06 0.0006
    7.6315E+01   1.41062E-06 0.0006
    7.8523E+01   9.89113E-07 0.0006
    8.0795E+01   6.29605E-06 0.0006
    8.3132E+01   8.85407E-07 0.0006
    8.5537E+01   5.33207E-06 0.0006
    8.8012E+01   9.42790E-07 0.0006
    9.0558E+01   4.44364E-06 0.0006
    9.3178E+01   9.82606E-07 0.0006
    9.5873E+01   6.43536E-07 0.0006
    9.8647E+01   4.03167E-06 0.0006
    1.0150E+02   5.84748E-07 0.0006
    1.0444E+02   3.42051E-06 0.0006
    1.0746E+02   5.91871E-07 0.0006
    1.1057E+02   2.85640E-06 0.0006
    1.1377E+02   6.02064E-07 0.0006
    1.1706E+02   4.14387E-07 0.0006
    1.2044E+02   2.55397E-06 0.0006
    1.2393E+02   3.63489E-07 0.0006
    1.2751E+02   2.17365E-06 0.0006
    1.3120E+02   3.66677E-07 0.0006
    1.3500E+02   1.81103E-06 0.0006
    1.3890E+02   3.76657E-07 0.0006
    1.4292E+02   2.58874E-07 0.0006
    1.4706E+02   1.61318E-06 0.0006
    1.5131E+02   2.31742E-07 0.0006
    1.5569E+02   1.36364E-06 0.0006
    1.6019E+02   2.40078E-07 0.0006
    1.6483E+02   1.13391E-06 0.0006
    1.6959E+02   2.43424E-07 0.0006
    1.7450E+02   1.61159E-07 0.0006
    1.7955E+02   1.01387E-06 0.0006
    1.8474E+02   1.55575E-07 0.0006
    1.9009E+02   8.45792E-07 0.0006
    1.9559E+02   1.64206E-07 0.0006
    2.0124E+02   1.20788E-07 0.0006
    2.0707E+02   7.42940E-07 0.0006
    2.1306E+02   1.05591E-07 0.0006
    2.1922E+02   6.29536E-07 0.0006
    2.2556E+02   1.09845E-07 0.0006
    2.3209E+02   9.79601E-08 0.0006
    2.3880E+02   5.37041E-07 0.0006
    2.4571E+02   7.51295E-08 0.0006
    2.5282E+02   4.66959E-07 0.0006
    2.6013E+02   7.41567E-08 0.0006
    2.6766E+02   3.91262E-07 0.0006
    2.7540E+02   7.78561E-08 0.0006
    2.8337E+02   5.92882E-08 0.0006
    2.9157E+02   3.44895E-07 0.0006
    3.0000E+02   5.08061E-08 0.0006
      total      2.58028E-03 0.0003


 ===================================================================================================================================

           results of 10 statistical checks for the estimated answer for the tally fluctuation chart (tfc) bin of tally     9104

 tfc bin     --mean--      ---------relative error---------      ----variance of the variance----      --figure of merit--     -pdf-
 behavior    behavior      value   decrease   decrease rate      value   decrease   decrease rate       value     behavior     slope

 desired      random       <0.10      yes      1/sqrt(nps)       <0.10      yes        1/nps           constant    random      >3.00
 observed     random        0.00      yes          yes            0.00      yes         yes                                    10.00
 passed?        yes          yes      yes          yes             yes      yes         yes                                      yes

 ===================================================================================================================================


 this tally meets the statistical criteria used to form confidence intervals: check the tally fluctuation chart to verify.
 the results in other bins associated with this tally may not meet these statistical criteria.

 ----- estimated confidence intervals:  -----

 estimated asymmetric confidence interval(1,2,3 sigma): 2.3243E-03 to 2.3258E-03; 2.3236E-03 to 2.3266E-03; 2.3228E-03 to 2.3273E-03
 estimated  symmetric confidence interval(1,2,3 sigma): 2.3243E-03 to 2.3258E-03; 2.3236E-03 to 2.3266E-03; 2.3228E-03 to 2.3273E-03

1analysis of the results in the tally fluctuation chart bin (tfc) for tally 9104 with nps = 99000000         print table 160


 normed average tally per history  = 2.32506E-03          unnormed average tally per history  = 5.81265E-03
 estimated tally relative error    = 0.0003               estimated variance of the variance  = 0.0000
 relative error from zero tallies  = 0.0001               relative error from nonzero scores  = 0.0003

 number of nonzero history tallies =    39877725          efficiency for the nonzero tallies  = 0.4028
 history number of largest  tally  =    56807937          largest  unnormalized history tally = 1.68578E-01
 (largest  tally)/(average tally)  = 2.90019E+01          (largest  tally)/(avg nonzero tally)= 1.16821E+01

 (confidence interval shift)/mean  = 0.0000               shifted confidence interval center  = 2.32506E-03


 if the largest  history score sampled so far were to occur on the next history, the tfc bin quantities would change as follows:

      estimated quantities           value at nps           value at nps+1           value(nps+1)/value(nps)-1.

      mean                            2.32506E-03             2.32506E-03                     0.000000
      relative error                  3.22065E-04             3.22065E-04                     0.000000
      variance of the variance        1.51332E-07             1.51333E-07                     0.000002
      shifted center                  2.32506E-03             2.32506E-03                     0.000000
      figure of merit                 0.00000E+00             0.00000E+00                     0.000000

 the estimated slope of the 200 largest  tallies starting at  1.39883E-01 appears to be decreasing at least exponentially.
 the empirical history score probability density function appears to be increasing at the largest  history scores:
 please examine. see print table 161.
 the large score tail of the empirical history score probability density function appears to have no unsampled regions.

 fom = (histories/minute)*(f(x) signal-to-noise ratio)**2 = (0.000E+00)*( 3.121E-01)**2 = (0.000E+00)*(9.738E-02) = 0.000E+00

1    some tally scores were not made for various reasons:

                                  beyond last bin     not in
                   tally       user  segment   mult   angle   energy   time             
                   1004          0       0       0       0********       0
                   8004          0       0       0       0********       0
                   8204          0       0       0       0********       0
                   9204          0       0       0       0********       0
                   8104          0       0       0       0********       0
                   9104          0       0       0       0********       0

1status of the statistical checks used to form confidence intervals for the mean for each tally bin


 tally   result of statistical checks for the tfc bin (the first check not passed is listed) and error magnitude check for all bins

     1006   passed the 10 statistical checks for the tally fluctuation chart bin result               
         passed all bin error check:   205 tally bins all have relative errors less than 0.10 with no zero bins

     8006   passed the 10 statistical checks for the tally fluctuation chart bin result               
         passed all bin error check:     6 tally bins all have relative errors less than 0.10 with no zero bins

       24   passed the 10 statistical checks for the tally fluctuation chart bin result               
         missed all bin error check:   615 tally bins had    66 bins with zeros and     3 bins with relative errors exceeding 0.10

       26   passed the 10 statistical checks for the tally fluctuation chart bin result               
         missed all bin error check:   615 tally bins had    66 bins with zeros and     3 bins with relative errors exceeding 0.10

       34   passed the 10 statistical checks for the tally fluctuation chart bin result               
         passed all bin error check:   205 tally bins all have relative errors less than 0.10 with no zero bins

       36   passed the 10 statistical checks for the tally fluctuation chart bin result               
         passed all bin error check:   205 tally bins all have relative errors less than 0.10 with no zero bins

      124   passed the 10 statistical checks for the tally fluctuation chart bin result               
         passed all bin error check:    18 tally bins all have relative errors less than 0.10 with no zero bins

      126   passed the 10 statistical checks for the tally fluctuation chart bin result               
         passed all bin error check:    18 tally bins all have relative errors less than 0.10 with no zero bins

      134   passed the 10 statistical checks for the tally fluctuation chart bin result               
         passed all bin error check:     6 tally bins all have relative errors less than 0.10 with no zero bins

      136   passed the 10 statistical checks for the tally fluctuation chart bin result               
         passed all bin error check:     6 tally bins all have relative errors less than 0.10 with no zero bins

     1004   passed the 10 statistical checks for the tally fluctuation chart bin result               
         missed all bin error check: 41410 tally bins had 14189 bins with zeros and  1347 bins with relative errors exceeding 0.10

     4004   passed the 10 statistical checks for the tally fluctuation chart bin result               
         missed all bin error check:   615 tally bins had    66 bins with zeros and     3 bins with relative errors exceeding 0.10

     8004   passed the 10 statistical checks for the tally fluctuation chart bin result               
         missed all bin error check:  1212 tally bins had   445 bins with zeros and    45 bins with relative errors exceeding 0.10

     8014   passed the 10 statistical checks for the tally fluctuation chart bin result               
         passed all bin error check:    18 tally bins all have relative errors less than 0.10 with no zero bins

     8204   passed the 10 statistical checks for the tally fluctuation chart bin result               
         missed all bin error check:124230 tally bins had 52636 bins with zeros and  3144 bins with relative errors exceeding 0.10

     9204   passed the 10 statistical checks for the tally fluctuation chart bin result               
         missed all bin error check:  3636 tally bins had  1407 bins with zeros and    99 bins with relative errors exceeding 0.10

       44   passed the 10 statistical checks for the tally fluctuation chart bin result               
         passed all bin error check:   205 tally bins all have relative errors less than 0.10 with no zero bins

       46   passed the 10 statistical checks for the tally fluctuation chart bin result               
         passed all bin error check:   205 tally bins all have relative errors less than 0.10 with no zero bins

      144   passed the 10 statistical checks for the tally fluctuation chart bin result               
         passed all bin error check:     6 tally bins all have relative errors less than 0.10 with no zero bins

      146   passed the 10 statistical checks for the tally fluctuation chart bin result               
         passed all bin error check:     6 tally bins all have relative errors less than 0.10 with no zero bins

       54   missed  2 of 10 tfc bin checks: the relative error exceeds the recommended value of 0.1 for nonpoint detector tallies     
         missed all bin error check:   205 tally bins had     0 bins with zeros and    64 bins with relative errors exceeding 0.10

       56   missed  2 of 10 tfc bin checks: the relative error exceeds the recommended value of 0.1 for nonpoint detector tallies     
         missed all bin error check:   205 tally bins had     0 bins with zeros and    33 bins with relative errors exceeding 0.10

      154   passed the 10 statistical checks for the tally fluctuation chart bin result               
         passed all bin error check:     6 tally bins all have relative errors less than 0.10 with no zero bins

      156   passed the 10 statistical checks for the tally fluctuation chart bin result               
         passed all bin error check:     6 tally bins all have relative errors less than 0.10 with no zero bins

       64   missed  5 of 10 tfc bin checks: the relative error exceeds the recommended value of 0.1 for nonpoint detector tallies     
         missed all bin error check:   205 tally bins had     0 bins with zeros and    86 bins with relative errors exceeding 0.10

       66   missed  5 of 10 tfc bin checks: the relative error exceeds the recommended value of 0.1 for nonpoint detector tallies     
         missed all bin error check:   205 tally bins had     0 bins with zeros and    85 bins with relative errors exceeding 0.10

      164   passed the 10 statistical checks for the tally fluctuation chart bin result               
         passed all bin error check:     6 tally bins all have relative errors less than 0.10 with no zero bins

      166   passed the 10 statistical checks for the tally fluctuation chart bin result               
         passed all bin error check:     6 tally bins all have relative errors less than 0.10 with no zero bins

       74   passed the 10 statistical checks for the tally fluctuation chart bin result               
         passed all bin error check:   205 tally bins all have relative errors less than 0.10 with no zero bins

       76   passed the 10 statistical checks for the tally fluctuation chart bin result               
         passed all bin error check:   205 tally bins all have relative errors less than 0.10 with no zero bins

      174   passed the 10 statistical checks for the tally fluctuation chart bin result               
         passed all bin error check:     6 tally bins all have relative errors less than 0.10 with no zero bins

      176   passed the 10 statistical checks for the tally fluctuation chart bin result               
         passed all bin error check:     6 tally bins all have relative errors less than 0.10 with no zero bins

       14   passed the 10 statistical checks for the tally fluctuation chart bin result               
         passed all bin error check:   205 tally bins all have relative errors less than 0.10 with no zero bins

       16   passed the 10 statistical checks for the tally fluctuation chart bin result               
         passed all bin error check:   205 tally bins all have relative errors less than 0.10 with no zero bins

      114   passed the 10 statistical checks for the tally fluctuation chart bin result               
         passed all bin error check:     6 tally bins all have relative errors less than 0.10 with no zero bins

      116   passed the 10 statistical checks for the tally fluctuation chart bin result               
         passed all bin error check:     6 tally bins all have relative errors less than 0.10 with no zero bins

     8104   passed the 10 statistical checks for the tally fluctuation chart bin result               
         missed all bin error check: 41410 tally bins had  6849 bins with zeros and  1438 bins with relative errors exceeding 0.10

     9104   passed the 10 statistical checks for the tally fluctuation chart bin result               
         missed all bin error check:  1212 tally bins had   223 bins with zeros and    58 bins with relative errors exceeding 0.10


 the 10 statistical checks are only for the tally fluctuation chart bin and do not apply to other tally bins.

 the tally bins with zeros may or may not be correct: compare the source, cutoffs, multipliers, et cetera with the tally bins.

 warning.       4 of the    38 tally fluctuation chart bins did not pass all 10 statistical checks.
 warning.      13 of the    38 tallies had bins with relative errors greater than recommended.

# ===================================================
# tally 9204
# ===================================================
1tally     9204        nps =    99000000
           tally type 4    track length estimate of particle flux.      units   1/cm**2        
           particle(s): protons  
 number of histories used for normalizing tallies =     99000000.00
           this tally is modified by   ft  tag  let

           volumes 
                   cell:      500          501          502          503          504         total                
                         2.50000E+00  2.50000E+00  2.50000E+00  2.50000E+00  2.50000E+00  1.25000E+01
 
 cell  500                                                                                                                             
 user bin          -1.00000
    s(e) (MeV/cm)
    1.0000E+00   0.00000E+00 0.0000
    1.0289E+00   0.00000E+00 0.0000
    1.0587E+00   0.00000E+00 0.0000
    1.0893E+00   0.00000E+00 0.0000
    1.1208E+00   0.00000E+00 0.0000
    1.1533E+00   0.00000E+00 0.0000
    1.1866E+00   0.00000E+00 0.0000
    1.2210E+00   0.00000E+00 0.0000
    1.2563E+00   0.00000E+00 0.0000
    1.2926E+00   0.00000E+00 0.0000
    1.3300E+00   0.00000E+00 0.0000
    1.3685E+00   0.00000E+00 0.0000
    1.4081E+00   0.00000E+00 0.0000
    1.4488E+00   0.00000E+00 0.0000
    1.4907E+00   0.00000E+00 0.0000
    1.5339E+00   0.00000E+00 0.0000
    1.5782E+00   0.00000E+00 0.0000
    1.6239E+00   0.00000E+00 0.0000
    1.6709E+00   0.00000E+00 0.0000
    1.7192E+00   0.00000E+00 0.0000
    1.7689E+00   0.00000E+00 0.0000
    1.8201E+00   0.00000E+00 0.0000
    1.8728E+00   0.00000E+00 0.0000
    1.9269E+00   0.00000E+00 0.0000
    1.9827E+00   0.00000E+00 0.0000
    2.0400E+00   0.00000E+00 0.0000
    2.0991E+00   0.00000E+00 0.0000
    2.1598E+00   0.00000E+00 0.0000
    2.2223E+00   0.00000E+00 0.0000
    2.2866E+00   0.00000E+00 0.0000
    2.3527E+00   0.00000E+00 0.0000
    2.4208E+00   0.00000E+00 0.0000
    2.4908E+00   0.00000E+00 0.0000
    2.5629E+00   0.00000E+00 0.0000
    2.6370E+00   0.00000E+00 0.0000
    2.7133E+00   0.00000E+00 0.0000
    2.7918E+00   0.00000E+00 0.0000
    2.8725E+00   0.00000E+00 0.0000
    2.9557E+00   0.00000E+00 0.0000
    3.0412E+00   0.00000E+00 0.0000
    3.1291E+00   0.00000E+00 0.0000
    3.2197E+00   0.00000E+00 0.0000
    3.3128E+00   0.00000E+00 0.0000
    3.4086E+00   0.00000E+00 0.0000
    3.5072E+00   0.00000E+00 0.0000
    3.6087E+00   0.00000E+00 0.0000
    3.7131E+00   0.00000E+00 0.0000
    3.8205E+00   0.00000E+00 0.0000
    3.9311E+00   0.00000E+00 0.0000
    4.0448E+00   0.00000E+00 0.0000
    4.1618E+00   0.00000E+00 0.0000
    4.2822E+00   0.00000E+00 0.0000
    4.4061E+00   0.00000E+00 0.0000
    4.5335E+00   0.00000E+00 0.0000
    4.6647E+00   0.00000E+00 0.0000
    4.7996E+00   0.00000E+00 0.0000
    4.9385E+00   0.00000E+00 0.0000
    5.0814E+00   0.00000E+00 0.0000
    5.2284E+00   0.00000E+00 0.0000
    5.3796E+00   0.00000E+00 0.0000
    5.5352E+00   0.00000E+00 0.0000
    5.6954E+00   0.00000E+00 0.0000
    5.8601E+00   0.00000E+00 0.0000
    6.0297E+00   0.00000E+00 0.0000
    6.2041E+00   0.00000E+00 0.0000
    6.3836E+00   0.00000E+00 0.0000
    6.5683E+00   0.00000E+00 0.0000
    6.7583E+00   0.00000E+00 0.0000
    6.9538E+00   0.00000E+00 0.0000
    7.1550E+00   0.00000E+00 0.0000
    7.3619E+00   0.00000E+00 0.0000
    7.5749E+00   0.00000E+00 0.0000
    7.7941E+00   0.00000E+00 0.0000
    8.0195E+00   0.00000E+00 0.0000
    8.2515E+00   0.00000E+00 0.0000
    8.4902E+00   0.00000E+00 0.0000
    8.7359E+00   0.00000E+00 0.0000
    8.9886E+00   0.00000E+00 0.0000
    9.2486E+00   0.00000E+00 0.0000
    9.5162E+00   0.00000E+00 0.0000
    9.7915E+00   0.00000E+00 0.0000
    1.0075E+01   0.00000E+00 0.0000
    1.0366E+01   0.00000E+00 0.0000
    1.0666E+01   0.00000E+00 0.0000
    1.0975E+01   0.00000E+00 0.0000
    1.1292E+01   0.00000E+00 0.0000
    1.1619E+01   0.00000E+00 0.0000
    1.1955E+01   0.00000E+00 0.0000
    1.2301E+01   8.97159E-10 0.0707
    1.2657E+01   1.20352E-09 0.0611
    1.3023E+01   2.45231E-07 0.0043
    1.3400E+01   1.13228E-07 0.0063
    1.3787E+01   1.45183E-07 0.0056
    1.4186E+01   1.24478E-06 0.0019
    1.4596E+01   1.70148E-07 0.0051
    1.5019E+01   1.00598E-06 0.0021
    1.5453E+01   2.08489E-07 0.0045
    1.5900E+01   1.14580E-06 0.0019
    1.6360E+01   1.47468E-07 0.0048
    1.6834E+01   1.54174E-07 0.0047
    1.7321E+01   1.07667E-06 0.0019
    1.7822E+01   1.83908E-07 0.0039
    1.8337E+01   1.17628E-06 0.0018
    1.8868E+01   1.57679E-07 0.0039
    1.9413E+01   1.57102E-07 0.0039
    1.9975E+01   8.29733E-07 0.0020
    2.0553E+01   1.40547E-07 0.0040
    2.1148E+01   7.89860E-07 0.0021
    2.1759E+01   1.32170E-07 0.0038
    2.2389E+01   1.37895E-07 0.0037
    2.3037E+01   7.72564E-07 0.0020
    2.3703E+01   1.21187E-07 0.0036
    2.4389E+01   6.25931E-07 0.0021
    2.5094E+01   9.59018E-08 0.0038
    2.5820E+01   9.44378E-08 0.0039
    2.6567E+01   4.71059E-07 0.0022
    2.7336E+01   7.17333E-08 0.0040
    2.8127E+01   4.11229E-07 0.0023
    2.8940E+01   6.82401E-08 0.0039
    2.9777E+01   3.81474E-07 0.0022
    3.0639E+01   6.71768E-08 0.0036
    3.1525E+01   6.24129E-08 0.0037
    3.2437E+01   3.60421E-07 0.0021
    3.3376E+01   5.64915E-08 0.0036
    3.4341E+01   3.22157E-07 0.0021
    3.5335E+01   5.84430E-08 0.0033
    3.6357E+01   4.91252E-08 0.0036
    3.7409E+01   2.82855E-07 0.0021
    3.8491E+01   4.33438E-08 0.0036
    3.9604E+01   2.37053E-07 0.0021
    4.0750E+01   4.29166E-08 0.0033
    4.1929E+01   3.47060E-08 0.0037
    4.3142E+01   2.00901E-07 0.0022
    4.4390E+01   2.91971E-08 0.0037
    4.5674E+01   1.65029E-07 0.0022
    4.6996E+01   2.90493E-08 0.0034
    4.8355E+01   2.29593E-08 0.0039
    4.9754E+01   1.39015E-07 0.0023
    5.1193E+01   1.94620E-08 0.0039
    5.2674E+01   1.14352E-07 0.0023
    5.4198E+01   1.97890E-08 0.0036
    5.5766E+01   1.63261E-08 0.0039
    5.7379E+01   9.63976E-08 0.0023
    5.9039E+01   1.30603E-08 0.0041
    6.0747E+01   8.10638E-08 0.0024
    6.2505E+01   1.33217E-08 0.0037
    6.4313E+01   6.61150E-08 0.0024
    6.6174E+01   1.40506E-08 0.0033
    6.8088E+01   9.18656E-09 0.0041
    7.0058E+01   5.86064E-08 0.0024
    7.2084E+01   8.99724E-09 0.0039
    7.4170E+01   4.84355E-08 0.0024
    7.6315E+01   9.64376E-09 0.0035
    7.8523E+01   6.72626E-09 0.0041
    8.0795E+01   4.27669E-08 0.0024
    8.3132E+01   6.06086E-09 0.0040
    8.5537E+01   3.60603E-08 0.0024
    8.8012E+01   6.38949E-09 0.0036
    9.0558E+01   2.99802E-08 0.0024
    9.3178E+01   6.59341E-09 0.0033
    9.5873E+01   4.36318E-09 0.0041
    9.8647E+01   2.70865E-08 0.0024
    1.0150E+02   3.94824E-09 0.0040
    1.0444E+02   2.29460E-08 0.0024
    1.0746E+02   3.96320E-09 0.0037
    1.1057E+02   1.91243E-08 0.0024
    1.1377E+02   4.03318E-09 0.0034
    1.1706E+02   2.76173E-09 0.0041
    1.2044E+02   1.70823E-08 0.0024
    1.2393E+02   2.42689E-09 0.0040
    1.2751E+02   1.45134E-08 0.0024
    1.3120E+02   2.44655E-09 0.0037
    1.3500E+02   1.20899E-08 0.0024
    1.3890E+02   2.50494E-09 0.0034
    1.4292E+02   1.72204E-09 0.0041
    1.4706E+02   1.07486E-08 0.0024
    1.5131E+02   1.53718E-09 0.0040
    1.5569E+02   9.08619E-09 0.0024
    1.6019E+02   1.59924E-09 0.0037
    1.6483E+02   7.54019E-09 0.0024
    1.6959E+02   1.62631E-09 0.0034
    1.7450E+02   1.06311E-09 0.0041
    1.7955E+02   6.75236E-09 0.0024
    1.8474E+02   1.02899E-09 0.0039
    1.9009E+02   5.62441E-09 0.0024
    1.9559E+02   1.09191E-09 0.0035
    2.0124E+02   7.99007E-10 0.0041
    2.0707E+02   4.93486E-09 0.0024
    2.1306E+02   7.01151E-10 0.0040
    2.1922E+02   4.17895E-09 0.0024
    2.2556E+02   7.30285E-10 0.0037
    2.3209E+02   6.28758E-10 0.0040
    2.3880E+02   3.58050E-09 0.0024
    2.4571E+02   4.99391E-10 0.0041
    2.5282E+02   3.09783E-09 0.0024
    2.6013E+02   4.87026E-10 0.0038
    2.6766E+02   2.59630E-09 0.0024
    2.7540E+02   5.14951E-10 0.0035
    2.8337E+02   3.92545E-10 0.0040
    2.9157E+02   2.28522E-09 0.0024
    3.0000E+02   3.36407E-10 0.0040
      total      1.56193E-05 0.0005
 
 cell  500                                                                                                                             
 user bin 10000000000.00000
    s(e) (MeV/cm)
    1.0000E+00   0.00000E+00 0.0000
    1.0289E+00   0.00000E+00 0.0000
    1.0587E+00   0.00000E+00 0.0000
    1.0893E+00   0.00000E+00 0.0000
    1.1208E+00   0.00000E+00 0.0000
    1.1533E+00   0.00000E+00 0.0000
    1.1866E+00   0.00000E+00 0.0000
    1.2210E+00   0.00000E+00 0.0000
    1.2563E+00   0.00000E+00 0.0000
    1.2926E+00   0.00000E+00 0.0000
    1.3300E+00   0.00000E+00 0.0000
    1.3685E+00   0.00000E+00 0.0000
    1.4081E+00   0.00000E+00 0.0000
    1.4488E+00   0.00000E+00 0.0000
    1.4907E+00   0.00000E+00 0.0000
    1.5339E+00   0.00000E+00 0.0000
    1.5782E+00   0.00000E+00 0.0000
    1.6239E+00   0.00000E+00 0.0000
    1.6709E+00   0.00000E+00 0.0000
    1.7192E+00   0.00000E+00 0.0000
    1.7689E+00   0.00000E+00 0.0000
    1.8201E+00   0.00000E+00 0.0000
    1.8728E+00   0.00000E+00 0.0000
    1.9269E+00   0.00000E+00 0.0000
    1.9827E+00   0.00000E+00 0.0000
    2.0400E+00   0.00000E+00 0.0000
    2.0991E+00   0.00000E+00 0.0000
    2.1598E+00   0.00000E+00 0.0000
    2.2223E+00   0.00000E+00 0.0000
    2.2866E+00   0.00000E+00 0.0000
    2.3527E+00   0.00000E+00 0.0000
    2.4208E+00   0.00000E+00 0.0000
    2.4908E+00   0.00000E+00 0.0000
    2.5629E+00   0.00000E+00 0.0000
    2.6370E+00   0.00000E+00 0.0000
    2.7133E+00   0.00000E+00 0.0000
    2.7918E+00   0.00000E+00 0.0000
    2.8725E+00   0.00000E+00 0.0000
    2.9557E+00   0.00000E+00 0.0000
    3.0412E+00   0.00000E+00 0.0000
    3.1291E+00   0.00000E+00 0.0000
    3.2197E+00   0.00000E+00 0.0000
    3.3128E+00   0.00000E+00 0.0000
    3.4086E+00   0.00000E+00 0.0000
    3.5072E+00   0.00000E+00 0.0000
    3.6087E+00   0.00000E+00 0.0000
    3.7131E+00   0.00000E+00 0.0000
    3.8205E+00   0.00000E+00 0.0000
    3.9311E+00   0.00000E+00 0.0000
    4.0448E+00   0.00000E+00 0.0000
    4.1618E+00   0.00000E+00 0.0000
    4.2822E+00   0.00000E+00 0.0000
    4.4061E+00   0.00000E+00 0.0000
    4.5335E+00   0.00000E+00 0.0000
    4.6647E+00   0.00000E+00 0.0000
    4.7996E+00   0.00000E+00 0.0000
    4.9385E+00   0.00000E+00 0.0000
    5.0814E+00   0.00000E+00 0.0000
    5.2284E+00   0.00000E+00 0.0000
    5.3796E+00   0.00000E+00 0.0000
    5.5352E+00   0.00000E+00 0.0000
    5.6954E+00   0.00000E+00 0.0000
    5.8601E+00   0.00000E+00 0.0000
    6.0297E+00   0.00000E+00 0.0000
    6.2041E+00   0.00000E+00 0.0000
    6.3836E+00   0.00000E+00 0.0000
    6.5683E+00   0.00000E+00 0.0000
    6.7583E+00   0.00000E+00 0.0000
    6.9538E+00   0.00000E+00 0.0000
    7.1550E+00   1.12413E-12 1.0000
    7.3619E+00   0.00000E+00 0.0000
    7.5749E+00   0.00000E+00 0.0000
    7.7941E+00   0.00000E+00 0.0000
    8.0195E+00   0.00000E+00 0.0000
    8.2515E+00   2.88667E-11 0.4084
    8.4902E+00   0.00000E+00 0.0000
    8.7359E+00   2.00016E-10 0.1516
    8.9886E+00   7.63683E-12 0.7226
    9.2486E+00   5.74297E-10 0.0901
    9.5162E+00   5.17885E-11 0.3022
    9.7915E+00   6.19176E-11 0.2789
    1.0075E+01   1.49492E-09 0.0565
    1.0366E+01   1.12167E-10 0.2099
    1.0666E+01   2.70094E-09 0.0423
    1.0975E+01   3.24721E-10 0.1223
    1.1292E+01   4.27307E-09 0.0339
    1.1619E+01   6.13070E-10 0.0910
    1.1955E+01   6.68629E-10 0.0864
    1.2301E+01   1.09180E-07 0.0133
    1.2657E+01   1.41440E-07 0.0092
    1.3023E+01   2.82772E-05 0.0020
    1.3400E+01   1.31153E-05 0.0015
    1.3787E+01   1.68965E-05 0.0014
    1.4186E+01   1.49203E-04 0.0011
    1.4596E+01   2.12150E-05 0.0012
    1.5019E+01   1.24914E-04 0.0010
    1.5453E+01   2.53135E-05 0.0011
    1.5900E+01   1.41911E-04 0.0009
    1.6360E+01   1.84749E-05 0.0010
    1.6834E+01   1.92800E-05 0.0010
    1.7321E+01   1.32693E-04 0.0009
    1.7822E+01   2.24756E-05 0.0009
    1.8337E+01   1.44519E-04 0.0008
    1.8868E+01   1.97888E-05 0.0009
    1.9413E+01   1.97592E-05 0.0009
    1.9975E+01   1.05160E-04 0.0008
    2.0553E+01   1.76660E-05 0.0009
    2.1148E+01   9.84548E-05 0.0008
    2.1759E+01   1.64025E-05 0.0009
    2.2389E+01   1.70896E-05 0.0009
    2.3037E+01   9.55671E-05 0.0008
    2.3703E+01   1.50918E-05 0.0009
    2.4389E+01   7.87346E-05 0.0008
    2.5094E+01   1.21978E-05 0.0009
    2.5820E+01   1.19126E-05 0.0009
    2.6567E+01   6.02792E-05 0.0008
    2.7336E+01   9.19487E-06 0.0009
    2.8127E+01   5.25162E-05 0.0008
    2.8940E+01   8.61622E-06 0.0008
    2.9777E+01   4.79770E-05 0.0008
    3.0639E+01   8.45358E-06 0.0008
    3.1525E+01   7.79573E-06 0.0008
    3.2437E+01   4.47814E-05 0.0008
    3.3376E+01   7.04047E-06 0.0008
    3.4341E+01   3.99403E-05 0.0008
    3.5335E+01   7.25090E-06 0.0008
    3.6357E+01   6.10116E-06 0.0008
    3.7409E+01   3.51753E-05 0.0008
    3.8491E+01   5.40580E-06 0.0008
    3.9604E+01   2.96359E-05 0.0008
    4.0750E+01   5.35475E-06 0.0008
    4.1929E+01   4.36474E-06 0.0008
    4.3142E+01   2.52654E-05 0.0008
    4.4390E+01   3.68962E-06 0.0008
    4.5674E+01   2.09179E-05 0.0008
    4.6996E+01   3.67588E-06 0.0008
    4.8355E+01   2.94818E-06 0.0008
    4.9754E+01   1.77393E-05 0.0008
    5.1193E+01   2.49061E-06 0.0008
    5.2674E+01   1.47102E-05 0.0008
    5.4198E+01   2.54830E-06 0.0008
    5.5766E+01   2.10006E-06 0.0008
    5.7379E+01   1.24859E-05 0.0008
    5.9039E+01   1.69805E-06 0.0008
    6.0747E+01   1.05396E-05 0.0008
    6.2505E+01   1.73283E-06 0.0008
    6.4313E+01   8.61981E-06 0.0008
    6.6174E+01   1.83612E-06 0.0008
    6.8088E+01   1.19649E-06 0.0008
    7.0058E+01   7.66418E-06 0.0008
    7.2084E+01   1.17083E-06 0.0008
    7.4170E+01   6.33675E-06 0.0008
    7.6315E+01   1.25958E-06 0.0008
    7.8523E+01   8.81097E-07 0.0008
    8.0795E+01   5.60509E-06 0.0008
    8.3132E+01   7.86568E-07 0.0008
    8.5537E+01   4.73169E-06 0.0008
    8.8012E+01   8.35997E-07 0.0008
    9.0558E+01   3.93415E-06 0.0008
    9.3178E+01   8.68869E-07 0.0008
    9.5873E+01   5.69040E-07 0.0008
    9.8647E+01   3.56120E-06 0.0008
    1.0150E+02   5.16070E-07 0.0008
    1.0444E+02   3.01747E-06 0.0008
    1.0746E+02   5.21946E-07 0.0008
    1.1057E+02   2.51703E-06 0.0008
    1.1377E+02   5.30299E-07 0.0008
    1.1706E+02   3.64472E-07 0.0008
    1.2044E+02   2.24855E-06 0.0008
    1.2393E+02   3.19633E-07 0.0008
    1.2751E+02   1.91288E-06 0.0008
    1.3120E+02   3.22330E-07 0.0008
    1.3500E+02   1.59305E-06 0.0008
    1.3890E+02   3.30856E-07 0.0008
    1.4292E+02   2.27514E-07 0.0008
    1.4706E+02   1.41843E-06 0.0008
    1.5131E+02   2.03592E-07 0.0008
    1.5569E+02   1.19883E-06 0.0008
    1.6019E+02   2.10987E-07 0.0008
    1.6483E+02   9.96671E-07 0.0008
    1.6959E+02   2.13682E-07 0.0008
    1.7450E+02   1.41519E-07 0.0008
    1.7955E+02   8.90878E-07 0.0008
    1.8474E+02   1.36460E-07 0.0008
    1.9009E+02   7.43261E-07 0.0008
    1.9559E+02   1.44155E-07 0.0008
    2.0124E+02   1.05984E-07 0.0008
    2.0707E+02   6.52665E-07 0.0007
    2.1306E+02   9.25477E-08 0.0008
    2.1922E+02   5.53014E-07 0.0007
    2.2556E+02   9.63940E-08 0.0008
    2.3209E+02   8.33910E-08 0.0008
    2.3880E+02   4.74043E-07 0.0007
    2.4571E+02   6.58318E-08 0.0008
    2.5282E+02   4.10040E-07 0.0007
    2.6013E+02   6.48368E-08 0.0008
    2.6766E+02   3.43616E-07 0.0007
    2.7540E+02   6.80433E-08 0.0008
    2.8337E+02   5.19064E-08 0.0008
    2.9157E+02   3.02687E-07 0.0007
    3.0000E+02   4.42111E-08 0.0008
      total      1.94279E-03 0.0004
 
 cell  500                                                                                                                             
 user bin total
    s(e) (MeV/cm)
    1.0000E+00   0.00000E+00 0.0000
    1.0289E+00   0.00000E+00 0.0000
    1.0587E+00   0.00000E+00 0.0000
    1.0893E+00   0.00000E+00 0.0000
    1.1208E+00   0.00000E+00 0.0000
    1.1533E+00   0.00000E+00 0.0000
    1.1866E+00   0.00000E+00 0.0000
    1.2210E+00   0.00000E+00 0.0000
    1.2563E+00   0.00000E+00 0.0000
    1.2926E+00   0.00000E+00 0.0000
    1.3300E+00   0.00000E+00 0.0000
    1.3685E+00   0.00000E+00 0.0000
    1.4081E+00   0.00000E+00 0.0000
    1.4488E+00   0.00000E+00 0.0000
    1.4907E+00   0.00000E+00 0.0000
    1.5339E+00   0.00000E+00 0.0000
    1.5782E+00   0.00000E+00 0.0000
    1.6239E+00   0.00000E+00 0.0000
    1.6709E+00   0.00000E+00 0.0000
    1.7192E+00   0.00000E+00 0.0000
    1.7689E+00   0.00000E+00 0.0000
    1.8201E+00   0.00000E+00 0.0000
    1.8728E+00   0.00000E+00 0.0000
    1.9269E+00   0.00000E+00 0.0000
    1.9827E+00   0.00000E+00 0.0000
    2.0400E+00   0.00000E+00 0.0000
    2.0991E+00   0.00000E+00 0.0000
    2.1598E+00   0.00000E+00 0.0000
    2.2223E+00   0.00000E+00 0.0000
    2.2866E+00   0.00000E+00 0.0000
    2.3527E+00   0.00000E+00 0.0000
    2.4208E+00   0.00000E+00 0.0000
    2.4908E+00   0.00000E+00 0.0000
    2.5629E+00   0.00000E+00 0.0000
    2.6370E+00   0.00000E+00 0.0000
    2.7133E+00   0.00000E+00 0.0000
    2.7918E+00   0.00000E+00 0.0000
    2.8725E+00   0.00000E+00 0.0000
    2.9557E+00   0.00000E+00 0.0000
    3.0412E+00   0.00000E+00 0.0000
    3.1291E+00   0.00000E+00 0.0000
    3.2197E+00   0.00000E+00 0.0000
    3.3128E+00   0.00000E+00 0.0000
    3.4086E+00   0.00000E+00 0.0000
    3.5072E+00   0.00000E+00 0.0000
    3.6087E+00   0.00000E+00 0.0000
    3.7131E+00   0.00000E+00 0.0000
    3.8205E+00   0.00000E+00 0.0000
    3.9311E+00   0.00000E+00 0.0000
    4.0448E+00   0.00000E+00 0.0000
    4.1618E+00   0.00000E+00 0.0000
    4.2822E+00   0.00000E+00 0.0000
    4.4061E+00   0.00000E+00 0.0000
    4.5335E+00   0.00000E+00 0.0000
    4.6647E+00   0.00000E+00 0.0000
    4.7996E+00   0.00000E+00 0.0000
    4.9385E+00   0.00000E+00 0.0000
    5.0814E+00   0.00000E+00 0.0000
    5.2284E+00   0.00000E+00 0.0000
    5.3796E+00   0.00000E+00 0.0000
    5.5352E+00   0.00000E+00 0.0000
    5.6954E+00   0.00000E+00 0.0000
    5.8601E+00   0.00000E+00 0.0000
    6.0297E+00   0.00000E+00 0.0000
    6.2041E+00   0.00000E+00 0.0000
    6.3836E+00   0.00000E+00 0.0000
    6.5683E+00   0.00000E+00 0.0000
    6.7583E+00   0.00000E+00 0.0000
    6.9538E+00   0.00000E+00 0.0000
    7.1550E+00   1.12413E-12 1.0000
    7.3619E+00   0.00000E+00 0.0000
    7.5749E+00   0.00000E+00 0.0000
    7.7941E+00   0.00000E+00 0.0000
    8.0195E+00   0.00000E+00 0.0000
    8.2515E+00   2.88667E-11 0.4084
    8.4902E+00   0.00000E+00 0.0000
    8.7359E+00   2.00016E-10 0.1516
    8.9886E+00   7.63683E-12 0.7226
    9.2486E+00   5.74297E-10 0.0901
    9.5162E+00   5.17885E-11 0.3022
    9.7915E+00   6.19176E-11 0.2789
    1.0075E+01   1.49492E-09 0.0565
    1.0366E+01   1.12167E-10 0.2099
    1.0666E+01   2.70094E-09 0.0423
    1.0975E+01   3.24721E-10 0.1223
    1.1292E+01   4.27307E-09 0.0339
    1.1619E+01   6.13070E-10 0.0910
    1.1955E+01   6.68629E-10 0.0864
    1.2301E+01   1.10078E-07 0.0133
    1.2657E+01   1.42644E-07 0.0092
    1.3023E+01   2.85224E-05 0.0020
    1.3400E+01   1.32285E-05 0.0015
    1.3787E+01   1.70417E-05 0.0014
    1.4186E+01   1.50448E-04 0.0011
    1.4596E+01   2.13851E-05 0.0012
    1.5019E+01   1.25920E-04 0.0010
    1.5453E+01   2.55220E-05 0.0011
    1.5900E+01   1.43057E-04 0.0010
    1.6360E+01   1.86224E-05 0.0010
    1.6834E+01   1.94342E-05 0.0010
    1.7321E+01   1.33770E-04 0.0009
    1.7822E+01   2.26595E-05 0.0009
    1.8337E+01   1.45695E-04 0.0008
    1.8868E+01   1.99465E-05 0.0009
    1.9413E+01   1.99163E-05 0.0009
    1.9975E+01   1.05990E-04 0.0008
    2.0553E+01   1.78066E-05 0.0009
    2.1148E+01   9.92447E-05 0.0008
    2.1759E+01   1.65347E-05 0.0009
    2.2389E+01   1.72275E-05 0.0009
    2.3037E+01   9.63397E-05 0.0008
    2.3703E+01   1.52130E-05 0.0009
    2.4389E+01   7.93606E-05 0.0008
    2.5094E+01   1.22937E-05 0.0009
    2.5820E+01   1.20070E-05 0.0009
    2.6567E+01   6.07502E-05 0.0008
    2.7336E+01   9.26661E-06 0.0009
    2.8127E+01   5.29275E-05 0.0008
    2.8940E+01   8.68446E-06 0.0008
    2.9777E+01   4.83585E-05 0.0008
    3.0639E+01   8.52075E-06 0.0008
    3.1525E+01   7.85815E-06 0.0008
    3.2437E+01   4.51419E-05 0.0008
    3.3376E+01   7.09696E-06 0.0008
    3.4341E+01   4.02624E-05 0.0008
    3.5335E+01   7.30934E-06 0.0008
    3.6357E+01   6.15029E-06 0.0008
    3.7409E+01   3.54582E-05 0.0008
    3.8491E+01   5.44915E-06 0.0008
    3.9604E+01   2.98729E-05 0.0008
    4.0750E+01   5.39767E-06 0.0008
    4.1929E+01   4.39945E-06 0.0008
    4.3142E+01   2.54663E-05 0.0008
    4.4390E+01   3.71881E-06 0.0008
    4.5674E+01   2.10829E-05 0.0008
    4.6996E+01   3.70493E-06 0.0008
    4.8355E+01   2.97114E-06 0.0008
    4.9754E+01   1.78783E-05 0.0008
    5.1193E+01   2.51007E-06 0.0008
    5.2674E+01   1.48245E-05 0.0008
    5.4198E+01   2.56809E-06 0.0008
    5.5766E+01   2.11639E-06 0.0008
    5.7379E+01   1.25823E-05 0.0008
    5.9039E+01   1.71111E-06 0.0008
    6.0747E+01   1.06207E-05 0.0008
    6.2505E+01   1.74615E-06 0.0008
    6.4313E+01   8.68592E-06 0.0008
    6.6174E+01   1.85017E-06 0.0008
    6.8088E+01   1.20567E-06 0.0008
    7.0058E+01   7.72279E-06 0.0008
    7.2084E+01   1.17982E-06 0.0008
    7.4170E+01   6.38519E-06 0.0008
    7.6315E+01   1.26922E-06 0.0008
    7.8523E+01   8.87823E-07 0.0008
    8.0795E+01   5.64786E-06 0.0008
    8.3132E+01   7.92629E-07 0.0008
    8.5537E+01   4.76775E-06 0.0008
    8.8012E+01   8.42386E-07 0.0008
    9.0558E+01   3.96413E-06 0.0008
    9.3178E+01   8.75462E-07 0.0008
    9.5873E+01   5.73403E-07 0.0008
    9.8647E+01   3.58828E-06 0.0008
    1.0150E+02   5.20018E-07 0.0008
    1.0444E+02   3.04041E-06 0.0008
    1.0746E+02   5.25909E-07 0.0008
    1.1057E+02   2.53615E-06 0.0008
    1.1377E+02   5.34333E-07 0.0008
    1.1706E+02   3.67234E-07 0.0008
    1.2044E+02   2.26563E-06 0.0008
    1.2393E+02   3.22060E-07 0.0008
    1.2751E+02   1.92740E-06 0.0008
    1.3120E+02   3.24776E-07 0.0008
    1.3500E+02   1.60514E-06 0.0008
    1.3890E+02   3.33361E-07 0.0008
    1.4292E+02   2.29236E-07 0.0008
    1.4706E+02   1.42917E-06 0.0008
    1.5131E+02   2.05130E-07 0.0008
    1.5569E+02   1.20792E-06 0.0008
    1.6019E+02   2.12587E-07 0.0008
    1.6483E+02   1.00421E-06 0.0008
    1.6959E+02   2.15308E-07 0.0008
    1.7450E+02   1.42583E-07 0.0008
    1.7955E+02   8.97630E-07 0.0008
    1.8474E+02   1.37489E-07 0.0008
    1.9009E+02   7.48885E-07 0.0008
    1.9559E+02   1.45247E-07 0.0008
    2.0124E+02   1.06783E-07 0.0008
    2.0707E+02   6.57600E-07 0.0008
    2.1306E+02   9.32488E-08 0.0008
    2.1922E+02   5.57193E-07 0.0008
    2.2556E+02   9.71242E-08 0.0008
    2.3209E+02   8.40197E-08 0.0008
    2.3880E+02   4.77623E-07 0.0007
    2.4571E+02   6.63311E-08 0.0008
    2.5282E+02   4.13138E-07 0.0007
    2.6013E+02   6.53238E-08 0.0008
    2.6766E+02   3.46212E-07 0.0007
    2.7540E+02   6.85582E-08 0.0008
    2.8337E+02   5.22990E-08 0.0008
    2.9157E+02   3.04972E-07 0.0007
    3.0000E+02   4.45475E-08 0.0008
      total      1.95841E-03 0.0004
 
 cell  501                                                                                                                             
 user bin          -1.00000
    s(e) (MeV/cm)
    1.0000E+00   0.00000E+00 0.0000
    1.0289E+00   0.00000E+00 0.0000
    1.0587E+00   0.00000E+00 0.0000
    1.0893E+00   0.00000E+00 0.0000
    1.1208E+00   0.00000E+00 0.0000
    1.1533E+00   0.00000E+00 0.0000
    1.1866E+00   0.00000E+00 0.0000
    1.2210E+00   0.00000E+00 0.0000
    1.2563E+00   0.00000E+00 0.0000
    1.2926E+00   0.00000E+00 0.0000
    1.3300E+00   0.00000E+00 0.0000
    1.3685E+00   0.00000E+00 0.0000
    1.4081E+00   0.00000E+00 0.0000
    1.4488E+00   0.00000E+00 0.0000
    1.4907E+00   0.00000E+00 0.0000
    1.5339E+00   0.00000E+00 0.0000
    1.5782E+00   0.00000E+00 0.0000
    1.6239E+00   0.00000E+00 0.0000
    1.6709E+00   0.00000E+00 0.0000
    1.7192E+00   0.00000E+00 0.0000
    1.7689E+00   0.00000E+00 0.0000
    1.8201E+00   0.00000E+00 0.0000
    1.8728E+00   0.00000E+00 0.0000
    1.9269E+00   0.00000E+00 0.0000
    1.9827E+00   0.00000E+00 0.0000
    2.0400E+00   0.00000E+00 0.0000
    2.0991E+00   0.00000E+00 0.0000
    2.1598E+00   0.00000E+00 0.0000
    2.2223E+00   0.00000E+00 0.0000
    2.2866E+00   0.00000E+00 0.0000
    2.3527E+00   0.00000E+00 0.0000
    2.4208E+00   0.00000E+00 0.0000
    2.4908E+00   0.00000E+00 0.0000
    2.5629E+00   0.00000E+00 0.0000
    2.6370E+00   0.00000E+00 0.0000
    2.7133E+00   0.00000E+00 0.0000
    2.7918E+00   0.00000E+00 0.0000
    2.8725E+00   0.00000E+00 0.0000
    2.9557E+00   0.00000E+00 0.0000
    3.0412E+00   0.00000E+00 0.0000
    3.1291E+00   0.00000E+00 0.0000
    3.2197E+00   0.00000E+00 0.0000
    3.3128E+00   0.00000E+00 0.0000
    3.4086E+00   0.00000E+00 0.0000
    3.5072E+00   0.00000E+00 0.0000
    3.6087E+00   0.00000E+00 0.0000
    3.7131E+00   0.00000E+00 0.0000
    3.8205E+00   0.00000E+00 0.0000
    3.9311E+00   0.00000E+00 0.0000
    4.0448E+00   0.00000E+00 0.0000
    4.1618E+00   0.00000E+00 0.0000
    4.2822E+00   0.00000E+00 0.0000
    4.4061E+00   0.00000E+00 0.0000
    4.5335E+00   0.00000E+00 0.0000
    4.6647E+00   0.00000E+00 0.0000
    4.7996E+00   0.00000E+00 0.0000
    4.9385E+00   0.00000E+00 0.0000
    5.0814E+00   0.00000E+00 0.0000
    5.2284E+00   0.00000E+00 0.0000
    5.3796E+00   0.00000E+00 0.0000
    5.5352E+00   0.00000E+00 0.0000
    5.6954E+00   0.00000E+00 0.0000
    5.8601E+00   0.00000E+00 0.0000
    6.0297E+00   0.00000E+00 0.0000
    6.2041E+00   0.00000E+00 0.0000
    6.3836E+00   0.00000E+00 0.0000
    6.5683E+00   0.00000E+00 0.0000
    6.7583E+00   0.00000E+00 0.0000
    6.9538E+00   0.00000E+00 0.0000
    7.1550E+00   0.00000E+00 0.0000
    7.3619E+00   0.00000E+00 0.0000
    7.5749E+00   0.00000E+00 0.0000
    7.7941E+00   0.00000E+00 0.0000
    8.0195E+00   0.00000E+00 0.0000
    8.2515E+00   0.00000E+00 0.0000
    8.4902E+00   0.00000E+00 0.0000
    8.7359E+00   0.00000E+00 0.0000
    8.9886E+00   0.00000E+00 0.0000
    9.2486E+00   0.00000E+00 0.0000
    9.5162E+00   0.00000E+00 0.0000
    9.7915E+00   0.00000E+00 0.0000
    1.0075E+01   0.00000E+00 0.0000
    1.0366E+01   0.00000E+00 0.0000
    1.0666E+01   0.00000E+00 0.0000
    1.0975E+01   0.00000E+00 0.0000
    1.1292E+01   0.00000E+00 0.0000
    1.1619E+01   0.00000E+00 0.0000
    1.1955E+01   0.00000E+00 0.0000
    1.2301E+01   6.29544E-09 0.0267
    1.2657E+01   6.87254E-09 0.0256
    1.3023E+01   5.60539E-07 0.0028
    1.3400E+01   1.77723E-07 0.0050
    1.3787E+01   2.00725E-07 0.0047
    1.4186E+01   1.20811E-06 0.0019
    1.4596E+01   1.69031E-07 0.0052
    1.5019E+01   1.20238E-06 0.0019
    1.5453E+01   2.18446E-07 0.0044
    1.5900E+01   1.10470E-06 0.0020
    1.6360E+01   1.67140E-07 0.0046
    1.6834E+01   1.84538E-07 0.0043
    1.7321E+01   1.29998E-06 0.0018
    1.7822E+01   1.91800E-07 0.0038
    1.8337E+01   1.08958E-06 0.0019
    1.8868E+01   1.41062E-07 0.0041
    1.9413E+01   1.44374E-07 0.0041
    1.9975E+01   8.81520E-07 0.0020
    2.0553E+01   1.65273E-07 0.0037
    2.1148E+01   9.05800E-07 0.0019
    2.1759E+01   1.39764E-07 0.0037
    2.2389E+01   1.41166E-07 0.0036
    2.3037E+01   7.29197E-07 0.0020
    2.3703E+01   1.07027E-07 0.0038
    2.4389E+01   5.62566E-07 0.0022
    2.5094E+01   9.11969E-08 0.0039
    2.5820E+01   9.07435E-08 0.0039
    2.6567E+01   4.92231E-07 0.0022
    2.7336E+01   8.12381E-08 0.0038
    2.8127E+01   4.80513E-07 0.0021
    2.8940E+01   8.14865E-08 0.0036
    2.9777E+01   4.45031E-07 0.0021
    3.0639E+01   7.64492E-08 0.0034
    3.1525E+01   6.95399E-08 0.0035
    3.2437E+01   3.88909E-07 0.0021
    3.3376E+01   5.83348E-08 0.0036
    3.4341E+01   3.21450E-07 0.0021
    3.5335E+01   5.64112E-08 0.0034
    3.6357E+01   4.64569E-08 0.0037
    3.7409E+01   2.62732E-07 0.0022
    3.8491E+01   3.93729E-08 0.0037
    3.9604E+01   2.11550E-07 0.0023
    4.0750E+01   3.77872E-08 0.0035
    4.1929E+01   3.05373E-08 0.0039
    4.3142E+01   1.76190E-07 0.0023
    4.4390E+01   2.57427E-08 0.0040
    4.5674E+01   1.46192E-07 0.0024
    4.6996E+01   2.57920E-08 0.0036
    4.8355E+01   2.08866E-08 0.0040
    4.9754E+01   1.25803E-07 0.0024
    5.1193E+01   1.79836E-08 0.0040
    5.2674E+01   1.06587E-07 0.0024
    5.4198E+01   1.86571E-08 0.0037
    5.5766E+01   1.54963E-08 0.0040
    5.7379E+01   9.25465E-08 0.0024
    5.9039E+01   1.28140E-08 0.0041
    6.0747E+01   7.96158E-08 0.0024
    6.2505E+01   1.32611E-08 0.0037
    6.4313E+01   6.63977E-08 0.0024
    6.6174E+01   1.42367E-08 0.0033
    6.8088E+01   9.37842E-09 0.0041
    7.0058E+01   6.01504E-08 0.0024
    7.2084E+01   9.21995E-09 0.0038
    7.4170E+01   5.04342E-08 0.0024
    7.6315E+01   1.00609E-08 0.0034
    7.8523E+01   7.08169E-09 0.0040
    8.0795E+01   4.50943E-08 0.0024
    8.3132E+01   6.35840E-09 0.0039
    8.5537E+01   3.84004E-08 0.0024
    8.8012E+01   6.80312E-09 0.0035
    9.0558E+01   3.21435E-08 0.0023
    9.3178E+01   7.14818E-09 0.0032
    9.5873E+01   4.66750E-09 0.0039
    9.8647E+01   2.93547E-08 0.0023
    1.0150E+02   4.27048E-09 0.0038
    1.0444E+02   2.50142E-08 0.0023
    1.0746E+02   4.30887E-09 0.0035
    1.1057E+02   2.09862E-08 0.0023
    1.1377E+02   4.39000E-09 0.0032
    1.1706E+02   3.05519E-09 0.0039
    1.2044E+02   1.87824E-08 0.0023
    1.2393E+02   2.67587E-09 0.0038
    1.2751E+02   1.60279E-08 0.0023
    1.3120E+02   2.69795E-09 0.0035
    1.3500E+02   1.33779E-08 0.0023
    1.3890E+02   2.77975E-09 0.0032
    1.4292E+02   1.90930E-09 0.0039
    1.4706E+02   1.19291E-08 0.0023
    1.5131E+02   1.71316E-09 0.0038
    1.5569E+02   1.00988E-08 0.0023
    1.6019E+02   1.77669E-09 0.0035
    1.6483E+02   8.39678E-09 0.0023
    1.6959E+02   1.79874E-09 0.0032
    1.7450E+02   1.19219E-09 0.0039
    1.7955E+02   7.51446E-09 0.0023
    1.8474E+02   1.14910E-09 0.0037
    1.9009E+02   6.27091E-09 0.0023
    1.9559E+02   1.21447E-09 0.0033
    2.0124E+02   8.98474E-10 0.0039
    2.0707E+02   5.50690E-09 0.0023
    2.1306E+02   7.80805E-10 0.0038
    2.1922E+02   4.66917E-09 0.0023
    2.2556E+02   8.10408E-10 0.0035
    2.3209E+02   7.10031E-10 0.0037
    2.3880E+02   4.00129E-09 0.0023
    2.4571E+02   5.54059E-10 0.0039
    2.5282E+02   3.46663E-09 0.0023
    2.6013E+02   5.46484E-10 0.0036
    2.6766E+02   2.90780E-09 0.0023
    2.7540E+02   5.74265E-10 0.0033
    2.8337E+02   4.40311E-10 0.0037
    2.9157E+02   2.55970E-09 0.0023
    3.0000E+02   3.74917E-10 0.0038
      total      1.65442E-05 0.0005
 
 cell  501                                                                                                                             
 user bin 10000000000.00000
    s(e) (MeV/cm)
    1.0000E+00   0.00000E+00 0.0000
    1.0289E+00   0.00000E+00 0.0000
    1.0587E+00   0.00000E+00 0.0000
    1.0893E+00   0.00000E+00 0.0000
    1.1208E+00   0.00000E+00 0.0000
    1.1533E+00   0.00000E+00 0.0000
    1.1866E+00   0.00000E+00 0.0000
    1.2210E+00   0.00000E+00 0.0000
    1.2563E+00   0.00000E+00 0.0000
    1.2926E+00   0.00000E+00 0.0000
    1.3300E+00   0.00000E+00 0.0000
    1.3685E+00   0.00000E+00 0.0000
    1.4081E+00   0.00000E+00 0.0000
    1.4488E+00   0.00000E+00 0.0000
    1.4907E+00   0.00000E+00 0.0000
    1.5339E+00   0.00000E+00 0.0000
    1.5782E+00   0.00000E+00 0.0000
    1.6239E+00   0.00000E+00 0.0000
    1.6709E+00   0.00000E+00 0.0000
    1.7192E+00   0.00000E+00 0.0000
    1.7689E+00   0.00000E+00 0.0000
    1.8201E+00   0.00000E+00 0.0000
    1.8728E+00   0.00000E+00 0.0000
    1.9269E+00   0.00000E+00 0.0000
    1.9827E+00   0.00000E+00 0.0000
    2.0400E+00   0.00000E+00 0.0000
    2.0991E+00   0.00000E+00 0.0000
    2.1598E+00   0.00000E+00 0.0000
    2.2223E+00   0.00000E+00 0.0000
    2.2866E+00   0.00000E+00 0.0000
    2.3527E+00   0.00000E+00 0.0000
    2.4208E+00   0.00000E+00 0.0000
    2.4908E+00   0.00000E+00 0.0000
    2.5629E+00   0.00000E+00 0.0000
    2.6370E+00   0.00000E+00 0.0000
    2.7133E+00   0.00000E+00 0.0000
    2.7918E+00   0.00000E+00 0.0000
    2.8725E+00   0.00000E+00 0.0000
    2.9557E+00   0.00000E+00 0.0000
    3.0412E+00   0.00000E+00 0.0000
    3.1291E+00   0.00000E+00 0.0000
    3.2197E+00   0.00000E+00 0.0000
    3.3128E+00   0.00000E+00 0.0000
    3.4086E+00   0.00000E+00 0.0000
    3.5072E+00   0.00000E+00 0.0000
    3.6087E+00   0.00000E+00 0.0000
    3.7131E+00   0.00000E+00 0.0000
    3.8205E+00   0.00000E+00 0.0000
    3.9311E+00   0.00000E+00 0.0000
    4.0448E+00   0.00000E+00 0.0000
    4.1618E+00   0.00000E+00 0.0000
    4.2822E+00   0.00000E+00 0.0000
    4.4061E+00   0.00000E+00 0.0000
    4.5335E+00   0.00000E+00 0.0000
    4.6647E+00   0.00000E+00 0.0000
    4.7996E+00   0.00000E+00 0.0000
    4.9385E+00   0.00000E+00 0.0000
    5.0814E+00   0.00000E+00 0.0000
    5.2284E+00   0.00000E+00 0.0000
    5.3796E+00   0.00000E+00 0.0000
    5.5352E+00   0.00000E+00 0.0000
    5.6954E+00   0.00000E+00 0.0000
    5.8601E+00   0.00000E+00 0.0000
    6.0297E+00   0.00000E+00 0.0000
    6.2041E+00   0.00000E+00 0.0000
    6.3836E+00   0.00000E+00 0.0000
    6.5683E+00   0.00000E+00 0.0000
    6.7583E+00   0.00000E+00 0.0000
    6.9538E+00   0.00000E+00 0.0000
    7.1550E+00   0.00000E+00 0.0000
    7.3619E+00   0.00000E+00 0.0000
    7.5749E+00   0.00000E+00 0.0000
    7.7941E+00   0.00000E+00 0.0000
    8.0195E+00   0.00000E+00 0.0000
    8.2515E+00   4.16540E-11 0.3270
    8.4902E+00   0.00000E+00 0.0000
    8.7359E+00   1.63069E-10 0.1670
    8.9886E+00   1.86650E-11 0.5001
    9.2486E+00   5.74428E-10 0.0902
    9.5162E+00   5.16596E-11 0.3021
    9.7915E+00   4.91986E-11 0.3091
    1.0075E+01   1.49235E-09 0.0563
    1.0366E+01   1.60727E-10 0.1728
    1.0666E+01   2.73222E-09 0.0420
    1.0975E+01   3.18885E-10 0.1285
    1.1292E+01   4.43154E-09 0.0334
    1.1619E+01   5.33196E-10 0.0972
    1.1955E+01   6.97611E-10 0.0846
    1.2301E+01   7.23679E-07 0.0069
    1.2657E+01   7.56568E-07 0.0047
    1.3023E+01   6.47998E-05 0.0015
    1.3400E+01   2.09036E-05 0.0013
    1.3787E+01   2.36398E-05 0.0012
    1.4186E+01   1.47761E-04 0.0010
    1.4596E+01   2.11236E-05 0.0011
    1.5019E+01   1.47333E-04 0.0010
    1.5453E+01   2.66628E-05 0.0011
    1.5900E+01   1.37739E-04 0.0009
    1.6360E+01   2.05150E-05 0.0010
    1.6834E+01   2.27495E-05 0.0010
    1.7321E+01   1.58426E-04 0.0008
    1.7822E+01   2.36342E-05 0.0009
    1.8337E+01   1.36046E-04 0.0008
    1.8868E+01   1.79202E-05 0.0009
    1.9413E+01   1.84072E-05 0.0009
    1.9975E+01   1.09929E-04 0.0008
    2.0553E+01   2.04297E-05 0.0009
    2.1148E+01   1.11810E-04 0.0008
    2.1759E+01   1.72794E-05 0.0009
    2.2389E+01   1.75357E-05 0.0009
    2.3037E+01   9.14839E-05 0.0008
    2.3703E+01   1.36432E-05 0.0009
    2.4389E+01   7.16232E-05 0.0008
    2.5094E+01   1.15516E-05 0.0009
    2.5820E+01   1.15491E-05 0.0009
    2.6567E+01   6.22476E-05 0.0008
    2.7336E+01   1.01898E-05 0.0008
    2.8127E+01   5.97440E-05 0.0008
    2.8940E+01   9.97901E-06 0.0008
    2.9777E+01   5.49966E-05 0.0008
    3.0639E+01   9.48884E-06 0.0008
    3.1525E+01   8.62667E-06 0.0008
    3.2437E+01   4.82622E-05 0.0008
    3.3376E+01   7.28474E-06 0.0008
    3.4341E+01   4.01995E-05 0.0008
    3.5335E+01   7.07104E-06 0.0008
    3.6357E+01   5.86032E-06 0.0008
    3.7409E+01   3.32570E-05 0.0008
    3.8491E+01   4.99107E-06 0.0008
    3.9604E+01   2.70639E-05 0.0008
    4.0750E+01   4.84654E-06 0.0008
    4.1929E+01   3.92805E-06 0.0008
    4.3142E+01   2.27312E-05 0.0008
    4.4390E+01   3.31776E-06 0.0008
    4.5674E+01   1.88904E-05 0.0008
    4.6996E+01   3.33828E-06 0.0008
    4.8355E+01   2.69209E-06 0.0008
    4.9754E+01   1.62688E-05 0.0008
    5.1193E+01   2.31287E-06 0.0008
    5.2674E+01   1.37612E-05 0.0008
    5.4198E+01   2.40760E-06 0.0008
    5.5766E+01   2.00046E-06 0.0008
    5.7379E+01   1.19497E-05 0.0008
    5.9039E+01   1.65015E-06 0.0008
    6.0747E+01   1.02896E-05 0.0008
    6.2505E+01   1.70764E-06 0.0008
    6.4313E+01   8.57833E-06 0.0008
    6.6174E+01   1.83644E-06 0.0008
    6.8088E+01   1.20871E-06 0.0008
    7.0058E+01   7.76351E-06 0.0008
    7.2084E+01   1.19585E-06 0.0008
    7.4170E+01   6.51123E-06 0.0008
    7.6315E+01   1.29878E-06 0.0008
    7.8523E+01   9.15425E-07 0.0008
    8.0795E+01   5.82832E-06 0.0008
    8.3132E+01   8.23197E-07 0.0008
    8.5537E+01   4.96643E-06 0.0008
    8.8012E+01   8.79857E-07 0.0008
    9.0558E+01   4.16156E-06 0.0008
    9.3178E+01   9.21536E-07 0.0008
    9.5873E+01   6.05248E-07 0.0008
    9.8647E+01   3.79402E-06 0.0008
    1.0150E+02   5.51941E-07 0.0008
    1.0444E+02   3.23199E-06 0.0008
    1.0746E+02   5.60111E-07 0.0008
    1.1057E+02   2.70853E-06 0.0008
    1.1377E+02   5.71421E-07 0.0008
    1.1706E+02   3.93691E-07 0.0008
    1.2044E+02   2.42968E-06 0.0008
    1.2393E+02   3.46000E-07 0.0008
    1.2751E+02   2.07304E-06 0.0008
    1.3120E+02   3.49899E-07 0.0008
    1.3500E+02   1.73085E-06 0.0008
    1.3890E+02   3.59850E-07 0.0008
    1.4292E+02   2.47722E-07 0.0008
    1.4706E+02   1.54460E-06 0.0008
    1.5131E+02   2.21907E-07 0.0008
    1.5569E+02   1.30770E-06 0.0008
    1.6019E+02   2.30203E-07 0.0008
    1.6483E+02   1.08854E-06 0.0008
    1.6959E+02   2.33664E-07 0.0008
    1.7450E+02   1.54633E-07 0.0008
    1.7955E+02   9.74401E-07 0.0008
    1.8474E+02   1.49357E-07 0.0008
    1.9009E+02   8.13564E-07 0.0008
    1.9559E+02   1.57863E-07 0.0008
    2.0124E+02   1.16072E-07 0.0008
    2.0707E+02   7.15012E-07 0.0008
    2.1306E+02   1.01448E-07 0.0008
    2.1922E+02   6.06247E-07 0.0008
    2.2556E+02   1.05703E-07 0.0008
    2.3209E+02   9.14583E-08 0.0008
    2.3880E+02   5.20026E-07 0.0007
    2.4571E+02   7.22070E-08 0.0008
    2.5282E+02   4.49972E-07 0.0007
    2.6013E+02   7.11697E-08 0.0008
    2.6766E+02   3.77230E-07 0.0007
    2.7540E+02   7.47127E-08 0.0008
    2.8337E+02   5.70089E-08 0.0008
    2.9157E+02   3.32440E-07 0.0007
    3.0000E+02   4.85644E-08 0.0008
      total      2.05480E-03 0.0004
 
 cell  501                                                                                                                             
 user bin total
    s(e) (MeV/cm)
    1.0000E+00   0.00000E+00 0.0000
    1.0289E+00   0.00000E+00 0.0000
    1.0587E+00   0.00000E+00 0.0000
    1.0893E+00   0.00000E+00 0.0000
    1.1208E+00   0.00000E+00 0.0000
    1.1533E+00   0.00000E+00 0.0000
    1.1866E+00   0.00000E+00 0.0000
    1.2210E+00   0.00000E+00 0.0000
    1.2563E+00   0.00000E+00 0.0000
    1.2926E+00   0.00000E+00 0.0000
    1.3300E+00   0.00000E+00 0.0000
    1.3685E+00   0.00000E+00 0.0000
    1.4081E+00   0.00000E+00 0.0000
    1.4488E+00   0.00000E+00 0.0000
    1.4907E+00   0.00000E+00 0.0000
    1.5339E+00   0.00000E+00 0.0000
    1.5782E+00   0.00000E+00 0.0000
    1.6239E+00   0.00000E+00 0.0000
    1.6709E+00   0.00000E+00 0.0000
    1.7192E+00   0.00000E+00 0.0000
    1.7689E+00   0.00000E+00 0.0000
    1.8201E+00   0.00000E+00 0.0000
    1.8728E+00   0.00000E+00 0.0000
    1.9269E+00   0.00000E+00 0.0000
    1.9827E+00   0.00000E+00 0.0000
    2.0400E+00   0.00000E+00 0.0000
    2.0991E+00   0.00000E+00 0.0000
    2.1598E+00   0.00000E+00 0.0000
    2.2223E+00   0.00000E+00 0.0000
    2.2866E+00   0.00000E+00 0.0000
    2.3527E+00   0.00000E+00 0.0000
    2.4208E+00   0.00000E+00 0.0000
    2.4908E+00   0.00000E+00 0.0000
    2.5629E+00   0.00000E+00 0.0000
    2.6370E+00   0.00000E+00 0.0000
    2.7133E+00   0.00000E+00 0.0000
    2.7918E+00   0.00000E+00 0.0000
    2.8725E+00   0.00000E+00 0.0000
    2.9557E+00   0.00000E+00 0.0000
    3.0412E+00   0.00000E+00 0.0000
    3.1291E+00   0.00000E+00 0.0000
    3.2197E+00   0.00000E+00 0.0000
    3.3128E+00   0.00000E+00 0.0000
    3.4086E+00   0.00000E+00 0.0000
    3.5072E+00   0.00000E+00 0.0000
    3.6087E+00   0.00000E+00 0.0000
    3.7131E+00   0.00000E+00 0.0000
    3.8205E+00   0.00000E+00 0.0000
    3.9311E+00   0.00000E+00 0.0000
    4.0448E+00   0.00000E+00 0.0000
    4.1618E+00   0.00000E+00 0.0000
    4.2822E+00   0.00000E+00 0.0000
    4.4061E+00   0.00000E+00 0.0000
    4.5335E+00   0.00000E+00 0.0000
    4.6647E+00   0.00000E+00 0.0000
    4.7996E+00   0.00000E+00 0.0000
    4.9385E+00   0.00000E+00 0.0000
    5.0814E+00   0.00000E+00 0.0000
    5.2284E+00   0.00000E+00 0.0000
    5.3796E+00   0.00000E+00 0.0000
    5.5352E+00   0.00000E+00 0.0000
    5.6954E+00   0.00000E+00 0.0000
    5.8601E+00   0.00000E+00 0.0000
    6.0297E+00   0.00000E+00 0.0000
    6.2041E+00   0.00000E+00 0.0000
    6.3836E+00   0.00000E+00 0.0000
    6.5683E+00   0.00000E+00 0.0000
    6.7583E+00   0.00000E+00 0.0000
    6.9538E+00   0.00000E+00 0.0000
    7.1550E+00   0.00000E+00 0.0000
    7.3619E+00   0.00000E+00 0.0000
    7.5749E+00   0.00000E+00 0.0000
    7.7941E+00   0.00000E+00 0.0000
    8.0195E+00   0.00000E+00 0.0000
    8.2515E+00   4.16540E-11 0.3270
    8.4902E+00   0.00000E+00 0.0000
    8.7359E+00   1.63069E-10 0.1670
    8.9886E+00   1.86650E-11 0.5001
    9.2486E+00   5.74428E-10 0.0902
    9.5162E+00   5.16596E-11 0.3021
    9.7915E+00   4.91986E-11 0.3091
    1.0075E+01   1.49235E-09 0.0563
    1.0366E+01   1.60727E-10 0.1728
    1.0666E+01   2.73222E-09 0.0420
    1.0975E+01   3.18885E-10 0.1285
    1.1292E+01   4.43154E-09 0.0334
    1.1619E+01   5.33196E-10 0.0972
    1.1955E+01   6.97611E-10 0.0846
    1.2301E+01   7.29974E-07 0.0069
    1.2657E+01   7.63440E-07 0.0047
    1.3023E+01   6.53604E-05 0.0015
    1.3400E+01   2.10814E-05 0.0013
    1.3787E+01   2.38405E-05 0.0012
    1.4186E+01   1.48969E-04 0.0010
    1.4596E+01   2.12926E-05 0.0011
    1.5019E+01   1.48535E-04 0.0010
    1.5453E+01   2.68813E-05 0.0011
    1.5900E+01   1.38844E-04 0.0009
    1.6360E+01   2.06821E-05 0.0010
    1.6834E+01   2.29341E-05 0.0010
    1.7321E+01   1.59726E-04 0.0008
    1.7822E+01   2.38260E-05 0.0009
    1.8337E+01   1.37135E-04 0.0008
    1.8868E+01   1.80613E-05 0.0009
    1.9413E+01   1.85516E-05 0.0009
    1.9975E+01   1.10810E-04 0.0008
    2.0553E+01   2.05949E-05 0.0009
    2.1148E+01   1.12716E-04 0.0008
    2.1759E+01   1.74192E-05 0.0009
    2.2389E+01   1.76769E-05 0.0009
    2.3037E+01   9.22130E-05 0.0008
    2.3703E+01   1.37502E-05 0.0009
    2.4389E+01   7.21858E-05 0.0008
    2.5094E+01   1.16428E-05 0.0009
    2.5820E+01   1.16399E-05 0.0009
    2.6567E+01   6.27398E-05 0.0008
    2.7336E+01   1.02710E-05 0.0008
    2.8127E+01   6.02245E-05 0.0008
    2.8940E+01   1.00605E-05 0.0008
    2.9777E+01   5.54416E-05 0.0008
    3.0639E+01   9.56529E-06 0.0008
    3.1525E+01   8.69621E-06 0.0008
    3.2437E+01   4.86511E-05 0.0008
    3.3376E+01   7.34307E-06 0.0008
    3.4341E+01   4.05209E-05 0.0008
    3.5335E+01   7.12745E-06 0.0008
    3.6357E+01   5.90677E-06 0.0008
    3.7409E+01   3.35197E-05 0.0008
    3.8491E+01   5.03044E-06 0.0008
    3.9604E+01   2.72755E-05 0.0008
    4.0750E+01   4.88432E-06 0.0008
    4.1929E+01   3.95859E-06 0.0008
    4.3142E+01   2.29074E-05 0.0008
    4.4390E+01   3.34351E-06 0.0008
    4.5674E+01   1.90366E-05 0.0008
    4.6996E+01   3.36407E-06 0.0008
    4.8355E+01   2.71298E-06 0.0008
    4.9754E+01   1.63946E-05 0.0008
    5.1193E+01   2.33085E-06 0.0008
    5.2674E+01   1.38678E-05 0.0008
    5.4198E+01   2.42626E-06 0.0008
    5.5766E+01   2.01595E-06 0.0008
    5.7379E+01   1.20422E-05 0.0008
    5.9039E+01   1.66296E-06 0.0008
    6.0747E+01   1.03692E-05 0.0008
    6.2505E+01   1.72090E-06 0.0008
    6.4313E+01   8.64473E-06 0.0008
    6.6174E+01   1.85067E-06 0.0008
    6.8088E+01   1.21809E-06 0.0008
    7.0058E+01   7.82366E-06 0.0008
    7.2084E+01   1.20507E-06 0.0008
    7.4170E+01   6.56167E-06 0.0008
    7.6315E+01   1.30885E-06 0.0008
    7.8523E+01   9.22506E-07 0.0008
    8.0795E+01   5.87341E-06 0.0008
    8.3132E+01   8.29555E-07 0.0008
    8.5537E+01   5.00483E-06 0.0008
    8.8012E+01   8.86660E-07 0.0008
    9.0558E+01   4.19371E-06 0.0008
    9.3178E+01   9.28685E-07 0.0008
    9.5873E+01   6.09915E-07 0.0008
    9.8647E+01   3.82337E-06 0.0008
    1.0150E+02   5.56212E-07 0.0008
    1.0444E+02   3.25701E-06 0.0008
    1.0746E+02   5.64420E-07 0.0008
    1.1057E+02   2.72952E-06 0.0008
    1.1377E+02   5.75811E-07 0.0008
    1.1706E+02   3.96746E-07 0.0008
    1.2044E+02   2.44846E-06 0.0008
    1.2393E+02   3.48675E-07 0.0008
    1.2751E+02   2.08907E-06 0.0008
    1.3120E+02   3.52597E-07 0.0008
    1.3500E+02   1.74422E-06 0.0008
    1.3890E+02   3.62630E-07 0.0008
    1.4292E+02   2.49631E-07 0.0008
    1.4706E+02   1.55653E-06 0.0008
    1.5131E+02   2.23620E-07 0.0008
    1.5569E+02   1.31780E-06 0.0008
    1.6019E+02   2.31980E-07 0.0008
    1.6483E+02   1.09693E-06 0.0008
    1.6959E+02   2.35463E-07 0.0008
    1.7450E+02   1.55825E-07 0.0008
    1.7955E+02   9.81916E-07 0.0008
    1.8474E+02   1.50506E-07 0.0008
    1.9009E+02   8.19835E-07 0.0008
    1.9559E+02   1.59078E-07 0.0008
    2.0124E+02   1.16970E-07 0.0008
    2.0707E+02   7.20519E-07 0.0008
    2.1306E+02   1.02229E-07 0.0008
    2.1922E+02   6.10917E-07 0.0008
    2.2556E+02   1.06513E-07 0.0008
    2.3209E+02   9.21684E-08 0.0008
    2.3880E+02   5.24027E-07 0.0008
    2.4571E+02   7.27610E-08 0.0008
    2.5282E+02   4.53438E-07 0.0008
    2.6013E+02   7.17162E-08 0.0008
    2.6766E+02   3.80138E-07 0.0008
    2.7540E+02   7.52870E-08 0.0008
    2.8337E+02   5.74492E-08 0.0008
    2.9157E+02   3.35000E-07 0.0007
    3.0000E+02   4.89394E-08 0.0008
      total      2.07134E-03 0.0004
 
 cell  502                                                                                                                             
 user bin          -1.00000
    s(e) (MeV/cm)
    1.0000E+00   0.00000E+00 0.0000
    1.0289E+00   0.00000E+00 0.0000
    1.0587E+00   0.00000E+00 0.0000
    1.0893E+00   0.00000E+00 0.0000
    1.1208E+00   0.00000E+00 0.0000
    1.1533E+00   0.00000E+00 0.0000
    1.1866E+00   0.00000E+00 0.0000
    1.2210E+00   0.00000E+00 0.0000
    1.2563E+00   0.00000E+00 0.0000
    1.2926E+00   0.00000E+00 0.0000
    1.3300E+00   0.00000E+00 0.0000
    1.3685E+00   0.00000E+00 0.0000
    1.4081E+00   0.00000E+00 0.0000
    1.4488E+00   0.00000E+00 0.0000
    1.4907E+00   0.00000E+00 0.0000
    1.5339E+00   0.00000E+00 0.0000
    1.5782E+00   0.00000E+00 0.0000
    1.6239E+00   0.00000E+00 0.0000
    1.6709E+00   0.00000E+00 0.0000
    1.7192E+00   0.00000E+00 0.0000
    1.7689E+00   0.00000E+00 0.0000
    1.8201E+00   0.00000E+00 0.0000
    1.8728E+00   0.00000E+00 0.0000
    1.9269E+00   0.00000E+00 0.0000
    1.9827E+00   0.00000E+00 0.0000
    2.0400E+00   0.00000E+00 0.0000
    2.0991E+00   0.00000E+00 0.0000
    2.1598E+00   0.00000E+00 0.0000
    2.2223E+00   0.00000E+00 0.0000
    2.2866E+00   0.00000E+00 0.0000
    2.3527E+00   0.00000E+00 0.0000
    2.4208E+00   0.00000E+00 0.0000
    2.4908E+00   0.00000E+00 0.0000
    2.5629E+00   0.00000E+00 0.0000
    2.6370E+00   0.00000E+00 0.0000
    2.7133E+00   0.00000E+00 0.0000
    2.7918E+00   0.00000E+00 0.0000
    2.8725E+00   0.00000E+00 0.0000
    2.9557E+00   0.00000E+00 0.0000
    3.0412E+00   0.00000E+00 0.0000
    3.1291E+00   0.00000E+00 0.0000
    3.2197E+00   0.00000E+00 0.0000
    3.3128E+00   0.00000E+00 0.0000
    3.4086E+00   0.00000E+00 0.0000
    3.5072E+00   0.00000E+00 0.0000
    3.6087E+00   0.00000E+00 0.0000
    3.7131E+00   0.00000E+00 0.0000
    3.8205E+00   0.00000E+00 0.0000
    3.9311E+00   0.00000E+00 0.0000
    4.0448E+00   0.00000E+00 0.0000
    4.1618E+00   0.00000E+00 0.0000
    4.2822E+00   0.00000E+00 0.0000
    4.4061E+00   0.00000E+00 0.0000
    4.5335E+00   0.00000E+00 0.0000
    4.6647E+00   0.00000E+00 0.0000
    4.7996E+00   0.00000E+00 0.0000
    4.9385E+00   0.00000E+00 0.0000
    5.0814E+00   0.00000E+00 0.0000
    5.2284E+00   0.00000E+00 0.0000
    5.3796E+00   0.00000E+00 0.0000
    5.5352E+00   0.00000E+00 0.0000
    5.6954E+00   0.00000E+00 0.0000
    5.8601E+00   0.00000E+00 0.0000
    6.0297E+00   0.00000E+00 0.0000
    6.2041E+00   0.00000E+00 0.0000
    6.3836E+00   0.00000E+00 0.0000
    6.5683E+00   0.00000E+00 0.0000
    6.7583E+00   0.00000E+00 0.0000
    6.9538E+00   0.00000E+00 0.0000
    7.1550E+00   0.00000E+00 0.0000
    7.3619E+00   0.00000E+00 0.0000
    7.5749E+00   0.00000E+00 0.0000
    7.7941E+00   0.00000E+00 0.0000
    8.0195E+00   0.00000E+00 0.0000
    8.2515E+00   0.00000E+00 0.0000
    8.4902E+00   0.00000E+00 0.0000
    8.7359E+00   0.00000E+00 0.0000
    8.9886E+00   0.00000E+00 0.0000
    9.2486E+00   0.00000E+00 0.0000
    9.5162E+00   0.00000E+00 0.0000
    9.7915E+00   0.00000E+00 0.0000
    1.0075E+01   0.00000E+00 0.0000
    1.0366E+01   0.00000E+00 0.0000
    1.0666E+01   0.00000E+00 0.0000
    1.0975E+01   0.00000E+00 0.0000
    1.1292E+01   0.00000E+00 0.0000
    1.1619E+01   4.49294E-12 1.0000
    1.1955E+01   4.48936E-12 1.0000
    1.2301E+01   3.20344E-08 0.0118
    1.2657E+01   2.56221E-08 0.0132
    1.3023E+01   9.83197E-07 0.0021
    1.3400E+01   2.05337E-07 0.0047
    1.3787E+01   2.06165E-07 0.0047
    1.4186E+01   1.15174E-06 0.0020
    1.4596E+01   2.11636E-07 0.0046
    1.5019E+01   1.32236E-06 0.0018
    1.5453E+01   2.00457E-07 0.0046
    1.5900E+01   1.20056E-06 0.0019
    1.6360E+01   2.11258E-07 0.0041
    1.6834E+01   2.29926E-07 0.0039
    1.7321E+01   1.36638E-06 0.0017
    1.7822E+01   1.68526E-07 0.0041
    1.8337E+01   1.01263E-06 0.0019
    1.8868E+01   1.54881E-07 0.0039
    1.9413E+01   1.64504E-07 0.0038
    1.9975E+01   1.02442E-06 0.0019
    2.0553E+01   1.82890E-07 0.0035
    2.1148E+01   8.94292E-07 0.0020
    2.1759E+01   1.25036E-07 0.0039
    2.2389E+01   1.25333E-07 0.0039
    2.3037E+01   6.58778E-07 0.0021
    2.3703E+01   1.03558E-07 0.0039
    2.4389E+01   5.94077E-07 0.0021
    2.5094E+01   1.04977E-07 0.0037
    2.5820E+01   1.07078E-07 0.0036
    2.6567E+01   5.80973E-07 0.0020
    2.7336E+01   9.45412E-08 0.0035
    2.8127E+01   5.34408E-07 0.0020
    2.8940E+01   8.53035E-08 0.0035
    2.9777E+01   4.46289E-07 0.0021
    3.0639E+01   7.26905E-08 0.0034
    3.1525E+01   6.54327E-08 0.0036
    3.2437E+01   3.55047E-07 0.0022
    3.3376E+01   5.18724E-08 0.0038
    3.4341E+01   2.82507E-07 0.0023
    3.5335E+01   4.93608E-08 0.0036
    3.6357E+01   4.13917E-08 0.0039
    3.7409E+01   2.35400E-07 0.0023
    3.8491E+01   3.60600E-08 0.0039
    3.9604E+01   1.98926E-07 0.0023
    4.0750E+01   3.63291E-08 0.0036
    4.1929E+01   3.00577E-08 0.0040
    4.3142E+01   1.75647E-07 0.0023
    4.4390E+01   2.64979E-08 0.0039
    4.5674E+01   1.52667E-07 0.0023
    4.6996E+01   2.73027E-08 0.0035
    4.8355E+01   2.24545E-08 0.0039
    4.9754E+01   1.36636E-07 0.0023
    5.1193E+01   1.97781E-08 0.0038
    5.2674E+01   1.18724E-07 0.0023
    5.4198E+01   2.09063E-08 0.0035
    5.5766E+01   1.76103E-08 0.0038
    5.7379E+01   1.04977E-07 0.0022
    5.9039E+01   1.47057E-08 0.0038
    6.0747E+01   9.16253E-08 0.0022
    6.2505E+01   1.53064E-08 0.0035
    6.4313E+01   7.70371E-08 0.0022
    6.6174E+01   1.64985E-08 0.0031
    6.8088E+01   1.09675E-08 0.0038
    7.0058E+01   6.98349E-08 0.0022
    7.2084E+01   1.07896E-08 0.0035
    7.4170E+01   5.86716E-08 0.0022
    7.6315E+01   1.16562E-08 0.0031
    7.8523E+01   8.31063E-09 0.0037
    8.0795E+01   5.24362E-08 0.0022
    8.3132E+01   7.38257E-09 0.0037
    8.5537E+01   4.46886E-08 0.0022
    8.8012E+01   7.87191E-09 0.0033
    9.0558E+01   3.73397E-08 0.0022
    9.3178E+01   8.26677E-09 0.0030
    9.5873E+01   5.39135E-09 0.0037
    9.8647E+01   3.39567E-08 0.0022
    1.0150E+02   4.89753E-09 0.0036
    1.0444E+02   2.88155E-08 0.0022
    1.0746E+02   4.99067E-09 0.0033
    1.1057E+02   2.40203E-08 0.0022
    1.1377E+02   5.07035E-09 0.0030
    1.1706E+02   3.46880E-09 0.0036
    1.2044E+02   2.15004E-08 0.0022
    1.2393E+02   3.05191E-09 0.0036
    1.2751E+02   1.82952E-08 0.0022
    1.3120E+02   3.09244E-09 0.0033
    1.3500E+02   1.52303E-08 0.0022
    1.3890E+02   3.16854E-09 0.0030
    1.4292E+02   2.17879E-09 0.0037
    1.4706E+02   1.35616E-08 0.0022
    1.5131E+02   1.93981E-09 0.0036
    1.5569E+02   1.14576E-08 0.0022
    1.6019E+02   2.01875E-09 0.0033
    1.6483E+02   9.51687E-09 0.0022
    1.6959E+02   2.04568E-09 0.0030
    1.7450E+02   1.35467E-09 0.0037
    1.7955E+02   8.50503E-09 0.0022
    1.8474E+02   1.30474E-09 0.0035
    1.9009E+02   7.09167E-09 0.0022
    1.9559E+02   1.37840E-09 0.0031
    2.0124E+02   1.01117E-09 0.0036
    2.0707E+02   6.22931E-09 0.0022
    2.1306E+02   8.87661E-10 0.0036
    2.1922E+02   5.27359E-09 0.0022
    2.2556E+02   9.23380E-10 0.0033
    2.3209E+02   7.96080E-10 0.0035
    2.3880E+02   4.52343E-09 0.0022
    2.4571E+02   6.30335E-10 0.0037
    2.5282E+02   3.91471E-09 0.0022
    2.6013E+02   6.18689E-10 0.0034
    2.6766E+02   3.28016E-09 0.0022
    2.7540E+02   6.48226E-10 0.0031
    2.8337E+02   4.96812E-10 0.0035
    2.9157E+02   2.88681E-09 0.0022
    3.0000E+02   4.21633E-10 0.0035
      total      1.76007E-05 0.0005
 
 cell  502                                                                                                                             
 user bin 10000000000.00000
    s(e) (MeV/cm)
    1.0000E+00   0.00000E+00 0.0000
    1.0289E+00   0.00000E+00 0.0000
    1.0587E+00   0.00000E+00 0.0000
    1.0893E+00   0.00000E+00 0.0000
    1.1208E+00   0.00000E+00 0.0000
    1.1533E+00   0.00000E+00 0.0000
    1.1866E+00   0.00000E+00 0.0000
    1.2210E+00   0.00000E+00 0.0000
    1.2563E+00   0.00000E+00 0.0000
    1.2926E+00   0.00000E+00 0.0000
    1.3300E+00   0.00000E+00 0.0000
    1.3685E+00   0.00000E+00 0.0000
    1.4081E+00   0.00000E+00 0.0000
    1.4488E+00   0.00000E+00 0.0000
    1.4907E+00   0.00000E+00 0.0000
    1.5339E+00   0.00000E+00 0.0000
    1.5782E+00   0.00000E+00 0.0000
    1.6239E+00   0.00000E+00 0.0000
    1.6709E+00   0.00000E+00 0.0000
    1.7192E+00   0.00000E+00 0.0000
    1.7689E+00   0.00000E+00 0.0000
    1.8201E+00   0.00000E+00 0.0000
    1.8728E+00   0.00000E+00 0.0000
    1.9269E+00   0.00000E+00 0.0000
    1.9827E+00   0.00000E+00 0.0000
    2.0400E+00   0.00000E+00 0.0000
    2.0991E+00   0.00000E+00 0.0000
    2.1598E+00   0.00000E+00 0.0000
    2.2223E+00   0.00000E+00 0.0000
    2.2866E+00   0.00000E+00 0.0000
    2.3527E+00   0.00000E+00 0.0000
    2.4208E+00   0.00000E+00 0.0000
    2.4908E+00   0.00000E+00 0.0000
    2.5629E+00   0.00000E+00 0.0000
    2.6370E+00   0.00000E+00 0.0000
    2.7133E+00   0.00000E+00 0.0000
    2.7918E+00   0.00000E+00 0.0000
    2.8725E+00   0.00000E+00 0.0000
    2.9557E+00   0.00000E+00 0.0000
    3.0412E+00   0.00000E+00 0.0000
    3.1291E+00   0.00000E+00 0.0000
    3.2197E+00   0.00000E+00 0.0000
    3.3128E+00   0.00000E+00 0.0000
    3.4086E+00   0.00000E+00 0.0000
    3.5072E+00   0.00000E+00 0.0000
    3.6087E+00   0.00000E+00 0.0000
    3.7131E+00   0.00000E+00 0.0000
    3.8205E+00   0.00000E+00 0.0000
    3.9311E+00   0.00000E+00 0.0000
    4.0448E+00   0.00000E+00 0.0000
    4.1618E+00   0.00000E+00 0.0000
    4.2822E+00   0.00000E+00 0.0000
    4.4061E+00   0.00000E+00 0.0000
    4.5335E+00   0.00000E+00 0.0000
    4.6647E+00   0.00000E+00 0.0000
    4.7996E+00   0.00000E+00 0.0000
    4.9385E+00   0.00000E+00 0.0000
    5.0814E+00   0.00000E+00 0.0000
    5.2284E+00   0.00000E+00 0.0000
    5.3796E+00   0.00000E+00 0.0000
    5.5352E+00   0.00000E+00 0.0000
    5.6954E+00   0.00000E+00 0.0000
    5.8601E+00   0.00000E+00 0.0000
    6.0297E+00   0.00000E+00 0.0000
    6.2041E+00   0.00000E+00 0.0000
    6.3836E+00   0.00000E+00 0.0000
    6.5683E+00   0.00000E+00 0.0000
    6.7583E+00   0.00000E+00 0.0000
    6.9538E+00   0.00000E+00 0.0000
    7.1550E+00   0.00000E+00 0.0000
    7.3619E+00   0.00000E+00 0.0000
    7.5749E+00   0.00000E+00 0.0000
    7.7941E+00   0.00000E+00 0.0000
    8.0195E+00   0.00000E+00 0.0000
    8.2515E+00   2.91695E-11 0.3849
    8.4902E+00   3.81130E-12 1.0000
    8.7359E+00   1.84371E-10 0.1577
    8.9886E+00   1.86371E-11 0.5001
    9.2486E+00   5.71505E-10 0.0897
    9.5162E+00   7.38857E-11 0.2600
    9.7915E+00   8.10528E-11 0.2430
    1.0075E+01   1.50171E-09 0.0565
    1.0366E+01   1.55448E-10 0.1800
    1.0666E+01   2.71978E-09 0.0422
    1.0975E+01   3.09774E-10 0.1256
    1.1292E+01   4.59787E-09 0.0326
    1.1619E+01   7.90913E-10 0.0797
    1.1955E+01   1.28633E-09 0.0644
    1.2301E+01   3.62992E-06 0.0039
    1.2657E+01   2.91282E-06 0.0028
    1.3023E+01   1.14391E-04 0.0013
    1.3400E+01   2.45809E-05 0.0012
    1.3787E+01   2.49244E-05 0.0012
    1.4186E+01   1.42496E-04 0.0010
    1.4596E+01   2.58100E-05 0.0011
    1.5019E+01   1.62137E-04 0.0010
    1.5453E+01   2.48256E-05 0.0010
    1.5900E+01   1.48076E-04 0.0009
    1.6360E+01   2.56328E-05 0.0009
    1.6834E+01   2.78546E-05 0.0009
    1.7321E+01   1.67439E-04 0.0008
    1.7822E+01   2.12974E-05 0.0009
    1.8337E+01   1.27127E-04 0.0008
    1.8868E+01   1.92518E-05 0.0009
    1.9413E+01   2.04748E-05 0.0009
    1.9975E+01   1.26210E-04 0.0008
    2.0553E+01   2.23929E-05 0.0009
    2.1148E+01   1.11240E-04 0.0008
    2.1759E+01   1.57342E-05 0.0009
    2.2389E+01   1.58107E-05 0.0009
    2.3037E+01   8.35557E-05 0.0008
    2.3703E+01   1.32117E-05 0.0009
    2.4389E+01   7.47496E-05 0.0008
    2.5094E+01   1.29740E-05 0.0008
    2.5820E+01   1.31788E-05 0.0008
    2.6567E+01   7.17943E-05 0.0008
    2.7336E+01   1.16095E-05 0.0008
    2.8127E+01   6.60167E-05 0.0008
    2.8940E+01   1.05279E-05 0.0008
    2.9777E+01   5.55456E-05 0.0008
    3.0639E+01   9.15658E-06 0.0008
    3.1525E+01   8.21551E-06 0.0008
    3.2437E+01   4.48763E-05 0.0008
    3.3376E+01   6.59468E-06 0.0008
    3.4341E+01   3.61861E-05 0.0008
    3.5335E+01   6.34931E-06 0.0008
    3.6357E+01   5.27373E-06 0.0008
    3.7409E+01   3.02324E-05 0.0008
    3.8491E+01   4.61482E-06 0.0008
    3.9604E+01   2.54765E-05 0.0008
    4.0750E+01   4.64848E-06 0.0008
    4.1929E+01   3.82380E-06 0.0008
    4.3142E+01   2.24565E-05 0.0008
    4.4390E+01   3.37044E-06 0.0008
    4.5674E+01   1.94569E-05 0.0008
    4.6996E+01   3.49617E-06 0.0008
    4.8355E+01   2.85763E-06 0.0008
    4.9754E+01   1.73662E-05 0.0008
    5.1193E+01   2.51283E-06 0.0008
    5.2674E+01   1.50475E-05 0.0008
    5.4198E+01   2.65236E-06 0.0008
    5.5766E+01   2.21916E-06 0.0008
    5.7379E+01   1.32875E-05 0.0008
    5.9039E+01   1.84908E-06 0.0008
    6.0747E+01   1.15600E-05 0.0008
    6.2505E+01   1.92629E-06 0.0008
    6.4313E+01   9.69786E-06 0.0008
    6.6174E+01   2.08010E-06 0.0008
    6.8088E+01   1.37005E-06 0.0008
    7.0058E+01   8.79899E-06 0.0008
    7.2084E+01   1.35459E-06 0.0008
    7.4170E+01   7.37764E-06 0.0008
    7.6315E+01   1.47134E-06 0.0008
    7.8523E+01   1.03592E-06 0.0008
    8.0795E+01   6.59659E-06 0.0008
    8.3132E+01   9.30138E-07 0.0008
    8.5537E+01   5.61172E-06 0.0008
    8.8012E+01   9.93650E-07 0.0008
    9.0558E+01   4.69232E-06 0.0008
    9.3178E+01   1.03883E-06 0.0008
    9.5873E+01   6.81087E-07 0.0008
    9.8647E+01   4.27023E-06 0.0008
    1.0150E+02   6.19948E-07 0.0008
    1.0444E+02   3.62997E-06 0.0008
    1.0746E+02   6.28599E-07 0.0008
    1.1057E+02   3.03571E-06 0.0008
    1.1377E+02   6.39862E-07 0.0008
    1.1706E+02   4.40470E-07 0.0008
    1.2044E+02   2.71681E-06 0.0008
    1.2393E+02   3.86304E-07 0.0008
    1.2751E+02   2.31380E-06 0.0008
    1.3120E+02   3.90128E-07 0.0008
    1.3500E+02   1.92831E-06 0.0007
    1.3890E+02   4.00693E-07 0.0008
    1.4292E+02   2.75511E-07 0.0008
    1.4706E+02   1.71800E-06 0.0007
    1.5131E+02   2.46616E-07 0.0008
    1.5569E+02   1.45238E-06 0.0007
    1.6019E+02   2.55738E-07 0.0008
    1.6483E+02   1.20776E-06 0.0007
    1.6959E+02   2.59099E-07 0.0008
    1.7450E+02   1.71577E-07 0.0008
    1.7955E+02   1.08004E-06 0.0007
    1.8474E+02   1.65517E-07 0.0008
    1.9009E+02   9.01189E-07 0.0007
    1.9559E+02   1.74809E-07 0.0008
    2.0124E+02   1.28524E-07 0.0008
    2.0707E+02   7.91446E-07 0.0007
    2.1306E+02   1.12247E-07 0.0008
    2.1922E+02   6.70748E-07 0.0007
    2.2556E+02   1.16889E-07 0.0008
    2.3209E+02   1.01186E-07 0.0008
    2.3880E+02   5.75022E-07 0.0007
    2.4571E+02   7.98200E-08 0.0008
    2.5282E+02   4.97409E-07 0.0007
    2.6013E+02   7.86170E-08 0.0008
    2.6766E+02   4.16837E-07 0.0007
    2.7540E+02   8.25610E-08 0.0008
    2.8337E+02   6.29508E-08 0.0008
    2.9157E+02   3.67239E-07 0.0007
    3.0000E+02   5.36075E-08 0.0008
      total      2.18011E-03 0.0003
 
 cell  502                                                                                                                             
 user bin total
    s(e) (MeV/cm)
    1.0000E+00   0.00000E+00 0.0000
    1.0289E+00   0.00000E+00 0.0000
    1.0587E+00   0.00000E+00 0.0000
    1.0893E+00   0.00000E+00 0.0000
    1.1208E+00   0.00000E+00 0.0000
    1.1533E+00   0.00000E+00 0.0000
    1.1866E+00   0.00000E+00 0.0000
    1.2210E+00   0.00000E+00 0.0000
    1.2563E+00   0.00000E+00 0.0000
    1.2926E+00   0.00000E+00 0.0000
    1.3300E+00   0.00000E+00 0.0000
    1.3685E+00   0.00000E+00 0.0000
    1.4081E+00   0.00000E+00 0.0000
    1.4488E+00   0.00000E+00 0.0000
    1.4907E+00   0.00000E+00 0.0000
    1.5339E+00   0.00000E+00 0.0000
    1.5782E+00   0.00000E+00 0.0000
    1.6239E+00   0.00000E+00 0.0000
    1.6709E+00   0.00000E+00 0.0000
    1.7192E+00   0.00000E+00 0.0000
    1.7689E+00   0.00000E+00 0.0000
    1.8201E+00   0.00000E+00 0.0000
    1.8728E+00   0.00000E+00 0.0000
    1.9269E+00   0.00000E+00 0.0000
    1.9827E+00   0.00000E+00 0.0000
    2.0400E+00   0.00000E+00 0.0000
    2.0991E+00   0.00000E+00 0.0000
    2.1598E+00   0.00000E+00 0.0000
    2.2223E+00   0.00000E+00 0.0000
    2.2866E+00   0.00000E+00 0.0000
    2.3527E+00   0.00000E+00 0.0000
    2.4208E+00   0.00000E+00 0.0000
    2.4908E+00   0.00000E+00 0.0000
    2.5629E+00   0.00000E+00 0.0000
    2.6370E+00   0.00000E+00 0.0000
    2.7133E+00   0.00000E+00 0.0000
    2.7918E+00   0.00000E+00 0.0000
    2.8725E+00   0.00000E+00 0.0000
    2.9557E+00   0.00000E+00 0.0000
    3.0412E+00   0.00000E+00 0.0000
    3.1291E+00   0.00000E+00 0.0000
    3.2197E+00   0.00000E+00 0.0000
    3.3128E+00   0.00000E+00 0.0000
    3.4086E+00   0.00000E+00 0.0000
    3.5072E+00   0.00000E+00 0.0000
    3.6087E+00   0.00000E+00 0.0000
    3.7131E+00   0.00000E+00 0.0000
    3.8205E+00   0.00000E+00 0.0000
    3.9311E+00   0.00000E+00 0.0000
    4.0448E+00   0.00000E+00 0.0000
    4.1618E+00   0.00000E+00 0.0000
    4.2822E+00   0.00000E+00 0.0000
    4.4061E+00   0.00000E+00 0.0000
    4.5335E+00   0.00000E+00 0.0000
    4.6647E+00   0.00000E+00 0.0000
    4.7996E+00   0.00000E+00 0.0000
    4.9385E+00   0.00000E+00 0.0000
    5.0814E+00   0.00000E+00 0.0000
    5.2284E+00   0.00000E+00 0.0000
    5.3796E+00   0.00000E+00 0.0000
    5.5352E+00   0.00000E+00 0.0000
    5.6954E+00   0.00000E+00 0.0000
    5.8601E+00   0.00000E+00 0.0000
    6.0297E+00   0.00000E+00 0.0000
    6.2041E+00   0.00000E+00 0.0000
    6.3836E+00   0.00000E+00 0.0000
    6.5683E+00   0.00000E+00 0.0000
    6.7583E+00   0.00000E+00 0.0000
    6.9538E+00   0.00000E+00 0.0000
    7.1550E+00   0.00000E+00 0.0000
    7.3619E+00   0.00000E+00 0.0000
    7.5749E+00   0.00000E+00 0.0000
    7.7941E+00   0.00000E+00 0.0000
    8.0195E+00   0.00000E+00 0.0000
    8.2515E+00   2.91695E-11 0.3849
    8.4902E+00   3.81130E-12 1.0000
    8.7359E+00   1.84371E-10 0.1577
    8.9886E+00   1.86371E-11 0.5001
    9.2486E+00   5.71505E-10 0.0897
    9.5162E+00   7.38857E-11 0.2600
    9.7915E+00   8.10528E-11 0.2430
    1.0075E+01   1.50171E-09 0.0565
    1.0366E+01   1.55448E-10 0.1800
    1.0666E+01   2.71978E-09 0.0422
    1.0975E+01   3.09774E-10 0.1256
    1.1292E+01   4.59787E-09 0.0326
    1.1619E+01   7.95406E-10 0.0798
    1.1955E+01   1.29082E-09 0.0642
    1.2301E+01   3.66195E-06 0.0039
    1.2657E+01   2.93845E-06 0.0028
    1.3023E+01   1.15374E-04 0.0013
    1.3400E+01   2.47862E-05 0.0012
    1.3787E+01   2.51306E-05 0.0012
    1.4186E+01   1.43647E-04 0.0010
    1.4596E+01   2.60216E-05 0.0011
    1.5019E+01   1.63459E-04 0.0010
    1.5453E+01   2.50261E-05 0.0010
    1.5900E+01   1.49277E-04 0.0009
    1.6360E+01   2.58440E-05 0.0009
    1.6834E+01   2.80845E-05 0.0009
    1.7321E+01   1.68805E-04 0.0008
    1.7822E+01   2.14660E-05 0.0009
    1.8337E+01   1.28139E-04 0.0008
    1.8868E+01   1.94067E-05 0.0009
    1.9413E+01   2.06393E-05 0.0009
    1.9975E+01   1.27235E-04 0.0008
    2.0553E+01   2.25758E-05 0.0009
    2.1148E+01   1.12135E-04 0.0008
    2.1759E+01   1.58592E-05 0.0009
    2.2389E+01   1.59361E-05 0.0009
    2.3037E+01   8.42145E-05 0.0008
    2.3703E+01   1.33153E-05 0.0009
    2.4389E+01   7.53437E-05 0.0008
    2.5094E+01   1.30789E-05 0.0008
    2.5820E+01   1.32859E-05 0.0008
    2.6567E+01   7.23753E-05 0.0008
    2.7336E+01   1.17041E-05 0.0008
    2.8127E+01   6.65511E-05 0.0008
    2.8940E+01   1.06132E-05 0.0008
    2.9777E+01   5.59919E-05 0.0008
    3.0639E+01   9.22927E-06 0.0008
    3.1525E+01   8.28094E-06 0.0008
    3.2437E+01   4.52314E-05 0.0008
    3.3376E+01   6.64655E-06 0.0008
    3.4341E+01   3.64686E-05 0.0008
    3.5335E+01   6.39867E-06 0.0008
    3.6357E+01   5.31512E-06 0.0008
    3.7409E+01   3.04678E-05 0.0008
    3.8491E+01   4.65088E-06 0.0008
    3.9604E+01   2.56754E-05 0.0008
    4.0750E+01   4.68481E-06 0.0008
    4.1929E+01   3.85386E-06 0.0008
    4.3142E+01   2.26322E-05 0.0008
    4.4390E+01   3.39694E-06 0.0008
    4.5674E+01   1.96096E-05 0.0008
    4.6996E+01   3.52347E-06 0.0008
    4.8355E+01   2.88009E-06 0.0008
    4.9754E+01   1.75029E-05 0.0008
    5.1193E+01   2.53261E-06 0.0008
    5.2674E+01   1.51662E-05 0.0008
    5.4198E+01   2.67327E-06 0.0008
    5.5766E+01   2.23677E-06 0.0008
    5.7379E+01   1.33925E-05 0.0008
    5.9039E+01   1.86379E-06 0.0008
    6.0747E+01   1.16517E-05 0.0008
    6.2505E+01   1.94160E-06 0.0008
    6.4313E+01   9.77490E-06 0.0008
    6.6174E+01   2.09660E-06 0.0008
    6.8088E+01   1.38102E-06 0.0008
    7.0058E+01   8.86882E-06 0.0008
    7.2084E+01   1.36538E-06 0.0008
    7.4170E+01   7.43631E-06 0.0008
    7.6315E+01   1.48300E-06 0.0008
    7.8523E+01   1.04423E-06 0.0008
    8.0795E+01   6.64902E-06 0.0008
    8.3132E+01   9.37521E-07 0.0008
    8.5537E+01   5.65641E-06 0.0008
    8.8012E+01   1.00152E-06 0.0008
    9.0558E+01   4.72966E-06 0.0008
    9.3178E+01   1.04709E-06 0.0008
    9.5873E+01   6.86478E-07 0.0008
    9.8647E+01   4.30419E-06 0.0008
    1.0150E+02   6.24846E-07 0.0008
    1.0444E+02   3.65878E-06 0.0008
    1.0746E+02   6.33589E-07 0.0008
    1.1057E+02   3.05973E-06 0.0008
    1.1377E+02   6.44932E-07 0.0008
    1.1706E+02   4.43939E-07 0.0008
    1.2044E+02   2.73831E-06 0.0008
    1.2393E+02   3.89356E-07 0.0008
    1.2751E+02   2.33209E-06 0.0008
    1.3120E+02   3.93220E-07 0.0008
    1.3500E+02   1.94354E-06 0.0008
    1.3890E+02   4.03861E-07 0.0008
    1.4292E+02   2.77690E-07 0.0008
    1.4706E+02   1.73156E-06 0.0007
    1.5131E+02   2.48556E-07 0.0008
    1.5569E+02   1.46383E-06 0.0007
    1.6019E+02   2.57757E-07 0.0008
    1.6483E+02   1.21728E-06 0.0007
    1.6959E+02   2.61144E-07 0.0008
    1.7450E+02   1.72932E-07 0.0008
    1.7955E+02   1.08854E-06 0.0007
    1.8474E+02   1.66822E-07 0.0008
    1.9009E+02   9.08281E-07 0.0007
    1.9559E+02   1.76187E-07 0.0008
    2.0124E+02   1.29536E-07 0.0008
    2.0707E+02   7.97675E-07 0.0007
    2.1306E+02   1.13135E-07 0.0008
    2.1922E+02   6.76022E-07 0.0007
    2.2556E+02   1.17812E-07 0.0008
    2.3209E+02   1.01982E-07 0.0008
    2.3880E+02   5.79545E-07 0.0007
    2.4571E+02   8.04503E-08 0.0008
    2.5282E+02   5.01323E-07 0.0007
    2.6013E+02   7.92357E-08 0.0008
    2.6766E+02   4.20117E-07 0.0007
    2.7540E+02   8.32092E-08 0.0008
    2.8337E+02   6.34476E-08 0.0008
    2.9157E+02   3.70126E-07 0.0007
    3.0000E+02   5.40292E-08 0.0008
      total      2.19771E-03 0.0003
 
 cell  503                                                                                                                             
 user bin          -1.00000
    s(e) (MeV/cm)
    1.0000E+00   0.00000E+00 0.0000
    1.0289E+00   0.00000E+00 0.0000
    1.0587E+00   0.00000E+00 0.0000
    1.0893E+00   0.00000E+00 0.0000
    1.1208E+00   0.00000E+00 0.0000
    1.1533E+00   0.00000E+00 0.0000
    1.1866E+00   0.00000E+00 0.0000
    1.2210E+00   0.00000E+00 0.0000
    1.2563E+00   0.00000E+00 0.0000
    1.2926E+00   0.00000E+00 0.0000
    1.3300E+00   0.00000E+00 0.0000
    1.3685E+00   0.00000E+00 0.0000
    1.4081E+00   0.00000E+00 0.0000
    1.4488E+00   0.00000E+00 0.0000
    1.4907E+00   0.00000E+00 0.0000
    1.5339E+00   0.00000E+00 0.0000
    1.5782E+00   0.00000E+00 0.0000
    1.6239E+00   0.00000E+00 0.0000
    1.6709E+00   0.00000E+00 0.0000
    1.7192E+00   0.00000E+00 0.0000
    1.7689E+00   0.00000E+00 0.0000
    1.8201E+00   0.00000E+00 0.0000
    1.8728E+00   0.00000E+00 0.0000
    1.9269E+00   0.00000E+00 0.0000
    1.9827E+00   0.00000E+00 0.0000
    2.0400E+00   0.00000E+00 0.0000
    2.0991E+00   0.00000E+00 0.0000
    2.1598E+00   0.00000E+00 0.0000
    2.2223E+00   0.00000E+00 0.0000
    2.2866E+00   0.00000E+00 0.0000
    2.3527E+00   0.00000E+00 0.0000
    2.4208E+00   0.00000E+00 0.0000
    2.4908E+00   0.00000E+00 0.0000
    2.5629E+00   0.00000E+00 0.0000
    2.6370E+00   0.00000E+00 0.0000
    2.7133E+00   0.00000E+00 0.0000
    2.7918E+00   0.00000E+00 0.0000
    2.8725E+00   0.00000E+00 0.0000
    2.9557E+00   0.00000E+00 0.0000
    3.0412E+00   0.00000E+00 0.0000
    3.1291E+00   0.00000E+00 0.0000
    3.2197E+00   0.00000E+00 0.0000
    3.3128E+00   0.00000E+00 0.0000
    3.4086E+00   0.00000E+00 0.0000
    3.5072E+00   0.00000E+00 0.0000
    3.6087E+00   0.00000E+00 0.0000
    3.7131E+00   0.00000E+00 0.0000
    3.8205E+00   0.00000E+00 0.0000
    3.9311E+00   0.00000E+00 0.0000
    4.0448E+00   0.00000E+00 0.0000
    4.1618E+00   0.00000E+00 0.0000
    4.2822E+00   0.00000E+00 0.0000
    4.4061E+00   0.00000E+00 0.0000
    4.5335E+00   0.00000E+00 0.0000
    4.6647E+00   0.00000E+00 0.0000
    4.7996E+00   0.00000E+00 0.0000
    4.9385E+00   0.00000E+00 0.0000
    5.0814E+00   0.00000E+00 0.0000
    5.2284E+00   0.00000E+00 0.0000
    5.3796E+00   0.00000E+00 0.0000
    5.5352E+00   0.00000E+00 0.0000
    5.6954E+00   0.00000E+00 0.0000
    5.8601E+00   0.00000E+00 0.0000
    6.0297E+00   0.00000E+00 0.0000
    6.2041E+00   0.00000E+00 0.0000
    6.3836E+00   0.00000E+00 0.0000
    6.5683E+00   0.00000E+00 0.0000
    6.7583E+00   0.00000E+00 0.0000
    6.9538E+00   0.00000E+00 0.0000
    7.1550E+00   0.00000E+00 0.0000
    7.3619E+00   0.00000E+00 0.0000
    7.5749E+00   0.00000E+00 0.0000
    7.7941E+00   0.00000E+00 0.0000
    8.0195E+00   0.00000E+00 0.0000
    8.2515E+00   0.00000E+00 0.0000
    8.4902E+00   0.00000E+00 0.0000
    8.7359E+00   0.00000E+00 0.0000
    8.9886E+00   0.00000E+00 0.0000
    9.2486E+00   0.00000E+00 0.0000
    9.5162E+00   0.00000E+00 0.0000
    9.7915E+00   0.00000E+00 0.0000
    1.0075E+01   0.00000E+00 0.0000
    1.0366E+01   0.00000E+00 0.0000
    1.0666E+01   0.00000E+00 0.0000
    1.0975E+01   0.00000E+00 0.0000
    1.1292E+01   8.98154E-12 0.7071
    1.1619E+01   1.34850E-11 0.5774
    1.1955E+01   5.84268E-11 0.2774
    1.2301E+01   1.18800E-07 0.0061
    1.2657E+01   7.07602E-08 0.0080
    1.3023E+01   1.35159E-06 0.0018
    1.3400E+01   1.85702E-07 0.0049
    1.3787E+01   1.79223E-07 0.0050
    1.4186E+01   1.25632E-06 0.0019
    1.4596E+01   2.50365E-07 0.0042
    1.5019E+01   1.30031E-06 0.0019
    1.5453E+01   2.08090E-07 0.0045
    1.5900E+01   1.45773E-06 0.0017
    1.6360E+01   2.33511E-07 0.0039
    1.6834E+01   2.35963E-07 0.0038
    1.7321E+01   1.24973E-06 0.0018
    1.7822E+01   1.59987E-07 0.0042
    1.8337E+01   1.11636E-06 0.0018
    1.8868E+01   1.82366E-07 0.0036
    1.9413E+01   1.90690E-07 0.0035
    1.9975E+01   1.07078E-06 0.0018
    2.0553E+01   1.68822E-07 0.0036
    2.1148E+01   7.99079E-07 0.0021
    2.1759E+01   1.16309E-07 0.0040
    2.2389E+01   1.20855E-07 0.0039
    2.3037E+01   7.01378E-07 0.0021
    2.3703E+01   1.21917E-07 0.0036
    2.4389E+01   7.00973E-07 0.0020
    2.5094E+01   1.20176E-07 0.0034
    2.5820E+01   1.19294E-07 0.0034
    2.6567E+01   6.14777E-07 0.0020
    2.7336E+01   9.24111E-08 0.0035
    2.8127E+01   5.01243E-07 0.0021
    2.8940E+01   7.63056E-08 0.0037
    2.9777E+01   3.92664E-07 0.0022
    3.0639E+01   6.42737E-08 0.0037
    3.1525E+01   5.81677E-08 0.0038
    3.2437E+01   3.23573E-07 0.0023
    3.3376E+01   4.90915E-08 0.0039
    3.4341E+01   2.78437E-07 0.0023
    3.5335E+01   5.07289E-08 0.0036
    3.6357E+01   4.27320E-08 0.0039
    3.7409E+01   2.51870E-07 0.0022
    3.8491E+01   3.97450E-08 0.0037
    3.9604E+01   2.23213E-07 0.0022
    4.0750E+01   4.14491E-08 0.0034
    4.1929E+01   3.45186E-08 0.0037
    4.3142E+01   2.03454E-07 0.0022
    4.4390E+01   3.06928E-08 0.0036
    4.5674E+01   1.77818E-07 0.0021
    4.6996E+01   3.18741E-08 0.0033
    4.8355E+01   2.60887E-08 0.0036
    4.9754E+01   1.57620E-07 0.0021
    5.1193E+01   2.26690E-08 0.0036
    5.2674E+01   1.34548E-07 0.0021
    5.4198E+01   2.36152E-08 0.0033
    5.5766E+01   1.96664E-08 0.0036
    5.7379E+01   1.16745E-07 0.0021
    5.9039E+01   1.60467E-08 0.0037
    6.0747E+01   1.00004E-07 0.0021
    6.2505E+01   1.65023E-08 0.0033
    6.4313E+01   8.23654E-08 0.0021
    6.6174E+01   1.76485E-08 0.0030
    6.8088E+01   1.14565E-08 0.0037
    7.0058E+01   7.35146E-08 0.0021
    7.2084E+01   1.12337E-08 0.0035
    7.4170E+01   6.08232E-08 0.0022
    7.6315E+01   1.20464E-08 0.0031
    7.8523E+01   8.47850E-09 0.0037
    8.0795E+01   5.36204E-08 0.0022
    8.3132E+01   7.53324E-09 0.0036
    8.5537E+01   4.51563E-08 0.0022
    8.8012E+01   7.95620E-09 0.0033
    9.0558E+01   3.74308E-08 0.0022
    9.3178E+01   8.23949E-09 0.0030
    9.5873E+01   5.39239E-09 0.0037
    9.8647E+01   3.37873E-08 0.0022
    1.0150E+02   4.88703E-09 0.0036
    1.0444E+02   2.85177E-08 0.0022
    1.0746E+02   4.94319E-09 0.0033
    1.1057E+02   2.37257E-08 0.0022
    1.1377E+02   4.99881E-09 0.0030
    1.1706E+02   3.43153E-09 0.0037
    1.2044E+02   2.11403E-08 0.0022
    1.2393E+02   3.00633E-09 0.0036
    1.2751E+02   1.79292E-08 0.0022
    1.3120E+02   3.02207E-09 0.0033
    1.3500E+02   1.48966E-08 0.0022
    1.3890E+02   3.08811E-09 0.0031
    1.4292E+02   2.13051E-09 0.0037
    1.4706E+02   1.32268E-08 0.0022
    1.5131E+02   1.90057E-09 0.0036
    1.5569E+02   1.11503E-08 0.0022
    1.6019E+02   1.96082E-09 0.0033
    1.6483E+02   9.26386E-09 0.0022
    1.6959E+02   1.98280E-09 0.0030
    1.7450E+02   1.31039E-09 0.0037
    1.7955E+02   8.26438E-09 0.0022
    1.8474E+02   1.27063E-09 0.0035
    1.9009E+02   6.87217E-09 0.0022
    1.9559E+02   1.33811E-09 0.0032
    2.0124E+02   9.81466E-10 0.0037
    2.0707E+02   6.03239E-09 0.0022
    2.1306E+02   8.51843E-10 0.0037
    2.1922E+02   5.10649E-09 0.0022
    2.2556E+02   8.90740E-10 0.0033
    2.3209E+02   7.66463E-10 0.0036
    2.3880E+02   4.37137E-09 0.0022
    2.4571E+02   6.06500E-10 0.0037
    2.5282E+02   3.77535E-09 0.0022
    2.6013E+02   5.99292E-10 0.0035
    2.6766E+02   3.15857E-09 0.0022
    2.7540E+02   6.24852E-10 0.0031
    2.8337E+02   4.79508E-10 0.0036
    2.9157E+02   2.78396E-09 0.0022
    3.0000E+02   4.04995E-10 0.0036
      total      1.87021E-05 0.0005
 
 cell  503                                                                                                                             
 user bin 10000000000.00000
    s(e) (MeV/cm)
    1.0000E+00   0.00000E+00 0.0000
    1.0289E+00   0.00000E+00 0.0000
    1.0587E+00   0.00000E+00 0.0000
    1.0893E+00   0.00000E+00 0.0000
    1.1208E+00   0.00000E+00 0.0000
    1.1533E+00   0.00000E+00 0.0000
    1.1866E+00   0.00000E+00 0.0000
    1.2210E+00   0.00000E+00 0.0000
    1.2563E+00   0.00000E+00 0.0000
    1.2926E+00   0.00000E+00 0.0000
    1.3300E+00   0.00000E+00 0.0000
    1.3685E+00   0.00000E+00 0.0000
    1.4081E+00   0.00000E+00 0.0000
    1.4488E+00   0.00000E+00 0.0000
    1.4907E+00   0.00000E+00 0.0000
    1.5339E+00   0.00000E+00 0.0000
    1.5782E+00   0.00000E+00 0.0000
    1.6239E+00   0.00000E+00 0.0000
    1.6709E+00   0.00000E+00 0.0000
    1.7192E+00   0.00000E+00 0.0000
    1.7689E+00   0.00000E+00 0.0000
    1.8201E+00   0.00000E+00 0.0000
    1.8728E+00   0.00000E+00 0.0000
    1.9269E+00   0.00000E+00 0.0000
    1.9827E+00   0.00000E+00 0.0000
    2.0400E+00   0.00000E+00 0.0000
    2.0991E+00   0.00000E+00 0.0000
    2.1598E+00   0.00000E+00 0.0000
    2.2223E+00   0.00000E+00 0.0000
    2.2866E+00   0.00000E+00 0.0000
    2.3527E+00   0.00000E+00 0.0000
    2.4208E+00   0.00000E+00 0.0000
    2.4908E+00   0.00000E+00 0.0000
    2.5629E+00   0.00000E+00 0.0000
    2.6370E+00   0.00000E+00 0.0000
    2.7133E+00   0.00000E+00 0.0000
    2.7918E+00   0.00000E+00 0.0000
    2.8725E+00   0.00000E+00 0.0000
    2.9557E+00   0.00000E+00 0.0000
    3.0412E+00   0.00000E+00 0.0000
    3.1291E+00   0.00000E+00 0.0000
    3.2197E+00   0.00000E+00 0.0000
    3.3128E+00   0.00000E+00 0.0000
    3.4086E+00   0.00000E+00 0.0000
    3.5072E+00   0.00000E+00 0.0000
    3.6087E+00   0.00000E+00 0.0000
    3.7131E+00   0.00000E+00 0.0000
    3.8205E+00   0.00000E+00 0.0000
    3.9311E+00   0.00000E+00 0.0000
    4.0448E+00   0.00000E+00 0.0000
    4.1618E+00   0.00000E+00 0.0000
    4.2822E+00   0.00000E+00 0.0000
    4.4061E+00   0.00000E+00 0.0000
    4.5335E+00   0.00000E+00 0.0000
    4.6647E+00   0.00000E+00 0.0000
    4.7996E+00   0.00000E+00 0.0000
    4.9385E+00   0.00000E+00 0.0000
    5.0814E+00   0.00000E+00 0.0000
    5.2284E+00   0.00000E+00 0.0000
    5.3796E+00   0.00000E+00 0.0000
    5.5352E+00   0.00000E+00 0.0000
    5.6954E+00   0.00000E+00 0.0000
    5.8601E+00   0.00000E+00 0.0000
    6.0297E+00   0.00000E+00 0.0000
    6.2041E+00   0.00000E+00 0.0000
    6.3836E+00   0.00000E+00 0.0000
    6.5683E+00   0.00000E+00 0.0000
    6.7583E+00   0.00000E+00 0.0000
    6.9538E+00   0.00000E+00 0.0000
    7.1550E+00   0.00000E+00 0.0000
    7.3619E+00   0.00000E+00 0.0000
    7.5749E+00   0.00000E+00 0.0000
    7.7941E+00   0.00000E+00 0.0000
    8.0195E+00   0.00000E+00 0.0000
    8.2515E+00   2.31870E-11 0.4480
    8.4902E+00   0.00000E+00 0.0000
    8.7359E+00   1.88364E-10 0.1551
    8.9886E+00   3.15075E-11 0.3786
    9.2486E+00   5.92395E-10 0.0889
    9.5162E+00   5.37483E-11 0.2958
    9.7915E+00   6.34678E-11 0.2782
    1.0075E+01   1.52763E-09 0.0559
    1.0366E+01   2.07115E-10 0.1537
    1.0666E+01   2.68507E-09 0.0425
    1.0975E+01   3.54015E-10 0.1177
    1.1292E+01   6.02149E-09 0.0297
    1.1619E+01   3.30889E-09 0.0444
    1.1955E+01   8.64409E-09 0.0297
    1.2301E+01   1.35622E-05 0.0025
    1.2657E+01   8.09203E-06 0.0019
    1.3023E+01   1.58940E-04 0.0011
    1.3400E+01   2.28215E-05 0.0012
    1.3787E+01   2.20980E-05 0.0012
    1.4186E+01   1.54310E-04 0.0010
    1.4596E+01   3.05125E-05 0.0011
    1.5019E+01   1.60547E-04 0.0009
    1.5453E+01   2.56037E-05 0.0010
    1.5900E+01   1.77164E-04 0.0008
    1.6360E+01   2.84021E-05 0.0009
    1.6834E+01   2.88885E-05 0.0009
    1.7321E+01   1.55666E-04 0.0008
    1.7822E+01   2.01667E-05 0.0009
    1.8337E+01   1.37984E-04 0.0008
    1.8868E+01   2.23917E-05 0.0009
    1.9413E+01   2.34266E-05 0.0009
    1.9975E+01   1.31899E-04 0.0008
    2.0553E+01   2.09707E-05 0.0009
    2.1148E+01   1.00785E-04 0.0008
    2.1759E+01   1.47808E-05 0.0009
    2.2389E+01   1.52924E-05 0.0009
    2.3037E+01   8.77991E-05 0.0008
    2.3703E+01   1.50437E-05 0.0008
    2.4389E+01   8.61986E-05 0.0008
    2.5094E+01   1.46995E-05 0.0008
    2.5820E+01   1.46783E-05 0.0008
    2.6567E+01   7.59483E-05 0.0008
    2.7336E+01   1.14812E-05 0.0008
    2.8127E+01   6.28505E-05 0.0008
    2.8940E+01   9.60155E-06 0.0008
    2.9777E+01   5.00028E-05 0.0008
    3.0639E+01   8.23551E-06 0.0008
    3.1525E+01   7.41208E-06 0.0008
    3.2437E+01   4.12472E-05 0.0008
    3.3376E+01   6.27642E-06 0.0008
    3.4341E+01   3.53716E-05 0.0008
    3.5335E+01   6.41782E-06 0.0008
    3.6357E+01   5.44333E-06 0.0008
    3.7409E+01   3.18166E-05 0.0008
    3.8491E+01   5.00375E-06 0.0008
    3.9604E+01   2.80513E-05 0.0008
    4.0750E+01   5.19058E-06 0.0008
    4.1929E+01   4.30255E-06 0.0008
    4.3142E+01   2.53717E-05 0.0008
    4.4390E+01   3.82611E-06 0.0008
    4.5674E+01   2.20770E-05 0.0008
    4.6996E+01   3.96090E-06 0.0008
    4.8355E+01   3.22548E-06 0.0008
    4.9754E+01   1.95697E-05 0.0008
    5.1193E+01   2.81026E-06 0.0008
    5.2674E+01   1.67394E-05 0.0008
    5.4198E+01   2.93476E-06 0.0008
    5.5766E+01   2.44026E-06 0.0008
    5.7379E+01   1.45648E-05 0.0008
    5.9039E+01   2.00648E-06 0.0008
    6.0747E+01   1.24972E-05 0.0008
    6.2505E+01   2.06695E-06 0.0008
    6.4313E+01   1.03342E-05 0.0008
    6.6174E+01   2.20682E-06 0.0008
    6.8088E+01   1.44233E-06 0.0008
    7.0058E+01   9.24649E-06 0.0008
    7.2084E+01   1.41502E-06 0.0008
    7.4170E+01   7.66696E-06 0.0008
    7.6315E+01   1.52527E-06 0.0008
    7.8523E+01   1.06667E-06 0.0008
    8.0795E+01   6.78981E-06 0.0008
    8.3132E+01   9.52401E-07 0.0008
    8.5537E+01   5.72972E-06 0.0008
    8.8012E+01   1.01218E-06 0.0008
    9.0558E+01   4.75848E-06 0.0008
    9.3178E+01   1.05160E-06 0.0008
    9.5873E+01   6.86727E-07 0.0008
    9.8647E+01   4.30183E-06 0.0008
    1.0150E+02   6.22678E-07 0.0008
    1.0444E+02   3.63791E-06 0.0007
    1.0746E+02   6.28946E-07 0.0008
    1.1057E+02   3.02927E-06 0.0007
    1.1377E+02   6.37783E-07 0.0008
    1.1706E+02   4.38334E-07 0.0008
    1.2044E+02   2.70170E-06 0.0007
    1.2393E+02   3.83409E-07 0.0008
    1.2751E+02   2.29454E-06 0.0007
    1.3120E+02   3.86241E-07 0.0008
    1.3500E+02   1.90764E-06 0.0007
    1.3890E+02   3.96379E-07 0.0008
    1.4292E+02   2.72025E-07 0.0008
    1.4706E+02   1.69638E-06 0.0007
    1.5131E+02   2.43182E-07 0.0008
    1.5569E+02   1.43189E-06 0.0007
    1.6019E+02   2.51971E-07 0.0008
    1.6483E+02   1.18885E-06 0.0007
    1.6959E+02   2.55060E-07 0.0008
    1.7450E+02   1.68570E-07 0.0008
    1.7955E+02   1.06179E-06 0.0007
    1.8474E+02   1.62554E-07 0.0008
    1.9009E+02   8.84923E-07 0.0007
    1.9559E+02   1.71674E-07 0.0008
    2.0124E+02   1.26045E-07 0.0008
    2.0707E+02   7.76485E-07 0.0007
    2.1306E+02   1.10088E-07 0.0008
    2.1922E+02   6.57486E-07 0.0007
    2.2556E+02   1.14581E-07 0.0008
    2.3209E+02   9.91053E-08 0.0008
    2.3880E+02   5.63284E-07 0.0007
    2.4571E+02   7.82243E-08 0.0008
    2.5282E+02   4.86987E-07 0.0007
    2.6013E+02   7.69776E-08 0.0008
    2.6766E+02   4.07934E-07 0.0007
    2.7540E+02   8.07884E-08 0.0008
    2.8337E+02   6.16101E-08 0.0008
    2.9157E+02   3.59222E-07 0.0007
    3.0000E+02   5.24320E-08 0.0008
      total      2.31058E-03 0.0003
 
 cell  503                                                                                                                             
 user bin total
    s(e) (MeV/cm)
    1.0000E+00   0.00000E+00 0.0000
    1.0289E+00   0.00000E+00 0.0000
    1.0587E+00   0.00000E+00 0.0000
    1.0893E+00   0.00000E+00 0.0000
    1.1208E+00   0.00000E+00 0.0000
    1.1533E+00   0.00000E+00 0.0000
    1.1866E+00   0.00000E+00 0.0000
    1.2210E+00   0.00000E+00 0.0000
    1.2563E+00   0.00000E+00 0.0000
    1.2926E+00   0.00000E+00 0.0000
    1.3300E+00   0.00000E+00 0.0000
    1.3685E+00   0.00000E+00 0.0000
    1.4081E+00   0.00000E+00 0.0000
    1.4488E+00   0.00000E+00 0.0000
    1.4907E+00   0.00000E+00 0.0000
    1.5339E+00   0.00000E+00 0.0000
    1.5782E+00   0.00000E+00 0.0000
    1.6239E+00   0.00000E+00 0.0000
    1.6709E+00   0.00000E+00 0.0000
    1.7192E+00   0.00000E+00 0.0000
    1.7689E+00   0.00000E+00 0.0000
    1.8201E+00   0.00000E+00 0.0000
    1.8728E+00   0.00000E+00 0.0000
    1.9269E+00   0.00000E+00 0.0000
    1.9827E+00   0.00000E+00 0.0000
    2.0400E+00   0.00000E+00 0.0000
    2.0991E+00   0.00000E+00 0.0000
    2.1598E+00   0.00000E+00 0.0000
    2.2223E+00   0.00000E+00 0.0000
    2.2866E+00   0.00000E+00 0.0000
    2.3527E+00   0.00000E+00 0.0000
    2.4208E+00   0.00000E+00 0.0000
    2.4908E+00   0.00000E+00 0.0000
    2.5629E+00   0.00000E+00 0.0000
    2.6370E+00   0.00000E+00 0.0000
    2.7133E+00   0.00000E+00 0.0000
    2.7918E+00   0.00000E+00 0.0000
    2.8725E+00   0.00000E+00 0.0000
    2.9557E+00   0.00000E+00 0.0000
    3.0412E+00   0.00000E+00 0.0000
    3.1291E+00   0.00000E+00 0.0000
    3.2197E+00   0.00000E+00 0.0000
    3.3128E+00   0.00000E+00 0.0000
    3.4086E+00   0.00000E+00 0.0000
    3.5072E+00   0.00000E+00 0.0000
    3.6087E+00   0.00000E+00 0.0000
    3.7131E+00   0.00000E+00 0.0000
    3.8205E+00   0.00000E+00 0.0000
    3.9311E+00   0.00000E+00 0.0000
    4.0448E+00   0.00000E+00 0.0000
    4.1618E+00   0.00000E+00 0.0000
    4.2822E+00   0.00000E+00 0.0000
    4.4061E+00   0.00000E+00 0.0000
    4.5335E+00   0.00000E+00 0.0000
    4.6647E+00   0.00000E+00 0.0000
    4.7996E+00   0.00000E+00 0.0000
    4.9385E+00   0.00000E+00 0.0000
    5.0814E+00   0.00000E+00 0.0000
    5.2284E+00   0.00000E+00 0.0000
    5.3796E+00   0.00000E+00 0.0000
    5.5352E+00   0.00000E+00 0.0000
    5.6954E+00   0.00000E+00 0.0000
    5.8601E+00   0.00000E+00 0.0000
    6.0297E+00   0.00000E+00 0.0000
    6.2041E+00   0.00000E+00 0.0000
    6.3836E+00   0.00000E+00 0.0000
    6.5683E+00   0.00000E+00 0.0000
    6.7583E+00   0.00000E+00 0.0000
    6.9538E+00   0.00000E+00 0.0000
    7.1550E+00   0.00000E+00 0.0000
    7.3619E+00   0.00000E+00 0.0000
    7.5749E+00   0.00000E+00 0.0000
    7.7941E+00   0.00000E+00 0.0000
    8.0195E+00   0.00000E+00 0.0000
    8.2515E+00   2.31870E-11 0.4480
    8.4902E+00   0.00000E+00 0.0000
    8.7359E+00   1.88364E-10 0.1551
    8.9886E+00   3.15075E-11 0.3786
    9.2486E+00   5.92395E-10 0.0889
    9.5162E+00   5.37483E-11 0.2958
    9.7915E+00   6.34678E-11 0.2782
    1.0075E+01   1.52763E-09 0.0559
    1.0366E+01   2.07115E-10 0.1537
    1.0666E+01   2.68507E-09 0.0425
    1.0975E+01   3.54015E-10 0.1177
    1.1292E+01   6.03047E-09 0.0297
    1.1619E+01   3.32238E-09 0.0443
    1.1955E+01   8.70252E-09 0.0297
    1.2301E+01   1.36810E-05 0.0025
    1.2657E+01   8.16279E-06 0.0019
    1.3023E+01   1.60292E-04 0.0011
    1.3400E+01   2.30072E-05 0.0012
    1.3787E+01   2.22772E-05 0.0012
    1.4186E+01   1.55566E-04 0.0010
    1.4596E+01   3.07629E-05 0.0011
    1.5019E+01   1.61847E-04 0.0009
    1.5453E+01   2.58118E-05 0.0010
    1.5900E+01   1.78621E-04 0.0008
    1.6360E+01   2.86356E-05 0.0009
    1.6834E+01   2.91245E-05 0.0009
    1.7321E+01   1.56915E-04 0.0008
    1.7822E+01   2.03267E-05 0.0009
    1.8337E+01   1.39100E-04 0.0008
    1.8868E+01   2.25741E-05 0.0009
    1.9413E+01   2.36173E-05 0.0009
    1.9975E+01   1.32970E-04 0.0008
    2.0553E+01   2.11396E-05 0.0009
    2.1148E+01   1.01584E-04 0.0008
    2.1759E+01   1.48971E-05 0.0009
    2.2389E+01   1.54133E-05 0.0009
    2.3037E+01   8.85005E-05 0.0008
    2.3703E+01   1.51656E-05 0.0008
    2.4389E+01   8.68996E-05 0.0008
    2.5094E+01   1.48197E-05 0.0008
    2.5820E+01   1.47976E-05 0.0008
    2.6567E+01   7.65631E-05 0.0008
    2.7336E+01   1.15737E-05 0.0008
    2.8127E+01   6.33517E-05 0.0008
    2.8940E+01   9.67785E-06 0.0008
    2.9777E+01   5.03954E-05 0.0008
    3.0639E+01   8.29979E-06 0.0008
    3.1525E+01   7.47025E-06 0.0008
    3.2437E+01   4.15708E-05 0.0008
    3.3376E+01   6.32551E-06 0.0008
    3.4341E+01   3.56501E-05 0.0008
    3.5335E+01   6.46855E-06 0.0008
    3.6357E+01   5.48606E-06 0.0008
    3.7409E+01   3.20685E-05 0.0008
    3.8491E+01   5.04349E-06 0.0008
    3.9604E+01   2.82745E-05 0.0008
    4.0750E+01   5.23203E-06 0.0008
    4.1929E+01   4.33707E-06 0.0008
    4.3142E+01   2.55752E-05 0.0008
    4.4390E+01   3.85681E-06 0.0008
    4.5674E+01   2.22548E-05 0.0008
    4.6996E+01   3.99278E-06 0.0008
    4.8355E+01   3.25157E-06 0.0008
    4.9754E+01   1.97274E-05 0.0008
    5.1193E+01   2.83293E-06 0.0008
    5.2674E+01   1.68740E-05 0.0008
    5.4198E+01   2.95837E-06 0.0008
    5.5766E+01   2.45993E-06 0.0008
    5.7379E+01   1.46815E-05 0.0008
    5.9039E+01   2.02252E-06 0.0008
    6.0747E+01   1.25972E-05 0.0008
    6.2505E+01   2.08345E-06 0.0008
    6.4313E+01   1.04165E-05 0.0008
    6.6174E+01   2.22447E-06 0.0008
    6.8088E+01   1.45378E-06 0.0008
    7.0058E+01   9.32000E-06 0.0008
    7.2084E+01   1.42626E-06 0.0008
    7.4170E+01   7.72778E-06 0.0008
    7.6315E+01   1.53731E-06 0.0008
    7.8523E+01   1.07515E-06 0.0008
    8.0795E+01   6.84343E-06 0.0008
    8.3132E+01   9.59934E-07 0.0008
    8.5537E+01   5.77488E-06 0.0008
    8.8012E+01   1.02014E-06 0.0008
    9.0558E+01   4.79591E-06 0.0008
    9.3178E+01   1.05984E-06 0.0008
    9.5873E+01   6.92119E-07 0.0008
    9.8647E+01   4.33562E-06 0.0008
    1.0150E+02   6.27565E-07 0.0008
    1.0444E+02   3.66643E-06 0.0008
    1.0746E+02   6.33889E-07 0.0008
    1.1057E+02   3.05299E-06 0.0007
    1.1377E+02   6.42782E-07 0.0008
    1.1706E+02   4.41765E-07 0.0008
    1.2044E+02   2.72284E-06 0.0007
    1.2393E+02   3.86415E-07 0.0008
    1.2751E+02   2.31247E-06 0.0007
    1.3120E+02   3.89263E-07 0.0008
    1.3500E+02   1.92254E-06 0.0007
    1.3890E+02   3.99468E-07 0.0008
    1.4292E+02   2.74156E-07 0.0008
    1.4706E+02   1.70960E-06 0.0007
    1.5131E+02   2.45082E-07 0.0008
    1.5569E+02   1.44304E-06 0.0007
    1.6019E+02   2.53932E-07 0.0008
    1.6483E+02   1.19811E-06 0.0007
    1.6959E+02   2.57042E-07 0.0008
    1.7450E+02   1.69880E-07 0.0008
    1.7955E+02   1.07006E-06 0.0007
    1.8474E+02   1.63825E-07 0.0008
    1.9009E+02   8.91795E-07 0.0007
    1.9559E+02   1.73012E-07 0.0008
    2.0124E+02   1.27027E-07 0.0008
    2.0707E+02   7.82518E-07 0.0007
    2.1306E+02   1.10940E-07 0.0008
    2.1922E+02   6.62593E-07 0.0007
    2.2556E+02   1.15472E-07 0.0008
    2.3209E+02   9.98718E-08 0.0008
    2.3880E+02   5.67656E-07 0.0007
    2.4571E+02   7.88308E-08 0.0008
    2.5282E+02   4.90762E-07 0.0007
    2.6013E+02   7.75769E-08 0.0008
    2.6766E+02   4.11093E-07 0.0007
    2.7540E+02   8.14132E-08 0.0008
    2.8337E+02   6.20896E-08 0.0008
    2.9157E+02   3.62006E-07 0.0007
    3.0000E+02   5.28370E-08 0.0008
      total      2.32928E-03 0.0003
 
 cell  504                                                                                                                             
 user bin          -1.00000
    s(e) (MeV/cm)
    1.0000E+00   0.00000E+00 0.0000
    1.0289E+00   0.00000E+00 0.0000
    1.0587E+00   0.00000E+00 0.0000
    1.0893E+00   0.00000E+00 0.0000
    1.1208E+00   0.00000E+00 0.0000
    1.1533E+00   0.00000E+00 0.0000
    1.1866E+00   0.00000E+00 0.0000
    1.2210E+00   0.00000E+00 0.0000
    1.2563E+00   0.00000E+00 0.0000
    1.2926E+00   0.00000E+00 0.0000
    1.3300E+00   0.00000E+00 0.0000
    1.3685E+00   0.00000E+00 0.0000
    1.4081E+00   0.00000E+00 0.0000
    1.4488E+00   0.00000E+00 0.0000
    1.4907E+00   0.00000E+00 0.0000
    1.5339E+00   0.00000E+00 0.0000
    1.5782E+00   0.00000E+00 0.0000
    1.6239E+00   0.00000E+00 0.0000
    1.6709E+00   0.00000E+00 0.0000
    1.7192E+00   0.00000E+00 0.0000
    1.7689E+00   0.00000E+00 0.0000
    1.8201E+00   0.00000E+00 0.0000
    1.8728E+00   0.00000E+00 0.0000
    1.9269E+00   0.00000E+00 0.0000
    1.9827E+00   0.00000E+00 0.0000
    2.0400E+00   0.00000E+00 0.0000
    2.0991E+00   0.00000E+00 0.0000
    2.1598E+00   0.00000E+00 0.0000
    2.2223E+00   0.00000E+00 0.0000
    2.2866E+00   0.00000E+00 0.0000
    2.3527E+00   0.00000E+00 0.0000
    2.4208E+00   0.00000E+00 0.0000
    2.4908E+00   0.00000E+00 0.0000
    2.5629E+00   0.00000E+00 0.0000
    2.6370E+00   0.00000E+00 0.0000
    2.7133E+00   0.00000E+00 0.0000
    2.7918E+00   0.00000E+00 0.0000
    2.8725E+00   0.00000E+00 0.0000
    2.9557E+00   0.00000E+00 0.0000
    3.0412E+00   0.00000E+00 0.0000
    3.1291E+00   0.00000E+00 0.0000
    3.2197E+00   0.00000E+00 0.0000
    3.3128E+00   0.00000E+00 0.0000
    3.4086E+00   0.00000E+00 0.0000
    3.5072E+00   0.00000E+00 0.0000
    3.6087E+00   0.00000E+00 0.0000
    3.7131E+00   0.00000E+00 0.0000
    3.8205E+00   0.00000E+00 0.0000
    3.9311E+00   0.00000E+00 0.0000
    4.0448E+00   0.00000E+00 0.0000
    4.1618E+00   0.00000E+00 0.0000
    4.2822E+00   0.00000E+00 0.0000
    4.4061E+00   0.00000E+00 0.0000
    4.5335E+00   0.00000E+00 0.0000
    4.6647E+00   0.00000E+00 0.0000
    4.7996E+00   0.00000E+00 0.0000
    4.9385E+00   0.00000E+00 0.0000
    5.0814E+00   0.00000E+00 0.0000
    5.2284E+00   0.00000E+00 0.0000
    5.3796E+00   0.00000E+00 0.0000
    5.5352E+00   0.00000E+00 0.0000
    5.6954E+00   0.00000E+00 0.0000
    5.8601E+00   0.00000E+00 0.0000
    6.0297E+00   0.00000E+00 0.0000
    6.2041E+00   0.00000E+00 0.0000
    6.3836E+00   0.00000E+00 0.0000
    6.5683E+00   0.00000E+00 0.0000
    6.7583E+00   0.00000E+00 0.0000
    6.9538E+00   0.00000E+00 0.0000
    7.1550E+00   0.00000E+00 0.0000
    7.3619E+00   0.00000E+00 0.0000
    7.5749E+00   0.00000E+00 0.0000
    7.7941E+00   0.00000E+00 0.0000
    8.0195E+00   0.00000E+00 0.0000
    8.2515E+00   0.00000E+00 0.0000
    8.4902E+00   0.00000E+00 0.0000
    8.7359E+00   0.00000E+00 0.0000
    8.9886E+00   0.00000E+00 0.0000
    9.2486E+00   0.00000E+00 0.0000
    9.5162E+00   0.00000E+00 0.0000
    9.7915E+00   0.00000E+00 0.0000
    1.0075E+01   0.00000E+00 0.0000
    1.0366E+01   0.00000E+00 0.0000
    1.0666E+01   0.00000E+00 0.0000
    1.0975E+01   0.00000E+00 0.0000
    1.1292E+01   1.46982E-10 0.1743
    1.1619E+01   2.20267E-10 0.1429
    1.1955E+01   6.69995E-10 0.0819
    1.2301E+01   3.33146E-07 0.0037
    1.2657E+01   1.38637E-07 0.0057
    1.3023E+01   1.51157E-06 0.0017
    1.3400E+01   1.64299E-07 0.0052
    1.3787E+01   1.70154E-07 0.0051
    1.4186E+01   1.47156E-06 0.0017
    1.4596E+01   2.46885E-07 0.0043
    1.5019E+01   1.31579E-06 0.0018
    1.5453E+01   2.63089E-07 0.0040
    1.5900E+01   1.63250E-06 0.0016
    1.6360E+01   2.11849E-07 0.0040
    1.6834E+01   2.07081E-07 0.0041
    1.7321E+01   1.20058E-06 0.0018
    1.7822E+01   1.86031E-07 0.0039
    1.8337E+01   1.27943E-06 0.0017
    1.8868E+01   1.86652E-07 0.0036
    1.9413E+01   1.86799E-07 0.0036
    1.9975E+01   9.71226E-07 0.0019
    2.0553E+01   1.52768E-07 0.0038
    2.1148E+01   8.04225E-07 0.0021
    2.1759E+01   1.33811E-07 0.0037
    2.2389E+01   1.42022E-07 0.0036
    2.3037E+01   8.24565E-07 0.0019
    2.3703E+01   1.36600E-07 0.0034
    2.4389E+01   7.32748E-07 0.0019
    2.5094E+01   1.15384E-07 0.0035
    2.5820E+01   1.12661E-07 0.0035
    2.6567E+01   5.53383E-07 0.0021
    2.7336E+01   8.05301E-08 0.0038
    2.8127E+01   4.47194E-07 0.0022
    2.8940E+01   7.10698E-08 0.0038
    2.9777E+01   3.85310E-07 0.0022
    3.0639E+01   6.62972E-08 0.0036
    3.1525E+01   6.13516E-08 0.0037
    3.2437E+01   3.53434E-07 0.0022
    3.3376E+01   5.56244E-08 0.0037
    3.4341E+01   3.20910E-07 0.0021
    3.5335E+01   5.91224E-08 0.0033
    3.6357E+01   5.02782E-08 0.0036
    3.7409E+01   2.91711E-07 0.0021
    3.8491E+01   4.54494E-08 0.0035
    3.9604E+01   2.51333E-07 0.0021
    4.0750E+01   4.59663E-08 0.0032
    4.1929E+01   3.76488E-08 0.0035
    4.3142E+01   2.18997E-07 0.0021
    4.4390E+01   3.22088E-08 0.0035
    4.5674E+01   1.83528E-07 0.0021
    4.6996E+01   3.24194E-08 0.0033
    4.8355E+01   2.58965E-08 0.0036
    4.9754E+01   1.56877E-07 0.0021
    5.1193E+01   2.22132E-08 0.0036
    5.2674E+01   1.30882E-07 0.0022
    5.4198E+01   2.27169E-08 0.0033
    5.5766E+01   1.88187E-08 0.0037
    5.7379E+01   1.11211E-07 0.0022
    5.9039E+01   1.51771E-08 0.0038
    6.0747E+01   9.40109E-08 0.0022
    6.2505E+01   1.54614E-08 0.0035
    6.4313E+01   7.67220E-08 0.0022
    6.6174E+01   1.62618E-08 0.0031
    6.8088E+01   1.06594E-08 0.0038
    7.0058E+01   6.79529E-08 0.0022
    7.2084E+01   1.03636E-08 0.0036
    7.4170E+01   5.59741E-08 0.0022
    7.6315E+01   1.11075E-08 0.0032
    7.8523E+01   7.75230E-09 0.0039
    8.0795E+01   4.93144E-08 0.0023
    8.3132E+01   6.89481E-09 0.0038
    8.5537E+01   4.14490E-08 0.0023
    8.8012E+01   7.30825E-09 0.0034
    9.0558E+01   3.43212E-08 0.0023
    9.3178E+01   7.55259E-09 0.0031
    9.5873E+01   4.94149E-09 0.0038
    9.8647E+01   3.09022E-08 0.0023
    1.0150E+02   4.45666E-09 0.0037
    1.0444E+02   2.61295E-08 0.0023
    1.0746E+02   4.51459E-09 0.0034
    1.1057E+02   2.17373E-08 0.0023
    1.1377E+02   4.57879E-09 0.0032
    1.1706E+02   3.13574E-09 0.0038
    1.2044E+02   1.93887E-08 0.0023
    1.2393E+02   2.74672E-09 0.0038
    1.2751E+02   1.64423E-08 0.0023
    1.3120E+02   2.76502E-09 0.0035
    1.3500E+02   1.36621E-08 0.0023
    1.3890E+02   2.82735E-09 0.0032
    1.4292E+02   1.95469E-09 0.0039
    1.4706E+02   1.21342E-08 0.0023
    1.5131E+02   1.74049E-09 0.0038
    1.5569E+02   1.02413E-08 0.0023
    1.6019E+02   1.81160E-09 0.0034
    1.6483E+02   8.49528E-09 0.0023
    1.6959E+02   1.82124E-09 0.0032
    1.7450E+02   1.20770E-09 0.0039
    1.7955E+02   7.59488E-09 0.0023
    1.8474E+02   1.16331E-09 0.0037
    1.9009E+02   6.33378E-09 0.0023
    1.9559E+02   1.22542E-09 0.0033
    2.0124E+02   9.05919E-10 0.0038
    2.0707E+02   5.55875E-09 0.0023
    2.1306E+02   7.83340E-10 0.0038
    2.1922E+02   4.71070E-09 0.0023
    2.2556E+02   8.15821E-10 0.0035
    2.3209E+02   7.11113E-10 0.0037
    2.3880E+02   4.02995E-09 0.0023
    2.4571E+02   5.59624E-10 0.0039
    2.5282E+02   3.48490E-09 0.0023
    2.6013E+02   5.48899E-10 0.0036
    2.6766E+02   2.91947E-09 0.0023
    2.7540E+02   5.77239E-10 0.0033
    2.8337E+02   4.39562E-10 0.0037
    2.9157E+02   2.57064E-09 0.0023
    3.0000E+02   3.76173E-10 0.0038
      total      1.97367E-05 0.0005
 
 cell  504                                                                                                                             
 user bin 10000000000.00000
    s(e) (MeV/cm)
    1.0000E+00   0.00000E+00 0.0000
    1.0289E+00   0.00000E+00 0.0000
    1.0587E+00   0.00000E+00 0.0000
    1.0893E+00   0.00000E+00 0.0000
    1.1208E+00   0.00000E+00 0.0000
    1.1533E+00   0.00000E+00 0.0000
    1.1866E+00   0.00000E+00 0.0000
    1.2210E+00   0.00000E+00 0.0000
    1.2563E+00   0.00000E+00 0.0000
    1.2926E+00   0.00000E+00 0.0000
    1.3300E+00   0.00000E+00 0.0000
    1.3685E+00   0.00000E+00 0.0000
    1.4081E+00   0.00000E+00 0.0000
    1.4488E+00   0.00000E+00 0.0000
    1.4907E+00   0.00000E+00 0.0000
    1.5339E+00   0.00000E+00 0.0000
    1.5782E+00   0.00000E+00 0.0000
    1.6239E+00   0.00000E+00 0.0000
    1.6709E+00   0.00000E+00 0.0000
    1.7192E+00   0.00000E+00 0.0000
    1.7689E+00   0.00000E+00 0.0000
    1.8201E+00   0.00000E+00 0.0000
    1.8728E+00   0.00000E+00 0.0000
    1.9269E+00   0.00000E+00 0.0000
    1.9827E+00   0.00000E+00 0.0000
    2.0400E+00   0.00000E+00 0.0000
    2.0991E+00   0.00000E+00 0.0000
    2.1598E+00   0.00000E+00 0.0000
    2.2223E+00   0.00000E+00 0.0000
    2.2866E+00   0.00000E+00 0.0000
    2.3527E+00   0.00000E+00 0.0000
    2.4208E+00   0.00000E+00 0.0000
    2.4908E+00   0.00000E+00 0.0000
    2.5629E+00   0.00000E+00 0.0000
    2.6370E+00   0.00000E+00 0.0000
    2.7133E+00   0.00000E+00 0.0000
    2.7918E+00   0.00000E+00 0.0000
    2.8725E+00   0.00000E+00 0.0000
    2.9557E+00   0.00000E+00 0.0000
    3.0412E+00   0.00000E+00 0.0000
    3.1291E+00   0.00000E+00 0.0000
    3.2197E+00   0.00000E+00 0.0000
    3.3128E+00   0.00000E+00 0.0000
    3.4086E+00   0.00000E+00 0.0000
    3.5072E+00   0.00000E+00 0.0000
    3.6087E+00   0.00000E+00 0.0000
    3.7131E+00   0.00000E+00 0.0000
    3.8205E+00   0.00000E+00 0.0000
    3.9311E+00   0.00000E+00 0.0000
    4.0448E+00   0.00000E+00 0.0000
    4.1618E+00   0.00000E+00 0.0000
    4.2822E+00   0.00000E+00 0.0000
    4.4061E+00   0.00000E+00 0.0000
    4.5335E+00   0.00000E+00 0.0000
    4.6647E+00   0.00000E+00 0.0000
    4.7996E+00   0.00000E+00 0.0000
    4.9385E+00   0.00000E+00 0.0000
    5.0814E+00   0.00000E+00 0.0000
    5.2284E+00   0.00000E+00 0.0000
    5.3796E+00   0.00000E+00 0.0000
    5.5352E+00   0.00000E+00 0.0000
    5.6954E+00   0.00000E+00 0.0000
    5.8601E+00   0.00000E+00 0.0000
    6.0297E+00   0.00000E+00 0.0000
    6.2041E+00   0.00000E+00 0.0000
    6.3836E+00   0.00000E+00 0.0000
    6.5683E+00   0.00000E+00 0.0000
    6.7583E+00   0.00000E+00 0.0000
    6.9538E+00   0.00000E+00 0.0000
    7.1550E+00   0.00000E+00 0.0000
    7.3619E+00   0.00000E+00 0.0000
    7.5749E+00   0.00000E+00 0.0000
    7.7941E+00   0.00000E+00 0.0000
    8.0195E+00   0.00000E+00 0.0000
    8.2515E+00   2.39469E-11 0.4476
    8.4902E+00   6.32900E-12 0.7731
    8.7359E+00   2.00320E-10 0.1511
    8.9886E+00   2.85887E-11 0.4084
    9.2486E+00   5.81810E-10 0.0897
    9.5162E+00   3.87139E-11 0.3551
    9.7915E+00   6.06295E-11 0.2745
    1.0075E+01   1.62824E-09 0.0543
    1.0366E+01   1.24136E-10 0.1986
    1.0666E+01   2.79853E-09 0.0414
    1.0975E+01   3.09024E-10 0.1268
    1.1292E+01   2.21496E-08 0.0229
    1.1619E+01   2.89579E-08 0.0182
    1.1955E+01   7.06921E-08 0.0125
    1.2301E+01   3.81144E-05 0.0018
    1.2657E+01   1.61675E-05 0.0014
    1.3023E+01   1.80232E-04 0.0011
    1.3400E+01   2.04601E-05 0.0012
    1.3787E+01   2.13479E-05 0.0012
    1.4186E+01   1.78784E-04 0.0010
    1.4596E+01   3.04545E-05 0.0011
    1.5019E+01   1.62198E-04 0.0009
    1.5453E+01   3.16894E-05 0.0010
    1.5900E+01   1.98335E-04 0.0008
    1.6360E+01   2.61955E-05 0.0009
    1.6834E+01   2.57663E-05 0.0009
    1.7321E+01   1.49514E-04 0.0008
    1.7822E+01   2.29520E-05 0.0009
    1.8337E+01   1.56525E-04 0.0008
    1.8868E+01   2.29669E-05 0.0009
    1.9413E+01   2.32450E-05 0.0009
    1.9975E+01   1.21339E-04 0.0008
    2.0553E+01   1.91224E-05 0.0009
    2.1148E+01   1.01017E-04 0.0008
    2.1759E+01   1.65602E-05 0.0009
    2.2389E+01   1.74359E-05 0.0008
    2.3037E+01   1.01025E-04 0.0008
    2.3703E+01   1.68189E-05 0.0008
    2.4389E+01   9.02996E-05 0.0008
    2.5094E+01   1.42813E-05 0.0008
    2.5820E+01   1.40044E-05 0.0008
    2.6567E+01   6.97633E-05 0.0008
    2.7336E+01   1.02648E-05 0.0008
    2.8127E+01   5.68702E-05 0.0008
    2.8940E+01   8.96329E-06 0.0008
    2.9777E+01   4.86800E-05 0.0008
    3.0639E+01   8.42797E-06 0.0008
    3.1525E+01   7.72458E-06 0.0008
    3.2437E+01   4.43223E-05 0.0008
    3.3376E+01   6.97427E-06 0.0008
    3.4341E+01   3.98391E-05 0.0008
    3.5335E+01   7.29981E-06 0.0008
    3.6357E+01   6.18893E-06 0.0008
    3.7409E+01   3.60108E-05 0.0008
    3.8491E+01   5.61786E-06 0.0008
    3.9604E+01   3.10763E-05 0.0008
    4.0750E+01   5.68169E-06 0.0008
    4.1929E+01   4.66176E-06 0.0008
    4.3142E+01   2.71787E-05 0.0008
    4.4390E+01   4.01573E-06 0.0008
    4.5674E+01   2.28978E-05 0.0008
    4.6996E+01   4.05170E-06 0.0008
    4.8355E+01   3.26315E-06 0.0008
    4.9754E+01   1.96769E-05 0.0008
    5.1193E+01   2.78041E-06 0.0008
    5.2674E+01   1.64604E-05 0.0008
    5.4198E+01   2.86073E-06 0.0008
    5.5766E+01   2.36406E-06 0.0008
    5.7379E+01   1.40598E-05 0.0008
    5.9039E+01   1.91683E-06 0.0008
    6.0747E+01   1.19050E-05 0.0008
    6.2505E+01   1.95828E-06 0.0008
    6.4313E+01   9.74894E-06 0.0008
    6.6174E+01   2.07724E-06 0.0008
    6.8088E+01   1.35278E-06 0.0008
    7.0058E+01   8.66788E-06 0.0008
    7.2084E+01   1.32333E-06 0.0008
    7.4170E+01   7.16046E-06 0.0008
    7.6315E+01   1.42252E-06 0.0008
    7.8523E+01   9.94055E-07 0.0008
    8.0795E+01   6.32322E-06 0.0008
    8.3132E+01   8.86888E-07 0.0008
    8.5537E+01   5.32807E-06 0.0007
    8.8012E+01   9.40690E-07 0.0008
    9.0558E+01   4.42183E-06 0.0007
    9.3178E+01   9.76127E-07 0.0008
    9.5873E+01   6.38653E-07 0.0008
    9.8647E+01   3.99762E-06 0.0007
    1.0150E+02   5.78581E-07 0.0008
    1.0444E+02   3.38284E-06 0.0007
    1.0746E+02   5.84701E-07 0.0008
    1.1057E+02   2.81834E-06 0.0007
    1.1377E+02   5.93758E-07 0.0008
    1.1706E+02   4.07812E-07 0.0008
    1.2044E+02   2.51548E-06 0.0007
    1.2393E+02   3.57291E-07 0.0008
    1.2751E+02   2.13760E-06 0.0007
    1.3120E+02   3.60259E-07 0.0008
    1.3500E+02   1.77893E-06 0.0007
    1.3890E+02   3.69417E-07 0.0008
    1.4292E+02   2.53945E-07 0.0008
    1.4706E+02   1.58290E-06 0.0007
    1.5131E+02   2.27042E-07 0.0008
    1.5569E+02   1.33708E-06 0.0007
    1.6019E+02   2.35176E-07 0.0008
    1.6483E+02   1.11086E-06 0.0007
    1.6959E+02   2.38376E-07 0.0008
    1.7450E+02   1.57541E-07 0.0008
    1.7955E+02   9.92686E-07 0.0007
    1.8474E+02   1.52031E-07 0.0008
    1.9009E+02   8.27702E-07 0.0007
    1.9559E+02   1.60536E-07 0.0008
    2.0124E+02   1.17990E-07 0.0008
    2.0707E+02   7.26545E-07 0.0007
    2.1306E+02   1.03009E-07 0.0008
    2.1922E+02   6.15396E-07 0.0007
    2.2556E+02   1.07291E-07 0.0008
    2.3209E+02   9.27474E-08 0.0008
    2.3880E+02   5.27442E-07 0.0007
    2.4571E+02   7.32251E-08 0.0008
    2.5282E+02   4.56078E-07 0.0007
    2.6013E+02   7.21516E-08 0.0008
    2.6766E+02   3.82095E-07 0.0007
    2.7540E+02   7.57026E-08 0.0008
    2.8337E+02   5.77124E-08 0.0008
    2.9157E+02   3.36566E-07 0.0007
    3.0000E+02   4.91749E-08 0.0008
      total      2.43395E-03 0.0003
 
 cell  504                                                                                                                             
 user bin total
    s(e) (MeV/cm)
    1.0000E+00   0.00000E+00 0.0000
    1.0289E+00   0.00000E+00 0.0000
    1.0587E+00   0.00000E+00 0.0000
    1.0893E+00   0.00000E+00 0.0000
    1.1208E+00   0.00000E+00 0.0000
    1.1533E+00   0.00000E+00 0.0000
    1.1866E+00   0.00000E+00 0.0000
    1.2210E+00   0.00000E+00 0.0000
    1.2563E+00   0.00000E+00 0.0000
    1.2926E+00   0.00000E+00 0.0000
    1.3300E+00   0.00000E+00 0.0000
    1.3685E+00   0.00000E+00 0.0000
    1.4081E+00   0.00000E+00 0.0000
    1.4488E+00   0.00000E+00 0.0000
    1.4907E+00   0.00000E+00 0.0000
    1.5339E+00   0.00000E+00 0.0000
    1.5782E+00   0.00000E+00 0.0000
    1.6239E+00   0.00000E+00 0.0000
    1.6709E+00   0.00000E+00 0.0000
    1.7192E+00   0.00000E+00 0.0000
    1.7689E+00   0.00000E+00 0.0000
    1.8201E+00   0.00000E+00 0.0000
    1.8728E+00   0.00000E+00 0.0000
    1.9269E+00   0.00000E+00 0.0000
    1.9827E+00   0.00000E+00 0.0000
    2.0400E+00   0.00000E+00 0.0000
    2.0991E+00   0.00000E+00 0.0000
    2.1598E+00   0.00000E+00 0.0000
    2.2223E+00   0.00000E+00 0.0000
    2.2866E+00   0.00000E+00 0.0000
    2.3527E+00   0.00000E+00 0.0000
    2.4208E+00   0.00000E+00 0.0000
    2.4908E+00   0.00000E+00 0.0000
    2.5629E+00   0.00000E+00 0.0000
    2.6370E+00   0.00000E+00 0.0000
    2.7133E+00   0.00000E+00 0.0000
    2.7918E+00   0.00000E+00 0.0000
    2.8725E+00   0.00000E+00 0.0000
    2.9557E+00   0.00000E+00 0.0000
    3.0412E+00   0.00000E+00 0.0000
    3.1291E+00   0.00000E+00 0.0000
    3.2197E+00   0.00000E+00 0.0000
    3.3128E+00   0.00000E+00 0.0000
    3.4086E+00   0.00000E+00 0.0000
    3.5072E+00   0.00000E+00 0.0000
    3.6087E+00   0.00000E+00 0.0000
    3.7131E+00   0.00000E+00 0.0000
    3.8205E+00   0.00000E+00 0.0000
    3.9311E+00   0.00000E+00 0.0000
    4.0448E+00   0.00000E+00 0.0000
    4.1618E+00   0.00000E+00 0.0000
    4.2822E+00   0.00000E+00 0.0000
    4.4061E+00   0.00000E+00 0.0000
    4.5335E+00   0.00000E+00 0.0000
    4.6647E+00   0.00000E+00 0.0000
    4.7996E+00   0.00000E+00 0.0000
    4.9385E+00   0.00000E+00 0.0000
    5.0814E+00   0.00000E+00 0.0000
    5.2284E+00   0.00000E+00 0.0000
    5.3796E+00   0.00000E+00 0.0000
    5.5352E+00   0.00000E+00 0.0000
    5.6954E+00   0.00000E+00 0.0000
    5.8601E+00   0.00000E+00 0.0000
    6.0297E+00   0.00000E+00 0.0000
    6.2041E+00   0.00000E+00 0.0000
    6.3836E+00   0.00000E+00 0.0000
    6.5683E+00   0.00000E+00 0.0000
    6.7583E+00   0.00000E+00 0.0000
    6.9538E+00   0.00000E+00 0.0000
    7.1550E+00   0.00000E+00 0.0000
    7.3619E+00   0.00000E+00 0.0000
    7.5749E+00   0.00000E+00 0.0000
    7.7941E+00   0.00000E+00 0.0000
    8.0195E+00   0.00000E+00 0.0000
    8.2515E+00   2.39469E-11 0.4476
    8.4902E+00   6.32900E-12 0.7731
    8.7359E+00   2.00320E-10 0.1511
    8.9886E+00   2.85887E-11 0.4084
    9.2486E+00   5.81810E-10 0.0897
    9.5162E+00   3.87139E-11 0.3551
    9.7915E+00   6.06295E-11 0.2745
    1.0075E+01   1.62824E-09 0.0543
    1.0366E+01   1.24136E-10 0.1986
    1.0666E+01   2.79853E-09 0.0414
    1.0975E+01   3.09024E-10 0.1268
    1.1292E+01   2.22966E-08 0.0229
    1.1619E+01   2.91782E-08 0.0182
    1.1955E+01   7.13621E-08 0.0124
    1.2301E+01   3.84476E-05 0.0018
    1.2657E+01   1.63061E-05 0.0014
    1.3023E+01   1.81743E-04 0.0011
    1.3400E+01   2.06244E-05 0.0012
    1.3787E+01   2.15180E-05 0.0012
    1.4186E+01   1.80255E-04 0.0010
    1.4596E+01   3.07014E-05 0.0011
    1.5019E+01   1.63514E-04 0.0009
    1.5453E+01   3.19525E-05 0.0010
    1.5900E+01   1.99967E-04 0.0008
    1.6360E+01   2.64073E-05 0.0009
    1.6834E+01   2.59734E-05 0.0009
    1.7321E+01   1.50715E-04 0.0008
    1.7822E+01   2.31380E-05 0.0009
    1.8337E+01   1.57805E-04 0.0008
    1.8868E+01   2.31536E-05 0.0009
    1.9413E+01   2.34318E-05 0.0009
    1.9975E+01   1.22310E-04 0.0008
    2.0553E+01   1.92752E-05 0.0009
    2.1148E+01   1.01821E-04 0.0008
    2.1759E+01   1.66940E-05 0.0009
    2.2389E+01   1.75780E-05 0.0008
    2.3037E+01   1.01849E-04 0.0008
    2.3703E+01   1.69555E-05 0.0008
    2.4389E+01   9.10323E-05 0.0008
    2.5094E+01   1.43966E-05 0.0008
    2.5820E+01   1.41170E-05 0.0008
    2.6567E+01   7.03167E-05 0.0008
    2.7336E+01   1.03454E-05 0.0008
    2.8127E+01   5.73174E-05 0.0008
    2.8940E+01   9.03436E-06 0.0008
    2.9777E+01   4.90653E-05 0.0008
    3.0639E+01   8.49426E-06 0.0008
    3.1525E+01   7.78593E-06 0.0008
    3.2437E+01   4.46757E-05 0.0008
    3.3376E+01   7.02989E-06 0.0008
    3.4341E+01   4.01600E-05 0.0008
    3.5335E+01   7.35894E-06 0.0008
    3.6357E+01   6.23921E-06 0.0008
    3.7409E+01   3.63026E-05 0.0008
    3.8491E+01   5.66331E-06 0.0008
    3.9604E+01   3.13276E-05 0.0008
    4.0750E+01   5.72765E-06 0.0008
    4.1929E+01   4.69941E-06 0.0008
    4.3142E+01   2.73976E-05 0.0008
    4.4390E+01   4.04794E-06 0.0008
    4.5674E+01   2.30814E-05 0.0008
    4.6996E+01   4.08412E-06 0.0008
    4.8355E+01   3.28905E-06 0.0008
    4.9754E+01   1.98338E-05 0.0008
    5.1193E+01   2.80262E-06 0.0008
    5.2674E+01   1.65913E-05 0.0008
    5.4198E+01   2.88345E-06 0.0008
    5.5766E+01   2.38288E-06 0.0008
    5.7379E+01   1.41710E-05 0.0008
    5.9039E+01   1.93201E-06 0.0008
    6.0747E+01   1.19990E-05 0.0008
    6.2505E+01   1.97374E-06 0.0008
    6.4313E+01   9.82566E-06 0.0008
    6.6174E+01   2.09350E-06 0.0008
    6.8088E+01   1.36344E-06 0.0008
    7.0058E+01   8.73584E-06 0.0008
    7.2084E+01   1.33369E-06 0.0008
    7.4170E+01   7.21644E-06 0.0008
    7.6315E+01   1.43362E-06 0.0008
    7.8523E+01   1.00181E-06 0.0008
    8.0795E+01   6.37253E-06 0.0008
    8.3132E+01   8.93782E-07 0.0008
    8.5537E+01   5.36952E-06 0.0007
    8.8012E+01   9.47998E-07 0.0008
    9.0558E+01   4.45616E-06 0.0007
    9.3178E+01   9.83680E-07 0.0008
    9.5873E+01   6.43594E-07 0.0008
    9.8647E+01   4.02852E-06 0.0007
    1.0150E+02   5.83038E-07 0.0008
    1.0444E+02   3.40897E-06 0.0007
    1.0746E+02   5.89216E-07 0.0008
    1.1057E+02   2.84008E-06 0.0007
    1.1377E+02   5.98337E-07 0.0008
    1.1706E+02   4.10948E-07 0.0008
    1.2044E+02   2.53487E-06 0.0007
    1.2393E+02   3.60038E-07 0.0008
    1.2751E+02   2.15404E-06 0.0007
    1.3120E+02   3.63024E-07 0.0008
    1.3500E+02   1.79259E-06 0.0007
    1.3890E+02   3.72244E-07 0.0008
    1.4292E+02   2.55900E-07 0.0008
    1.4706E+02   1.59503E-06 0.0007
    1.5131E+02   2.28782E-07 0.0008
    1.5569E+02   1.34732E-06 0.0007
    1.6019E+02   2.36987E-07 0.0008
    1.6483E+02   1.11936E-06 0.0007
    1.6959E+02   2.40197E-07 0.0008
    1.7450E+02   1.58748E-07 0.0008
    1.7955E+02   1.00028E-06 0.0007
    1.8474E+02   1.53194E-07 0.0008
    1.9009E+02   8.34036E-07 0.0007
    1.9559E+02   1.61762E-07 0.0008
    2.0124E+02   1.18896E-07 0.0008
    2.0707E+02   7.32104E-07 0.0007
    2.1306E+02   1.03792E-07 0.0008
    2.1922E+02   6.20107E-07 0.0007
    2.2556E+02   1.08106E-07 0.0008
    2.3209E+02   9.34585E-08 0.0008
    2.3880E+02   5.31472E-07 0.0007
    2.4571E+02   7.37847E-08 0.0008
    2.5282E+02   4.59563E-07 0.0007
    2.6013E+02   7.27005E-08 0.0008
    2.6766E+02   3.85015E-07 0.0007
    2.7540E+02   7.62798E-08 0.0008
    2.8337E+02   5.81519E-08 0.0008
    2.9157E+02   3.39136E-07 0.0007
    3.0000E+02   4.95511E-08 0.0008
      total      2.45368E-03 0.0003
 
 cell union total                                                                                                                      
 user bin          -1.00000
    s(e) (MeV/cm)
    1.0000E+00   0.00000E+00 0.0000
    1.0289E+00   0.00000E+00 0.0000
    1.0587E+00   0.00000E+00 0.0000
    1.0893E+00   0.00000E+00 0.0000
    1.1208E+00   0.00000E+00 0.0000
    1.1533E+00   0.00000E+00 0.0000
    1.1866E+00   0.00000E+00 0.0000
    1.2210E+00   0.00000E+00 0.0000
    1.2563E+00   0.00000E+00 0.0000
    1.2926E+00   0.00000E+00 0.0000
    1.3300E+00   0.00000E+00 0.0000
    1.3685E+00   0.00000E+00 0.0000
    1.4081E+00   0.00000E+00 0.0000
    1.4488E+00   0.00000E+00 0.0000
    1.4907E+00   0.00000E+00 0.0000
    1.5339E+00   0.00000E+00 0.0000
    1.5782E+00   0.00000E+00 0.0000
    1.6239E+00   0.00000E+00 0.0000
    1.6709E+00   0.00000E+00 0.0000
    1.7192E+00   0.00000E+00 0.0000
    1.7689E+00   0.00000E+00 0.0000
    1.8201E+00   0.00000E+00 0.0000
    1.8728E+00   0.00000E+00 0.0000
    1.9269E+00   0.00000E+00 0.0000
    1.9827E+00   0.00000E+00 0.0000
    2.0400E+00   0.00000E+00 0.0000
    2.0991E+00   0.00000E+00 0.0000
    2.1598E+00   0.00000E+00 0.0000
    2.2223E+00   0.00000E+00 0.0000
    2.2866E+00   0.00000E+00 0.0000
    2.3527E+00   0.00000E+00 0.0000
    2.4208E+00   0.00000E+00 0.0000
    2.4908E+00   0.00000E+00 0.0000
    2.5629E+00   0.00000E+00 0.0000
    2.6370E+00   0.00000E+00 0.0000
    2.7133E+00   0.00000E+00 0.0000
    2.7918E+00   0.00000E+00 0.0000
    2.8725E+00   0.00000E+00 0.0000
    2.9557E+00   0.00000E+00 0.0000
    3.0412E+00   0.00000E+00 0.0000
    3.1291E+00   0.00000E+00 0.0000
    3.2197E+00   0.00000E+00 0.0000
    3.3128E+00   0.00000E+00 0.0000
    3.4086E+00   0.00000E+00 0.0000
    3.5072E+00   0.00000E+00 0.0000
    3.6087E+00   0.00000E+00 0.0000
    3.7131E+00   0.00000E+00 0.0000
    3.8205E+00   0.00000E+00 0.0000
    3.9311E+00   0.00000E+00 0.0000
    4.0448E+00   0.00000E+00 0.0000
    4.1618E+00   0.00000E+00 0.0000
    4.2822E+00   0.00000E+00 0.0000
    4.4061E+00   0.00000E+00 0.0000
    4.5335E+00   0.00000E+00 0.0000
    4.6647E+00   0.00000E+00 0.0000
    4.7996E+00   0.00000E+00 0.0000
    4.9385E+00   0.00000E+00 0.0000
    5.0814E+00   0.00000E+00 0.0000
    5.2284E+00   0.00000E+00 0.0000
    5.3796E+00   0.00000E+00 0.0000
    5.5352E+00   0.00000E+00 0.0000
    5.6954E+00   0.00000E+00 0.0000
    5.8601E+00   0.00000E+00 0.0000
    6.0297E+00   0.00000E+00 0.0000
    6.2041E+00   0.00000E+00 0.0000
    6.3836E+00   0.00000E+00 0.0000
    6.5683E+00   0.00000E+00 0.0000
    6.7583E+00   0.00000E+00 0.0000
    6.9538E+00   0.00000E+00 0.0000
    7.1550E+00   0.00000E+00 0.0000
    7.3619E+00   0.00000E+00 0.0000
    7.5749E+00   0.00000E+00 0.0000
    7.7941E+00   0.00000E+00 0.0000
    8.0195E+00   0.00000E+00 0.0000
    8.2515E+00   0.00000E+00 0.0000
    8.4902E+00   0.00000E+00 0.0000
    8.7359E+00   0.00000E+00 0.0000
    8.9886E+00   0.00000E+00 0.0000
    9.2486E+00   0.00000E+00 0.0000
    9.5162E+00   0.00000E+00 0.0000
    9.7915E+00   0.00000E+00 0.0000
    1.0075E+01   0.00000E+00 0.0000
    1.0366E+01   0.00000E+00 0.0000
    1.0666E+01   0.00000E+00 0.0000
    1.0975E+01   0.00000E+00 0.0000
    1.1292E+01   3.11927E-11 0.1788
    1.1619E+01   4.76491E-11 0.1374
    1.1955E+01   1.46582E-10 0.0783
    1.2301E+01   9.82347E-08 0.0041
    1.2657E+01   4.86191E-08 0.0043
    1.3023E+01   9.30426E-07 0.0016
    1.3400E+01   1.69258E-07 0.0023
    1.3787E+01   1.80290E-07 0.0022
    1.4186E+01   1.26650E-06 0.0013
    1.4596E+01   2.09613E-07 0.0021
    1.5019E+01   1.22936E-06 0.0012
    1.5453E+01   2.19714E-07 0.0020
    1.5900E+01   1.30826E-06 0.0011
    1.6360E+01   1.94245E-07 0.0019
    1.6834E+01   2.02337E-07 0.0019
    1.7321E+01   1.23867E-06 0.0011
    1.7822E+01   1.78050E-07 0.0018
    1.8337E+01   1.13486E-06 0.0010
    1.8868E+01   1.64528E-07 0.0017
    1.9413E+01   1.68694E-07 0.0017
    1.9975E+01   9.55535E-07 0.0010
    2.0553E+01   1.62060E-07 0.0017
    2.1148E+01   8.38651E-07 0.0010
    2.1759E+01   1.29418E-07 0.0017
    2.2389E+01   1.33454E-07 0.0017
    2.3037E+01   7.37296E-07 0.0010
    2.3703E+01   1.18058E-07 0.0016
    2.4389E+01   6.43259E-07 0.0010
    2.5094E+01   1.05527E-07 0.0016
    2.5820E+01   1.04843E-07 0.0016
    2.6567E+01   5.42485E-07 0.0010
    2.7336E+01   8.40908E-08 0.0017
    2.8127E+01   4.74917E-07 0.0010
    2.8940E+01   7.64811E-08 0.0016
    2.9777E+01   4.10154E-07 0.0010
    3.0639E+01   6.93775E-08 0.0016
    3.1525E+01   6.33810E-08 0.0016
    3.2437E+01   3.56277E-07 0.0010
    3.3376E+01   5.42829E-08 0.0016
    3.4341E+01   3.05092E-07 0.0010
    3.5335E+01   5.48133E-08 0.0015
    3.6357E+01   4.59968E-08 0.0017
    3.7409E+01   2.64913E-07 0.0010
    3.8491E+01   4.07942E-08 0.0016
    3.9604E+01   2.24415E-07 0.0010
    4.0750E+01   4.08897E-08 0.0015
    4.1929E+01   3.34937E-08 0.0017
    4.3142E+01   1.95038E-07 0.0010
    4.4390E+01   2.88678E-08 0.0017
    4.5674E+01   1.65047E-07 0.0010
    4.6996E+01   2.92875E-08 0.0015
    4.8355E+01   2.36571E-08 0.0017
    4.9754E+01   1.43190E-07 0.0010
    5.1193E+01   2.04212E-08 0.0017
    5.2674E+01   1.21019E-07 0.0010
    5.4198E+01   2.11369E-08 0.0015
    5.5766E+01   1.75836E-08 0.0017
    5.7379E+01   1.04376E-07 0.0010
    5.9039E+01   1.43608E-08 0.0017
    6.0747E+01   8.92639E-08 0.0010
    6.2505E+01   1.47706E-08 0.0016
    6.4313E+01   7.37274E-08 0.0010
    6.6174E+01   1.57392E-08 0.0014
    6.8088E+01   1.03297E-08 0.0017
    7.0058E+01   6.60118E-08 0.0010
    7.2084E+01   1.01208E-08 0.0016
    7.4170E+01   5.48677E-08 0.0010
    7.6315E+01   1.09030E-08 0.0015
    7.8523E+01   7.66988E-09 0.0017
    8.0795E+01   4.86465E-08 0.0010
    8.3132E+01   6.84598E-09 0.0017
    8.5537E+01   4.11509E-08 0.0010
    8.8012E+01   7.26579E-09 0.0015
    9.0558E+01   3.42431E-08 0.0010
    9.3178E+01   7.56009E-09 0.0014
    9.5873E+01   4.95118E-09 0.0017
    9.8647E+01   3.10174E-08 0.0010
    1.0150E+02   4.49199E-09 0.0017
    1.0444E+02   2.62846E-08 0.0010
    1.0746E+02   4.54410E-09 0.0015
    1.1057E+02   2.19187E-08 0.0010
    1.1377E+02   4.61422E-09 0.0014
    1.1706E+02   3.17060E-09 0.0017
    1.2044E+02   1.95788E-08 0.0010
    1.2393E+02   2.78154E-09 0.0017
    1.2751E+02   1.66416E-08 0.0010
    1.3120E+02   2.80481E-09 0.0016
    1.3500E+02   1.38514E-08 0.0010
    1.3890E+02   2.87374E-09 0.0014
    1.4292E+02   1.97907E-09 0.0017
    1.4706E+02   1.23201E-08 0.0010
    1.5131E+02   1.76624E-09 0.0017
    1.5569E+02   1.04068E-08 0.0010
    1.6019E+02   1.83342E-09 0.0015
    1.6483E+02   8.64259E-09 0.0010
    1.6959E+02   1.85495E-09 0.0014
    1.7450E+02   1.22561E-09 0.0017
    1.7955E+02   7.72622E-09 0.0010
    1.8474E+02   1.18336E-09 0.0016
    1.9009E+02   6.43859E-09 0.0010
    1.9559E+02   1.24966E-09 0.0015
    2.0124E+02   9.19207E-10 0.0017
    2.0707E+02   5.65244E-09 0.0010
    2.1306E+02   8.00960E-10 0.0017
    2.1922E+02   4.78778E-09 0.0010
    2.2556E+02   8.34127E-10 0.0015
    2.3209E+02   7.22489E-10 0.0016
    2.3880E+02   4.10131E-09 0.0010
    2.4571E+02   5.69982E-10 0.0017
    2.5282E+02   3.54788E-09 0.0010
    2.6013E+02   5.60078E-10 0.0016
    2.6766E+02   2.97246E-09 0.0010
    2.7540E+02   5.87907E-10 0.0014
    2.8337E+02   4.49748E-10 0.0017
    2.9157E+02   2.61727E-09 0.0010
    3.0000E+02   3.82825E-10 0.0017
      total      1.76406E-05 0.0005
 
 cell union total                                                                                                                      
 user bin 10000000000.00000
    s(e) (MeV/cm)
    1.0000E+00   0.00000E+00 0.0000
    1.0289E+00   0.00000E+00 0.0000
    1.0587E+00   0.00000E+00 0.0000
    1.0893E+00   0.00000E+00 0.0000
    1.1208E+00   0.00000E+00 0.0000
    1.1533E+00   0.00000E+00 0.0000
    1.1866E+00   0.00000E+00 0.0000
    1.2210E+00   0.00000E+00 0.0000
    1.2563E+00   0.00000E+00 0.0000
    1.2926E+00   0.00000E+00 0.0000
    1.3300E+00   0.00000E+00 0.0000
    1.3685E+00   0.00000E+00 0.0000
    1.4081E+00   0.00000E+00 0.0000
    1.4488E+00   0.00000E+00 0.0000
    1.4907E+00   0.00000E+00 0.0000
    1.5339E+00   0.00000E+00 0.0000
    1.5782E+00   0.00000E+00 0.0000
    1.6239E+00   0.00000E+00 0.0000
    1.6709E+00   0.00000E+00 0.0000
    1.7192E+00   0.00000E+00 0.0000
    1.7689E+00   0.00000E+00 0.0000
    1.8201E+00   0.00000E+00 0.0000
    1.8728E+00   0.00000E+00 0.0000
    1.9269E+00   0.00000E+00 0.0000
    1.9827E+00   0.00000E+00 0.0000
    2.0400E+00   0.00000E+00 0.0000
    2.0991E+00   0.00000E+00 0.0000
    2.1598E+00   0.00000E+00 0.0000
    2.2223E+00   0.00000E+00 0.0000
    2.2866E+00   0.00000E+00 0.0000
    2.3527E+00   0.00000E+00 0.0000
    2.4208E+00   0.00000E+00 0.0000
    2.4908E+00   0.00000E+00 0.0000
    2.5629E+00   0.00000E+00 0.0000
    2.6370E+00   0.00000E+00 0.0000
    2.7133E+00   0.00000E+00 0.0000
    2.7918E+00   0.00000E+00 0.0000
    2.8725E+00   0.00000E+00 0.0000
    2.9557E+00   0.00000E+00 0.0000
    3.0412E+00   0.00000E+00 0.0000
    3.1291E+00   0.00000E+00 0.0000
    3.2197E+00   0.00000E+00 0.0000
    3.3128E+00   0.00000E+00 0.0000
    3.4086E+00   0.00000E+00 0.0000
    3.5072E+00   0.00000E+00 0.0000
    3.6087E+00   0.00000E+00 0.0000
    3.7131E+00   0.00000E+00 0.0000
    3.8205E+00   0.00000E+00 0.0000
    3.9311E+00   0.00000E+00 0.0000
    4.0448E+00   0.00000E+00 0.0000
    4.1618E+00   0.00000E+00 0.0000
    4.2822E+00   0.00000E+00 0.0000
    4.4061E+00   0.00000E+00 0.0000
    4.5335E+00   0.00000E+00 0.0000
    4.6647E+00   0.00000E+00 0.0000
    4.7996E+00   0.00000E+00 0.0000
    4.9385E+00   0.00000E+00 0.0000
    5.0814E+00   0.00000E+00 0.0000
    5.2284E+00   0.00000E+00 0.0000
    5.3796E+00   0.00000E+00 0.0000
    5.5352E+00   0.00000E+00 0.0000
    5.6954E+00   0.00000E+00 0.0000
    5.8601E+00   0.00000E+00 0.0000
    6.0297E+00   0.00000E+00 0.0000
    6.2041E+00   0.00000E+00 0.0000
    6.3836E+00   0.00000E+00 0.0000
    6.5683E+00   0.00000E+00 0.0000
    6.7583E+00   0.00000E+00 0.0000
    6.9538E+00   0.00000E+00 0.0000
    7.1550E+00   2.24825E-13 1.0000
    7.3619E+00   0.00000E+00 0.0000
    7.5749E+00   0.00000E+00 0.0000
    7.7941E+00   0.00000E+00 0.0000
    8.0195E+00   0.00000E+00 0.0000
    8.2515E+00   2.93648E-11 0.3283
    8.4902E+00   2.02806E-12 0.6116
    8.7359E+00   1.87228E-10 0.1318
    8.9886E+00   2.10070E-11 0.2093
    9.2486E+00   5.78887E-10 0.0735
    9.5162E+00   5.39592E-11 0.1336
    9.7915E+00   6.32533E-11 0.1227
    1.0075E+01   1.52897E-09 0.0457
    1.0366E+01   1.51919E-10 0.0804
    1.0666E+01   2.72731E-09 0.0332
    1.0975E+01   3.23284E-10 0.0555
    1.1292E+01   8.29472E-09 0.0190
    1.1619E+01   6.84079E-09 0.0178
    1.1955E+01   1.63978E-08 0.0127
    1.2301E+01   1.12279E-05 0.0021
    1.2657E+01   5.61407E-06 0.0016
    1.3023E+01   1.09328E-04 0.0011
    1.3400E+01   2.03763E-05 0.0010
    1.3787E+01   2.17813E-05 0.0010
    1.4186E+01   1.54511E-04 0.0008
    1.4596E+01   2.58231E-05 0.0008
    1.5019E+01   1.51426E-04 0.0008
    1.5453E+01   2.68190E-05 0.0008
    1.5900E+01   1.60645E-04 0.0007
    1.6360E+01   2.38440E-05 0.0007
    1.6834E+01   2.49078E-05 0.0007
    1.7321E+01   1.52748E-04 0.0007
    1.7822E+01   2.21052E-05 0.0007
    1.8337E+01   1.40440E-04 0.0006
    1.8868E+01   2.04639E-05 0.0006
    1.9413E+01   2.10625E-05 0.0007
    1.9975E+01   1.18907E-04 0.0006
    2.0553E+01   2.01163E-05 0.0007
    2.1148E+01   1.04662E-04 0.0006
    2.1759E+01   1.61514E-05 0.0006
    2.2389E+01   1.66329E-05 0.0006
    2.3037E+01   9.18861E-05 0.0006
    2.3703E+01   1.47619E-05 0.0006
    2.4389E+01   8.03211E-05 0.0006
    2.5094E+01   1.31408E-05 0.0006
    2.5820E+01   1.30646E-05 0.0006
    2.6567E+01   6.80065E-05 0.0006
    2.7336E+01   1.05481E-05 0.0006
    2.8127E+01   5.95995E-05 0.0006
    2.8940E+01   9.53759E-06 0.0006
    2.9777E+01   5.14404E-05 0.0006
    3.0639E+01   8.75250E-06 0.0006
    3.1525E+01   7.95491E-06 0.0006
    3.2437E+01   4.46979E-05 0.0006
    3.3376E+01   6.83411E-06 0.0006
    3.4341E+01   3.83073E-05 0.0006
    3.5335E+01   6.87778E-06 0.0006
    3.6357E+01   5.77349E-06 0.0006
    3.7409E+01   3.32984E-05 0.0006
    3.8491E+01   5.12666E-06 0.0006
    3.9604E+01   2.82608E-05 0.0006
    4.0750E+01   5.14441E-06 0.0006
    4.1929E+01   4.21618E-06 0.0006
    4.3142E+01   2.46007E-05 0.0006
    4.4390E+01   3.64393E-06 0.0006
    4.5674E+01   2.08480E-05 0.0006
    4.6996E+01   3.70459E-06 0.0006
    4.8355E+01   2.99731E-06 0.0006
    4.9754E+01   1.81242E-05 0.0006
    5.1193E+01   2.58140E-06 0.0006
    5.2674E+01   1.53437E-05 0.0006
    5.4198E+01   2.68075E-06 0.0006
    5.5766E+01   2.22480E-06 0.0006
    5.7379E+01   1.32695E-05 0.0006
    5.9039E+01   1.82412E-06 0.0006
    6.0747E+01   1.13583E-05 0.0006
    6.2505E+01   1.87840E-06 0.0006
    6.4313E+01   9.39582E-06 0.0006
    6.6174E+01   2.00734E-06 0.0006
    6.8088E+01   1.31407E-06 0.0006
    7.0058E+01   8.42821E-06 0.0006
    7.2084E+01   1.29192E-06 0.0006
    7.4170E+01   7.01061E-06 0.0006
    7.6315E+01   1.39550E-06 0.0006
    7.8523E+01   9.78634E-07 0.0006
    8.0795E+01   6.22860E-06 0.0006
    8.3132E+01   8.75838E-07 0.0006
    8.5537E+01   5.27353E-06 0.0006
    8.8012E+01   9.32475E-07 0.0006
    9.0558E+01   4.39367E-06 0.0006
    9.3178E+01   9.71392E-07 0.0006
    9.5873E+01   6.36151E-07 0.0006
    9.8647E+01   3.98498E-06 0.0006
    1.0150E+02   5.77844E-07 0.0006
    1.0444E+02   3.38004E-06 0.0006
    1.0746E+02   5.84861E-07 0.0006
    1.1057E+02   2.82178E-06 0.0006
    1.1377E+02   5.94625E-07 0.0006
    1.1706E+02   4.08956E-07 0.0006
    1.2044E+02   2.52244E-06 0.0006
    1.2393E+02   3.58527E-07 0.0006
    1.2751E+02   2.14637E-06 0.0006
    1.3120E+02   3.61771E-07 0.0006
    1.3500E+02   1.78776E-06 0.0006
    1.3890E+02   3.71439E-07 0.0006
    1.4292E+02   2.55344E-07 0.0006
    1.4706E+02   1.59206E-06 0.0006
    1.5131E+02   2.28468E-07 0.0006
    1.5569E+02   1.34557E-06 0.0006
    1.6019E+02   2.36815E-07 0.0006
    1.6483E+02   1.11854E-06 0.0006
    1.6959E+02   2.39976E-07 0.0006
    1.7450E+02   1.58768E-07 0.0006
    1.7955E+02   9.99959E-07 0.0006
    1.8474E+02   1.53184E-07 0.0006
    1.9009E+02   8.34128E-07 0.0006
    1.9559E+02   1.61807E-07 0.0006
    2.0124E+02   1.18923E-07 0.0006
    2.0707E+02   7.32431E-07 0.0006
    2.1306E+02   1.03868E-07 0.0006
    2.1922E+02   6.20578E-07 0.0006
    2.2556E+02   1.08171E-07 0.0006
    2.3209E+02   9.35776E-08 0.0006
    2.3880E+02   5.31963E-07 0.0006
    2.4571E+02   7.38616E-08 0.0006
    2.5282E+02   4.60097E-07 0.0006
    2.6013E+02   7.27505E-08 0.0006
    2.6766E+02   3.85542E-07 0.0006
    2.7540E+02   7.63616E-08 0.0006
    2.8337E+02   5.82377E-08 0.0006
    2.9157E+02   3.39631E-07 0.0006
    3.0000E+02   4.95980E-08 0.0006
      total      2.18444E-03 0.0003
 
 cell union total                                                                                                                      
 user bin total
    s(e) (MeV/cm)
    1.0000E+00   0.00000E+00 0.0000
    1.0289E+00   0.00000E+00 0.0000
    1.0587E+00   0.00000E+00 0.0000
    1.0893E+00   0.00000E+00 0.0000
    1.1208E+00   0.00000E+00 0.0000
    1.1533E+00   0.00000E+00 0.0000
    1.1866E+00   0.00000E+00 0.0000
    1.2210E+00   0.00000E+00 0.0000
    1.2563E+00   0.00000E+00 0.0000
    1.2926E+00   0.00000E+00 0.0000
    1.3300E+00   0.00000E+00 0.0000
    1.3685E+00   0.00000E+00 0.0000
    1.4081E+00   0.00000E+00 0.0000
    1.4488E+00   0.00000E+00 0.0000
    1.4907E+00   0.00000E+00 0.0000
    1.5339E+00   0.00000E+00 0.0000
    1.5782E+00   0.00000E+00 0.0000
    1.6239E+00   0.00000E+00 0.0000
    1.6709E+00   0.00000E+00 0.0000
    1.7192E+00   0.00000E+00 0.0000
    1.7689E+00   0.00000E+00 0.0000
    1.8201E+00   0.00000E+00 0.0000
    1.8728E+00   0.00000E+00 0.0000
    1.9269E+00   0.00000E+00 0.0000
    1.9827E+00   0.00000E+00 0.0000
    2.0400E+00   0.00000E+00 0.0000
    2.0991E+00   0.00000E+00 0.0000
    2.1598E+00   0.00000E+00 0.0000
    2.2223E+00   0.00000E+00 0.0000
    2.2866E+00   0.00000E+00 0.0000
    2.3527E+00   0.00000E+00 0.0000
    2.4208E+00   0.00000E+00 0.0000
    2.4908E+00   0.00000E+00 0.0000
    2.5629E+00   0.00000E+00 0.0000
    2.6370E+00   0.00000E+00 0.0000
    2.7133E+00   0.00000E+00 0.0000
    2.7918E+00   0.00000E+00 0.0000
    2.8725E+00   0.00000E+00 0.0000
    2.9557E+00   0.00000E+00 0.0000
    3.0412E+00   0.00000E+00 0.0000
    3.1291E+00   0.00000E+00 0.0000
    3.2197E+00   0.00000E+00 0.0000
    3.3128E+00   0.00000E+00 0.0000
    3.4086E+00   0.00000E+00 0.0000
    3.5072E+00   0.00000E+00 0.0000
    3.6087E+00   0.00000E+00 0.0000
    3.7131E+00   0.00000E+00 0.0000
    3.8205E+00   0.00000E+00 0.0000
    3.9311E+00   0.00000E+00 0.0000
    4.0448E+00   0.00000E+00 0.0000
    4.1618E+00   0.00000E+00 0.0000
    4.2822E+00   0.00000E+00 0.0000
    4.4061E+00   0.00000E+00 0.0000
    4.5335E+00   0.00000E+00 0.0000
    4.6647E+00   0.00000E+00 0.0000
    4.7996E+00   0.00000E+00 0.0000
    4.9385E+00   0.00000E+00 0.0000
    5.0814E+00   0.00000E+00 0.0000
    5.2284E+00   0.00000E+00 0.0000
    5.3796E+00   0.00000E+00 0.0000
    5.5352E+00   0.00000E+00 0.0000
    5.6954E+00   0.00000E+00 0.0000
    5.8601E+00   0.00000E+00 0.0000
    6.0297E+00   0.00000E+00 0.0000
    6.2041E+00   0.00000E+00 0.0000
    6.3836E+00   0.00000E+00 0.0000
    6.5683E+00   0.00000E+00 0.0000
    6.7583E+00   0.00000E+00 0.0000
    6.9538E+00   0.00000E+00 0.0000
    7.1550E+00   2.24825E-13 1.0000
    7.3619E+00   0.00000E+00 0.0000
    7.5749E+00   0.00000E+00 0.0000
    7.7941E+00   0.00000E+00 0.0000
    8.0195E+00   0.00000E+00 0.0000
    8.2515E+00   2.93648E-11 0.3283
    8.4902E+00   2.02806E-12 0.6116
    8.7359E+00   1.87228E-10 0.1318
    8.9886E+00   2.10070E-11 0.2093
    9.2486E+00   5.78887E-10 0.0735
    9.5162E+00   5.39592E-11 0.1336
    9.7915E+00   6.32533E-11 0.1227
    1.0075E+01   1.52897E-09 0.0457
    1.0366E+01   1.51919E-10 0.0804
    1.0666E+01   2.72731E-09 0.0332
    1.0975E+01   3.23284E-10 0.0555
    1.1292E+01   8.32591E-09 0.0190
    1.1619E+01   6.88844E-09 0.0178
    1.1955E+01   1.65443E-08 0.0127
    1.2301E+01   1.13261E-05 0.0021
    1.2657E+01   5.66269E-06 0.0016
    1.3023E+01   1.10258E-04 0.0011
    1.3400E+01   2.05455E-05 0.0010
    1.3787E+01   2.19616E-05 0.0010
    1.4186E+01   1.55777E-04 0.0008
    1.4596E+01   2.60327E-05 0.0008
    1.5019E+01   1.52655E-04 0.0008
    1.5453E+01   2.70387E-05 0.0008
    1.5900E+01   1.61953E-04 0.0007
    1.6360E+01   2.40383E-05 0.0007
    1.6834E+01   2.51101E-05 0.0007
    1.7321E+01   1.53986E-04 0.0007
    1.7822E+01   2.22832E-05 0.0007
    1.8337E+01   1.41575E-04 0.0006
    1.8868E+01   2.06284E-05 0.0006
    1.9413E+01   2.12312E-05 0.0007
    1.9975E+01   1.19863E-04 0.0006
    2.0553E+01   2.02784E-05 0.0007
    2.1148E+01   1.05500E-04 0.0006
    2.1759E+01   1.62808E-05 0.0006
    2.2389E+01   1.67663E-05 0.0006
    2.3037E+01   9.26234E-05 0.0006
    2.3703E+01   1.48799E-05 0.0006
    2.4389E+01   8.09644E-05 0.0006
    2.5094E+01   1.32464E-05 0.0006
    2.5820E+01   1.31695E-05 0.0006
    2.6567E+01   6.85490E-05 0.0006
    2.7336E+01   1.06321E-05 0.0006
    2.8127E+01   6.00744E-05 0.0006
    2.8940E+01   9.61407E-06 0.0006
    2.9777E+01   5.18505E-05 0.0006
    3.0639E+01   8.82187E-06 0.0006
    3.1525E+01   8.01829E-06 0.0006
    3.2437E+01   4.50542E-05 0.0006
    3.3376E+01   6.88840E-06 0.0006
    3.4341E+01   3.86124E-05 0.0006
    3.5335E+01   6.93259E-06 0.0006
    3.6357E+01   5.81949E-06 0.0006
    3.7409E+01   3.35634E-05 0.0006
    3.8491E+01   5.16745E-06 0.0006
    3.9604E+01   2.84852E-05 0.0006
    4.0750E+01   5.18530E-06 0.0006
    4.1929E+01   4.24967E-06 0.0006
    4.3142E+01   2.47957E-05 0.0006
    4.4390E+01   3.67280E-06 0.0006
    4.5674E+01   2.10130E-05 0.0006
    4.6996E+01   3.73387E-06 0.0006
    4.8355E+01   3.02096E-06 0.0006
    4.9754E+01   1.82674E-05 0.0006
    5.1193E+01   2.60182E-06 0.0006
    5.2674E+01   1.54648E-05 0.0006
    5.4198E+01   2.70189E-06 0.0006
    5.5766E+01   2.24238E-06 0.0006
    5.7379E+01   1.33739E-05 0.0006
    5.9039E+01   1.83848E-06 0.0006
    6.0747E+01   1.14476E-05 0.0006
    6.2505E+01   1.89317E-06 0.0006
    6.4313E+01   9.46955E-06 0.0006
    6.6174E+01   2.02308E-06 0.0006
    6.8088E+01   1.32440E-06 0.0006
    7.0058E+01   8.49422E-06 0.0006
    7.2084E+01   1.30204E-06 0.0006
    7.4170E+01   7.06548E-06 0.0006
    7.6315E+01   1.40640E-06 0.0006
    7.8523E+01   9.86303E-07 0.0006
    8.0795E+01   6.27725E-06 0.0006
    8.3132E+01   8.82684E-07 0.0006
    8.5537E+01   5.31468E-06 0.0006
    8.8012E+01   9.39741E-07 0.0006
    9.0558E+01   4.42791E-06 0.0006
    9.3178E+01   9.78952E-07 0.0006
    9.5873E+01   6.41102E-07 0.0006
    9.8647E+01   4.01600E-06 0.0006
    1.0150E+02   5.82336E-07 0.0006
    1.0444E+02   3.40632E-06 0.0006
    1.0746E+02   5.89405E-07 0.0006
    1.1057E+02   2.84369E-06 0.0006
    1.1377E+02   5.99239E-07 0.0006
    1.1706E+02   4.12126E-07 0.0006
    1.2044E+02   2.54202E-06 0.0006
    1.2393E+02   3.61309E-07 0.0006
    1.2751E+02   2.16301E-06 0.0006
    1.3120E+02   3.64576E-07 0.0006
    1.3500E+02   1.80161E-06 0.0006
    1.3890E+02   3.74313E-07 0.0006
    1.4292E+02   2.57323E-07 0.0006
    1.4706E+02   1.60438E-06 0.0006
    1.5131E+02   2.30234E-07 0.0006
    1.5569E+02   1.35598E-06 0.0006
    1.6019E+02   2.38649E-07 0.0006
    1.6483E+02   1.12718E-06 0.0006
    1.6959E+02   2.41831E-07 0.0006
    1.7450E+02   1.59994E-07 0.0006
    1.7955E+02   1.00769E-06 0.0006
    1.8474E+02   1.54367E-07 0.0006
    1.9009E+02   8.40566E-07 0.0006
    1.9559E+02   1.63057E-07 0.0006
    2.0124E+02   1.19842E-07 0.0006
    2.0707E+02   7.38083E-07 0.0006
    2.1306E+02   1.04669E-07 0.0006
    2.1922E+02   6.25366E-07 0.0006
    2.2556E+02   1.09006E-07 0.0006
    2.3209E+02   9.43001E-08 0.0006
    2.3880E+02   5.36065E-07 0.0006
    2.4571E+02   7.44316E-08 0.0006
    2.5282E+02   4.63645E-07 0.0006
    2.6013E+02   7.33106E-08 0.0006
    2.6766E+02   3.88515E-07 0.0006
    2.7540E+02   7.69495E-08 0.0006
    2.8337E+02   5.86875E-08 0.0006
    2.9157E+02   3.42248E-07 0.0006
    3.0000E+02   4.99808E-08 0.0006
      total      2.20209E-03 0.0003


 ===================================================================================================================================

           results of 10 statistical checks for the estimated answer for the tally fluctuation chart (tfc) bin of tally     9204

 tfc bin     --mean--      ---------relative error---------      ----variance of the variance----      --figure of merit--     -pdf-
 behavior    behavior      value   decrease   decrease rate      value   decrease   decrease rate       value     behavior     slope

 desired      random       <0.10      yes      1/sqrt(nps)       <0.10      yes        1/nps           constant    random      >3.00
 observed     random        0.00      yes          yes            0.00      yes         yes                                    10.00
 passed?        yes          yes      yes          yes             yes      yes         yes                                      yes

 ===================================================================================================================================


 this tally meets the statistical criteria used to form confidence intervals: check the tally fluctuation chart to verify.
 the results in other bins associated with this tally may not meet these statistical criteria.

 ----- estimated confidence intervals:  -----

 estimated asymmetric confidence interval(1,2,3 sigma): 1.9577E-03 to 1.9591E-03; 1.9570E-03 to 1.9599E-03; 1.9562E-03 to 1.9606E-03
 estimated  symmetric confidence interval(1,2,3 sigma): 1.9577E-03 to 1.9591E-03; 1.9570E-03 to 1.9599E-03; 1.9562E-03 to 1.9606E-03

1analysis of the results in the tally fluctuation chart bin (tfc) for tally 9204 with nps = 99000000         print table 160


 normed average tally per history  = 1.95841E-03          unnormed average tally per history  = 4.89602E-03
 estimated tally relative error    = 0.0004               estimated variance of the variance  = 0.0000
 relative error from zero tallies  = 0.0002               relative error from nonzero scores  = 0.0003

 number of nonzero history tallies =    14851847          efficiency for the nonzero tallies  = 0.1500
 history number of largest  tally  =    64373302          largest  unnormalized history tally = 1.12785E-01
 (largest  tally)/(average tally)  = 2.30361E+01          (largest  tally)/(avg nonzero tally)= 3.45585E+00

 (confidence interval shift)/mean  = 0.0000               shifted confidence interval center  = 1.95841E-03


 if the largest  history score sampled so far were to occur on the next history, the tfc bin quantities would change as follows:

      estimated quantities           value at nps           value at nps+1           value(nps+1)/value(nps)-1.

      mean                            1.95841E-03             1.95841E-03                     0.000000
      relative error                  3.70420E-04             3.70420E-04                     0.000000
      variance of the variance        1.53736E-07             1.53736E-07                     0.000000
      shifted center                  1.95841E-03             1.95841E-03                     0.000000
      figure of merit                 0.00000E+00             0.00000E+00                     0.000000

 the estimated slope of the 198 largest  tallies starting at  1.00656E-01 appears to be decreasing at least exponentially.
 the empirical history score probability density function appears to be increasing at the largest  history scores:
 please examine. see print table 161.
 the large score tail of the empirical history score probability density function appears to have no unsampled regions.

 fom = (histories/minute)*(f(x) signal-to-noise ratio)**2 = (0.000E+00)*( 2.713E-01)**2 = (0.000E+00)*(7.362E-02) = 0.000E+00

