1tally     8004        nps =     5000000
           tally type 4    track length estimate of particle flux.      units   1/cm**2        
           particle(s): protons  
 number of histories used for normalizing tallies =      5000000.00
           this tally is modified by   ft  let

           volumes 
                   cell:      500          501          502          503          504         total                
                         2.50000E+00  2.50000E+00  2.50000E+00  2.50000E+00  2.50000E+00  1.25000E+01
 
 cell  500                                                                                                                             
    s(e) (MeV/cm)
    1.0000E+00   0.00000E+00 0.0000
    1.0289E+00   0.00000E+00 0.0000
    1.0587E+00   0.00000E+00 0.0000
    1.0893E+00   0.00000E+00 0.0000
    1.1208E+00   0.00000E+00 0.0000
    1.1533E+00   0.00000E+00 0.0000
    1.1866E+00   0.00000E+00 0.0000
    1.2210E+00   0.00000E+00 0.0000
    1.2563E+00   0.00000E+00 0.0000
    1.2926E+00   0.00000E+00 0.0000
    1.3300E+00   0.00000E+00 0.0000
    1.3685E+00   0.00000E+00 0.0000
    1.4081E+00   0.00000E+00 0.0000
    1.4488E+00   0.00000E+00 0.0000
    1.4907E+00   0.00000E+00 0.0000
    1.5339E+00   0.00000E+00 0.0000
    1.5782E+00   0.00000E+00 0.0000
    1.6239E+00   0.00000E+00 0.0000
    1.6709E+00   0.00000E+00 0.0000
    1.7192E+00   0.00000E+00 0.0000
    1.7689E+00   0.00000E+00 0.0000
    1.8201E+00   0.00000E+00 0.0000
    1.8728E+00   0.00000E+00 0.0000
    1.9269E+00   0.00000E+00 0.0000
    1.9827E+00   0.00000E+00 0.0000
    2.0400E+00   0.00000E+00 0.0000
    2.0991E+00   0.00000E+00 0.0000
    2.1598E+00   0.00000E+00 0.0000
    2.2223E+00   0.00000E+00 0.0000
    2.2866E+00   0.00000E+00 0.0000
    2.3527E+00   0.00000E+00 0.0000
    2.4208E+00   0.00000E+00 0.0000
    2.4908E+00   0.00000E+00 0.0000
    2.5629E+00   0.00000E+00 0.0000
    2.6370E+00   0.00000E+00 0.0000
    2.7133E+00   0.00000E+00 0.0000
    2.7918E+00   0.00000E+00 0.0000
    2.8725E+00   0.00000E+00 0.0000
    2.9557E+00   0.00000E+00 0.0000
    3.0412E+00   0.00000E+00 0.0000
    3.1291E+00   0.00000E+00 0.0000
    3.2197E+00   0.00000E+00 0.0000
    3.3128E+00   0.00000E+00 0.0000
    3.4086E+00   0.00000E+00 0.0000
    3.5072E+00   0.00000E+00 0.0000
    3.6087E+00   0.00000E+00 0.0000
    3.7131E+00   0.00000E+00 0.0000
    3.8205E+00   0.00000E+00 0.0000
    3.9311E+00   0.00000E+00 0.0000
    4.0448E+00   0.00000E+00 0.0000
    4.1618E+00   0.00000E+00 0.0000
    4.2822E+00   0.00000E+00 0.0000
    4.4061E+00   0.00000E+00 0.0000
    4.5335E+00   0.00000E+00 0.0000
    4.6647E+00   0.00000E+00 0.0000
    4.7996E+00   0.00000E+00 0.0000
    4.9385E+00   0.00000E+00 0.0000
    5.0814E+00   0.00000E+00 0.0000
    5.2284E+00   0.00000E+00 0.0000
    5.3796E+00   0.00000E+00 0.0000
    5.5352E+00   0.00000E+00 0.0000
    5.6954E+00   0.00000E+00 0.0000
    5.8601E+00   0.00000E+00 0.0000
    6.0297E+00   0.00000E+00 0.0000
    6.2041E+00   0.00000E+00 0.0000
    6.3836E+00   0.00000E+00 0.0000
    6.5683E+00   0.00000E+00 0.0000
    6.7583E+00   0.00000E+00 0.0000
    6.9538E+00   0.00000E+00 0.0000
    7.1550E+00   0.00000E+00 0.0000
    7.3619E+00   0.00000E+00 0.0000
    7.5749E+00   8.97956E-11 1.0000
    7.7941E+00   2.55165E-10 0.5960
    8.0195E+00   0.00000E+00 0.0000
    8.2515E+00   3.71303E-10 0.5002
    8.4902E+00   0.00000E+00 0.0000
    8.7359E+00   8.52556E-10 0.3340
    8.9886E+00   0.00000E+00 0.0000
    9.2486E+00   5.24893E-08 0.0696
    9.5162E+00   7.19861E-08 0.0486
    9.7915E+00   1.70077E-07 0.0332
    1.0075E+01   1.90051E-04 0.0050
    1.0366E+01   2.05148E-05 0.0054
    1.0666E+01   2.62961E-04 0.0041
    1.0975E+01   1.76308E-05 0.0054
    1.1292E+01   2.58181E-04 0.0041
    1.1619E+01   2.12545E-05 0.0050
    1.1955E+01   2.11510E-05 0.0049
    1.2301E+01   2.51638E-04 0.0040
    1.2657E+01   2.49429E-05 0.0048
    1.3023E+01   2.00551E-04 0.0039
    1.3400E+01   3.09636E-05 0.0046
    1.3787E+01   3.06477E-05 0.0046
    1.4186E+01   1.65198E-04 0.0039
    1.4596E+01   2.79999E-05 0.0047
    1.5019E+01   1.66112E-04 0.0041
    1.5453E+01   2.36470E-05 0.0047
    1.5900E+01   1.26828E-04 0.0040
    1.6360E+01   2.03379E-05 0.0046
    1.6834E+01   2.20526E-05 0.0045
    1.7321E+01   1.32702E-04 0.0041
    1.7822E+01   1.69235E-05 0.0045
    1.8337E+01   9.90732E-05 0.0040
    1.8868E+01   1.47305E-05 0.0044
    1.9413E+01   1.55975E-05 0.0044
    1.9975E+01   9.51263E-05 0.0041
    2.0553E+01   1.68076E-05 0.0044
    2.1148E+01   8.35753E-05 0.0041
    2.1759E+01   1.18098E-05 0.0044
    2.2389E+01   1.18058E-05 0.0044
    2.3037E+01   6.16701E-05 0.0040
    2.3703E+01   9.59251E-06 0.0043
    2.4389E+01   5.34151E-05 0.0040
    2.5094E+01   9.16509E-06 0.0044
    2.5820E+01   9.30389E-06 0.0044
    2.6567E+01   5.04197E-05 0.0041
    2.7336E+01   8.12314E-06 0.0043
    2.8127E+01   4.61924E-05 0.0041
    2.8940E+01   7.36344E-06 0.0043
    2.9777E+01   3.89484E-05 0.0041
    3.0639E+01   6.43278E-06 0.0043
    3.1525E+01   5.76225E-06 0.0043
    3.2437E+01   3.15377E-05 0.0041
    3.3376E+01   4.63101E-06 0.0043
    3.4341E+01   2.54071E-05 0.0041
    3.5335E+01   4.44049E-06 0.0043
    3.6357E+01   3.69476E-06 0.0043
    3.7409E+01   2.10775E-05 0.0040
    3.8491E+01   3.18866E-06 0.0043
    3.9604E+01   1.76277E-05 0.0040
    4.0750E+01   3.20221E-06 0.0042
    4.1929E+01   2.62781E-06 0.0043
    4.3142E+01   1.54595E-05 0.0040
    4.4390E+01   2.30604E-06 0.0043
    4.5674E+01   1.33156E-05 0.0040
    4.6996E+01   2.39697E-06 0.0042
    4.8355E+01   1.94435E-06 0.0043
    4.9754E+01   1.18665E-05 0.0040
    5.1193E+01   1.71155E-06 0.0043
    5.2674E+01   1.02669E-05 0.0040
    5.4198E+01   1.81223E-06 0.0042
    5.5766E+01   1.51386E-06 0.0043
    5.7379E+01   9.08364E-06 0.0040
    5.9039E+01   1.26653E-06 0.0043
    6.0747E+01   7.89560E-06 0.0040
    6.2505E+01   1.31853E-06 0.0042
    6.4313E+01   6.63138E-06 0.0040
    6.6174E+01   1.42246E-06 0.0041
    6.8088E+01   9.37245E-07 0.0042
    7.0058E+01   6.02265E-06 0.0040
    7.2084E+01   9.27872E-07 0.0042
    7.4170E+01   5.06159E-06 0.0040
    7.6315E+01   1.01178E-06 0.0041
    7.8523E+01   7.09967E-07 0.0042
    8.0795E+01   4.53490E-06 0.0039
    8.3132E+01   6.40180E-07 0.0042
    8.5537E+01   3.86539E-06 0.0039
    8.8012E+01   6.84728E-07 0.0041
    9.0558E+01   3.23677E-06 0.0039
    9.3178E+01   7.18123E-07 0.0040
    9.5873E+01   4.69775E-07 0.0042
    9.8647E+01   2.94887E-06 0.0039
    1.0150E+02   4.29293E-07 0.0041
    1.0444E+02   2.51020E-06 0.0039
    1.0746E+02   4.35626E-07 0.0041
    1.1057E+02   2.10187E-06 0.0039
    1.1377E+02   4.43465E-07 0.0040
    1.1706E+02   3.04821E-07 0.0041
    1.2044E+02   1.88441E-06 0.0039
    1.2393E+02   2.67894E-07 0.0041
    1.2751E+02   1.60631E-06 0.0039
    1.3120E+02   2.70582E-07 0.0041
    1.3500E+02   1.34030E-06 0.0039
    1.3890E+02   2.78551E-07 0.0040
    1.4292E+02   1.91637E-07 0.0041
    1.4706E+02   1.19508E-06 0.0039
    1.5131E+02   1.71745E-07 0.0041
    1.5569E+02   1.01105E-06 0.0039
    1.6019E+02   1.78034E-07 0.0040
    1.6483E+02   8.41141E-07 0.0039
    1.6959E+02   1.80789E-07 0.0040
    1.7450E+02   1.19202E-07 0.0041
    1.7955E+02   7.52964E-07 0.0039
    1.8474E+02   1.15214E-07 0.0041
    1.9009E+02   6.28332E-07 0.0039
    1.9559E+02   1.22219E-07 0.0040
    2.0124E+02   8.94954E-08 0.0041
    2.0707E+02   5.51994E-07 0.0039
    2.1306E+02   7.84357E-08 0.0041
    2.1922E+02   4.67772E-07 0.0039
    2.2556E+02   8.18049E-08 0.0040
    2.3209E+02   7.04578E-08 0.0041
    2.3880E+02   4.01397E-07 0.0039
    2.4571E+02   5.57746E-08 0.0041
    2.5282E+02   3.47216E-07 0.0039
    2.6013E+02   5.48828E-08 0.0040
    2.6766E+02   2.91155E-07 0.0039
    2.7540E+02   5.76765E-08 0.0040
    2.8337E+02   4.39519E-08 0.0041
    2.9157E+02   2.56489E-07 0.0039
    3.0000E+02   3.74558E-08 0.0041
      total      2.94718E-03 0.0013
 
 cell  501                                                                                                                             
    s(e) (MeV/cm)
    1.0000E+00   0.00000E+00 0.0000
    1.0289E+00   0.00000E+00 0.0000
    1.0587E+00   0.00000E+00 0.0000
    1.0893E+00   0.00000E+00 0.0000
    1.1208E+00   0.00000E+00 0.0000
    1.1533E+00   0.00000E+00 0.0000
    1.1866E+00   0.00000E+00 0.0000
    1.2210E+00   0.00000E+00 0.0000
    1.2563E+00   0.00000E+00 0.0000
    1.2926E+00   0.00000E+00 0.0000
    1.3300E+00   0.00000E+00 0.0000
    1.3685E+00   0.00000E+00 0.0000
    1.4081E+00   0.00000E+00 0.0000
    1.4488E+00   0.00000E+00 0.0000
    1.4907E+00   0.00000E+00 0.0000
    1.5339E+00   0.00000E+00 0.0000
    1.5782E+00   0.00000E+00 0.0000
    1.6239E+00   0.00000E+00 0.0000
    1.6709E+00   0.00000E+00 0.0000
    1.7192E+00   0.00000E+00 0.0000
    1.7689E+00   0.00000E+00 0.0000
    1.8201E+00   0.00000E+00 0.0000
    1.8728E+00   0.00000E+00 0.0000
    1.9269E+00   0.00000E+00 0.0000
    1.9827E+00   0.00000E+00 0.0000
    2.0400E+00   0.00000E+00 0.0000
    2.0991E+00   0.00000E+00 0.0000
    2.1598E+00   0.00000E+00 0.0000
    2.2223E+00   0.00000E+00 0.0000
    2.2866E+00   0.00000E+00 0.0000
    2.3527E+00   0.00000E+00 0.0000
    2.4208E+00   0.00000E+00 0.0000
    2.4908E+00   0.00000E+00 0.0000
    2.5629E+00   0.00000E+00 0.0000
    2.6370E+00   0.00000E+00 0.0000
    2.7133E+00   0.00000E+00 0.0000
    2.7918E+00   0.00000E+00 0.0000
    2.8725E+00   0.00000E+00 0.0000
    2.9557E+00   0.00000E+00 0.0000
    3.0412E+00   0.00000E+00 0.0000
    3.1291E+00   0.00000E+00 0.0000
    3.2197E+00   0.00000E+00 0.0000
    3.3128E+00   0.00000E+00 0.0000
    3.4086E+00   0.00000E+00 0.0000
    3.5072E+00   0.00000E+00 0.0000
    3.6087E+00   0.00000E+00 0.0000
    3.7131E+00   0.00000E+00 0.0000
    3.8205E+00   0.00000E+00 0.0000
    3.9311E+00   0.00000E+00 0.0000
    4.0448E+00   0.00000E+00 0.0000
    4.1618E+00   0.00000E+00 0.0000
    4.2822E+00   0.00000E+00 0.0000
    4.4061E+00   0.00000E+00 0.0000
    4.5335E+00   0.00000E+00 0.0000
    4.6647E+00   0.00000E+00 0.0000
    4.7996E+00   0.00000E+00 0.0000
    4.9385E+00   0.00000E+00 0.0000
    5.0814E+00   0.00000E+00 0.0000
    5.2284E+00   0.00000E+00 0.0000
    5.3796E+00   0.00000E+00 0.0000
    5.5352E+00   0.00000E+00 0.0000
    5.6954E+00   0.00000E+00 0.0000
    5.8601E+00   0.00000E+00 0.0000
    6.0297E+00   0.00000E+00 0.0000
    6.2041E+00   0.00000E+00 0.0000
    6.3836E+00   0.00000E+00 0.0000
    6.5683E+00   0.00000E+00 0.0000
    6.7583E+00   0.00000E+00 0.0000
    6.9538E+00   0.00000E+00 0.0000
    7.1550E+00   3.91817E-11 1.0000
    7.3619E+00   0.00000E+00 0.0000
    7.5749E+00   0.00000E+00 0.0000
    7.7941E+00   1.48612E-10 0.7217
    8.0195E+00   9.63512E-11 1.0000
    8.2515E+00   2.74080E-10 0.5774
    8.4902E+00   0.00000E+00 0.0000
    8.7359E+00   7.65928E-10 0.3541
    8.9886E+00   9.33501E-11 1.0000
    9.2486E+00   3.78225E-07 0.0326
    9.5162E+00   4.24684E-07 0.0233
    9.7915E+00   8.60239E-07 0.0179
    1.0075E+01   2.34201E-04 0.0048
    1.0366E+01   1.69678E-05 0.0054
    1.0666E+01   2.63330E-04 0.0042
    1.0975E+01   1.81716E-05 0.0053
    1.1292E+01   2.67531E-04 0.0041
    1.1619E+01   2.10871E-05 0.0049
    1.1955E+01   2.35627E-05 0.0049
    1.2301E+01   2.56593E-04 0.0040
    1.2657E+01   2.20905E-05 0.0048
    1.3023E+01   2.20619E-04 0.0040
    1.3400E+01   2.75356E-05 0.0047
    1.3787E+01   2.62640E-05 0.0047
    1.4186E+01   1.70801E-04 0.0040
    1.4596E+01   3.17854E-05 0.0046
    1.5019E+01   1.55814E-04 0.0041
    1.5453E+01   2.21075E-05 0.0047
    1.5900E+01   1.42642E-04 0.0041
    1.6360E+01   2.24300E-05 0.0045
    1.6834E+01   2.28906E-05 0.0045
    1.7321E+01   1.22758E-04 0.0040
    1.7822E+01   1.57122E-05 0.0045
    1.8337E+01   1.05037E-04 0.0040
    1.8868E+01   1.68713E-05 0.0044
    1.9413E+01   1.76351E-05 0.0043
    1.9975E+01   9.88959E-05 0.0041
    2.0553E+01   1.57195E-05 0.0044
    2.1148E+01   7.48675E-05 0.0041
    2.1759E+01   1.07666E-05 0.0044
    2.2389E+01   1.10693E-05 0.0044
    2.3037E+01   6.26096E-05 0.0040
    2.3703E+01   1.06129E-05 0.0043
    2.4389E+01   6.03903E-05 0.0041
    2.5094E+01   1.02425E-05 0.0043
    2.5820E+01   1.02550E-05 0.0043
    2.6567E+01   5.31190E-05 0.0041
    2.7336E+01   8.04371E-06 0.0043
    2.8127E+01   4.40274E-05 0.0041
    2.8940E+01   6.74144E-06 0.0044
    2.9777E+01   3.50174E-05 0.0041
    3.0639E+01   5.76265E-06 0.0043
    3.1525E+01   5.16030E-06 0.0044
    3.2437E+01   2.85894E-05 0.0041
    3.3376E+01   4.31052E-06 0.0043
    3.4341E+01   2.42647E-05 0.0041
    3.5335E+01   4.39359E-06 0.0043
    3.6357E+01   3.69628E-06 0.0044
    3.7409E+01   2.16556E-05 0.0041
    3.8491E+01   3.40450E-06 0.0043
    3.9604E+01   1.90493E-05 0.0041
    4.0750E+01   3.54273E-06 0.0042
    4.1929E+01   2.91289E-06 0.0043
    4.3142E+01   1.72519E-05 0.0040
    4.4390E+01   2.60517E-06 0.0043
    4.5674E+01   1.50429E-05 0.0040
    4.6996E+01   2.70950E-06 0.0042
    4.8355E+01   2.20848E-06 0.0043
    4.9754E+01   1.34021E-05 0.0040
    5.1193E+01   1.93493E-06 0.0042
    5.2674E+01   1.15255E-05 0.0040
    5.4198E+01   2.02117E-06 0.0042
    5.5766E+01   1.68799E-06 0.0042
    5.7379E+01   1.00668E-05 0.0040
    5.9039E+01   1.39369E-06 0.0042
    6.0747E+01   8.66377E-06 0.0040
    6.2505E+01   1.43406E-06 0.0042
    6.4313E+01   7.18705E-06 0.0040
    6.6174E+01   1.53504E-06 0.0041
    6.8088E+01   1.00566E-06 0.0042
    7.0058E+01   6.45480E-06 0.0040
    7.2084E+01   9.88800E-07 0.0042
    7.4170E+01   5.36540E-06 0.0040
    7.6315E+01   1.06829E-06 0.0041
    7.8523E+01   7.46535E-07 0.0042
    8.0795E+01   4.76461E-06 0.0039
    8.3132E+01   6.69512E-07 0.0042
    8.5537E+01   4.02661E-06 0.0039
    8.8012E+01   7.10582E-07 0.0041
    9.0558E+01   3.34724E-06 0.0039
    9.3178E+01   7.38987E-07 0.0040
    9.5873E+01   4.83196E-07 0.0042
    9.8647E+01   3.03092E-06 0.0039
    1.0150E+02   4.37525E-07 0.0041
    1.0444E+02   2.56602E-06 0.0039
    1.0746E+02   4.44472E-07 0.0041
    1.1057E+02   2.13706E-06 0.0039
    1.1377E+02   4.51488E-07 0.0040
    1.1706E+02   3.08515E-07 0.0041
    1.2044E+02   1.90962E-06 0.0039
    1.2393E+02   2.70741E-07 0.0041
    1.2751E+02   1.62268E-06 0.0039
    1.3120E+02   2.73547E-07 0.0041
    1.3500E+02   1.34957E-06 0.0039
    1.3890E+02   2.80272E-07 0.0040
    1.4292E+02   1.92970E-07 0.0041
    1.4706E+02   1.20073E-06 0.0039
    1.5131E+02   1.72379E-07 0.0041
    1.5569E+02   1.01422E-06 0.0039
    1.6019E+02   1.78272E-07 0.0040
    1.6483E+02   8.42305E-07 0.0039
    1.6959E+02   1.80862E-07 0.0040
    1.7450E+02   1.19496E-07 0.0041
    1.7955E+02   7.52685E-07 0.0039
    1.8474E+02   1.15476E-07 0.0041
    1.9009E+02   6.27185E-07 0.0039
    1.9559E+02   1.21882E-07 0.0040
    2.0124E+02   8.94036E-08 0.0041
    2.0707E+02   5.50819E-07 0.0039
    2.1306E+02   7.80525E-08 0.0041
    2.1922E+02   4.66459E-07 0.0039
    2.2556E+02   8.13229E-08 0.0040
    2.3209E+02   7.03206E-08 0.0041
    2.3880E+02   3.99737E-07 0.0039
    2.4571E+02   5.55375E-08 0.0041
    2.5282E+02   3.45678E-07 0.0039
    2.6013E+02   5.46380E-08 0.0041
    2.6766E+02   2.89606E-07 0.0039
    2.7540E+02   5.72936E-08 0.0040
    2.8337E+02   4.37334E-08 0.0041
    2.9157E+02   2.54965E-07 0.0039
    3.0000E+02   3.72466E-08 0.0041
      total      3.03974E-03 0.0013
 
 cell  502                                                                                                                             
    s(e) (MeV/cm)
    1.0000E+00   0.00000E+00 0.0000
    1.0289E+00   0.00000E+00 0.0000
    1.0587E+00   0.00000E+00 0.0000
    1.0893E+00   0.00000E+00 0.0000
    1.1208E+00   0.00000E+00 0.0000
    1.1533E+00   0.00000E+00 0.0000
    1.1866E+00   0.00000E+00 0.0000
    1.2210E+00   0.00000E+00 0.0000
    1.2563E+00   0.00000E+00 0.0000
    1.2926E+00   0.00000E+00 0.0000
    1.3300E+00   0.00000E+00 0.0000
    1.3685E+00   0.00000E+00 0.0000
    1.4081E+00   0.00000E+00 0.0000
    1.4488E+00   0.00000E+00 0.0000
    1.4907E+00   0.00000E+00 0.0000
    1.5339E+00   0.00000E+00 0.0000
    1.5782E+00   0.00000E+00 0.0000
    1.6239E+00   0.00000E+00 0.0000
    1.6709E+00   0.00000E+00 0.0000
    1.7192E+00   0.00000E+00 0.0000
    1.7689E+00   0.00000E+00 0.0000
    1.8201E+00   0.00000E+00 0.0000
    1.8728E+00   0.00000E+00 0.0000
    1.9269E+00   0.00000E+00 0.0000
    1.9827E+00   0.00000E+00 0.0000
    2.0400E+00   0.00000E+00 0.0000
    2.0991E+00   0.00000E+00 0.0000
    2.1598E+00   0.00000E+00 0.0000
    2.2223E+00   0.00000E+00 0.0000
    2.2866E+00   0.00000E+00 0.0000
    2.3527E+00   0.00000E+00 0.0000
    2.4208E+00   0.00000E+00 0.0000
    2.4908E+00   0.00000E+00 0.0000
    2.5629E+00   0.00000E+00 0.0000
    2.6370E+00   0.00000E+00 0.0000
    2.7133E+00   0.00000E+00 0.0000
    2.7918E+00   0.00000E+00 0.0000
    2.8725E+00   0.00000E+00 0.0000
    2.9557E+00   0.00000E+00 0.0000
    3.0412E+00   0.00000E+00 0.0000
    3.1291E+00   0.00000E+00 0.0000
    3.2197E+00   0.00000E+00 0.0000
    3.3128E+00   0.00000E+00 0.0000
    3.4086E+00   0.00000E+00 0.0000
    3.5072E+00   0.00000E+00 0.0000
    3.6087E+00   0.00000E+00 0.0000
    3.7131E+00   0.00000E+00 0.0000
    3.8205E+00   0.00000E+00 0.0000
    3.9311E+00   0.00000E+00 0.0000
    4.0448E+00   0.00000E+00 0.0000
    4.1618E+00   0.00000E+00 0.0000
    4.2822E+00   0.00000E+00 0.0000
    4.4061E+00   0.00000E+00 0.0000
    4.5335E+00   0.00000E+00 0.0000
    4.6647E+00   0.00000E+00 0.0000
    4.7996E+00   0.00000E+00 0.0000
    4.9385E+00   0.00000E+00 0.0000
    5.0814E+00   0.00000E+00 0.0000
    5.2284E+00   0.00000E+00 0.0000
    5.3796E+00   0.00000E+00 0.0000
    5.5352E+00   0.00000E+00 0.0000
    5.6954E+00   0.00000E+00 0.0000
    5.8601E+00   0.00000E+00 0.0000
    6.0297E+00   0.00000E+00 0.0000
    6.2041E+00   0.00000E+00 0.0000
    6.3836E+00   0.00000E+00 0.0000
    6.5683E+00   0.00000E+00 0.0000
    6.7583E+00   0.00000E+00 0.0000
    6.9538E+00   0.00000E+00 0.0000
    7.1550E+00   0.00000E+00 0.0000
    7.3619E+00   0.00000E+00 0.0000
    7.5749E+00   0.00000E+00 0.0000
    7.7941E+00   1.85765E-10 0.7076
    8.0195E+00   0.00000E+00 0.0000
    8.2515E+00   5.37099E-10 0.4115
    8.4902E+00   0.00000E+00 0.0000
    8.7359E+00   6.38170E-10 0.3798
    8.9886E+00   2.83082E-10 0.5779
    9.2486E+00   2.04087E-06 0.0185
    9.5162E+00   1.81014E-06 0.0136
    9.7915E+00   3.15837E-06 0.0112
    1.0075E+01   2.68752E-04 0.0045
    1.0366E+01   1.79768E-05 0.0055
    1.0666E+01   2.69976E-04 0.0041
    1.0975E+01   2.34754E-05 0.0052
    1.1292E+01   2.70764E-04 0.0039
    1.1619E+01   2.62972E-05 0.0048
    1.1955E+01   2.95658E-05 0.0048
    1.2301E+01   2.46365E-04 0.0039
    1.2657E+01   2.56613E-05 0.0048
    1.3023E+01   2.27156E-04 0.0041
    1.3400E+01   2.38318E-05 0.0047
    1.3787E+01   2.43914E-05 0.0047
    1.4186E+01   1.89490E-04 0.0041
    1.4596E+01   3.02338E-05 0.0046
    1.5019E+01   1.45005E-04 0.0040
    1.5453E+01   2.53017E-05 0.0046
    1.5900E+01   1.56984E-04 0.0041
    1.6360E+01   2.06616E-05 0.0045
    1.6834E+01   2.04008E-05 0.0045
    1.7321E+01   1.15763E-04 0.0039
    1.7822E+01   1.74050E-05 0.0045
    1.8337E+01   1.17496E-04 0.0041
    1.8868E+01   1.72532E-05 0.0044
    1.9413E+01   1.74602E-05 0.0044
    1.9975E+01   9.05886E-05 0.0041
    2.0553E+01   1.40085E-05 0.0044
    2.1148E+01   7.25326E-05 0.0040
    2.1759E+01   1.16702E-05 0.0044
    2.2389E+01   1.22735E-05 0.0044
    2.3037E+01   7.06693E-05 0.0041
    2.3703E+01   1.17225E-05 0.0043
    2.4389E+01   6.30956E-05 0.0041
    2.5094E+01   9.96503E-06 0.0044
    2.5820E+01   9.79735E-06 0.0044
    2.6567E+01   4.88291E-05 0.0041
    2.7336E+01   7.18697E-06 0.0044
    2.8127E+01   3.95155E-05 0.0041
    2.8940E+01   6.15064E-06 0.0044
    2.9777E+01   3.33235E-05 0.0041
    3.0639E+01   5.74206E-06 0.0043
    3.1525E+01   5.24123E-06 0.0044
    3.2437E+01   3.00415E-05 0.0041
    3.3376E+01   4.71741E-06 0.0043
    3.4341E+01   2.69989E-05 0.0041
    3.5335E+01   4.94784E-06 0.0043
    3.6357E+01   4.20228E-06 0.0043
    3.7409E+01   2.45331E-05 0.0040
    3.8491E+01   3.83231E-06 0.0043
    3.9604E+01   2.13502E-05 0.0040
    4.0750E+01   3.91450E-06 0.0042
    4.1929E+01   3.21627E-06 0.0043
    4.3142E+01   1.87783E-05 0.0040
    4.4390E+01   2.79141E-06 0.0043
    4.5674E+01   1.59406E-05 0.0040
    4.6996E+01   2.82534E-06 0.0042
    4.8355E+01   2.28057E-06 0.0043
    4.9754E+01   1.37550E-05 0.0040
    5.1193E+01   1.94805E-06 0.0042
    5.2674E+01   1.15394E-05 0.0040
    5.4198E+01   2.00707E-06 0.0042
    5.5766E+01   1.65803E-06 0.0042
    5.7379E+01   9.86273E-06 0.0040
    5.9039E+01   1.34479E-06 0.0042
    6.0747E+01   8.35069E-06 0.0040
    6.2505E+01   1.37509E-06 0.0042
    6.4313E+01   6.84345E-06 0.0040
    6.6174E+01   1.45898E-06 0.0041
    6.8088E+01   9.51131E-07 0.0042
    7.0058E+01   6.07949E-06 0.0040
    7.2084E+01   9.28681E-07 0.0042
    7.4170E+01   5.01565E-06 0.0040
    7.6315E+01   9.95248E-07 0.0041
    7.8523E+01   6.96474E-07 0.0042
    8.0795E+01   4.42172E-06 0.0039
    8.3132E+01   6.18811E-07 0.0042
    8.5537E+01   3.72262E-06 0.0039
    8.8012E+01   6.56449E-07 0.0041
    9.0558E+01   3.08404E-06 0.0039
    9.3178E+01   6.83162E-07 0.0040
    9.5873E+01   4.43938E-07 0.0042
    9.8647E+01   2.78889E-06 0.0039
    1.0150E+02   4.02695E-07 0.0041
    1.0444E+02   2.35723E-06 0.0039
    1.0746E+02   4.08024E-07 0.0041
    1.1057E+02   1.96304E-06 0.0039
    1.1377E+02   4.13156E-07 0.0040
    1.1706E+02   2.84288E-07 0.0041
    1.2044E+02   1.75043E-06 0.0039
    1.2393E+02   2.48314E-07 0.0041
    1.2751E+02   1.48711E-06 0.0039
    1.3120E+02   2.50312E-07 0.0041
    1.3500E+02   1.23635E-06 0.0039
    1.3890E+02   2.56703E-07 0.0040
    1.4292E+02   1.76158E-07 0.0041
    1.4706E+02   1.09986E-06 0.0039
    1.5131E+02   1.57724E-07 0.0041
    1.5569E+02   9.28299E-07 0.0039
    1.6019E+02   1.63138E-07 0.0040
    1.6483E+02   7.70633E-07 0.0039
    1.6959E+02   1.65610E-07 0.0040
    1.7450E+02   1.09269E-07 0.0041
    1.7955E+02   6.88616E-07 0.0039
    1.8474E+02   1.05404E-07 0.0041
    1.9009E+02   5.74004E-07 0.0039
    1.9559E+02   1.11492E-07 0.0040
    2.0124E+02   8.14804E-08 0.0041
    2.0707E+02   5.03885E-07 0.0039
    2.1306E+02   7.12640E-08 0.0041
    2.1922E+02   4.26690E-07 0.0038
    2.2556E+02   7.42366E-08 0.0040
    2.3209E+02   6.43388E-08 0.0041
    2.3880E+02   3.65402E-07 0.0038
    2.4571E+02   5.06766E-08 0.0041
    2.5282E+02   3.16048E-07 0.0038
    2.6013E+02   4.99388E-08 0.0041
    2.6766E+02   2.64834E-07 0.0038
    2.7540E+02   5.22604E-08 0.0040
    2.8337E+02   4.00928E-08 0.0041
    2.9157E+02   2.33198E-07 0.0038
    3.0000E+02   3.39857E-08 0.0041
      total      3.12733E-03 0.0013
 
 cell  503                                                                                                                             
    s(e) (MeV/cm)
    1.0000E+00   0.00000E+00 0.0000
    1.0289E+00   0.00000E+00 0.0000
    1.0587E+00   0.00000E+00 0.0000
    1.0893E+00   0.00000E+00 0.0000
    1.1208E+00   0.00000E+00 0.0000
    1.1533E+00   0.00000E+00 0.0000
    1.1866E+00   0.00000E+00 0.0000
    1.2210E+00   0.00000E+00 0.0000
    1.2563E+00   0.00000E+00 0.0000
    1.2926E+00   0.00000E+00 0.0000
    1.3300E+00   0.00000E+00 0.0000
    1.3685E+00   0.00000E+00 0.0000
    1.4081E+00   0.00000E+00 0.0000
    1.4488E+00   0.00000E+00 0.0000
    1.4907E+00   0.00000E+00 0.0000
    1.5339E+00   0.00000E+00 0.0000
    1.5782E+00   0.00000E+00 0.0000
    1.6239E+00   0.00000E+00 0.0000
    1.6709E+00   0.00000E+00 0.0000
    1.7192E+00   0.00000E+00 0.0000
    1.7689E+00   0.00000E+00 0.0000
    1.8201E+00   0.00000E+00 0.0000
    1.8728E+00   0.00000E+00 0.0000
    1.9269E+00   0.00000E+00 0.0000
    1.9827E+00   0.00000E+00 0.0000
    2.0400E+00   0.00000E+00 0.0000
    2.0991E+00   0.00000E+00 0.0000
    2.1598E+00   0.00000E+00 0.0000
    2.2223E+00   0.00000E+00 0.0000
    2.2866E+00   0.00000E+00 0.0000
    2.3527E+00   0.00000E+00 0.0000
    2.4208E+00   0.00000E+00 0.0000
    2.4908E+00   0.00000E+00 0.0000
    2.5629E+00   0.00000E+00 0.0000
    2.6370E+00   0.00000E+00 0.0000
    2.7133E+00   0.00000E+00 0.0000
    2.7918E+00   0.00000E+00 0.0000
    2.8725E+00   0.00000E+00 0.0000
    2.9557E+00   0.00000E+00 0.0000
    3.0412E+00   0.00000E+00 0.0000
    3.1291E+00   0.00000E+00 0.0000
    3.2197E+00   0.00000E+00 0.0000
    3.3128E+00   0.00000E+00 0.0000
    3.4086E+00   0.00000E+00 0.0000
    3.5072E+00   0.00000E+00 0.0000
    3.6087E+00   0.00000E+00 0.0000
    3.7131E+00   0.00000E+00 0.0000
    3.8205E+00   0.00000E+00 0.0000
    3.9311E+00   0.00000E+00 0.0000
    4.0448E+00   0.00000E+00 0.0000
    4.1618E+00   0.00000E+00 0.0000
    4.2822E+00   0.00000E+00 0.0000
    4.4061E+00   0.00000E+00 0.0000
    4.5335E+00   0.00000E+00 0.0000
    4.6647E+00   0.00000E+00 0.0000
    4.7996E+00   0.00000E+00 0.0000
    4.9385E+00   0.00000E+00 0.0000
    5.0814E+00   0.00000E+00 0.0000
    5.2284E+00   0.00000E+00 0.0000
    5.3796E+00   0.00000E+00 0.0000
    5.5352E+00   0.00000E+00 0.0000
    5.6954E+00   0.00000E+00 0.0000
    5.8601E+00   0.00000E+00 0.0000
    6.0297E+00   0.00000E+00 0.0000
    6.2041E+00   0.00000E+00 0.0000
    6.3836E+00   0.00000E+00 0.0000
    6.5683E+00   0.00000E+00 0.0000
    6.7583E+00   0.00000E+00 0.0000
    6.9538E+00   0.00000E+00 0.0000
    7.1550E+00   0.00000E+00 0.0000
    7.3619E+00   0.00000E+00 0.0000
    7.5749E+00   0.00000E+00 0.0000
    7.7941E+00   1.85683E-10 0.7076
    8.0195E+00   0.00000E+00 0.0000
    8.2515E+00   6.73413E-10 0.3786
    8.4902E+00   0.00000E+00 0.0000
    8.7359E+00   8.63135E-10 0.3208
    8.9886E+00   1.91563E-10 0.7071
    9.2486E+00   8.26731E-06 0.0120
    9.5162E+00   5.59406E-06 0.0090
    9.7915E+00   8.46659E-06 0.0078
    1.0075E+01   2.98835E-04 0.0041
    1.0366E+01   2.24071E-05 0.0054
    1.0666E+01   2.80897E-04 0.0038
    1.0975E+01   2.81070E-05 0.0050
    1.1292E+01   2.74964E-04 0.0037
    1.1619E+01   3.09878E-05 0.0047
    1.1955E+01   3.17839E-05 0.0047
    1.2301E+01   2.37990E-04 0.0037
    1.2657E+01   3.09874E-05 0.0047
    1.3023E+01   2.15244E-04 0.0040
    1.3400E+01   2.53285E-05 0.0047
    1.3787E+01   2.79361E-05 0.0047
    1.4186E+01   1.97057E-04 0.0041
    1.4596E+01   2.63683E-05 0.0047
    1.5019E+01   1.53348E-04 0.0040
    1.5453E+01   2.94354E-05 0.0045
    1.5900E+01   1.51605E-04 0.0041
    1.6360E+01   1.84935E-05 0.0045
    1.6834E+01   1.91020E-05 0.0045
    1.7321E+01   1.25378E-04 0.0040
    1.7822E+01   1.95079E-05 0.0044
    1.8337E+01   1.17990E-04 0.0041
    1.8868E+01   1.54459E-05 0.0044
    1.9413E+01   1.54263E-05 0.0044
    1.9975E+01   8.39494E-05 0.0040
    2.0553E+01   1.45258E-05 0.0044
    2.1148E+01   8.11600E-05 0.0041
    2.1759E+01   1.31463E-05 0.0044
    2.2389E+01   1.35822E-05 0.0044
    2.3037E+01   7.33552E-05 0.0041
    2.3703E+01   1.11824E-05 0.0044
    2.4389E+01   5.76837E-05 0.0041
    2.5094E+01   8.88967E-06 0.0044
    2.5820E+01   8.71576E-06 0.0044
    2.6567E+01   4.47183E-05 0.0041
    2.7336E+01   6.96426E-06 0.0044
    2.8127E+01   4.02030E-05 0.0041
    2.8940E+01   6.65629E-06 0.0044
    2.9777E+01   3.70232E-05 0.0041
    3.0639E+01   6.48669E-06 0.0043
    3.1525E+01   5.97855E-06 0.0043
    3.2437E+01   3.39588E-05 0.0041
    3.3376E+01   5.29355E-06 0.0043
    3.4341E+01   2.96186E-05 0.0041
    3.5335E+01   5.30378E-06 0.0042
    3.6357E+01   4.46360E-06 0.0043
    3.7409E+01   2.55153E-05 0.0041
    3.8491E+01   3.88550E-06 0.0043
    3.9604E+01   2.12014E-05 0.0041
    4.0750E+01   3.81535E-06 0.0042
    4.1929E+01   3.09538E-06 0.0043
    4.3142E+01   1.79409E-05 0.0040
    4.4390E+01   2.62359E-06 0.0043
    4.5674E+01   1.48361E-05 0.0040
    4.6996E+01   2.60661E-06 0.0042
    4.8355E+01   2.09383E-06 0.0043
    4.9754E+01   1.26129E-05 0.0040
    5.1193E+01   1.77613E-06 0.0043
    5.2674E+01   1.05159E-05 0.0040
    5.4198E+01   1.82615E-06 0.0042
    5.5766E+01   1.50486E-06 0.0043
    5.7379E+01   8.98749E-06 0.0040
    5.9039E+01   1.22655E-06 0.0042
    6.0747E+01   7.63401E-06 0.0040
    6.2505E+01   1.26202E-06 0.0042
    6.4313E+01   6.28762E-06 0.0040
    6.6174E+01   1.34161E-06 0.0041
    6.8088E+01   8.78524E-07 0.0042
    7.0058E+01   5.62976E-06 0.0039
    7.2084E+01   8.61094E-07 0.0042
    7.4170E+01   4.68069E-06 0.0039
    7.6315E+01   9.32361E-07 0.0041
    7.8523E+01   6.52810E-07 0.0042
    8.0795E+01   4.16100E-06 0.0039
    8.3132E+01   5.85515E-07 0.0042
    8.5537E+01   3.52687E-06 0.0039
    8.8012E+01   6.24846E-07 0.0041
    9.0558E+01   2.94364E-06 0.0039
    9.3178E+01   6.50500E-07 0.0040
    9.5873E+01   4.26342E-07 0.0042
    9.8647E+01   2.67206E-06 0.0039
    1.0150E+02   3.88321E-07 0.0041
    1.0444E+02   2.26903E-06 0.0039
    1.0746E+02   3.92793E-07 0.0041
    1.1057E+02   1.89658E-06 0.0039
    1.1377E+02   3.98789E-07 0.0040
    1.1706E+02   2.75950E-07 0.0042
    1.2044E+02   1.69741E-06 0.0039
    1.2393E+02   2.41370E-07 0.0041
    1.2751E+02   1.44669E-06 0.0039
    1.3120E+02   2.43750E-07 0.0041
    1.3500E+02   1.20588E-06 0.0039
    1.3890E+02   2.50961E-07 0.0040
    1.4292E+02   1.72022E-07 0.0041
    1.4706E+02   1.07534E-06 0.0039
    1.5131E+02   1.54615E-07 0.0041
    1.5569E+02   9.09399E-07 0.0039
    1.6019E+02   1.60319E-07 0.0041
    1.6483E+02   7.57100E-07 0.0039
    1.6959E+02   1.62384E-07 0.0040
    1.7450E+02   1.07647E-07 0.0041
    1.7955E+02   6.77316E-07 0.0039
    1.8474E+02   1.03796E-07 0.0041
    1.9009E+02   5.65509E-07 0.0039
    1.9559E+02   1.09750E-07 0.0040
    2.0124E+02   8.06826E-08 0.0041
    2.0707E+02   4.97025E-07 0.0039
    2.1306E+02   7.03559E-08 0.0041
    2.1922E+02   4.21081E-07 0.0039
    2.2556E+02   7.35196E-08 0.0040
    2.3209E+02   6.34293E-08 0.0041
    2.3880E+02   3.61256E-07 0.0039
    2.4571E+02   5.02613E-08 0.0041
    2.5282E+02   3.12557E-07 0.0039
    2.6013E+02   4.93944E-08 0.0041
    2.6766E+02   2.62016E-07 0.0038
    2.7540E+02   5.19599E-08 0.0040
    2.8337E+02   3.96191E-08 0.0041
    2.9157E+02   2.30896E-07 0.0038
    3.0000E+02   3.36752E-08 0.0041
      total      3.20989E-03 0.0013
 
 cell  504                                                                                                                             
    s(e) (MeV/cm)
    1.0000E+00   0.00000E+00 0.0000
    1.0289E+00   0.00000E+00 0.0000
    1.0587E+00   0.00000E+00 0.0000
    1.0893E+00   0.00000E+00 0.0000
    1.1208E+00   0.00000E+00 0.0000
    1.1533E+00   0.00000E+00 0.0000
    1.1866E+00   0.00000E+00 0.0000
    1.2210E+00   0.00000E+00 0.0000
    1.2563E+00   0.00000E+00 0.0000
    1.2926E+00   0.00000E+00 0.0000
    1.3300E+00   0.00000E+00 0.0000
    1.3685E+00   0.00000E+00 0.0000
    1.4081E+00   0.00000E+00 0.0000
    1.4488E+00   0.00000E+00 0.0000
    1.4907E+00   0.00000E+00 0.0000
    1.5339E+00   0.00000E+00 0.0000
    1.5782E+00   0.00000E+00 0.0000
    1.6239E+00   0.00000E+00 0.0000
    1.6709E+00   0.00000E+00 0.0000
    1.7192E+00   0.00000E+00 0.0000
    1.7689E+00   0.00000E+00 0.0000
    1.8201E+00   0.00000E+00 0.0000
    1.8728E+00   0.00000E+00 0.0000
    1.9269E+00   0.00000E+00 0.0000
    1.9827E+00   0.00000E+00 0.0000
    2.0400E+00   0.00000E+00 0.0000
    2.0991E+00   0.00000E+00 0.0000
    2.1598E+00   0.00000E+00 0.0000
    2.2223E+00   0.00000E+00 0.0000
    2.2866E+00   0.00000E+00 0.0000
    2.3527E+00   0.00000E+00 0.0000
    2.4208E+00   0.00000E+00 0.0000
    2.4908E+00   0.00000E+00 0.0000
    2.5629E+00   0.00000E+00 0.0000
    2.6370E+00   0.00000E+00 0.0000
    2.7133E+00   0.00000E+00 0.0000
    2.7918E+00   0.00000E+00 0.0000
    2.8725E+00   0.00000E+00 0.0000
    2.9557E+00   0.00000E+00 0.0000
    3.0412E+00   0.00000E+00 0.0000
    3.1291E+00   0.00000E+00 0.0000
    3.2197E+00   0.00000E+00 0.0000
    3.3128E+00   0.00000E+00 0.0000
    3.4086E+00   0.00000E+00 0.0000
    3.5072E+00   0.00000E+00 0.0000
    3.6087E+00   0.00000E+00 0.0000
    3.7131E+00   0.00000E+00 0.0000
    3.8205E+00   0.00000E+00 0.0000
    3.9311E+00   0.00000E+00 0.0000
    4.0448E+00   0.00000E+00 0.0000
    4.1618E+00   0.00000E+00 0.0000
    4.2822E+00   0.00000E+00 0.0000
    4.4061E+00   0.00000E+00 0.0000
    4.5335E+00   0.00000E+00 0.0000
    4.6647E+00   0.00000E+00 0.0000
    4.7996E+00   0.00000E+00 0.0000
    4.9385E+00   0.00000E+00 0.0000
    5.0814E+00   0.00000E+00 0.0000
    5.2284E+00   0.00000E+00 0.0000
    5.3796E+00   0.00000E+00 0.0000
    5.5352E+00   0.00000E+00 0.0000
    5.6954E+00   0.00000E+00 0.0000
    5.8601E+00   0.00000E+00 0.0000
    6.0297E+00   0.00000E+00 0.0000
    6.2041E+00   0.00000E+00 0.0000
    6.3836E+00   0.00000E+00 0.0000
    6.5683E+00   0.00000E+00 0.0000
    6.7583E+00   0.00000E+00 0.0000
    6.9538E+00   0.00000E+00 0.0000
    7.1550E+00   0.00000E+00 0.0000
    7.3619E+00   0.00000E+00 0.0000
    7.5749E+00   0.00000E+00 0.0000
    7.7941E+00   1.85945E-10 0.7076
    8.0195E+00   0.00000E+00 0.0000
    8.2515E+00   7.23851E-10 0.3590
    8.4902E+00   0.00000E+00 0.0000
    8.7359E+00   1.21553E-09 0.2775
    8.9886E+00   0.00000E+00 0.0000
    9.2486E+00   2.54986E-05 0.0086
    9.5162E+00   1.25199E-05 0.0068
    9.7915E+00   1.66106E-05 0.0062
    1.0075E+01   3.21694E-04 0.0038
    1.0366E+01   2.47874E-05 0.0054
    1.0666E+01   2.91452E-04 0.0037
    1.0975E+01   2.68221E-05 0.0050
    1.1292E+01   2.84931E-04 0.0037
    1.1619E+01   2.90824E-05 0.0048
    1.1955E+01   2.76275E-05 0.0048
    1.2301E+01   2.45523E-04 0.0038
    1.2657E+01   3.11666E-05 0.0047
    1.3023E+01   2.05354E-04 0.0038
    1.3400E+01   3.01964E-05 0.0047
    1.3787E+01   3.24838E-05 0.0046
    1.4186E+01   1.85717E-04 0.0040
    1.4596E+01   2.63641E-05 0.0046
    1.5019E+01   1.73342E-04 0.0041
    1.5453E+01   2.85528E-05 0.0046
    1.5900E+01   1.39067E-04 0.0040
    1.6360E+01   1.98559E-05 0.0045
    1.6834E+01   2.14172E-05 0.0045
    1.7321E+01   1.37973E-04 0.0040
    1.7822E+01   1.88685E-05 0.0045
    1.8337E+01   1.06633E-04 0.0041
    1.8868E+01   1.43688E-05 0.0044
    1.9413E+01   1.49788E-05 0.0044
    1.9975E+01   9.05959E-05 0.0041
    2.0553E+01   1.65999E-05 0.0044
    2.1148E+01   8.73585E-05 0.0041
    2.1759E+01   1.28878E-05 0.0044
    2.2389E+01   1.29687E-05 0.0044
    2.3037E+01   6.68811E-05 0.0041
    2.3703E+01   9.99257E-06 0.0044
    2.4389E+01   5.31589E-05 0.0041
    2.5094E+01   8.73160E-06 0.0044
    2.5820E+01   8.81882E-06 0.0044
    2.6567E+01   4.79352E-05 0.0041
    2.7336E+01   7.85065E-06 0.0044
    2.8127E+01   4.55415E-05 0.0041
    2.8940E+01   7.48649E-06 0.0043
    2.9777E+01   4.07207E-05 0.0041
    3.0639E+01   6.92579E-06 0.0043
    3.1525E+01   6.25767E-06 0.0043
    3.2437E+01   3.46895E-05 0.0041
    3.3376E+01   5.17976E-06 0.0043
    3.4341E+01   2.84498E-05 0.0041
    3.5335E+01   5.00100E-06 0.0043
    3.6357E+01   4.13247E-06 0.0043
    3.7409E+01   2.34880E-05 0.0041
    3.8491E+01   3.53505E-06 0.0043
    3.9604E+01   1.92625E-05 0.0040
    4.0750E+01   3.46241E-06 0.0042
    4.1929E+01   2.82689E-06 0.0043
    4.3142E+01   1.64194E-05 0.0040
    4.4390E+01   2.42584E-06 0.0043
    4.5674E+01   1.38371E-05 0.0040
    4.6996E+01   2.46368E-06 0.0042
    4.8355E+01   1.99419E-06 0.0043
    4.9754E+01   1.20699E-05 0.0040
    5.1193E+01   1.72345E-06 0.0043
    5.2674E+01   1.02929E-05 0.0040
    5.4198E+01   1.81079E-06 0.0042
    5.5766E+01   1.50160E-06 0.0043
    5.7379E+01   9.01296E-06 0.0040
    5.9039E+01   1.24862E-06 0.0043
    6.0747E+01   7.79449E-06 0.0040
    6.2505E+01   1.29689E-06 0.0042
    6.4313E+01   6.51278E-06 0.0040
    6.6174E+01   1.39574E-06 0.0041
    6.8088E+01   9.18298E-07 0.0043
    7.0058E+01   5.89757E-06 0.0040
    7.2084E+01   9.08252E-07 0.0042
    7.4170E+01   4.94308E-06 0.0040
    7.6315E+01   9.88808E-07 0.0041
    7.8523E+01   6.94986E-07 0.0042
    8.0795E+01   4.42476E-06 0.0040
    8.3132E+01   6.26073E-07 0.0042
    8.5537E+01   3.76654E-06 0.0040
    8.8012E+01   6.66825E-07 0.0041
    9.0558E+01   3.15470E-06 0.0040
    9.3178E+01   6.96874E-07 0.0041
    9.5873E+01   4.59698E-07 0.0042
    9.8647E+01   2.87189E-06 0.0040
    1.0150E+02   4.18402E-07 0.0042
    1.0444E+02   2.44510E-06 0.0039
    1.0746E+02   4.24788E-07 0.0041
    1.1057E+02   2.04814E-06 0.0039
    1.1377E+02   4.32551E-07 0.0041
    1.1706E+02   2.98169E-07 0.0042
    1.2044E+02   1.83607E-06 0.0039
    1.2393E+02   2.61865E-07 0.0042
    1.2751E+02   1.56665E-06 0.0039
    1.3120E+02   2.64507E-07 0.0041
    1.3500E+02   1.30698E-06 0.0039
    1.3890E+02   2.72214E-07 0.0041
    1.4292E+02   1.86856E-07 0.0042
    1.4706E+02   1.16658E-06 0.0039
    1.5131E+02   1.67468E-07 0.0041
    1.5569E+02   9.87364E-07 0.0039
    1.6019E+02   1.74197E-07 0.0041
    1.6483E+02   8.22019E-07 0.0039
    1.6959E+02   1.76396E-07 0.0040
    1.7450E+02   1.16976E-07 0.0042
    1.7955E+02   7.36027E-07 0.0039
    1.8474E+02   1.12844E-07 0.0041
    1.9009E+02   6.14514E-07 0.0039
    1.9559E+02   1.19047E-07 0.0041
    2.0124E+02   8.77224E-08 0.0041
    2.0707E+02   5.39931E-07 0.0039
    2.1306E+02   7.66780E-08 0.0041
    2.1922E+02   4.57729E-07 0.0039
    2.2556E+02   7.98047E-08 0.0041
    2.3209E+02   6.90408E-08 0.0041
    2.3880E+02   3.92692E-07 0.0039
    2.4571E+02   5.46328E-08 0.0041
    2.5282E+02   3.39721E-07 0.0039
    2.6013E+02   5.36831E-08 0.0041
    2.6766E+02   2.84755E-07 0.0039
    2.7540E+02   5.64969E-08 0.0040
    2.8337E+02   4.30123E-08 0.0041
    2.9157E+02   2.51018E-07 0.0039
    3.0000E+02   3.66176E-08 0.0041
      total      3.29623E-03 0.0013
 
 cell union total                                                                                                                      
    s(e) (MeV/cm)
    1.0000E+00   0.00000E+00 0.0000
    1.0289E+00   0.00000E+00 0.0000
    1.0587E+00   0.00000E+00 0.0000
    1.0893E+00   0.00000E+00 0.0000
    1.1208E+00   0.00000E+00 0.0000
    1.1533E+00   0.00000E+00 0.0000
    1.1866E+00   0.00000E+00 0.0000
    1.2210E+00   0.00000E+00 0.0000
    1.2563E+00   0.00000E+00 0.0000
    1.2926E+00   0.00000E+00 0.0000
    1.3300E+00   0.00000E+00 0.0000
    1.3685E+00   0.00000E+00 0.0000
    1.4081E+00   0.00000E+00 0.0000
    1.4488E+00   0.00000E+00 0.0000
    1.4907E+00   0.00000E+00 0.0000
    1.5339E+00   0.00000E+00 0.0000
    1.5782E+00   0.00000E+00 0.0000
    1.6239E+00   0.00000E+00 0.0000
    1.6709E+00   0.00000E+00 0.0000
    1.7192E+00   0.00000E+00 0.0000
    1.7689E+00   0.00000E+00 0.0000
    1.8201E+00   0.00000E+00 0.0000
    1.8728E+00   0.00000E+00 0.0000
    1.9269E+00   0.00000E+00 0.0000
    1.9827E+00   0.00000E+00 0.0000
    2.0400E+00   0.00000E+00 0.0000
    2.0991E+00   0.00000E+00 0.0000
    2.1598E+00   0.00000E+00 0.0000
    2.2223E+00   0.00000E+00 0.0000
    2.2866E+00   0.00000E+00 0.0000
    2.3527E+00   0.00000E+00 0.0000
    2.4208E+00   0.00000E+00 0.0000
    2.4908E+00   0.00000E+00 0.0000
    2.5629E+00   0.00000E+00 0.0000
    2.6370E+00   0.00000E+00 0.0000
    2.7133E+00   0.00000E+00 0.0000
    2.7918E+00   0.00000E+00 0.0000
    2.8725E+00   0.00000E+00 0.0000
    2.9557E+00   0.00000E+00 0.0000
    3.0412E+00   0.00000E+00 0.0000
    3.1291E+00   0.00000E+00 0.0000
    3.2197E+00   0.00000E+00 0.0000
    3.3128E+00   0.00000E+00 0.0000
    3.4086E+00   0.00000E+00 0.0000
    3.5072E+00   0.00000E+00 0.0000
    3.6087E+00   0.00000E+00 0.0000
    3.7131E+00   0.00000E+00 0.0000
    3.8205E+00   0.00000E+00 0.0000
    3.9311E+00   0.00000E+00 0.0000
    4.0448E+00   0.00000E+00 0.0000
    4.1618E+00   0.00000E+00 0.0000
    4.2822E+00   0.00000E+00 0.0000
    4.4061E+00   0.00000E+00 0.0000
    4.5335E+00   0.00000E+00 0.0000
    4.6647E+00   0.00000E+00 0.0000
    4.7996E+00   0.00000E+00 0.0000
    4.9385E+00   0.00000E+00 0.0000
    5.0814E+00   0.00000E+00 0.0000
    5.2284E+00   0.00000E+00 0.0000
    5.3796E+00   0.00000E+00 0.0000
    5.5352E+00   0.00000E+00 0.0000
    5.6954E+00   0.00000E+00 0.0000
    5.8601E+00   0.00000E+00 0.0000
    6.0297E+00   0.00000E+00 0.0000
    6.2041E+00   0.00000E+00 0.0000
    6.3836E+00   0.00000E+00 0.0000
    6.5683E+00   0.00000E+00 0.0000
    6.7583E+00   0.00000E+00 0.0000
    6.9538E+00   0.00000E+00 0.0000
    7.1550E+00   7.83634E-12 1.0000
    7.3619E+00   0.00000E+00 0.0000
    7.5749E+00   1.79591E-11 1.0000
    7.7941E+00   1.92234E-10 0.5841
    8.0195E+00   1.92702E-11 1.0000
    8.2515E+00   5.15949E-10 0.3677
    8.4902E+00   0.00000E+00 0.0000
    8.7359E+00   8.67063E-10 0.2569
    8.9886E+00   1.13599E-10 0.4084
    9.2486E+00   7.24749E-06 0.0097
    9.5162E+00   4.08416E-06 0.0074
    9.7915E+00   5.85318E-06 0.0067
    1.0075E+01   2.62707E-04 0.0042
    1.0366E+01   2.05308E-05 0.0041
    1.0666E+01   2.73723E-04 0.0037
    1.0975E+01   2.28414E-05 0.0040
    1.1292E+01   2.71274E-04 0.0035
    1.1619E+01   2.57418E-05 0.0038
    1.1955E+01   2.67382E-05 0.0038
    1.2301E+01   2.47622E-04 0.0034
    1.2657E+01   2.69698E-05 0.0036
    1.3023E+01   2.13785E-04 0.0035
    1.3400E+01   2.75712E-05 0.0035
    1.3787E+01   2.83446E-05 0.0034
    1.4186E+01   1.81653E-04 0.0034
    1.4596E+01   2.85503E-05 0.0036
    1.5019E+01   1.58724E-04 0.0033
    1.5453E+01   2.58089E-05 0.0034
    1.5900E+01   1.43425E-04 0.0034
    1.6360E+01   2.03558E-05 0.0034
    1.6834E+01   2.11726E-05 0.0034
    1.7321E+01   1.26915E-04 0.0032
    1.7822E+01   1.76834E-05 0.0033
    1.8337E+01   1.09246E-04 0.0033
    1.8868E+01   1.57339E-05 0.0034
    1.9413E+01   1.62196E-05 0.0033
    1.9975E+01   9.18312E-05 0.0032
    2.0553E+01   1.55323E-05 0.0032
    2.1148E+01   7.98988E-05 0.0031
    2.1759E+01   1.20561E-05 0.0032
    2.2389E+01   1.23399E-05 0.0032
    2.3037E+01   6.70371E-05 0.0032
    2.3703E+01   1.06206E-05 0.0033
    2.4389E+01   5.75487E-05 0.0032
    2.5094E+01   9.39878E-06 0.0033
    2.5820E+01   9.37816E-06 0.0033
    2.6567E+01   4.90043E-05 0.0032
    2.7336E+01   7.63375E-06 0.0032
    2.8127E+01   4.30960E-05 0.0031
    2.8940E+01   6.87966E-06 0.0032
    2.9777E+01   3.70066E-05 0.0031
    3.0639E+01   6.26999E-06 0.0031
    3.1525E+01   5.68000E-06 0.0031
    3.2437E+01   3.17634E-05 0.0031
    3.3376E+01   4.82645E-06 0.0032
    3.4341E+01   2.69478E-05 0.0031
    3.5335E+01   4.81734E-06 0.0032
    3.6357E+01   4.03788E-06 0.0032
    3.7409E+01   2.32539E-05 0.0031
    3.8491E+01   3.56920E-06 0.0032
    3.9604E+01   1.96983E-05 0.0031
    4.0750E+01   3.58744E-06 0.0032
    4.1929E+01   2.93585E-06 0.0032
    4.3142E+01   1.71700E-05 0.0031
    4.4390E+01   2.55041E-06 0.0032
    4.5674E+01   1.45945E-05 0.0031
    4.6996E+01   2.60042E-06 0.0032
    4.8355E+01   2.10428E-06 0.0032
    4.9754E+01   1.27413E-05 0.0031
    5.1193E+01   1.81882E-06 0.0032
    5.2674E+01   1.08281E-05 0.0031
    5.4198E+01   1.89548E-06 0.0031
    5.5766E+01   1.57327E-06 0.0031
    5.7379E+01   9.40272E-06 0.0031
    5.9039E+01   1.29604E-06 0.0031
    6.0747E+01   8.06771E-06 0.0031
    6.2505E+01   1.33732E-06 0.0031
    6.4313E+01   6.69246E-06 0.0030
    6.6174E+01   1.43077E-06 0.0031
    6.8088E+01   9.38172E-07 0.0031
    7.0058E+01   6.01685E-06 0.0030
    7.2084E+01   9.22940E-07 0.0031
    7.4170E+01   5.01328E-06 0.0030
    7.6315E+01   9.99298E-07 0.0030
    7.8523E+01   7.00154E-07 0.0031
    8.0795E+01   4.46140E-06 0.0030
    8.3132E+01   6.28018E-07 0.0031
    8.5537E+01   3.78161E-06 0.0030
    8.8012E+01   6.68686E-07 0.0030
    9.0558E+01   3.15328E-06 0.0030
    9.3178E+01   6.97529E-07 0.0030
    9.5873E+01   4.56590E-07 0.0030
    9.8647E+01   2.86253E-06 0.0030
    1.0150E+02   4.15247E-07 0.0030
    1.0444E+02   2.42952E-06 0.0030
    1.0746E+02   4.21140E-07 0.0030
    1.1057E+02   2.02934E-06 0.0030
    1.1377E+02   4.27890E-07 0.0030
    1.1706E+02   2.94349E-07 0.0030
    1.2044E+02   1.81559E-06 0.0029
    1.2393E+02   2.58037E-07 0.0030
    1.2751E+02   1.54589E-06 0.0029
    1.3120E+02   2.60540E-07 0.0030
    1.3500E+02   1.28782E-06 0.0029
    1.3890E+02   2.67740E-07 0.0030
    1.4292E+02   1.83928E-07 0.0030
    1.4706E+02   1.14752E-06 0.0029
    1.5131E+02   1.64786E-07 0.0030
    1.5569E+02   9.70066E-07 0.0029
    1.6019E+02   1.70792E-07 0.0030
    1.6483E+02   8.06640E-07 0.0029
    1.6959E+02   1.73208E-07 0.0030
    1.7450E+02   1.14518E-07 0.0030
    1.7955E+02   7.21522E-07 0.0029
    1.8474E+02   1.10547E-07 0.0030
    1.9009E+02   6.01909E-07 0.0029
    1.9559E+02   1.16878E-07 0.0030
    2.0124E+02   8.57569E-08 0.0030
    2.0707E+02   5.28731E-07 0.0029
    2.1306E+02   7.49572E-08 0.0030
    2.1922E+02   4.47946E-07 0.0029
    2.2556E+02   7.81378E-08 0.0030
    2.3209E+02   6.75175E-08 0.0030
    2.3880E+02   3.84097E-07 0.0029
    2.4571E+02   5.33766E-08 0.0030
    2.5282E+02   3.32244E-07 0.0029
    2.6013E+02   5.25074E-08 0.0030
    2.6766E+02   2.78473E-07 0.0029
    2.7540E+02   5.51375E-08 0.0029
    2.8337E+02   4.20819E-08 0.0030
    2.9157E+02   2.45313E-07 0.0029
    3.0000E+02   3.57962E-08 0.0030
      total      3.12407E-03 0.0013


 ===================================================================================================================================

           results of 10 statistical checks for the estimated answer for the tally fluctuation chart (tfc) bin of tally     8004

 tfc bin     --mean--      ---------relative error---------      ----variance of the variance----      --figure of merit--     -pdf-
 behavior    behavior      value   decrease   decrease rate      value   decrease   decrease rate       value     behavior     slope

 desired      random       <0.10      yes      1/sqrt(nps)       <0.10      yes        1/nps           constant    random      >3.00
 observed     random        0.00      yes          yes            0.00      yes         yes                                     3.95
 passed?        yes          yes      yes          yes             yes      yes         yes                                      yes

 ===================================================================================================================================


 this tally meets the statistical criteria used to form confidence intervals: check the tally fluctuation chart to verify.
 the results in other bins associated with this tally may not meet these statistical criteria.

 ----- estimated confidence intervals:  -----

 estimated asymmetric confidence interval(1,2,3 sigma): 2.9432E-03 to 2.9512E-03; 2.9392E-03 to 2.9551E-03; 2.9353E-03 to 2.9591E-03
 estimated  symmetric confidence interval(1,2,3 sigma): 2.9432E-03 to 2.9512E-03; 2.9392E-03 to 2.9551E-03; 2.9353E-03 to 2.9591E-03

1analysis of the results in the tally fluctuation chart bin (tfc) for tally 8004 with nps = 5000000          print table 160


 normed average tally per history  = 2.94718E-03          unnormed average tally per history  = 7.36795E-03
 estimated tally relative error    = 0.0013               estimated variance of the variance  = 0.0000
 relative error from zero tallies  = 0.0008               relative error from nonzero scores  = 0.0010

 number of nonzero history tallies =     1084522          efficiency for the nonzero tallies  = 0.2169
 history number of largest  tally  =     1530425          largest  unnormalized history tally = 1.16984E-01
 (largest  tally)/(average tally)  = 1.58773E+01          (largest  tally)/(avg nonzero tally)= 3.44387E+00

 (confidence interval shift)/mean  = 0.0000               shifted confidence interval center  = 2.94718E-03


 if the largest  history score sampled so far were to occur on the next history, the tfc bin quantities would change as follows:

      estimated quantities           value at nps           value at nps+1           value(nps+1)/value(nps)-1.

      mean                            2.94718E-03             2.94719E-03                     0.000003
      relative error                  1.34939E-03             1.34939E-03                    -0.000001
      variance of the variance        1.89352E-06             1.89352E-06                     0.000000
      shifted center                  2.94718E-03             2.94718E-03                     0.000000
      figure of merit                 0.00000E+00             0.00000E+00                     0.000000

 the estimated inverse power slope of the 197 largest  tallies starting at 9.84527E-02 is 3.9506
 the empirical history score probability density function appears to be increasing at the largest  history scores:
 please examine. see print table 161.
 the large score tail of the empirical history score probability density function appears to have no unsampled regions.

 fom = (histories/minute)*(f(x) signal-to-noise ratio)**2 = (0.000E+00)*( 3.314E-01)**2 = (0.000E+00)*(1.098E-01) = 0.000E+00


# ===================================================
# tally 9104
# ===================================================
1tally     9104        nps =     5000000
           tally type 4    track length estimate of particle flux.      units   1/cm**2        
           particle(s): neutrons  photons   electrons protons   deuterons tritons   helions   alphas   

 number of histories used for normalizing tallies =      5000000.00
           this tally is modified by   ft  let

           volumes 
                   cell:      500          501          502          503          504         total                
                         2.50000E+00  2.50000E+00  2.50000E+00  2.50000E+00  2.50000E+00  1.25000E+01
 
 cell  500                                                                                                                             
    s(e) (MeV/cm)
    1.0000E+00   4.27267E-04 0.0010
    1.0289E+00   0.00000E+00 0.0000
    1.0587E+00   0.00000E+00 0.0000
    1.0893E+00   0.00000E+00 0.0000
    1.1208E+00   0.00000E+00 0.0000
    1.1533E+00   0.00000E+00 0.0000
    1.1866E+00   0.00000E+00 0.0000
    1.2210E+00   0.00000E+00 0.0000
    1.2563E+00   0.00000E+00 0.0000
    1.2926E+00   0.00000E+00 0.0000
    1.3300E+00   0.00000E+00 0.0000
    1.3685E+00   0.00000E+00 0.0000
    1.4081E+00   0.00000E+00 0.0000
    1.4488E+00   0.00000E+00 0.0000
    1.4907E+00   0.00000E+00 0.0000
    1.5339E+00   0.00000E+00 0.0000
    1.5782E+00   0.00000E+00 0.0000
    1.6239E+00   0.00000E+00 0.0000
    1.6709E+00   0.00000E+00 0.0000
    1.7192E+00   0.00000E+00 0.0000
    1.7689E+00   0.00000E+00 0.0000
    1.8201E+00   0.00000E+00 0.0000
    1.8728E+00   0.00000E+00 0.0000
    1.9269E+00   0.00000E+00 0.0000
    1.9827E+00   0.00000E+00 0.0000
    2.0400E+00   0.00000E+00 0.0000
    2.0991E+00   0.00000E+00 0.0000
    2.1598E+00   1.30770E-06 0.0135
    2.2223E+00   5.10600E-07 0.0170
    2.2866E+00   2.40780E-07 0.0224
    2.3527E+00   8.66235E-08 0.0331
    2.4208E+00   9.31546E-08 0.0197
    2.4908E+00   4.04595E-08 0.0204
    2.5629E+00   3.68936E-08 0.0206
    2.6370E+00   3.35958E-08 0.0193
    2.7133E+00   3.12719E-08 0.0198
    2.7918E+00   2.89200E-08 0.0190
    2.8725E+00   2.69101E-08 0.0197
    2.9557E+00   2.44797E-08 0.0181
    3.0412E+00   0.00000E+00 0.0000
    3.1291E+00   2.25360E-08 0.0175
    3.2197E+00   2.06663E-08 0.0172
    3.3128E+00   9.23753E-11 1.0000
    3.4086E+00   1.89050E-08 0.0169
    3.5072E+00   1.72231E-08 0.0167
    3.6087E+00   0.00000E+00 0.0000
    3.7131E+00   1.59866E-08 0.0164
    3.8205E+00   1.47436E-08 0.0162
    3.9311E+00   0.00000E+00 0.0000
    4.0448E+00   1.34007E-08 0.0187
    4.1618E+00   0.00000E+00 0.0000
    4.2822E+00   1.22935E-08 0.0157
    4.4061E+00   0.00000E+00 0.0000
    4.5335E+00   1.12186E-08 0.0154
    4.6647E+00   0.00000E+00 0.0000
    4.7996E+00   1.03155E-08 0.0151
    4.9385E+00   9.41612E-09 0.0149
    5.0814E+00   0.00000E+00 0.0000
    5.2284E+00   8.53574E-09 0.0146
    5.3796E+00   0.00000E+00 0.0000
    5.5352E+00   7.88977E-09 0.0144
    5.6954E+00   0.00000E+00 0.0000
    5.8601E+00   0.00000E+00 0.0000
    6.0297E+00   7.22468E-09 0.0142
    6.2041E+00   0.00000E+00 0.0000
    6.3836E+00   6.64796E-09 0.0140
    6.5683E+00   0.00000E+00 0.0000
    6.7583E+00   6.11144E-09 0.0138
    6.9538E+00   0.00000E+00 0.0000
    7.1550E+00   5.62072E-09 0.0135
    7.3619E+00   0.00000E+00 0.0000
    7.5749E+00   5.24772E-09 0.0216
    7.7941E+00   2.55165E-10 0.5960
    8.0195E+00   4.73853E-09 0.0131
    8.2515E+00   3.71303E-10 0.5002
    8.4902E+00   4.30714E-09 0.0130
    8.7359E+00   8.52556E-10 0.3340
    8.9886E+00   0.00000E+00 0.0000
    9.2486E+00   5.64716E-08 0.0647
    9.5162E+00   7.19861E-08 0.0486
    9.7915E+00   1.73752E-07 0.0325
    1.0075E+01   1.90051E-04 0.0050
    1.0366E+01   2.05182E-05 0.0054
    1.0666E+01   2.62961E-04 0.0041
    1.0975E+01   1.76308E-05 0.0054
    1.1292E+01   2.58184E-04 0.0041
    1.1619E+01   2.12545E-05 0.0050
    1.1955E+01   2.11539E-05 0.0049
    1.2301E+01   2.51638E-04 0.0040
    1.2657E+01   2.49456E-05 0.0048
    1.3023E+01   2.00551E-04 0.0039
    1.3400E+01   3.09636E-05 0.0046
    1.3787E+01   3.06502E-05 0.0046
    1.4186E+01   1.65198E-04 0.0039
    1.4596E+01   2.80023E-05 0.0047
    1.5019E+01   1.66112E-04 0.0041
    1.5453E+01   2.36492E-05 0.0047
    1.5900E+01   1.26828E-04 0.0040
    1.6360E+01   2.03380E-05 0.0046
    1.6834E+01   2.20547E-05 0.0045
    1.7321E+01   1.32703E-04 0.0041
    1.7822E+01   1.69254E-05 0.0045
    1.8337E+01   9.90738E-05 0.0040
    1.8868E+01   1.47322E-05 0.0044
    1.9413E+01   1.55975E-05 0.0044
    1.9975E+01   9.51273E-05 0.0041
    2.0553E+01   1.68096E-05 0.0044
    2.1148E+01   8.35789E-05 0.0041
    2.1759E+01   1.18124E-05 0.0044
    2.2389E+01   1.18073E-05 0.0044
    2.3037E+01   6.16861E-05 0.0040
    2.3703E+01   9.59578E-06 0.0043
    2.4389E+01   5.34432E-05 0.0040
    2.5094E+01   9.17233E-06 0.0044
    2.5820E+01   9.30985E-06 0.0044
    2.6567E+01   5.04621E-05 0.0041
    2.7336E+01   8.13105E-06 0.0043
    2.8127E+01   4.62401E-05 0.0041
    2.8940E+01   7.37248E-06 0.0043
    2.9777E+01   3.90036E-05 0.0041
    3.0639E+01   6.44305E-06 0.0043
    3.1525E+01   5.77172E-06 0.0043
    3.2437E+01   3.15986E-05 0.0041
    3.3376E+01   4.64073E-06 0.0043
    3.4341E+01   2.54677E-05 0.0041
    3.5335E+01   4.45269E-06 0.0043
    3.6357E+01   3.70448E-06 0.0043
    3.7409E+01   2.11404E-05 0.0040
    3.8491E+01   3.19913E-06 0.0043
    3.9604E+01   1.76895E-05 0.0040
    4.0750E+01   3.21385E-06 0.0042
    4.1929E+01   2.63823E-06 0.0043
    4.3142E+01   1.55208E-05 0.0040
    4.4390E+01   2.31607E-06 0.0043
    4.5674E+01   1.33749E-05 0.0040
    4.6996E+01   2.40745E-06 0.0042
    4.8355E+01   1.95455E-06 0.0043
    4.9754E+01   1.19220E-05 0.0040
    5.1193E+01   1.72089E-06 0.0043
    5.2674E+01   1.03182E-05 0.0040
    5.4198E+01   1.82115E-06 0.0042
    5.5766E+01   1.52293E-06 0.0043
    5.7379E+01   9.13256E-06 0.0040
    5.9039E+01   1.27478E-06 0.0042
    6.0747E+01   7.94083E-06 0.0040
    6.2505E+01   1.32646E-06 0.0042
    6.4313E+01   6.67202E-06 0.0040
    6.6174E+01   1.43175E-06 0.0041
    6.8088E+01   9.44781E-07 0.0042
    7.0058E+01   6.06290E-06 0.0039
    7.2084E+01   9.35275E-07 0.0041
    7.4170E+01   5.09760E-06 0.0039
    7.6315E+01   1.01971E-06 0.0041
    7.8523E+01   7.16309E-07 0.0042
    8.0795E+01   4.57027E-06 0.0039
    8.3132E+01   6.46074E-07 0.0041
    8.5537E+01   3.89745E-06 0.0039
    8.8012E+01   6.90291E-07 0.0041
    9.0558E+01   3.26572E-06 0.0039
    9.3178E+01   7.25005E-07 0.0040
    9.5873E+01   4.74761E-07 0.0041
    9.8647E+01   2.97701E-06 0.0039
    1.0150E+02   4.34118E-07 0.0041
    1.0444E+02   2.53523E-06 0.0039
    1.0746E+02   4.40119E-07 0.0040
    1.1057E+02   2.12454E-06 0.0039
    1.1377E+02   4.48421E-07 0.0040
    1.1706E+02   3.09143E-07 0.0041
    1.2044E+02   1.90510E-06 0.0039
    1.2393E+02   2.71989E-07 0.0041
    1.2751E+02   1.62456E-06 0.0038
    1.3120E+02   2.74051E-07 0.0040
    1.3500E+02   1.35669E-06 0.0038
    1.3890E+02   2.82417E-07 0.0040
    1.4292E+02   1.94730E-07 0.0041
    1.4706E+02   1.20984E-06 0.0038
    1.5131E+02   1.74773E-07 0.0041
    1.5569E+02   1.02392E-06 0.0038
    1.6019E+02   1.80529E-07 0.0040
    1.6483E+02   8.52795E-07 0.0038
    1.6959E+02   1.83625E-07 0.0040
    1.7450E+02   1.21645E-07 0.0041
    1.7955E+02   7.63430E-07 0.0038
    1.8474E+02   1.17716E-07 0.0040
    1.9009E+02   6.37334E-07 0.0038
    1.9559E+02   1.24341E-07 0.0040
    2.0124E+02   9.15305E-08 0.0041
    2.0707E+02   5.60334E-07 0.0038
    2.1306E+02   8.05828E-08 0.0041
    2.1922E+02   4.75003E-07 0.0038
    2.2556E+02   8.37013E-08 0.0040
    2.3209E+02   7.68617E-08 0.0039
    2.3880E+02   4.03806E-07 0.0038
    2.4571E+02   5.73092E-08 0.0041
    2.5282E+02   3.53107E-07 0.0038
    2.6013E+02   5.71781E-08 0.0042
    2.6766E+02   2.95813E-07 0.0038
    2.7540E+02   6.01349E-08 0.0041
    2.8337E+02   4.52285E-08 0.0040
    2.9157E+02   2.61263E-07 0.0038
    3.0000E+02   3.96462E-08 0.0044
      total      3.37870E-03 0.0012
 
 cell  501                                                                                                                             
    s(e) (MeV/cm)
    1.0000E+00   4.32472E-04 0.0010
    1.0289E+00   0.00000E+00 0.0000
    1.0587E+00   0.00000E+00 0.0000
    1.0893E+00   0.00000E+00 0.0000
    1.1208E+00   0.00000E+00 0.0000
    1.1533E+00   0.00000E+00 0.0000
    1.1866E+00   0.00000E+00 0.0000
    1.2210E+00   0.00000E+00 0.0000
    1.2563E+00   0.00000E+00 0.0000
    1.2926E+00   0.00000E+00 0.0000
    1.3300E+00   0.00000E+00 0.0000
    1.3685E+00   0.00000E+00 0.0000
    1.4081E+00   0.00000E+00 0.0000
    1.4488E+00   0.00000E+00 0.0000
    1.4907E+00   0.00000E+00 0.0000
    1.5339E+00   0.00000E+00 0.0000
    1.5782E+00   0.00000E+00 0.0000
    1.6239E+00   0.00000E+00 0.0000
    1.6709E+00   0.00000E+00 0.0000
    1.7192E+00   0.00000E+00 0.0000
    1.7689E+00   0.00000E+00 0.0000
    1.8201E+00   0.00000E+00 0.0000
    1.8728E+00   0.00000E+00 0.0000
    1.9269E+00   0.00000E+00 0.0000
    1.9827E+00   0.00000E+00 0.0000
    2.0400E+00   0.00000E+00 0.0000
    2.0991E+00   0.00000E+00 0.0000
    2.1598E+00   1.30506E-06 0.0134
    2.2223E+00   5.16679E-07 0.0171
    2.2866E+00   2.27673E-07 0.0226
    2.3527E+00   8.01875E-08 0.0330
    2.4208E+00   9.10629E-08 0.0237
    2.4908E+00   4.03691E-08 0.0226
    2.5629E+00   3.67280E-08 0.0200
    2.6370E+00   3.39390E-08 0.0199
    2.7133E+00   3.12499E-08 0.0194
    2.7918E+00   2.88950E-08 0.0198
    2.8725E+00   2.70745E-08 0.0197
    2.9557E+00   2.48444E-08 0.0180
    3.0412E+00   0.00000E+00 0.0000
    3.1291E+00   2.25594E-08 0.0175
    3.2197E+00   2.04256E-08 0.0173
    3.3128E+00   9.15069E-11 1.0000
    3.4086E+00   1.87809E-08 0.0170
    3.5072E+00   1.73352E-08 0.0167
    3.6087E+00   0.00000E+00 0.0000
    3.7131E+00   1.58567E-08 0.0165
    3.8205E+00   1.44982E-08 0.0163
    3.9311E+00   1.34036E-10 1.0000
    4.0448E+00   1.32234E-08 0.0160
    4.1618E+00   0.00000E+00 0.0000
    4.2822E+00   1.19502E-08 0.0158
    4.4061E+00   0.00000E+00 0.0000
    4.5335E+00   1.10186E-08 0.0155
    4.6647E+00   0.00000E+00 0.0000
    4.7996E+00   1.02708E-08 0.0151
    4.9385E+00   9.41249E-09 0.0149
    5.0814E+00   0.00000E+00 0.0000
    5.2284E+00   8.66930E-09 0.0146
    5.3796E+00   0.00000E+00 0.0000
    5.5352E+00   7.99562E-09 0.0144
    5.6954E+00   0.00000E+00 0.0000
    5.8601E+00   0.00000E+00 0.0000
    6.0297E+00   7.27010E-09 0.0141
    6.2041E+00   0.00000E+00 0.0000
    6.3836E+00   6.63025E-09 0.0140
    6.5683E+00   0.00000E+00 0.0000
    6.7583E+00   6.08700E-09 0.0138
    6.9538E+00   0.00000E+00 0.0000
    7.1550E+00   5.60982E-09 0.0152
    7.3619E+00   0.00000E+00 0.0000
    7.5749E+00   5.15569E-09 0.0134
    7.7941E+00   1.48612E-10 0.7217
    8.0195E+00   4.83398E-09 0.0238
    8.2515E+00   2.74080E-10 0.5774
    8.4902E+00   4.33211E-09 0.0130
    8.7359E+00   7.65928E-10 0.3541
    8.9886E+00   9.33501E-11 1.0000
    9.2486E+00   3.82260E-07 0.0322
    9.5162E+00   4.24684E-07 0.0233
    9.7915E+00   8.63938E-07 0.0179
    1.0075E+01   2.34201E-04 0.0048
    1.0366E+01   1.69712E-05 0.0054
    1.0666E+01   2.63330E-04 0.0042
    1.0975E+01   1.81716E-05 0.0053
    1.1292E+01   2.67534E-04 0.0041
    1.1619E+01   2.10871E-05 0.0049
    1.1955E+01   2.35656E-05 0.0049
    1.2301E+01   2.56593E-04 0.0040
    1.2657E+01   2.20932E-05 0.0048
    1.3023E+01   2.20619E-04 0.0040
    1.3400E+01   2.75356E-05 0.0047
    1.3787E+01   2.62664E-05 0.0047
    1.4186E+01   1.70801E-04 0.0040
    1.4596E+01   3.17877E-05 0.0046
    1.5019E+01   1.55814E-04 0.0041
    1.5453E+01   2.21097E-05 0.0047
    1.5900E+01   1.42642E-04 0.0041
    1.6360E+01   2.24300E-05 0.0045
    1.6834E+01   2.28926E-05 0.0045
    1.7321E+01   1.22759E-04 0.0040
    1.7822E+01   1.57140E-05 0.0045
    1.8337E+01   1.05038E-04 0.0040
    1.8868E+01   1.68732E-05 0.0044
    1.9413E+01   1.76353E-05 0.0043
    1.9975E+01   9.88971E-05 0.0041
    2.0553E+01   1.57214E-05 0.0044
    2.1148E+01   7.48727E-05 0.0041
    2.1759E+01   1.07697E-05 0.0044
    2.2389E+01   1.10707E-05 0.0044
    2.3037E+01   6.26287E-05 0.0040
    2.3703E+01   1.06165E-05 0.0043
    2.4389E+01   6.04221E-05 0.0041
    2.5094E+01   1.02485E-05 0.0043
    2.5820E+01   1.02619E-05 0.0043
    2.6567E+01   5.31632E-05 0.0041
    2.7336E+01   8.05202E-06 0.0043
    2.8127E+01   4.40779E-05 0.0041
    2.8940E+01   6.75194E-06 0.0044
    2.9777E+01   3.50740E-05 0.0041
    3.0639E+01   5.77445E-06 0.0043
    3.1525E+01   5.17021E-06 0.0043
    3.2437E+01   2.86534E-05 0.0041
    3.3376E+01   4.32109E-06 0.0043
    3.4341E+01   2.43278E-05 0.0040
    3.5335E+01   4.40633E-06 0.0043
    3.6357E+01   3.70737E-06 0.0044
    3.7409E+01   2.17214E-05 0.0040
    3.8491E+01   3.41477E-06 0.0043
    3.9604E+01   1.91142E-05 0.0040
    4.0750E+01   3.55440E-06 0.0042
    4.1929E+01   2.92298E-06 0.0043
    4.3142E+01   1.73149E-05 0.0040
    4.4390E+01   2.61535E-06 0.0043
    4.5674E+01   1.51000E-05 0.0040
    4.6996E+01   2.71925E-06 0.0042
    4.8355E+01   2.21878E-06 0.0042
    4.9754E+01   1.34572E-05 0.0040
    5.1193E+01   1.94394E-06 0.0042
    5.2674E+01   1.15776E-05 0.0040
    5.4198E+01   2.03011E-06 0.0041
    5.5766E+01   1.69739E-06 0.0042
    5.7379E+01   1.01161E-05 0.0040
    5.9039E+01   1.40206E-06 0.0042
    6.0747E+01   8.71099E-06 0.0040
    6.2505E+01   1.44243E-06 0.0041
    6.4313E+01   7.23026E-06 0.0039
    6.6174E+01   1.54486E-06 0.0041
    6.8088E+01   1.01274E-06 0.0042
    7.0058E+01   6.49692E-06 0.0039
    7.2084E+01   9.96255E-07 0.0041
    7.4170E+01   5.40306E-06 0.0039
    7.6315E+01   1.07658E-06 0.0041
    7.8523E+01   7.52908E-07 0.0042
    8.0795E+01   4.80182E-06 0.0039
    8.3132E+01   6.75486E-07 0.0041
    8.5537E+01   4.06056E-06 0.0039
    8.8012E+01   7.16513E-07 0.0041
    9.0558E+01   3.37786E-06 0.0039
    9.3178E+01   7.46082E-07 0.0040
    9.5873E+01   4.88488E-07 0.0041
    9.8647E+01   3.06036E-06 0.0039
    1.0150E+02   4.42923E-07 0.0041
    1.0444E+02   2.59237E-06 0.0039
    1.0746E+02   4.49120E-07 0.0040
    1.1057E+02   2.16117E-06 0.0039
    1.1377E+02   4.56871E-07 0.0040
    1.1706E+02   3.13266E-07 0.0041
    1.2044E+02   1.93151E-06 0.0039
    1.2393E+02   2.75311E-07 0.0041
    1.2751E+02   1.64206E-06 0.0039
    1.3120E+02   2.77334E-07 0.0040
    1.3500E+02   1.36699E-06 0.0038
    1.3890E+02   2.84523E-07 0.0040
    1.4292E+02   1.96308E-07 0.0041
    1.4706E+02   1.21641E-06 0.0038
    1.5131E+02   1.75629E-07 0.0041
    1.5569E+02   1.02771E-06 0.0038
    1.6019E+02   1.80908E-07 0.0040
    1.6483E+02   8.54518E-07 0.0038
    1.6959E+02   1.83747E-07 0.0040
    1.7450E+02   1.22017E-07 0.0041
    1.7955E+02   7.63584E-07 0.0038
    1.8474E+02   1.18082E-07 0.0040
    1.9009E+02   6.36479E-07 0.0038
    1.9559E+02   1.24088E-07 0.0040
    2.0124E+02   9.14691E-08 0.0041
    2.0707E+02   5.59378E-07 0.0038
    2.1306E+02   8.02174E-08 0.0041
    2.1922E+02   4.73968E-07 0.0038
    2.2556E+02   8.32390E-08 0.0041
    2.3209E+02   7.69133E-08 0.0039
    2.3880E+02   4.02200E-07 0.0039
    2.4571E+02   5.70996E-08 0.0041
    2.5282E+02   3.51811E-07 0.0038
    2.6013E+02   5.69151E-08 0.0042
    2.6766E+02   2.94458E-07 0.0038
    2.7540E+02   5.98929E-08 0.0042
    2.8337E+02   4.51343E-08 0.0040
    2.9157E+02   2.60033E-07 0.0038
    3.0000E+02   3.95308E-08 0.0044
      total      3.47650E-03 0.0012
 
 cell  502                                                                                                                             
    s(e) (MeV/cm)
    1.0000E+00   4.37180E-04 0.0010
    1.0289E+00   0.00000E+00 0.0000
    1.0587E+00   0.00000E+00 0.0000
    1.0893E+00   0.00000E+00 0.0000
    1.1208E+00   0.00000E+00 0.0000
    1.1533E+00   0.00000E+00 0.0000
    1.1866E+00   0.00000E+00 0.0000
    1.2210E+00   0.00000E+00 0.0000
    1.2563E+00   0.00000E+00 0.0000
    1.2926E+00   0.00000E+00 0.0000
    1.3300E+00   0.00000E+00 0.0000
    1.3685E+00   0.00000E+00 0.0000
    1.4081E+00   0.00000E+00 0.0000
    1.4488E+00   0.00000E+00 0.0000
    1.4907E+00   0.00000E+00 0.0000
    1.5339E+00   0.00000E+00 0.0000
    1.5782E+00   0.00000E+00 0.0000
    1.6239E+00   0.00000E+00 0.0000
    1.6709E+00   0.00000E+00 0.0000
    1.7192E+00   0.00000E+00 0.0000
    1.7689E+00   0.00000E+00 0.0000
    1.8201E+00   0.00000E+00 0.0000
    1.8728E+00   0.00000E+00 0.0000
    1.9269E+00   0.00000E+00 0.0000
    1.9827E+00   0.00000E+00 0.0000
    2.0400E+00   0.00000E+00 0.0000
    2.0991E+00   0.00000E+00 0.0000
    2.1598E+00   1.31394E-06 0.0133
    2.2223E+00   5.03556E-07 0.0168
    2.2866E+00   2.36046E-07 0.0223
    2.3527E+00   8.35028E-08 0.0313
    2.4208E+00   9.56717E-08 0.0214
    2.4908E+00   4.15467E-08 0.0248
    2.5629E+00   3.73369E-08 0.0198
    2.6370E+00   3.48115E-08 0.0203
    2.7133E+00   3.16297E-08 0.0196
    2.7918E+00   2.91949E-08 0.0196
    2.8725E+00   2.65418E-08 0.0186
    2.9557E+00   2.44016E-08 0.0180
    3.0412E+00   0.00000E+00 0.0000
    3.1291E+00   2.23520E-08 0.0174
    3.2197E+00   2.06288E-08 0.0172
    3.3128E+00   9.13204E-11 1.0000
    3.4086E+00   1.89379E-08 0.0169
    3.5072E+00   1.73462E-08 0.0166
    3.6087E+00   0.00000E+00 0.0000
    3.7131E+00   1.62733E-08 0.0162
    3.8205E+00   1.46992E-08 0.0160
    3.9311E+00   1.39075E-10 1.0000
    4.0448E+00   1.34786E-08 0.0157
    4.1618E+00   0.00000E+00 0.0000
    4.2822E+00   1.21286E-08 0.0156
    4.4061E+00   0.00000E+00 0.0000
    4.5335E+00   1.11225E-08 0.0153
    4.6647E+00   0.00000E+00 0.0000
    4.7996E+00   1.02383E-08 0.0150
    4.9385E+00   9.32942E-09 0.0148
    5.0814E+00   0.00000E+00 0.0000
    5.2284E+00   8.49419E-09 0.0147
    5.3796E+00   0.00000E+00 0.0000
    5.5352E+00   7.74965E-09 0.0144
    5.6954E+00   0.00000E+00 0.0000
    5.8601E+00   0.00000E+00 0.0000
    6.0297E+00   7.09826E-09 0.0142
    6.2041E+00   0.00000E+00 0.0000
    6.3836E+00   6.61707E-09 0.0139
    6.5683E+00   0.00000E+00 0.0000
    6.7583E+00   6.06149E-09 0.0137
    6.9538E+00   0.00000E+00 0.0000
    7.1550E+00   5.57542E-09 0.0136
    7.3619E+00   0.00000E+00 0.0000
    7.5749E+00   5.08448E-09 0.0133
    7.7941E+00   1.85765E-10 0.7076
    8.0195E+00   4.68487E-09 0.0131
    8.2515E+00   5.37099E-10 0.4115
    8.4902E+00   4.29851E-09 0.0129
    8.7359E+00   6.38170E-10 0.3798
    8.9886E+00   2.83082E-10 0.5779
    9.2486E+00   2.04485E-06 0.0185
    9.5162E+00   1.81014E-06 0.0136
    9.7915E+00   3.16204E-06 0.0112
    1.0075E+01   2.68752E-04 0.0045
    1.0366E+01   1.79802E-05 0.0055
    1.0666E+01   2.69976E-04 0.0041
    1.0975E+01   2.34754E-05 0.0052
    1.1292E+01   2.70767E-04 0.0039
    1.1619E+01   2.62972E-05 0.0048
    1.1955E+01   2.95687E-05 0.0048
    1.2301E+01   2.46365E-04 0.0039
    1.2657E+01   2.56640E-05 0.0048
    1.3023E+01   2.27156E-04 0.0041
    1.3400E+01   2.38318E-05 0.0047
    1.3787E+01   2.43939E-05 0.0047
    1.4186E+01   1.89490E-04 0.0041
    1.4596E+01   3.02361E-05 0.0046
    1.5019E+01   1.45005E-04 0.0040
    1.5453E+01   2.53038E-05 0.0046
    1.5900E+01   1.56984E-04 0.0041
    1.6360E+01   2.06616E-05 0.0045
    1.6834E+01   2.04028E-05 0.0045
    1.7321E+01   1.15763E-04 0.0039
    1.7822E+01   1.74070E-05 0.0045
    1.8337E+01   1.17497E-04 0.0041
    1.8868E+01   1.72549E-05 0.0044
    1.9413E+01   1.74607E-05 0.0044
    1.9975E+01   9.05897E-05 0.0041
    2.0553E+01   1.40107E-05 0.0044
    2.1148E+01   7.25397E-05 0.0040
    2.1759E+01   1.16739E-05 0.0044
    2.2389E+01   1.22759E-05 0.0044
    2.3037E+01   7.06923E-05 0.0041
    2.3703E+01   1.17260E-05 0.0043
    2.4389E+01   6.31283E-05 0.0041
    2.5094E+01   9.97311E-06 0.0044
    2.5820E+01   9.80390E-06 0.0044
    2.6567E+01   4.88732E-05 0.0041
    2.7336E+01   7.19639E-06 0.0044
    2.8127E+01   3.95669E-05 0.0041
    2.8940E+01   6.16153E-06 0.0044
    2.9777E+01   3.33835E-05 0.0041
    3.0639E+01   5.75432E-06 0.0043
    3.1525E+01   5.25146E-06 0.0043
    3.2437E+01   3.01066E-05 0.0041
    3.3376E+01   4.72881E-06 0.0043
    3.4341E+01   2.70650E-05 0.0041
    3.5335E+01   4.96031E-06 0.0043
    3.6357E+01   4.21363E-06 0.0043
    3.7409E+01   2.45998E-05 0.0040
    3.8491E+01   3.84280E-06 0.0043
    3.9604E+01   2.14136E-05 0.0040
    4.0750E+01   3.92632E-06 0.0042
    4.1929E+01   3.22638E-06 0.0043
    4.3142E+01   1.88412E-05 0.0040
    4.4390E+01   2.80082E-06 0.0042
    4.5674E+01   1.59995E-05 0.0040
    4.6996E+01   2.83621E-06 0.0042
    4.8355E+01   2.29098E-06 0.0042
    4.9754E+01   1.38137E-05 0.0040
    5.1193E+01   1.95804E-06 0.0042
    5.2674E+01   1.15946E-05 0.0040
    5.4198E+01   2.01674E-06 0.0042
    5.5766E+01   1.66752E-06 0.0042
    5.7379E+01   9.91540E-06 0.0040
    5.9039E+01   1.35383E-06 0.0042
    6.0747E+01   8.39933E-06 0.0040
    6.2505E+01   1.38398E-06 0.0042
    6.4313E+01   6.88833E-06 0.0040
    6.6174E+01   1.46897E-06 0.0041
    6.8088E+01   9.59160E-07 0.0042
    7.0058E+01   6.12336E-06 0.0039
    7.2084E+01   9.37038E-07 0.0041
    7.4170E+01   5.05521E-06 0.0039
    7.6315E+01   1.00362E-06 0.0041
    7.8523E+01   7.03183E-07 0.0042
    8.0795E+01   4.45995E-06 0.0039
    8.3132E+01   6.25196E-07 0.0042
    8.5537E+01   3.75705E-06 0.0039
    8.8012E+01   6.62769E-07 0.0041
    9.0558E+01   3.11486E-06 0.0039
    9.3178E+01   6.90277E-07 0.0040
    9.5873E+01   4.49396E-07 0.0041
    9.8647E+01   2.81799E-06 0.0039
    1.0150E+02   4.08204E-07 0.0041
    1.0444E+02   2.38321E-06 0.0039
    1.0746E+02   4.12652E-07 0.0040
    1.1057E+02   1.98687E-06 0.0039
    1.1377E+02   4.18326E-07 0.0040
    1.1706E+02   2.89169E-07 0.0041
    1.2044E+02   1.77192E-06 0.0038
    1.2393E+02   2.52871E-07 0.0041
    1.2751E+02   1.50615E-06 0.0038
    1.3120E+02   2.53976E-07 0.0040
    1.3500E+02   1.25379E-06 0.0038
    1.3890E+02   2.60781E-07 0.0040
    1.4292E+02   1.79596E-07 0.0041
    1.4706E+02   1.11552E-06 0.0038
    1.5131E+02   1.60901E-07 0.0041
    1.5569E+02   9.41847E-07 0.0038
    1.6019E+02   1.65761E-07 0.0040
    1.6483E+02   7.83044E-07 0.0038
    1.6959E+02   1.68768E-07 0.0040
    1.7450E+02   1.11778E-07 0.0041
    1.7955E+02   6.99728E-07 0.0038
    1.8474E+02   1.08177E-07 0.0041
    1.9009E+02   5.83418E-07 0.0038
    1.9559E+02   1.14051E-07 0.0040
    2.0124E+02   8.36693E-08 0.0041
    2.0707E+02   5.12738E-07 0.0038
    2.1306E+02   7.38815E-08 0.0042
    2.1922E+02   4.34416E-07 0.0038
    2.2556E+02   7.64762E-08 0.0041
    2.3209E+02   7.11642E-08 0.0039
    2.3880E+02   3.68256E-07 0.0038
    2.4571E+02   5.23797E-08 0.0041
    2.5282E+02   3.22292E-07 0.0038
    2.6013E+02   5.25035E-08 0.0043
    2.6766E+02   2.69767E-07 0.0038
    2.7540E+02   5.49615E-08 0.0042
    2.8337E+02   4.16343E-08 0.0041
    2.9157E+02   2.38310E-07 0.0038
    3.0000E+02   3.64926E-08 0.0046
      total      3.56886E-03 0.0012
 
 cell  503                                                                                                                             
    s(e) (MeV/cm)
    1.0000E+00   4.41991E-04 0.0010
    1.0289E+00   0.00000E+00 0.0000
    1.0587E+00   0.00000E+00 0.0000
    1.0893E+00   0.00000E+00 0.0000
    1.1208E+00   0.00000E+00 0.0000
    1.1533E+00   0.00000E+00 0.0000
    1.1866E+00   0.00000E+00 0.0000
    1.2210E+00   0.00000E+00 0.0000
    1.2563E+00   0.00000E+00 0.0000
    1.2926E+00   0.00000E+00 0.0000
    1.3300E+00   0.00000E+00 0.0000
    1.3685E+00   0.00000E+00 0.0000
    1.4081E+00   0.00000E+00 0.0000
    1.4488E+00   0.00000E+00 0.0000
    1.4907E+00   0.00000E+00 0.0000
    1.5339E+00   0.00000E+00 0.0000
    1.5782E+00   0.00000E+00 0.0000
    1.6239E+00   0.00000E+00 0.0000
    1.6709E+00   0.00000E+00 0.0000
    1.7192E+00   0.00000E+00 0.0000
    1.7689E+00   0.00000E+00 0.0000
    1.8201E+00   0.00000E+00 0.0000
    1.8728E+00   0.00000E+00 0.0000
    1.9269E+00   0.00000E+00 0.0000
    1.9827E+00   0.00000E+00 0.0000
    2.0400E+00   0.00000E+00 0.0000
    2.0991E+00   0.00000E+00 0.0000
    2.1598E+00   1.36599E-06 0.0132
    2.2223E+00   5.40222E-07 0.0171
    2.2866E+00   2.48917E-07 0.0229
    2.3527E+00   8.32525E-08 0.0303
    2.4208E+00   9.43082E-08 0.0207
    2.4908E+00   4.10608E-08 0.0206
    2.5629E+00   3.68468E-08 0.0234
    2.6370E+00   3.47211E-08 0.0257
    2.7133E+00   3.19529E-08 0.0195
    2.7918E+00   2.97518E-08 0.0195
    2.8725E+00   2.71404E-08 0.0184
    2.9557E+00   2.46916E-08 0.0181
    3.0412E+00   0.00000E+00 0.0000
    3.1291E+00   2.27983E-08 0.0173
    3.2197E+00   2.11324E-08 0.0170
    3.3128E+00   9.08418E-11 1.0000
    3.4086E+00   1.94913E-08 0.0168
    3.5072E+00   1.78558E-08 0.0165
    3.6087E+00   0.00000E+00 0.0000
    3.7131E+00   1.65215E-08 0.0162
    3.8205E+00   1.49455E-08 0.0159
    3.9311E+00   1.40317E-10 1.0000
    4.0448E+00   1.37908E-08 0.0157
    4.1618E+00   0.00000E+00 0.0000
    4.2822E+00   1.25741E-08 0.0154
    4.4061E+00   0.00000E+00 0.0000
    4.5335E+00   1.14733E-08 0.0152
    4.6647E+00   0.00000E+00 0.0000
    4.7996E+00   1.05164E-08 0.0150
    4.9385E+00   9.76961E-09 0.0146
    5.0814E+00   0.00000E+00 0.0000
    5.2284E+00   8.89422E-09 0.0145
    5.3796E+00   0.00000E+00 0.0000
    5.5352E+00   8.15041E-09 0.0142
    5.6954E+00   0.00000E+00 0.0000
    5.8601E+00   0.00000E+00 0.0000
    6.0297E+00   7.43596E-09 0.0141
    6.2041E+00   0.00000E+00 0.0000
    6.3836E+00   6.87234E-09 0.0139
    6.5683E+00   0.00000E+00 0.0000
    6.7583E+00   6.27875E-09 0.0136
    6.9538E+00   0.00000E+00 0.0000
    7.1550E+00   5.74801E-09 0.0134
    7.3619E+00   0.00000E+00 0.0000
    7.5749E+00   5.36380E-09 0.0132
    7.7941E+00   1.85683E-10 0.7076
    8.0195E+00   4.90619E-09 0.0130
    8.2515E+00   6.73413E-10 0.3786
    8.4902E+00   4.52840E-09 0.0129
    8.7359E+00   8.63135E-10 0.3208
    8.9886E+00   1.91563E-10 0.7071
    9.2486E+00   8.27148E-06 0.0120
    9.5162E+00   5.59406E-06 0.0090
    9.7915E+00   8.47044E-06 0.0078
    1.0075E+01   2.98835E-04 0.0041
    1.0366E+01   2.24107E-05 0.0054
    1.0666E+01   2.80897E-04 0.0038
    1.0975E+01   2.81070E-05 0.0050
    1.1292E+01   2.74968E-04 0.0037
    1.1619E+01   3.09878E-05 0.0047
    1.1955E+01   3.17869E-05 0.0047
    1.2301E+01   2.37990E-04 0.0037
    1.2657E+01   3.09903E-05 0.0047
    1.3023E+01   2.15244E-04 0.0040
    1.3400E+01   2.53285E-05 0.0047
    1.3787E+01   2.79387E-05 0.0047
    1.4186E+01   1.97057E-04 0.0041
    1.4596E+01   2.63707E-05 0.0047
    1.5019E+01   1.53348E-04 0.0040
    1.5453E+01   2.94376E-05 0.0045
    1.5900E+01   1.51605E-04 0.0041
    1.6360E+01   1.84935E-05 0.0045
    1.6834E+01   1.91042E-05 0.0045
    1.7321E+01   1.25378E-04 0.0040
    1.7822E+01   1.95099E-05 0.0044
    1.8337E+01   1.17991E-04 0.0041
    1.8868E+01   1.54480E-05 0.0044
    1.9413E+01   1.54264E-05 0.0044
    1.9975E+01   8.39515E-05 0.0040
    2.0553E+01   1.45285E-05 0.0044
    2.1148E+01   8.11691E-05 0.0041
    2.1759E+01   1.31499E-05 0.0044
    2.2389E+01   1.35848E-05 0.0044
    2.3037E+01   7.33780E-05 0.0041
    2.3703E+01   1.11864E-05 0.0044
    2.4389E+01   5.77185E-05 0.0041
    2.5094E+01   8.89717E-06 0.0044
    2.5820E+01   8.72324E-06 0.0044
    2.6567E+01   4.47657E-05 0.0041
    2.7336E+01   6.97389E-06 0.0044
    2.8127E+01   4.02587E-05 0.0041
    2.8940E+01   6.66695E-06 0.0044
    2.9777E+01   3.70827E-05 0.0041
    3.0639E+01   6.49905E-06 0.0043
    3.1525E+01   5.98919E-06 0.0043
    3.2437E+01   3.40256E-05 0.0041
    3.3376E+01   5.30471E-06 0.0043
    3.4341E+01   2.96822E-05 0.0040
    3.5335E+01   5.31564E-06 0.0042
    3.6357E+01   4.47474E-06 0.0043
    3.7409E+01   2.55816E-05 0.0040
    3.8491E+01   3.89680E-06 0.0043
    3.9604E+01   2.12666E-05 0.0040
    4.0750E+01   3.82699E-06 0.0042
    4.1929E+01   3.10690E-06 0.0043
    4.3142E+01   1.80063E-05 0.0040
    4.4390E+01   2.63354E-06 0.0043
    4.5674E+01   1.48991E-05 0.0040
    4.6996E+01   2.61825E-06 0.0042
    4.8355E+01   2.10412E-06 0.0043
    4.9754E+01   1.26726E-05 0.0040
    5.1193E+01   1.78658E-06 0.0042
    5.2674E+01   1.05716E-05 0.0040
    5.4198E+01   1.83598E-06 0.0042
    5.5766E+01   1.51486E-06 0.0042
    5.7379E+01   9.03985E-06 0.0040
    5.9039E+01   1.23567E-06 0.0042
    6.0747E+01   7.68246E-06 0.0039
    6.2505E+01   1.27081E-06 0.0041
    6.4313E+01   6.33197E-06 0.0039
    6.6174E+01   1.35147E-06 0.0041
    6.8088E+01   8.86254E-07 0.0042
    7.0058E+01   5.67281E-06 0.0039
    7.2084E+01   8.69142E-07 0.0041
    7.4170E+01   4.71838E-06 0.0039
    7.6315E+01   9.41083E-07 0.0041
    7.8523E+01   6.59247E-07 0.0042
    8.0795E+01   4.19812E-06 0.0039
    8.3132E+01   5.91907E-07 0.0042
    8.5537E+01   3.56044E-06 0.0039
    8.8012E+01   6.30854E-07 0.0041
    9.0558E+01   2.97433E-06 0.0039
    9.3178E+01   6.57625E-07 0.0040
    9.5873E+01   4.31774E-07 0.0041
    9.8647E+01   2.70143E-06 0.0039
    1.0150E+02   3.93526E-07 0.0041
    1.0444E+02   2.29540E-06 0.0039
    1.0746E+02   3.97430E-07 0.0040
    1.1057E+02   1.92049E-06 0.0038
    1.1377E+02   4.04237E-07 0.0040
    1.1706E+02   2.80619E-07 0.0041
    1.2044E+02   1.71951E-06 0.0038
    1.2393E+02   2.45905E-07 0.0041
    1.2751E+02   1.46622E-06 0.0038
    1.3120E+02   2.47476E-07 0.0040
    1.3500E+02   1.22353E-06 0.0038
    1.3890E+02   2.55157E-07 0.0040
    1.4292E+02   1.75418E-07 0.0041
    1.4706E+02   1.09129E-06 0.0038
    1.5131E+02   1.57845E-07 0.0041
    1.5569E+02   9.23290E-07 0.0038
    1.6019E+02   1.63014E-07 0.0040
    1.6483E+02   7.69610E-07 0.0038
    1.6959E+02   1.65522E-07 0.0040
    1.7450E+02   1.10301E-07 0.0041
    1.7955E+02   6.88498E-07 0.0038
    1.8474E+02   1.06617E-07 0.0041
    1.9009E+02   5.75156E-07 0.0038
    1.9559E+02   1.12153E-07 0.0040
    2.0124E+02   8.28257E-08 0.0041
    2.0707E+02   5.06040E-07 0.0038
    2.1306E+02   7.27832E-08 0.0041
    2.1922E+02   4.28890E-07 0.0038
    2.2556E+02   7.56866E-08 0.0041
    2.3209E+02   7.02761E-08 0.0039
    2.3880E+02   3.64079E-07 0.0038
    2.4571E+02   5.19574E-08 0.0041
    2.5282E+02   3.18932E-07 0.0038
    2.6013E+02   5.20183E-08 0.0043
    2.6766E+02   2.67029E-07 0.0038
    2.7540E+02   5.49300E-08 0.0043
    2.8337E+02   4.11471E-08 0.0041
    2.9157E+02   2.36121E-07 0.0038
    3.0000E+02   3.62667E-08 0.0046
      total      3.65637E-03 0.0012
 
 cell  504                                                                                                                             
    s(e) (MeV/cm)
    1.0000E+00   4.46105E-04 0.0010
    1.0289E+00   0.00000E+00 0.0000
    1.0587E+00   0.00000E+00 0.0000
    1.0893E+00   0.00000E+00 0.0000
    1.1208E+00   0.00000E+00 0.0000
    1.1533E+00   0.00000E+00 0.0000
    1.1866E+00   0.00000E+00 0.0000
    1.2210E+00   0.00000E+00 0.0000
    1.2563E+00   0.00000E+00 0.0000
    1.2926E+00   0.00000E+00 0.0000
    1.3300E+00   0.00000E+00 0.0000
    1.3685E+00   0.00000E+00 0.0000
    1.4081E+00   0.00000E+00 0.0000
    1.4488E+00   0.00000E+00 0.0000
    1.4907E+00   0.00000E+00 0.0000
    1.5339E+00   0.00000E+00 0.0000
    1.5782E+00   0.00000E+00 0.0000
    1.6239E+00   0.00000E+00 0.0000
    1.6709E+00   0.00000E+00 0.0000
    1.7192E+00   0.00000E+00 0.0000
    1.7689E+00   0.00000E+00 0.0000
    1.8201E+00   0.00000E+00 0.0000
    1.8728E+00   0.00000E+00 0.0000
    1.9269E+00   0.00000E+00 0.0000
    1.9827E+00   0.00000E+00 0.0000
    2.0400E+00   0.00000E+00 0.0000
    2.0991E+00   0.00000E+00 0.0000
    2.1598E+00   1.39861E-06 0.0131
    2.2223E+00   5.34851E-07 0.0167
    2.2866E+00   2.48395E-07 0.0221
    2.3527E+00   9.12757E-08 0.0333
    2.4208E+00   9.68337E-08 0.0199
    2.4908E+00   4.14092E-08 0.0210
    2.5629E+00   3.88853E-08 0.0267
    2.6370E+00   3.58777E-08 0.0208
    2.7133E+00   3.23343E-08 0.0193
    2.7918E+00   2.99907E-08 0.0193
    2.8725E+00   2.73148E-08 0.0182
    2.9557E+00   2.51902E-08 0.0181
    3.0412E+00   0.00000E+00 0.0000
    3.1291E+00   2.29995E-08 0.0172
    3.2197E+00   2.09060E-08 0.0170
    3.3128E+00   0.00000E+00 0.0000
    3.4086E+00   1.93898E-08 0.0172
    3.5072E+00   1.77566E-08 0.0164
    3.6087E+00   0.00000E+00 0.0000
    3.7131E+00   1.62062E-08 0.0161
    3.8205E+00   1.50560E-08 0.0158
    3.9311E+00   1.50255E-10 0.9510
    4.0448E+00   1.39136E-08 0.0156
    4.1618E+00   0.00000E+00 0.0000
    4.2822E+00   1.27173E-08 0.0153
    4.4061E+00   0.00000E+00 0.0000
    4.5335E+00   1.16339E-08 0.0151
    4.6647E+00   0.00000E+00 0.0000
    4.7996E+00   1.07284E-08 0.0147
    4.9385E+00   9.84118E-09 0.0145
    5.0814E+00   0.00000E+00 0.0000
    5.2284E+00   9.03859E-09 0.0143
    5.3796E+00   0.00000E+00 0.0000
    5.5352E+00   8.20297E-09 0.0141
    5.6954E+00   0.00000E+00 0.0000
    5.8601E+00   0.00000E+00 0.0000
    6.0297E+00   7.52833E-09 0.0139
    6.2041E+00   0.00000E+00 0.0000
    6.3836E+00   6.90828E-09 0.0137
    6.5683E+00   0.00000E+00 0.0000
    6.7583E+00   6.44948E-09 0.0134
    6.9538E+00   0.00000E+00 0.0000
    7.1550E+00   5.90097E-09 0.0132
    7.3619E+00   0.00000E+00 0.0000
    7.5749E+00   5.44493E-09 0.0130
    7.7941E+00   1.85945E-10 0.7076
    8.0195E+00   5.02057E-09 0.0128
    8.2515E+00   7.23851E-10 0.3590
    8.4902E+00   4.62285E-09 0.0126
    8.7359E+00   1.21553E-09 0.2775
    8.9886E+00   0.00000E+00 0.0000
    9.2486E+00   2.55028E-05 0.0086
    9.5162E+00   1.25199E-05 0.0068
    9.7915E+00   1.66146E-05 0.0062
    1.0075E+01   3.21694E-04 0.0038
    1.0366E+01   2.47910E-05 0.0054
    1.0666E+01   2.91452E-04 0.0037
    1.0975E+01   2.68221E-05 0.0050
    1.1292E+01   2.84934E-04 0.0037
    1.1619E+01   2.90824E-05 0.0048
    1.1955E+01   2.76306E-05 0.0048
    1.2301E+01   2.45523E-04 0.0038
    1.2657E+01   3.11694E-05 0.0047
    1.3023E+01   2.05354E-04 0.0038
    1.3400E+01   3.01964E-05 0.0047
    1.3787E+01   3.24864E-05 0.0046
    1.4186E+01   1.85717E-04 0.0040
    1.4596E+01   2.63665E-05 0.0046
    1.5019E+01   1.73342E-04 0.0041
    1.5453E+01   2.85551E-05 0.0046
    1.5900E+01   1.39067E-04 0.0040
    1.6360E+01   1.98559E-05 0.0045
    1.6834E+01   2.14194E-05 0.0045
    1.7321E+01   1.37973E-04 0.0040
    1.7822E+01   1.88705E-05 0.0045
    1.8337E+01   1.06633E-04 0.0041
    1.8868E+01   1.43708E-05 0.0044
    1.9413E+01   1.49788E-05 0.0044
    1.9975E+01   9.05989E-05 0.0041
    2.0553E+01   1.66027E-05 0.0044
    2.1148E+01   8.73693E-05 0.0041
    2.1759E+01   1.28921E-05 0.0044
    2.2389E+01   1.29708E-05 0.0044
    2.3037E+01   6.69069E-05 0.0041
    2.3703E+01   9.99727E-06 0.0044
    2.4389E+01   5.31952E-05 0.0041
    2.5094E+01   8.73901E-06 0.0044
    2.5820E+01   8.82554E-06 0.0044
    2.6567E+01   4.79848E-05 0.0041
    2.7336E+01   7.85926E-06 0.0044
    2.8127E+01   4.55981E-05 0.0041
    2.8940E+01   7.49680E-06 0.0043
    2.9777E+01   4.07830E-05 0.0041
    3.0639E+01   6.93817E-06 0.0043
    3.1525E+01   6.26833E-06 0.0043
    3.2437E+01   3.47545E-05 0.0041
    3.3376E+01   5.19105E-06 0.0043
    3.4341E+01   2.85185E-05 0.0041
    3.5335E+01   5.01352E-06 0.0043
    3.6357E+01   4.14404E-06 0.0043
    3.7409E+01   2.35577E-05 0.0040
    3.8491E+01   3.54688E-06 0.0043
    3.9604E+01   1.93302E-05 0.0040
    4.0750E+01   3.47389E-06 0.0042
    4.1929E+01   2.83838E-06 0.0043
    4.3142E+01   1.64857E-05 0.0040
    4.4390E+01   2.43552E-06 0.0043
    4.5674E+01   1.38994E-05 0.0040
    4.6996E+01   2.47453E-06 0.0042
    4.8355E+01   2.00512E-06 0.0043
    4.9754E+01   1.21275E-05 0.0040
    5.1193E+01   1.73339E-06 0.0043
    5.2674E+01   1.03464E-05 0.0040
    5.4198E+01   1.82064E-06 0.0042
    5.5766E+01   1.51124E-06 0.0043
    5.7379E+01   9.06439E-06 0.0040
    5.9039E+01   1.25777E-06 0.0043
    6.0747E+01   7.84302E-06 0.0040
    6.2505E+01   1.30584E-06 0.0042
    6.4313E+01   6.55736E-06 0.0040
    6.6174E+01   1.40554E-06 0.0041
    6.8088E+01   9.26419E-07 0.0042
    7.0058E+01   5.94058E-06 0.0040
    7.2084E+01   9.16418E-07 0.0042
    7.4170E+01   4.98232E-06 0.0040
    7.6315E+01   9.97339E-07 0.0041
    7.8523E+01   7.01744E-07 0.0042
    8.0795E+01   4.46312E-06 0.0039
    8.3132E+01   6.32615E-07 0.0042
    8.5537E+01   3.80146E-06 0.0039
    8.8012E+01   6.72989E-07 0.0041
    9.0558E+01   3.18651E-06 0.0039
    9.3178E+01   7.04571E-07 0.0040
    9.5873E+01   4.65404E-07 0.0042
    9.8647E+01   2.90238E-06 0.0039
    1.0150E+02   4.23996E-07 0.0041
    1.0444E+02   2.47222E-06 0.0039
    1.0746E+02   4.29722E-07 0.0041
    1.1057E+02   2.07306E-06 0.0039
    1.1377E+02   4.38117E-07 0.0040
    1.1706E+02   3.03230E-07 0.0041
    1.2044E+02   1.85855E-06 0.0039
    1.2393E+02   2.66717E-07 0.0041
    1.2751E+02   1.58657E-06 0.0039
    1.3120E+02   2.68341E-07 0.0041
    1.3500E+02   1.32533E-06 0.0039
    1.3890E+02   2.76528E-07 0.0040
    1.4292E+02   1.90503E-07 0.0041
    1.4706E+02   1.18284E-06 0.0039
    1.5131E+02   1.70917E-07 0.0041
    1.5569E+02   1.00151E-06 0.0039
    1.6019E+02   1.76946E-07 0.0040
    1.6483E+02   8.34980E-07 0.0039
    1.6959E+02   1.79702E-07 0.0040
    1.7450E+02   1.19748E-07 0.0041
    1.7955E+02   7.47644E-07 0.0039
    1.8474E+02   1.15780E-07 0.0041
    1.9009E+02   6.24477E-07 0.0039
    1.9559E+02   1.21512E-07 0.0040
    2.0124E+02   9.00413E-08 0.0041
    2.0707E+02   5.49170E-07 0.0038
    2.1306E+02   7.91898E-08 0.0042
    2.1922E+02   4.65752E-07 0.0038
    2.2556E+02   8.18668E-08 0.0041
    2.3209E+02   7.61632E-08 0.0039
    2.3880E+02   3.95374E-07 0.0039
    2.4571E+02   5.63698E-08 0.0041
    2.5282E+02   3.46311E-07 0.0038
    2.6013E+02   5.61821E-08 0.0042
    2.6766E+02   2.89964E-07 0.0038
    2.7540E+02   5.93546E-08 0.0042
    2.8337E+02   4.45572E-08 0.0041
    2.9157E+02   2.56501E-07 0.0038
    3.0000E+02   3.91250E-08 0.0045
      total      3.74690E-03 0.0012
 
 cell union total                                                                                                                      
    s(e) (MeV/cm)
    1.0000E+00   4.37003E-04 0.0008
    1.0289E+00   0.00000E+00 0.0000
    1.0587E+00   0.00000E+00 0.0000
    1.0893E+00   0.00000E+00 0.0000
    1.1208E+00   0.00000E+00 0.0000
    1.1533E+00   0.00000E+00 0.0000
    1.1866E+00   0.00000E+00 0.0000
    1.2210E+00   0.00000E+00 0.0000
    1.2563E+00   0.00000E+00 0.0000
    1.2926E+00   0.00000E+00 0.0000
    1.3300E+00   0.00000E+00 0.0000
    1.3685E+00   0.00000E+00 0.0000
    1.4081E+00   0.00000E+00 0.0000
    1.4488E+00   0.00000E+00 0.0000
    1.4907E+00   0.00000E+00 0.0000
    1.5339E+00   0.00000E+00 0.0000
    1.5782E+00   0.00000E+00 0.0000
    1.6239E+00   0.00000E+00 0.0000
    1.6709E+00   0.00000E+00 0.0000
    1.7192E+00   0.00000E+00 0.0000
    1.7689E+00   0.00000E+00 0.0000
    1.8201E+00   0.00000E+00 0.0000
    1.8728E+00   0.00000E+00 0.0000
    1.9269E+00   0.00000E+00 0.0000
    1.9827E+00   0.00000E+00 0.0000
    2.0400E+00   0.00000E+00 0.0000
    2.0991E+00   0.00000E+00 0.0000
    2.1598E+00   1.33826E-06 0.0090
    2.2223E+00   5.21182E-07 0.0105
    2.2866E+00   2.40362E-07 0.0137
    2.3527E+00   8.49684E-08 0.0193
    2.4208E+00   9.42062E-08 0.0114
    2.4908E+00   4.09690E-08 0.0127
    2.5629E+00   3.73381E-08 0.0111
    2.6370E+00   3.45890E-08 0.0115
    2.7133E+00   3.16878E-08 0.0103
    2.7918E+00   2.93505E-08 0.0112
    2.8725E+00   2.69963E-08 0.0101
    2.9557E+00   2.47215E-08 0.0093
    3.0412E+00   0.00000E+00 0.0000
    3.1291E+00   2.26490E-08 0.0084
    3.2197E+00   2.07518E-08 0.0084
    3.3128E+00   7.32089E-11 1.0000
    3.4086E+00   1.91010E-08 0.0083
    3.5072E+00   1.75034E-08 0.0082
    3.6087E+00   0.00000E+00 0.0000
    3.7131E+00   1.61689E-08 0.0081
    3.8205E+00   1.47885E-08 0.0080
    3.9311E+00   1.12737E-10 0.9867
    4.0448E+00   1.35614E-08 0.0082
    4.1618E+00   0.00000E+00 0.0000
    4.2822E+00   1.23327E-08 0.0079
    4.4061E+00   0.00000E+00 0.0000
    4.5335E+00   1.12934E-08 0.0078
    4.6647E+00   0.00000E+00 0.0000
    4.7996E+00   1.04139E-08 0.0077
    4.9385E+00   9.55376E-09 0.0077
    5.0814E+00   0.00000E+00 0.0000
    5.2284E+00   8.72641E-09 0.0076
    5.3796E+00   0.00000E+00 0.0000
    5.5352E+00   7.99768E-09 0.0076
    5.6954E+00   0.00000E+00 0.0000
    5.8601E+00   0.00000E+00 0.0000
    6.0297E+00   7.31147E-09 0.0075
    6.2041E+00   0.00000E+00 0.0000
    6.3836E+00   6.73518E-09 0.0075
    6.5683E+00   0.00000E+00 0.0000
    6.7583E+00   6.19763E-09 0.0074
    6.9538E+00   0.00000E+00 0.0000
    7.1550E+00   5.69099E-09 0.0075
    7.3619E+00   0.00000E+00 0.0000
    7.5749E+00   5.25932E-09 0.0081
    7.7941E+00   1.92234E-10 0.5841
    8.0195E+00   4.83683E-09 0.0083
    8.2515E+00   5.15949E-10 0.3677
    8.4902E+00   4.41780E-09 0.0073
    8.7359E+00   8.67063E-10 0.2569
    8.9886E+00   1.13599E-10 0.4084
    9.2486E+00   7.25158E-06 0.0097
    9.5162E+00   4.08416E-06 0.0074
    9.7915E+00   5.85695E-06 0.0067
    1.0075E+01   2.62707E-04 0.0042
    1.0366E+01   2.05343E-05 0.0041
    1.0666E+01   2.73723E-04 0.0037
    1.0975E+01   2.28414E-05 0.0040
    1.1292E+01   2.71277E-04 0.0035
    1.1619E+01   2.57418E-05 0.0038
    1.1955E+01   2.67411E-05 0.0038
    1.2301E+01   2.47622E-04 0.0034
    1.2657E+01   2.69725E-05 0.0036
    1.3023E+01   2.13785E-04 0.0035
    1.3400E+01   2.75712E-05 0.0035
    1.3787E+01   2.83471E-05 0.0034
    1.4186E+01   1.81653E-04 0.0034
    1.4596E+01   2.85527E-05 0.0036
    1.5019E+01   1.58724E-04 0.0033
    1.5453E+01   2.58111E-05 0.0034
    1.5900E+01   1.43425E-04 0.0034
    1.6360E+01   2.03558E-05 0.0034
    1.6834E+01   2.11747E-05 0.0034
    1.7321E+01   1.26915E-04 0.0032
    1.7822E+01   1.76853E-05 0.0033
    1.8337E+01   1.09246E-04 0.0033
    1.8868E+01   1.57358E-05 0.0034
    1.9413E+01   1.62197E-05 0.0033
    1.9975E+01   9.18329E-05 0.0032
    2.0553E+01   1.55346E-05 0.0032
    2.1148E+01   7.99060E-05 0.0031
    2.1759E+01   1.20596E-05 0.0032
    2.2389E+01   1.23419E-05 0.0032
    2.3037E+01   6.70584E-05 0.0032
    2.3703E+01   1.06244E-05 0.0033
    2.4389E+01   5.75815E-05 0.0032
    2.5094E+01   9.40603E-06 0.0033
    2.5820E+01   9.38489E-06 0.0033
    2.6567E+01   4.90498E-05 0.0032
    2.7336E+01   7.64252E-06 0.0032
    2.8127E+01   4.31484E-05 0.0031
    2.8940E+01   6.88994E-06 0.0031
    2.9777E+01   3.70654E-05 0.0031
    3.0639E+01   6.28181E-06 0.0031
    3.1525E+01   5.69018E-06 0.0031
    3.2437E+01   3.18278E-05 0.0031
    3.3376E+01   4.83728E-06 0.0031
    3.4341E+01   2.70123E-05 0.0031
    3.5335E+01   4.82970E-06 0.0032
    3.6357E+01   4.04885E-06 0.0032
    3.7409E+01   2.33202E-05 0.0031
    3.8491E+01   3.58008E-06 0.0032
    3.9604E+01   1.97628E-05 0.0031
    4.0750E+01   3.59909E-06 0.0032
    4.1929E+01   2.94657E-06 0.0032
    4.3142E+01   1.72338E-05 0.0031
    4.4390E+01   2.56026E-06 0.0032
    4.5674E+01   1.46546E-05 0.0031
    4.6996E+01   2.61114E-06 0.0031
    4.8355E+01   2.11471E-06 0.0032
    4.9754E+01   1.27986E-05 0.0031
    5.1193E+01   1.82857E-06 0.0031
    5.2674E+01   1.08817E-05 0.0031
    5.4198E+01   1.90492E-06 0.0031
    5.5766E+01   1.58279E-06 0.0031
    5.7379E+01   9.45365E-06 0.0031
    5.9039E+01   1.30482E-06 0.0031
    6.0747E+01   8.11533E-06 0.0030
    6.2505E+01   1.34591E-06 0.0031
    6.4313E+01   6.73599E-06 0.0030
    6.6174E+01   1.44052E-06 0.0030
    6.8088E+01   9.45871E-07 0.0031
    7.0058E+01   6.05931E-06 0.0030
    7.2084E+01   9.30825E-07 0.0030
    7.4170E+01   5.05131E-06 0.0030
    7.6315E+01   1.00767E-06 0.0030
    7.8523E+01   7.06678E-07 0.0030
    8.0795E+01   4.49866E-06 0.0030
    8.3132E+01   6.34256E-07 0.0030
    8.5537E+01   3.81539E-06 0.0030
    8.8012E+01   6.74683E-07 0.0030
    9.0558E+01   3.18386E-06 0.0029
    9.3178E+01   7.04712E-07 0.0030
    9.5873E+01   4.61965E-07 0.0030
    9.8647E+01   2.89183E-06 0.0029
    1.0150E+02   4.20553E-07 0.0030
    1.0444E+02   2.45569E-06 0.0029
    1.0746E+02   4.25809E-07 0.0030
    1.1057E+02   2.05322E-06 0.0029
    1.1377E+02   4.33195E-07 0.0030
    1.1706E+02   2.99086E-07 0.0030
    1.2044E+02   1.83732E-06 0.0029
    1.2393E+02   2.62558E-07 0.0030
    1.2751E+02   1.56511E-06 0.0029
    1.3120E+02   2.64236E-07 0.0029
    1.3500E+02   1.30527E-06 0.0029
    1.3890E+02   2.71881E-07 0.0029
    1.4292E+02   1.87311E-07 0.0030
    1.4706E+02   1.16318E-06 0.0029
    1.5131E+02   1.68013E-07 0.0029
    1.5569E+02   9.83653E-07 0.0029
    1.6019E+02   1.73432E-07 0.0029
    1.6483E+02   8.18989E-07 0.0029
    1.6959E+02   1.76273E-07 0.0029
    1.7450E+02   1.17098E-07 0.0029
    1.7955E+02   7.32577E-07 0.0029
    1.8474E+02   1.13274E-07 0.0029
    1.9009E+02   6.11373E-07 0.0029
    1.9559E+02   1.19229E-07 0.0029
    2.0124E+02   8.79072E-08 0.0029
    2.0707E+02   5.37532E-07 0.0029
    2.1306E+02   7.73309E-08 0.0029
    2.1922E+02   4.55606E-07 0.0029
    2.2556E+02   8.01940E-08 0.0029
    2.3209E+02   7.42757E-08 0.0028
    2.3880E+02   3.86743E-07 0.0029
    2.4571E+02   5.50231E-08 0.0029
    2.5282E+02   3.38491E-07 0.0029
    2.6013E+02   5.49594E-08 0.0029
    2.6766E+02   2.83406E-07 0.0029
    2.7540E+02   5.78548E-08 0.0029
    2.8337E+02   4.35403E-08 0.0029
    2.9157E+02   2.50446E-07 0.0029
    3.0000E+02   3.82123E-08 0.0030
      total      3.56547E-03 0.0012


 ===================================================================================================================================

           results of 10 statistical checks for the estimated answer for the tally fluctuation chart (tfc) bin of tally     9104

 tfc bin     --mean--      ---------relative error---------      ----variance of the variance----      --figure of merit--     -pdf-
 behavior    behavior      value   decrease   decrease rate      value   decrease   decrease rate       value     behavior     slope

 desired      random       <0.10      yes      1/sqrt(nps)       <0.10      yes        1/nps           constant    random      >3.00
 observed     random        0.00      yes          yes            0.00      yes         yes                                    10.00
 passed?        yes          yes      yes          yes             yes      yes         yes                                      yes

 ===================================================================================================================================


 this tally meets the statistical criteria used to form confidence intervals: check the tally fluctuation chart to verify.
 the results in other bins associated with this tally may not meet these statistical criteria.

 ----- estimated confidence intervals:  -----

 estimated asymmetric confidence interval(1,2,3 sigma): 3.3746E-03 to 3.3828E-03; 3.3705E-03 to 3.3869E-03; 3.3663E-03 to 3.3911E-03
 estimated  symmetric confidence interval(1,2,3 sigma): 3.3746E-03 to 3.3828E-03; 3.3705E-03 to 3.3869E-03; 3.3663E-03 to 3.3911E-03

1analysis of the results in the tally fluctuation chart bin (tfc) for tally 9104 with nps = 5000000          print table 160


 normed average tally per history  = 3.37870E-03          unnormed average tally per history  = 8.44674E-03
 estimated tally relative error    = 0.0012               estimated variance of the variance  = 0.0000
 relative error from zero tallies  = 0.0005               relative error from nonzero scores  = 0.0011

 number of nonzero history tallies =     2236072          efficiency for the nonzero tallies  = 0.4472
 history number of largest  tally  =     4560503          largest  unnormalized history tally = 1.57318E-01
 (largest  tally)/(average tally)  = 1.86247E+01          (largest  tally)/(avg nonzero tally)= 8.32921E+00

 (confidence interval shift)/mean  = 0.0000               shifted confidence interval center  = 3.37870E-03


 if the largest  history score sampled so far were to occur on the next history, the tfc bin quantities would change as follows:

      estimated quantities           value at nps           value at nps+1           value(nps+1)/value(nps)-1.

      mean                            3.37870E-03             3.37871E-03                     0.000004
      relative error                  1.21891E-03             1.21891E-03                     0.000000
      variance of the variance        1.87689E-06             1.87692E-06                     0.000017
      shifted center                  3.37870E-03             3.37870E-03                     0.000000
      figure of merit                 0.00000E+00             0.00000E+00                     0.000000

 the estimated slope of the 198 largest  tallies starting at  1.22816E-01 appears to be decreasing at least exponentially.
 the empirical history score probability density function appears to be increasing at the largest  history scores:
 please examine. see print table 161.
 the large score tail of the empirical history score probability density function appears to have no unsampled regions.

 fom = (histories/minute)*(f(x) signal-to-noise ratio)**2 = (0.000E+00)*( 3.669E-01)**2 = (0.000E+00)*(1.346E-01) = 0.000E+00

1    some tally scores were not made for various reasons:

                                  beyond last bin     not in
                   tally       user  segment   mult   angle   energy   time             
                   1004          0       0       0       018258360       0
                   8004          0       0       0       018258360       0
                   8204          0       0       0       018258360       0
                   9204          0       0       0       018258360       0
                   8104          0       0       0       0********       0
                   9104          0       0       0       020806260       0

1status of the statistical checks used to form confidence intervals for the mean for each tally bin


 tally   result of statistical checks for the tfc bin (the first check not passed is listed) and error magnitude check for all bins

     1006   passed the 10 statistical checks for the tally fluctuation chart bin result               
         passed all bin error check:   205 tally bins all have relative errors less than 0.10 with no zero bins

     8006   passed the 10 statistical checks for the tally fluctuation chart bin result               
         passed all bin error check:     6 tally bins all have relative errors less than 0.10 with no zero bins

       24   missed  1 of 10 tfc bin checks: the slope of decrease of largest tallies is less than the minimum acceptable value of 3.0 
         missed all bin error check:   615 tally bins had    42 bins with zeros and     3 bins with relative errors exceeding 0.10

       26   passed the 10 statistical checks for the tally fluctuation chart bin result               
         missed all bin error check:   615 tally bins had    42 bins with zeros and     3 bins with relative errors exceeding 0.10

       34   missed  1 of 10 tfc bin checks: the slope of decrease of largest tallies is less than the minimum acceptable value of 3.0 
         passed all bin error check:   205 tally bins all have relative errors less than 0.10 with no zero bins

       36   passed the 10 statistical checks for the tally fluctuation chart bin result               
         passed all bin error check:   205 tally bins all have relative errors less than 0.10 with no zero bins

      124   passed the 10 statistical checks for the tally fluctuation chart bin result               
         passed all bin error check:    18 tally bins all have relative errors less than 0.10 with no zero bins

      126   passed the 10 statistical checks for the tally fluctuation chart bin result               
         passed all bin error check:    18 tally bins all have relative errors less than 0.10 with no zero bins

      134   passed the 10 statistical checks for the tally fluctuation chart bin result               
         passed all bin error check:     6 tally bins all have relative errors less than 0.10 with no zero bins

      136   passed the 10 statistical checks for the tally fluctuation chart bin result               
         passed all bin error check:     6 tally bins all have relative errors less than 0.10 with no zero bins

     1004   missed  1 of 10 tfc bin checks: the slope of decrease of largest tallies is less than the minimum acceptable value of 3.0 
         missed all bin error check: 41410 tally bins had 14078 bins with zeros and  2832 bins with relative errors exceeding 0.10

     4004   missed  1 of 10 tfc bin checks: the slope of decrease of largest tallies is less than the minimum acceptable value of 3.0 
         missed all bin error check:   615 tally bins had    42 bins with zeros and     3 bins with relative errors exceeding 0.10

     8004   passed the 10 statistical checks for the tally fluctuation chart bin result               
         missed all bin error check:  1212 tally bins had   440 bins with zeros and    28 bins with relative errors exceeding 0.10

     8014   passed the 10 statistical checks for the tally fluctuation chart bin result               
         passed all bin error check:    18 tally bins all have relative errors less than 0.10 with no zero bins

     8204   missed  1 of 10 tfc bin checks: the slope of decrease of largest tallies is less than the minimum acceptable value of 3.0 
         missed all bin error check:124230 tally bins had 48934 bins with zeros and  9829 bins with relative errors exceeding 0.10

     9204   passed the 10 statistical checks for the tally fluctuation chart bin result               
         missed all bin error check:  3636 tally bins had  1348 bins with zeros and    62 bins with relative errors exceeding 0.10

       44   missed  3 of 10 tfc bin checks: the variance of the variance does not monotonically decrease over the last half of problem
         passed all bin error check:   205 tally bins all have relative errors less than 0.10 with no zero bins

       46   missed  2 of 10 tfc bin checks: the variance of the variance appears not to decrease as 1/nps for the last half of problem
         passed all bin error check:   205 tally bins all have relative errors less than 0.10 with no zero bins

      144   passed the 10 statistical checks for the tally fluctuation chart bin result               
         passed all bin error check:     6 tally bins all have relative errors less than 0.10 with no zero bins

      146   passed the 10 statistical checks for the tally fluctuation chart bin result               
         passed all bin error check:     6 tally bins all have relative errors less than 0.10 with no zero bins

       54   missed  3 of 10 tfc bin checks: the relative error exceeds the recommended value of 0.1 for nonpoint detector tallies     
         missed all bin error check:   205 tally bins had     0 bins with zeros and    79 bins with relative errors exceeding 0.10

       56   missed  4 of 10 tfc bin checks: the relative error exceeds the recommended value of 0.1 for nonpoint detector tallies     
         missed all bin error check:   205 tally bins had     0 bins with zeros and    73 bins with relative errors exceeding 0.10

      154   passed the 10 statistical checks for the tally fluctuation chart bin result               
         passed all bin error check:     6 tally bins all have relative errors less than 0.10 with no zero bins

      156   passed the 10 statistical checks for the tally fluctuation chart bin result               
         passed all bin error check:     6 tally bins all have relative errors less than 0.10 with no zero bins

       64   no nonzero tallies were made in the tally fluctuation chart bin                           
         missed all bin error check:   205 tally bins had    43 bins with zeros and    27 bins with relative errors exceeding 0.10

       66   no nonzero tallies were made in the tally fluctuation chart bin                           
         missed all bin error check:   205 tally bins had    43 bins with zeros and    24 bins with relative errors exceeding 0.10

      164   passed the 10 statistical checks for the tally fluctuation chart bin result               
         passed all bin error check:     6 tally bins all have relative errors less than 0.10 with no zero bins

      166   passed the 10 statistical checks for the tally fluctuation chart bin result               
         passed all bin error check:     6 tally bins all have relative errors less than 0.10 with no zero bins

       74   missed  2 of 10 tfc bin checks: the relative error exceeds the recommended value of 0.1 for nonpoint detector tallies     
         missed all bin error check:   205 tally bins had     0 bins with zeros and    36 bins with relative errors exceeding 0.10

       76   passed the 10 statistical checks for the tally fluctuation chart bin result               
         passed all bin error check:   205 tally bins all have relative errors less than 0.10 with no zero bins

      174   passed the 10 statistical checks for the tally fluctuation chart bin result               
         passed all bin error check:     6 tally bins all have relative errors less than 0.10 with no zero bins

      176   passed the 10 statistical checks for the tally fluctuation chart bin result               
         passed all bin error check:     6 tally bins all have relative errors less than 0.10 with no zero bins

       14   passed the 10 statistical checks for the tally fluctuation chart bin result               
         passed all bin error check:   205 tally bins all have relative errors less than 0.10 with no zero bins

       16   passed the 10 statistical checks for the tally fluctuation chart bin result               
         passed all bin error check:   205 tally bins all have relative errors less than 0.10 with no zero bins

      114   passed the 10 statistical checks for the tally fluctuation chart bin result               
         passed all bin error check:     6 tally bins all have relative errors less than 0.10 with no zero bins

      116   passed the 10 statistical checks for the tally fluctuation chart bin result               
         passed all bin error check:     6 tally bins all have relative errors less than 0.10 with no zero bins

     8104   passed the 10 statistical checks for the tally fluctuation chart bin result               
         missed all bin error check: 41410 tally bins had  7302 bins with zeros and  3219 bins with relative errors exceeding 0.10

     9104   passed the 10 statistical checks for the tally fluctuation chart bin result               
         missed all bin error check:  1212 tally bins had   238 bins with zeros and    32 bins with relative errors exceeding 0.10


 the 10 statistical checks are only for the tally fluctuation chart bin and do not apply to other tally bins.

 the tally bins with zeros may or may not be correct: compare the source, cutoffs, multipliers, et cetera with the tally bins.

 warning.      12 of the    38 tally fluctuation chart bins did not pass all 10 statistical checks.
 warning.      14 of the    38 tallies had bins with relative errors greater than recommended.

# ===================================================
# tally 9204
# ===================================================
1tally     9204        nps =     5000000
           tally type 4    track length estimate of particle flux.      units   1/cm**2        
           particle(s): protons  
 number of histories used for normalizing tallies =      5000000.00
           this tally is modified by   ft  tag  let

           volumes 
                   cell:      500          501          502          503          504         total                
                         2.50000E+00  2.50000E+00  2.50000E+00  2.50000E+00  2.50000E+00  1.25000E+01
 
 cell  500                                                                                                                             
 user bin          -1.00000
    s(e) (MeV/cm)
    1.0000E+00   0.00000E+00 0.0000
    1.0289E+00   0.00000E+00 0.0000
    1.0587E+00   0.00000E+00 0.0000
    1.0893E+00   0.00000E+00 0.0000
    1.1208E+00   0.00000E+00 0.0000
    1.1533E+00   0.00000E+00 0.0000
    1.1866E+00   0.00000E+00 0.0000
    1.2210E+00   0.00000E+00 0.0000
    1.2563E+00   0.00000E+00 0.0000
    1.2926E+00   0.00000E+00 0.0000
    1.3300E+00   0.00000E+00 0.0000
    1.3685E+00   0.00000E+00 0.0000
    1.4081E+00   0.00000E+00 0.0000
    1.4488E+00   0.00000E+00 0.0000
    1.4907E+00   0.00000E+00 0.0000
    1.5339E+00   0.00000E+00 0.0000
    1.5782E+00   0.00000E+00 0.0000
    1.6239E+00   0.00000E+00 0.0000
    1.6709E+00   0.00000E+00 0.0000
    1.7192E+00   0.00000E+00 0.0000
    1.7689E+00   0.00000E+00 0.0000
    1.8201E+00   0.00000E+00 0.0000
    1.8728E+00   0.00000E+00 0.0000
    1.9269E+00   0.00000E+00 0.0000
    1.9827E+00   0.00000E+00 0.0000
    2.0400E+00   0.00000E+00 0.0000
    2.0991E+00   0.00000E+00 0.0000
    2.1598E+00   0.00000E+00 0.0000
    2.2223E+00   0.00000E+00 0.0000
    2.2866E+00   0.00000E+00 0.0000
    2.3527E+00   0.00000E+00 0.0000
    2.4208E+00   0.00000E+00 0.0000
    2.4908E+00   0.00000E+00 0.0000
    2.5629E+00   0.00000E+00 0.0000
    2.6370E+00   0.00000E+00 0.0000
    2.7133E+00   0.00000E+00 0.0000
    2.7918E+00   0.00000E+00 0.0000
    2.8725E+00   0.00000E+00 0.0000
    2.9557E+00   0.00000E+00 0.0000
    3.0412E+00   0.00000E+00 0.0000
    3.1291E+00   0.00000E+00 0.0000
    3.2197E+00   0.00000E+00 0.0000
    3.3128E+00   0.00000E+00 0.0000
    3.4086E+00   0.00000E+00 0.0000
    3.5072E+00   0.00000E+00 0.0000
    3.6087E+00   0.00000E+00 0.0000
    3.7131E+00   0.00000E+00 0.0000
    3.8205E+00   0.00000E+00 0.0000
    3.9311E+00   0.00000E+00 0.0000
    4.0448E+00   0.00000E+00 0.0000
    4.1618E+00   0.00000E+00 0.0000
    4.2822E+00   0.00000E+00 0.0000
    4.4061E+00   0.00000E+00 0.0000
    4.5335E+00   0.00000E+00 0.0000
    4.6647E+00   0.00000E+00 0.0000
    4.7996E+00   0.00000E+00 0.0000
    4.9385E+00   0.00000E+00 0.0000
    5.0814E+00   0.00000E+00 0.0000
    5.2284E+00   0.00000E+00 0.0000
    5.3796E+00   0.00000E+00 0.0000
    5.5352E+00   0.00000E+00 0.0000
    5.6954E+00   0.00000E+00 0.0000
    5.8601E+00   0.00000E+00 0.0000
    6.0297E+00   0.00000E+00 0.0000
    6.2041E+00   0.00000E+00 0.0000
    6.3836E+00   0.00000E+00 0.0000
    6.5683E+00   0.00000E+00 0.0000
    6.7583E+00   0.00000E+00 0.0000
    6.9538E+00   0.00000E+00 0.0000
    7.1550E+00   0.00000E+00 0.0000
    7.3619E+00   0.00000E+00 0.0000
    7.5749E+00   0.00000E+00 0.0000
    7.7941E+00   0.00000E+00 0.0000
    8.0195E+00   0.00000E+00 0.0000
    8.2515E+00   0.00000E+00 0.0000
    8.4902E+00   0.00000E+00 0.0000
    8.7359E+00   0.00000E+00 0.0000
    8.9886E+00   0.00000E+00 0.0000
    9.2486E+00   2.66804E-10 0.5774
    9.5162E+00   6.22669E-10 0.3780
    9.7915E+00   1.42344E-09 0.2500
    1.0075E+01   1.54044E-06 0.0076
    1.0366E+01   1.54524E-07 0.0240
    1.0666E+01   2.07549E-06 0.0065
    1.0975E+01   1.38138E-07 0.0254
    1.1292E+01   2.04281E-06 0.0066
    1.1619E+01   1.58106E-07 0.0237
    1.1955E+01   1.68798E-07 0.0230
    1.2301E+01   1.99577E-06 0.0067
    1.2657E+01   1.90716E-07 0.0216
    1.3023E+01   1.57600E-06 0.0075
    1.3400E+01   2.44329E-07 0.0191
    1.3787E+01   2.38636E-07 0.0193
    1.4186E+01   1.27609E-06 0.0083
    1.4596E+01   2.16927E-07 0.0203
    1.5019E+01   1.30813E-06 0.0082
    1.5453E+01   1.81518E-07 0.0214
    1.5900E+01   9.73939E-07 0.0094
    1.6360E+01   1.55946E-07 0.0210
    1.6834E+01   1.72679E-07 0.0200
    1.7321E+01   1.03558E-06 0.0087
    1.7822E+01   1.30035E-07 0.0207
    1.8337E+01   7.59091E-07 0.0099
    1.8868E+01   1.14184E-07 0.0204
    1.9413E+01   1.22891E-07 0.0197
    1.9975E+01   7.50546E-07 0.0096
    2.0553E+01   1.37504E-07 0.0180
    2.1148E+01   6.58875E-07 0.0102
    2.1759E+01   9.13347E-08 0.0201
    2.2389E+01   8.72720E-08 0.0206
    2.3037E+01   4.67044E-07 0.0112
    2.3703E+01   6.92788E-08 0.0211
    2.4389E+01   4.04672E-07 0.0115
    2.5094E+01   7.30843E-08 0.0196
    2.5820E+01   7.19533E-08 0.0197
    2.6567E+01   3.90414E-07 0.0110
    2.7336E+01   6.36029E-08 0.0190
    2.8127E+01   3.60823E-07 0.0108
    2.8940E+01   5.92768E-08 0.0186
    2.9777E+01   3.02028E-07 0.0112
    3.0639E+01   4.78725E-08 0.0189
    3.1525E+01   4.34616E-08 0.0198
    3.2437E+01   2.37081E-07 0.0117
    3.3376E+01   3.40603E-08 0.0207
    3.4341E+01   1.88654E-07 0.0123
    3.5335E+01   3.18419E-08 0.0200
    3.6357E+01   2.72750E-08 0.0216
    3.7409E+01   1.55542E-07 0.0126
    3.8491E+01   2.36098E-08 0.0215
    3.9604E+01   1.30536E-07 0.0128
    4.0750E+01   2.40980E-08 0.0197
    4.1929E+01   2.00916E-08 0.0215
    4.3142E+01   1.16323E-07 0.0127
    4.4390E+01   1.78654E-08 0.0211
    4.5674E+01   1.00368E-07 0.0127
    4.6996E+01   1.78752E-08 0.0195
    4.8355E+01   1.44715E-08 0.0216
    4.9754E+01   8.86600E-08 0.0126
    5.1193E+01   1.29317E-08 0.0212
    5.2674E+01   7.57077E-08 0.0126
    5.4198E+01   1.38170E-08 0.0190
    5.5766E+01   1.09488E-08 0.0213
    5.7379E+01   6.78096E-08 0.0124
    5.9039E+01   9.51105E-09 0.0211
    6.0747E+01   5.93932E-08 0.0123
    6.2505E+01   9.61558E-09 0.0195
    6.4313E+01   4.99249E-08 0.0122
    6.6174E+01   1.05965E-08 0.0172
    6.8088E+01   7.13596E-09 0.0209
    7.0058E+01   4.54880E-08 0.0121
    7.2084E+01   7.04383E-09 0.0195
    7.4170E+01   3.82602E-08 0.0121
    7.6315E+01   7.52820E-09 0.0174
    7.8523E+01   5.54321E-09 0.0203
    8.0795E+01   3.42865E-08 0.0120
    8.3132E+01   4.71369E-09 0.0204
    8.5537E+01   2.92081E-08 0.0120
    8.8012E+01   5.07214E-09 0.0182
    9.0558E+01   2.42828E-08 0.0120
    9.3178E+01   5.50655E-09 0.0162
    9.5873E+01   3.46054E-09 0.0204
    9.8647E+01   2.22296E-08 0.0120
    1.0150E+02   3.16991E-09 0.0197
    1.0444E+02   1.88245E-08 0.0119
    1.0746E+02   3.29425E-09 0.0179
    1.1057E+02   1.56998E-08 0.0119
    1.1377E+02   3.41364E-09 0.0163
    1.1706E+02   2.23826E-09 0.0202
    1.2044E+02   1.41614E-08 0.0119
    1.2393E+02   1.99394E-09 0.0198
    1.2751E+02   1.20892E-08 0.0119
    1.3120E+02   1.99981E-09 0.0183
    1.3500E+02   1.00585E-08 0.0119
    1.3890E+02   2.08325E-09 0.0166
    1.4292E+02   1.40630E-09 0.0202
    1.4706E+02   8.99483E-09 0.0119
    1.5131E+02   1.25898E-09 0.0198
    1.5569E+02   7.61397E-09 0.0119
    1.6019E+02   1.32605E-09 0.0179
    1.6483E+02   6.32189E-09 0.0119
    1.6959E+02   1.32153E-09 0.0166
    1.7450E+02   9.16260E-10 0.0199
    1.7955E+02   5.64783E-09 0.0118
    1.8474E+02   8.46752E-10 0.0192
    1.9009E+02   4.72059E-09 0.0118
    1.9559E+02   9.10091E-10 0.0171
    2.0124E+02   6.81829E-10 0.0197
    2.0707E+02   4.13332E-09 0.0118
    2.1306E+02   5.94679E-10 0.0196
    2.1922E+02   3.52340E-09 0.0118
    2.2556E+02   5.94880E-10 0.0181
    2.3209E+02   5.41040E-10 0.0190
    2.3880E+02   3.01075E-09 0.0118
    2.4571E+02   3.98442E-10 0.0205
    2.5282E+02   2.61153E-09 0.0118
    2.6013E+02   4.01581E-10 0.0189
    2.6766E+02   2.17512E-09 0.0118
    2.7540E+02   4.27373E-10 0.0169
    2.8337E+02   3.30540E-10 0.0192
    2.9157E+02   1.91061E-09 0.0118
    3.0000E+02   2.83889E-10 0.0192
      total      2.29924E-05 0.0019
 
 cell  500                                                                                                                             
 user bin 10000000000.00000
    s(e) (MeV/cm)
    1.0000E+00   0.00000E+00 0.0000
    1.0289E+00   0.00000E+00 0.0000
    1.0587E+00   0.00000E+00 0.0000
    1.0893E+00   0.00000E+00 0.0000
    1.1208E+00   0.00000E+00 0.0000
    1.1533E+00   0.00000E+00 0.0000
    1.1866E+00   0.00000E+00 0.0000
    1.2210E+00   0.00000E+00 0.0000
    1.2563E+00   0.00000E+00 0.0000
    1.2926E+00   0.00000E+00 0.0000
    1.3300E+00   0.00000E+00 0.0000
    1.3685E+00   0.00000E+00 0.0000
    1.4081E+00   0.00000E+00 0.0000
    1.4488E+00   0.00000E+00 0.0000
    1.4907E+00   0.00000E+00 0.0000
    1.5339E+00   0.00000E+00 0.0000
    1.5782E+00   0.00000E+00 0.0000
    1.6239E+00   0.00000E+00 0.0000
    1.6709E+00   0.00000E+00 0.0000
    1.7192E+00   0.00000E+00 0.0000
    1.7689E+00   0.00000E+00 0.0000
    1.8201E+00   0.00000E+00 0.0000
    1.8728E+00   0.00000E+00 0.0000
    1.9269E+00   0.00000E+00 0.0000
    1.9827E+00   0.00000E+00 0.0000
    2.0400E+00   0.00000E+00 0.0000
    2.0991E+00   0.00000E+00 0.0000
    2.1598E+00   0.00000E+00 0.0000
    2.2223E+00   0.00000E+00 0.0000
    2.2866E+00   0.00000E+00 0.0000
    2.3527E+00   0.00000E+00 0.0000
    2.4208E+00   0.00000E+00 0.0000
    2.4908E+00   0.00000E+00 0.0000
    2.5629E+00   0.00000E+00 0.0000
    2.6370E+00   0.00000E+00 0.0000
    2.7133E+00   0.00000E+00 0.0000
    2.7918E+00   0.00000E+00 0.0000
    2.8725E+00   0.00000E+00 0.0000
    2.9557E+00   0.00000E+00 0.0000
    3.0412E+00   0.00000E+00 0.0000
    3.1291E+00   0.00000E+00 0.0000
    3.2197E+00   0.00000E+00 0.0000
    3.3128E+00   0.00000E+00 0.0000
    3.4086E+00   0.00000E+00 0.0000
    3.5072E+00   0.00000E+00 0.0000
    3.6087E+00   0.00000E+00 0.0000
    3.7131E+00   0.00000E+00 0.0000
    3.8205E+00   0.00000E+00 0.0000
    3.9311E+00   0.00000E+00 0.0000
    4.0448E+00   0.00000E+00 0.0000
    4.1618E+00   0.00000E+00 0.0000
    4.2822E+00   0.00000E+00 0.0000
    4.4061E+00   0.00000E+00 0.0000
    4.5335E+00   0.00000E+00 0.0000
    4.6647E+00   0.00000E+00 0.0000
    4.7996E+00   0.00000E+00 0.0000
    4.9385E+00   0.00000E+00 0.0000
    5.0814E+00   0.00000E+00 0.0000
    5.2284E+00   0.00000E+00 0.0000
    5.3796E+00   0.00000E+00 0.0000
    5.5352E+00   0.00000E+00 0.0000
    5.6954E+00   0.00000E+00 0.0000
    5.8601E+00   0.00000E+00 0.0000
    6.0297E+00   0.00000E+00 0.0000
    6.2041E+00   0.00000E+00 0.0000
    6.3836E+00   0.00000E+00 0.0000
    6.5683E+00   0.00000E+00 0.0000
    6.7583E+00   0.00000E+00 0.0000
    6.9538E+00   0.00000E+00 0.0000
    7.1550E+00   0.00000E+00 0.0000
    7.3619E+00   0.00000E+00 0.0000
    7.5749E+00   8.97956E-11 1.0000
    7.7941E+00   2.55165E-10 0.5960
    8.0195E+00   0.00000E+00 0.0000
    8.2515E+00   3.71303E-10 0.5002
    8.4902E+00   0.00000E+00 0.0000
    8.7359E+00   8.52556E-10 0.3340
    8.9886E+00   0.00000E+00 0.0000
    9.2486E+00   5.22225E-08 0.0698
    9.5162E+00   7.13635E-08 0.0487
    9.7915E+00   1.68654E-07 0.0333
    1.0075E+01   1.88510E-04 0.0050
    1.0366E+01   2.03603E-05 0.0054
    1.0666E+01   2.60885E-04 0.0041
    1.0975E+01   1.74927E-05 0.0054
    1.1292E+01   2.56138E-04 0.0041
    1.1619E+01   2.10964E-05 0.0050
    1.1955E+01   2.09822E-05 0.0049
    1.2301E+01   2.49642E-04 0.0040
    1.2657E+01   2.47522E-05 0.0048
    1.3023E+01   1.98975E-04 0.0039
    1.3400E+01   3.07193E-05 0.0046
    1.3787E+01   3.04091E-05 0.0046
    1.4186E+01   1.63922E-04 0.0039
    1.4596E+01   2.77830E-05 0.0047
    1.5019E+01   1.64804E-04 0.0041
    1.5453E+01   2.34655E-05 0.0047
    1.5900E+01   1.25854E-04 0.0040
    1.6360E+01   2.01820E-05 0.0046
    1.6834E+01   2.18799E-05 0.0045
    1.7321E+01   1.31667E-04 0.0041
    1.7822E+01   1.67935E-05 0.0045
    1.8337E+01   9.83141E-05 0.0040
    1.8868E+01   1.46163E-05 0.0044
    1.9413E+01   1.54746E-05 0.0044
    1.9975E+01   9.43757E-05 0.0040
    2.0553E+01   1.66701E-05 0.0044
    2.1148E+01   8.29164E-05 0.0041
    2.1759E+01   1.17185E-05 0.0044
    2.2389E+01   1.17185E-05 0.0044
    2.3037E+01   6.12031E-05 0.0040
    2.3703E+01   9.52323E-06 0.0043
    2.4389E+01   5.30105E-05 0.0040
    2.5094E+01   9.09200E-06 0.0044
    2.5820E+01   9.23194E-06 0.0044
    2.6567E+01   5.00293E-05 0.0041
    2.7336E+01   8.05954E-06 0.0043
    2.8127E+01   4.58316E-05 0.0041
    2.8940E+01   7.30416E-06 0.0043
    2.9777E+01   3.86463E-05 0.0041
    3.0639E+01   6.38491E-06 0.0043
    3.1525E+01   5.71879E-06 0.0043
    3.2437E+01   3.13006E-05 0.0041
    3.3376E+01   4.59695E-06 0.0043
    3.4341E+01   2.52184E-05 0.0041
    3.5335E+01   4.40865E-06 0.0043
    3.6357E+01   3.66748E-06 0.0043
    3.7409E+01   2.09220E-05 0.0040
    3.8491E+01   3.16505E-06 0.0043
    3.9604E+01   1.74972E-05 0.0040
    4.0750E+01   3.17811E-06 0.0042
    4.1929E+01   2.60772E-06 0.0043
    4.3142E+01   1.53432E-05 0.0040
    4.4390E+01   2.28818E-06 0.0043
    4.5674E+01   1.32153E-05 0.0040
    4.6996E+01   2.37909E-06 0.0042
    4.8355E+01   1.92987E-06 0.0043
    4.9754E+01   1.17779E-05 0.0040
    5.1193E+01   1.69861E-06 0.0043
    5.2674E+01   1.01912E-05 0.0040
    5.4198E+01   1.79842E-06 0.0042
    5.5766E+01   1.50291E-06 0.0043
    5.7379E+01   9.01583E-06 0.0040
    5.9039E+01   1.25702E-06 0.0043
    6.0747E+01   7.83620E-06 0.0040
    6.2505E+01   1.30892E-06 0.0042
    6.4313E+01   6.58145E-06 0.0040
    6.6174E+01   1.41187E-06 0.0041
    6.8088E+01   9.30109E-07 0.0042
    7.0058E+01   5.97716E-06 0.0040
    7.2084E+01   9.20828E-07 0.0042
    7.4170E+01   5.02333E-06 0.0039
    7.6315E+01   1.00425E-06 0.0041
    7.8523E+01   7.04424E-07 0.0042
    8.0795E+01   4.50062E-06 0.0039
    8.3132E+01   6.35466E-07 0.0042
    8.5537E+01   3.83618E-06 0.0039
    8.8012E+01   6.79656E-07 0.0041
    9.0558E+01   3.21248E-06 0.0039
    9.3178E+01   7.12617E-07 0.0040
    9.5873E+01   4.66314E-07 0.0042
    9.8647E+01   2.92664E-06 0.0039
    1.0150E+02   4.26123E-07 0.0041
    1.0444E+02   2.49137E-06 0.0039
    1.0746E+02   4.32331E-07 0.0041
    1.1057E+02   2.08617E-06 0.0039
    1.1377E+02   4.40051E-07 0.0040
    1.1706E+02   3.02583E-07 0.0041
    1.2044E+02   1.87025E-06 0.0039
    1.2393E+02   2.65901E-07 0.0041
    1.2751E+02   1.59422E-06 0.0039
    1.3120E+02   2.68583E-07 0.0041
    1.3500E+02   1.33024E-06 0.0039
    1.3890E+02   2.76467E-07 0.0040
    1.4292E+02   1.90230E-07 0.0041
    1.4706E+02   1.18608E-06 0.0039
    1.5131E+02   1.70486E-07 0.0041
    1.5569E+02   1.00344E-06 0.0039
    1.6019E+02   1.76708E-07 0.0040
    1.6483E+02   8.34819E-07 0.0039
    1.6959E+02   1.79467E-07 0.0040
    1.7450E+02   1.18286E-07 0.0041
    1.7955E+02   7.47316E-07 0.0039
    1.8474E+02   1.14367E-07 0.0041
    1.9009E+02   6.23612E-07 0.0039
    1.9559E+02   1.21309E-07 0.0040
    2.0124E+02   8.88136E-08 0.0041
    2.0707E+02   5.47861E-07 0.0039
    2.1306E+02   7.78410E-08 0.0041
    2.1922E+02   4.64249E-07 0.0039
    2.2556E+02   8.12100E-08 0.0040
    2.3209E+02   6.99168E-08 0.0041
    2.3880E+02   3.98386E-07 0.0039
    2.4571E+02   5.53762E-08 0.0041
    2.5282E+02   3.44605E-07 0.0039
    2.6013E+02   5.44812E-08 0.0040
    2.6766E+02   2.88980E-07 0.0039
    2.7540E+02   5.72491E-08 0.0040
    2.8337E+02   4.36213E-08 0.0041
    2.9157E+02   2.54579E-07 0.0039
    3.0000E+02   3.71719E-08 0.0041
      total      2.92419E-03 0.0013
 
 cell  500                                                                                                                             
 user bin total
    s(e) (MeV/cm)
    1.0000E+00   0.00000E+00 0.0000
    1.0289E+00   0.00000E+00 0.0000
    1.0587E+00   0.00000E+00 0.0000
    1.0893E+00   0.00000E+00 0.0000
    1.1208E+00   0.00000E+00 0.0000
    1.1533E+00   0.00000E+00 0.0000
    1.1866E+00   0.00000E+00 0.0000
    1.2210E+00   0.00000E+00 0.0000
    1.2563E+00   0.00000E+00 0.0000
    1.2926E+00   0.00000E+00 0.0000
    1.3300E+00   0.00000E+00 0.0000
    1.3685E+00   0.00000E+00 0.0000
    1.4081E+00   0.00000E+00 0.0000
    1.4488E+00   0.00000E+00 0.0000
    1.4907E+00   0.00000E+00 0.0000
    1.5339E+00   0.00000E+00 0.0000
    1.5782E+00   0.00000E+00 0.0000
    1.6239E+00   0.00000E+00 0.0000
    1.6709E+00   0.00000E+00 0.0000
    1.7192E+00   0.00000E+00 0.0000
    1.7689E+00   0.00000E+00 0.0000
    1.8201E+00   0.00000E+00 0.0000
    1.8728E+00   0.00000E+00 0.0000
    1.9269E+00   0.00000E+00 0.0000
    1.9827E+00   0.00000E+00 0.0000
    2.0400E+00   0.00000E+00 0.0000
    2.0991E+00   0.00000E+00 0.0000
    2.1598E+00   0.00000E+00 0.0000
    2.2223E+00   0.00000E+00 0.0000
    2.2866E+00   0.00000E+00 0.0000
    2.3527E+00   0.00000E+00 0.0000
    2.4208E+00   0.00000E+00 0.0000
    2.4908E+00   0.00000E+00 0.0000
    2.5629E+00   0.00000E+00 0.0000
    2.6370E+00   0.00000E+00 0.0000
    2.7133E+00   0.00000E+00 0.0000
    2.7918E+00   0.00000E+00 0.0000
    2.8725E+00   0.00000E+00 0.0000
    2.9557E+00   0.00000E+00 0.0000
    3.0412E+00   0.00000E+00 0.0000
    3.1291E+00   0.00000E+00 0.0000
    3.2197E+00   0.00000E+00 0.0000
    3.3128E+00   0.00000E+00 0.0000
    3.4086E+00   0.00000E+00 0.0000
    3.5072E+00   0.00000E+00 0.0000
    3.6087E+00   0.00000E+00 0.0000
    3.7131E+00   0.00000E+00 0.0000
    3.8205E+00   0.00000E+00 0.0000
    3.9311E+00   0.00000E+00 0.0000
    4.0448E+00   0.00000E+00 0.0000
    4.1618E+00   0.00000E+00 0.0000
    4.2822E+00   0.00000E+00 0.0000
    4.4061E+00   0.00000E+00 0.0000
    4.5335E+00   0.00000E+00 0.0000
    4.6647E+00   0.00000E+00 0.0000
    4.7996E+00   0.00000E+00 0.0000
    4.9385E+00   0.00000E+00 0.0000
    5.0814E+00   0.00000E+00 0.0000
    5.2284E+00   0.00000E+00 0.0000
    5.3796E+00   0.00000E+00 0.0000
    5.5352E+00   0.00000E+00 0.0000
    5.6954E+00   0.00000E+00 0.0000
    5.8601E+00   0.00000E+00 0.0000
    6.0297E+00   0.00000E+00 0.0000
    6.2041E+00   0.00000E+00 0.0000
    6.3836E+00   0.00000E+00 0.0000
    6.5683E+00   0.00000E+00 0.0000
    6.7583E+00   0.00000E+00 0.0000
    6.9538E+00   0.00000E+00 0.0000
    7.1550E+00   0.00000E+00 0.0000
    7.3619E+00   0.00000E+00 0.0000
    7.5749E+00   8.97956E-11 1.0000
    7.7941E+00   2.55165E-10 0.5960
    8.0195E+00   0.00000E+00 0.0000
    8.2515E+00   3.71303E-10 0.5002
    8.4902E+00   0.00000E+00 0.0000
    8.7359E+00   8.52556E-10 0.3340
    8.9886E+00   0.00000E+00 0.0000
    9.2486E+00   5.24893E-08 0.0696
    9.5162E+00   7.19861E-08 0.0486
    9.7915E+00   1.70077E-07 0.0332
    1.0075E+01   1.90051E-04 0.0050
    1.0366E+01   2.05148E-05 0.0054
    1.0666E+01   2.62961E-04 0.0041
    1.0975E+01   1.76308E-05 0.0054
    1.1292E+01   2.58181E-04 0.0041
    1.1619E+01   2.12545E-05 0.0050
    1.1955E+01   2.11510E-05 0.0049
    1.2301E+01   2.51638E-04 0.0040
    1.2657E+01   2.49429E-05 0.0048
    1.3023E+01   2.00551E-04 0.0039
    1.3400E+01   3.09636E-05 0.0046
    1.3787E+01   3.06477E-05 0.0046
    1.4186E+01   1.65198E-04 0.0039
    1.4596E+01   2.79999E-05 0.0047
    1.5019E+01   1.66112E-04 0.0041
    1.5453E+01   2.36470E-05 0.0047
    1.5900E+01   1.26828E-04 0.0040
    1.6360E+01   2.03379E-05 0.0046
    1.6834E+01   2.20526E-05 0.0045
    1.7321E+01   1.32702E-04 0.0041
    1.7822E+01   1.69235E-05 0.0045
    1.8337E+01   9.90732E-05 0.0040
    1.8868E+01   1.47305E-05 0.0044
    1.9413E+01   1.55975E-05 0.0044
    1.9975E+01   9.51263E-05 0.0041
    2.0553E+01   1.68076E-05 0.0044
    2.1148E+01   8.35753E-05 0.0041
    2.1759E+01   1.18098E-05 0.0044
    2.2389E+01   1.18058E-05 0.0044
    2.3037E+01   6.16701E-05 0.0040
    2.3703E+01   9.59251E-06 0.0043
    2.4389E+01   5.34151E-05 0.0040
    2.5094E+01   9.16509E-06 0.0044
    2.5820E+01   9.30389E-06 0.0044
    2.6567E+01   5.04197E-05 0.0041
    2.7336E+01   8.12314E-06 0.0043
    2.8127E+01   4.61924E-05 0.0041
    2.8940E+01   7.36344E-06 0.0043
    2.9777E+01   3.89484E-05 0.0041
    3.0639E+01   6.43278E-06 0.0043
    3.1525E+01   5.76225E-06 0.0043
    3.2437E+01   3.15377E-05 0.0041
    3.3376E+01   4.63101E-06 0.0043
    3.4341E+01   2.54071E-05 0.0041
    3.5335E+01   4.44049E-06 0.0043
    3.6357E+01   3.69476E-06 0.0043
    3.7409E+01   2.10775E-05 0.0040
    3.8491E+01   3.18866E-06 0.0043
    3.9604E+01   1.76277E-05 0.0040
    4.0750E+01   3.20221E-06 0.0042
    4.1929E+01   2.62781E-06 0.0043
    4.3142E+01   1.54595E-05 0.0040
    4.4390E+01   2.30604E-06 0.0043
    4.5674E+01   1.33156E-05 0.0040
    4.6996E+01   2.39697E-06 0.0042
    4.8355E+01   1.94435E-06 0.0043
    4.9754E+01   1.18665E-05 0.0040
    5.1193E+01   1.71155E-06 0.0043
    5.2674E+01   1.02669E-05 0.0040
    5.4198E+01   1.81223E-06 0.0042
    5.5766E+01   1.51386E-06 0.0043
    5.7379E+01   9.08364E-06 0.0040
    5.9039E+01   1.26653E-06 0.0043
    6.0747E+01   7.89560E-06 0.0040
    6.2505E+01   1.31853E-06 0.0042
    6.4313E+01   6.63138E-06 0.0040
    6.6174E+01   1.42246E-06 0.0041
    6.8088E+01   9.37245E-07 0.0042
    7.0058E+01   6.02265E-06 0.0040
    7.2084E+01   9.27872E-07 0.0042
    7.4170E+01   5.06159E-06 0.0040
    7.6315E+01   1.01178E-06 0.0041
    7.8523E+01   7.09967E-07 0.0042
    8.0795E+01   4.53490E-06 0.0039
    8.3132E+01   6.40180E-07 0.0042
    8.5537E+01   3.86539E-06 0.0039
    8.8012E+01   6.84728E-07 0.0041
    9.0558E+01   3.23677E-06 0.0039
    9.3178E+01   7.18123E-07 0.0040
    9.5873E+01   4.69775E-07 0.0042
    9.8647E+01   2.94887E-06 0.0039
    1.0150E+02   4.29293E-07 0.0041
    1.0444E+02   2.51020E-06 0.0039
    1.0746E+02   4.35626E-07 0.0041
    1.1057E+02   2.10187E-06 0.0039
    1.1377E+02   4.43465E-07 0.0040
    1.1706E+02   3.04821E-07 0.0041
    1.2044E+02   1.88441E-06 0.0039
    1.2393E+02   2.67894E-07 0.0041
    1.2751E+02   1.60631E-06 0.0039
    1.3120E+02   2.70582E-07 0.0041
    1.3500E+02   1.34030E-06 0.0039
    1.3890E+02   2.78551E-07 0.0040
    1.4292E+02   1.91637E-07 0.0041
    1.4706E+02   1.19508E-06 0.0039
    1.5131E+02   1.71745E-07 0.0041
    1.5569E+02   1.01105E-06 0.0039
    1.6019E+02   1.78034E-07 0.0040
    1.6483E+02   8.41141E-07 0.0039
    1.6959E+02   1.80789E-07 0.0040
    1.7450E+02   1.19202E-07 0.0041
    1.7955E+02   7.52964E-07 0.0039
    1.8474E+02   1.15214E-07 0.0041
    1.9009E+02   6.28332E-07 0.0039
    1.9559E+02   1.22219E-07 0.0040
    2.0124E+02   8.94954E-08 0.0041
    2.0707E+02   5.51994E-07 0.0039
    2.1306E+02   7.84357E-08 0.0041
    2.1922E+02   4.67772E-07 0.0039
    2.2556E+02   8.18049E-08 0.0040
    2.3209E+02   7.04578E-08 0.0041
    2.3880E+02   4.01397E-07 0.0039
    2.4571E+02   5.57746E-08 0.0041
    2.5282E+02   3.47216E-07 0.0039
    2.6013E+02   5.48828E-08 0.0040
    2.6766E+02   2.91155E-07 0.0039
    2.7540E+02   5.76765E-08 0.0040
    2.8337E+02   4.39519E-08 0.0041
    2.9157E+02   2.56489E-07 0.0039
    3.0000E+02   3.74558E-08 0.0041
      total      2.94718E-03 0.0013
 
 cell  501                                                                                                                             
 user bin          -1.00000
    s(e) (MeV/cm)
    1.0000E+00   0.00000E+00 0.0000
    1.0289E+00   0.00000E+00 0.0000
    1.0587E+00   0.00000E+00 0.0000
    1.0893E+00   0.00000E+00 0.0000
    1.1208E+00   0.00000E+00 0.0000
    1.1533E+00   0.00000E+00 0.0000
    1.1866E+00   0.00000E+00 0.0000
    1.2210E+00   0.00000E+00 0.0000
    1.2563E+00   0.00000E+00 0.0000
    1.2926E+00   0.00000E+00 0.0000
    1.3300E+00   0.00000E+00 0.0000
    1.3685E+00   0.00000E+00 0.0000
    1.4081E+00   0.00000E+00 0.0000
    1.4488E+00   0.00000E+00 0.0000
    1.4907E+00   0.00000E+00 0.0000
    1.5339E+00   0.00000E+00 0.0000
    1.5782E+00   0.00000E+00 0.0000
    1.6239E+00   0.00000E+00 0.0000
    1.6709E+00   0.00000E+00 0.0000
    1.7192E+00   0.00000E+00 0.0000
    1.7689E+00   0.00000E+00 0.0000
    1.8201E+00   0.00000E+00 0.0000
    1.8728E+00   0.00000E+00 0.0000
    1.9269E+00   0.00000E+00 0.0000
    1.9827E+00   0.00000E+00 0.0000
    2.0400E+00   0.00000E+00 0.0000
    2.0991E+00   0.00000E+00 0.0000
    2.1598E+00   0.00000E+00 0.0000
    2.2223E+00   0.00000E+00 0.0000
    2.2866E+00   0.00000E+00 0.0000
    2.3527E+00   0.00000E+00 0.0000
    2.4208E+00   0.00000E+00 0.0000
    2.4908E+00   0.00000E+00 0.0000
    2.5629E+00   0.00000E+00 0.0000
    2.6370E+00   0.00000E+00 0.0000
    2.7133E+00   0.00000E+00 0.0000
    2.7918E+00   0.00000E+00 0.0000
    2.8725E+00   0.00000E+00 0.0000
    2.9557E+00   0.00000E+00 0.0000
    3.0412E+00   0.00000E+00 0.0000
    3.1291E+00   0.00000E+00 0.0000
    3.2197E+00   0.00000E+00 0.0000
    3.3128E+00   0.00000E+00 0.0000
    3.4086E+00   0.00000E+00 0.0000
    3.5072E+00   0.00000E+00 0.0000
    3.6087E+00   0.00000E+00 0.0000
    3.7131E+00   0.00000E+00 0.0000
    3.8205E+00   0.00000E+00 0.0000
    3.9311E+00   0.00000E+00 0.0000
    4.0448E+00   0.00000E+00 0.0000
    4.1618E+00   0.00000E+00 0.0000
    4.2822E+00   0.00000E+00 0.0000
    4.4061E+00   0.00000E+00 0.0000
    4.5335E+00   0.00000E+00 0.0000
    4.6647E+00   0.00000E+00 0.0000
    4.7996E+00   0.00000E+00 0.0000
    4.9385E+00   0.00000E+00 0.0000
    5.0814E+00   0.00000E+00 0.0000
    5.2284E+00   0.00000E+00 0.0000
    5.3796E+00   0.00000E+00 0.0000
    5.5352E+00   0.00000E+00 0.0000
    5.6954E+00   0.00000E+00 0.0000
    5.8601E+00   0.00000E+00 0.0000
    6.0297E+00   0.00000E+00 0.0000
    6.2041E+00   0.00000E+00 0.0000
    6.3836E+00   0.00000E+00 0.0000
    6.5683E+00   0.00000E+00 0.0000
    6.7583E+00   0.00000E+00 0.0000
    6.9538E+00   0.00000E+00 0.0000
    7.1550E+00   0.00000E+00 0.0000
    7.3619E+00   0.00000E+00 0.0000
    7.5749E+00   0.00000E+00 0.0000
    7.7941E+00   0.00000E+00 0.0000
    8.0195E+00   0.00000E+00 0.0000
    8.2515E+00   0.00000E+00 0.0000
    8.4902E+00   0.00000E+00 0.0000
    8.7359E+00   0.00000E+00 0.0000
    8.9886E+00   0.00000E+00 0.0000
    9.2486E+00   3.37775E-09 0.1622
    9.5162E+00   3.64822E-09 0.1562
    9.7915E+00   6.76299E-09 0.1147
    1.0075E+01   1.89222E-06 0.0068
    1.0366E+01   1.29798E-07 0.0262
    1.0666E+01   2.07762E-06 0.0065
    1.0975E+01   1.38224E-07 0.0254
    1.1292E+01   2.12231E-06 0.0065
    1.1619E+01   1.68524E-07 0.0230
    1.1955E+01   1.86563E-07 0.0218
    1.2301E+01   2.03069E-06 0.0066
    1.2657E+01   1.72269E-07 0.0227
    1.3023E+01   1.74287E-06 0.0071
    1.3400E+01   2.11456E-07 0.0205
    1.3787E+01   2.03075E-07 0.0209
    1.4186E+01   1.33956E-06 0.0081
    1.4596E+01   2.45142E-07 0.0191
    1.5019E+01   1.21977E-06 0.0085
    1.5453E+01   1.69336E-07 0.0222
    1.5900E+01   1.10739E-06 0.0088
    1.6360E+01   1.76571E-07 0.0197
    1.6834E+01   1.84136E-07 0.0193
    1.7321E+01   9.51469E-07 0.0090
    1.7822E+01   1.16985E-07 0.0218
    1.8337E+01   8.21052E-07 0.0096
    1.8868E+01   1.31533E-07 0.0190
    1.9413E+01   1.44496E-07 0.0181
    1.9975E+01   7.91394E-07 0.0094
    2.0553E+01   1.21400E-07 0.0191
    2.1148E+01   5.64062E-07 0.0109
    2.1759E+01   8.37959E-08 0.0210
    2.2389E+01   8.36252E-08 0.0210
    2.3037E+01   4.77266E-07 0.0111
    2.3703E+01   8.42364E-08 0.0192
    2.4389E+01   4.69302E-07 0.0107
    2.5094E+01   7.91081E-08 0.0188
    2.5820E+01   8.35823E-08 0.0183
    2.6567E+01   4.16817E-07 0.0107
    2.7336E+01   6.14990E-08 0.0193
    2.8127E+01   3.35067E-07 0.0112
    2.8940E+01   5.17871E-08 0.0199
    2.9777E+01   2.60517E-07 0.0120
    3.0639E+01   4.11049E-08 0.0204
    3.1525E+01   3.93560E-08 0.0208
    3.2437E+01   2.12895E-07 0.0124
    3.3376E+01   3.23909E-08 0.0213
    3.4341E+01   1.84706E-07 0.0124
    3.5335E+01   3.25038E-08 0.0198
    3.6357E+01   2.84879E-08 0.0211
    3.7409E+01   1.63981E-07 0.0123
    3.8491E+01   2.58278E-08 0.0205
    3.9604E+01   1.43092E-07 0.0122
    4.0750E+01   2.65519E-08 0.0187
    4.1929E+01   2.25345E-08 0.0203
    4.3142E+01   1.30656E-07 0.0120
    4.4390E+01   2.04233E-08 0.0198
    4.5674E+01   1.14613E-07 0.0118
    4.6996E+01   2.10094E-08 0.0180
    4.8355E+01   1.67532E-08 0.0201
    4.9754E+01   1.02973E-07 0.0117
    5.1193E+01   1.51608E-08 0.0196
    5.2674E+01   8.85719E-08 0.0116
    5.4198E+01   1.58812E-08 0.0177
    5.5766E+01   1.32067E-08 0.0194
    5.7379E+01   7.71841E-08 0.0116
    5.9039E+01   1.07399E-08 0.0199
    6.0747E+01   6.64845E-08 0.0116
    6.2505E+01   1.09999E-08 0.0182
    6.4313E+01   5.49812E-08 0.0116
    6.6174E+01   1.19149E-08 0.0162
    6.8088E+01   7.58917E-09 0.0203
    7.0058E+01   4.94336E-08 0.0116
    7.2084E+01   7.73610E-09 0.0186
    7.4170E+01   4.11062E-08 0.0116
    7.6315E+01   8.27198E-09 0.0166
    7.8523E+01   5.77283E-09 0.0199
    8.0795E+01   3.62969E-08 0.0116
    8.3132E+01   5.28043E-09 0.0193
    8.5537E+01   3.07538E-08 0.0117
    8.8012E+01   5.39123E-09 0.0176
    9.0558E+01   2.55799E-08 0.0117
    9.3178E+01   5.61759E-09 0.0160
    9.5873E+01   3.72217E-09 0.0197
    9.8647E+01   2.31203E-08 0.0117
    1.0150E+02   3.31277E-09 0.0193
    1.0444E+02   1.95403E-08 0.0117
    1.0746E+02   3.35479E-09 0.0178
    1.1057E+02   1.61940E-08 0.0118
    1.1377E+02   3.46766E-09 0.0162
    1.1706E+02   2.32755E-09 0.0198
    1.2044E+02   1.44575E-08 0.0118
    1.2393E+02   2.04276E-09 0.0196
    1.2751E+02   1.22400E-08 0.0118
    1.3120E+02   2.05525E-09 0.0181
    1.3500E+02   1.01895E-08 0.0118
    1.3890E+02   2.12906E-09 0.0164
    1.4292E+02   1.45606E-09 0.0199
    1.4706E+02   9.06300E-09 0.0118
    1.5131E+02   1.33217E-09 0.0193
    1.5569E+02   7.61152E-09 0.0118
    1.6019E+02   1.35294E-09 0.0177
    1.6483E+02   6.31196E-09 0.0118
    1.6959E+02   1.35678E-09 0.0163
    1.7450E+02   8.97598E-10 0.0201
    1.7955E+02   5.63607E-09 0.0118
    1.8474E+02   8.90561E-10 0.0187
    1.9009E+02   4.69185E-09 0.0119
    1.9559E+02   9.02212E-10 0.0172
    2.0124E+02   6.83243E-10 0.0197
    2.0707E+02   4.11695E-09 0.0118
    2.1306E+02   5.82114E-10 0.0198
    2.1922E+02   3.49378E-09 0.0119
    2.2556E+02   6.03996E-10 0.0180
    2.3209E+02   5.33859E-10 0.0191
    2.3880E+02   2.98415E-09 0.0118
    2.4571E+02   4.16521E-10 0.0200
    2.5282E+02   2.59307E-09 0.0119
    2.6013E+02   4.03407E-10 0.0188
    2.6766E+02   2.17351E-09 0.0119
    2.7540E+02   4.29383E-10 0.0169
    2.8337E+02   3.26763E-10 0.0194
    2.9157E+02   1.90657E-09 0.0118
    3.0000E+02   2.77623E-10 0.0194
      total      2.37953E-05 0.0019
 
 cell  501                                                                                                                             
 user bin 10000000000.00000
    s(e) (MeV/cm)
    1.0000E+00   0.00000E+00 0.0000
    1.0289E+00   0.00000E+00 0.0000
    1.0587E+00   0.00000E+00 0.0000
    1.0893E+00   0.00000E+00 0.0000
    1.1208E+00   0.00000E+00 0.0000
    1.1533E+00   0.00000E+00 0.0000
    1.1866E+00   0.00000E+00 0.0000
    1.2210E+00   0.00000E+00 0.0000
    1.2563E+00   0.00000E+00 0.0000
    1.2926E+00   0.00000E+00 0.0000
    1.3300E+00   0.00000E+00 0.0000
    1.3685E+00   0.00000E+00 0.0000
    1.4081E+00   0.00000E+00 0.0000
    1.4488E+00   0.00000E+00 0.0000
    1.4907E+00   0.00000E+00 0.0000
    1.5339E+00   0.00000E+00 0.0000
    1.5782E+00   0.00000E+00 0.0000
    1.6239E+00   0.00000E+00 0.0000
    1.6709E+00   0.00000E+00 0.0000
    1.7192E+00   0.00000E+00 0.0000
    1.7689E+00   0.00000E+00 0.0000
    1.8201E+00   0.00000E+00 0.0000
    1.8728E+00   0.00000E+00 0.0000
    1.9269E+00   0.00000E+00 0.0000
    1.9827E+00   0.00000E+00 0.0000
    2.0400E+00   0.00000E+00 0.0000
    2.0991E+00   0.00000E+00 0.0000
    2.1598E+00   0.00000E+00 0.0000
    2.2223E+00   0.00000E+00 0.0000
    2.2866E+00   0.00000E+00 0.0000
    2.3527E+00   0.00000E+00 0.0000
    2.4208E+00   0.00000E+00 0.0000
    2.4908E+00   0.00000E+00 0.0000
    2.5629E+00   0.00000E+00 0.0000
    2.6370E+00   0.00000E+00 0.0000
    2.7133E+00   0.00000E+00 0.0000
    2.7918E+00   0.00000E+00 0.0000
    2.8725E+00   0.00000E+00 0.0000
    2.9557E+00   0.00000E+00 0.0000
    3.0412E+00   0.00000E+00 0.0000
    3.1291E+00   0.00000E+00 0.0000
    3.2197E+00   0.00000E+00 0.0000
    3.3128E+00   0.00000E+00 0.0000
    3.4086E+00   0.00000E+00 0.0000
    3.5072E+00   0.00000E+00 0.0000
    3.6087E+00   0.00000E+00 0.0000
    3.7131E+00   0.00000E+00 0.0000
    3.8205E+00   0.00000E+00 0.0000
    3.9311E+00   0.00000E+00 0.0000
    4.0448E+00   0.00000E+00 0.0000
    4.1618E+00   0.00000E+00 0.0000
    4.2822E+00   0.00000E+00 0.0000
    4.4061E+00   0.00000E+00 0.0000
    4.5335E+00   0.00000E+00 0.0000
    4.6647E+00   0.00000E+00 0.0000
    4.7996E+00   0.00000E+00 0.0000
    4.9385E+00   0.00000E+00 0.0000
    5.0814E+00   0.00000E+00 0.0000
    5.2284E+00   0.00000E+00 0.0000
    5.3796E+00   0.00000E+00 0.0000
    5.5352E+00   0.00000E+00 0.0000
    5.6954E+00   0.00000E+00 0.0000
    5.8601E+00   0.00000E+00 0.0000
    6.0297E+00   0.00000E+00 0.0000
    6.2041E+00   0.00000E+00 0.0000
    6.3836E+00   0.00000E+00 0.0000
    6.5683E+00   0.00000E+00 0.0000
    6.7583E+00   0.00000E+00 0.0000
    6.9538E+00   0.00000E+00 0.0000
    7.1550E+00   3.91817E-11 1.0000
    7.3619E+00   0.00000E+00 0.0000
    7.5749E+00   0.00000E+00 0.0000
    7.7941E+00   1.48612E-10 0.7217
    8.0195E+00   9.63512E-11 1.0000
    8.2515E+00   2.74080E-10 0.5774
    8.4902E+00   0.00000E+00 0.0000
    8.7359E+00   7.65928E-10 0.3541
    8.9886E+00   9.33501E-11 1.0000
    9.2486E+00   3.74847E-07 0.0326
    9.5162E+00   4.21036E-07 0.0233
    9.7915E+00   8.53476E-07 0.0180
    1.0075E+01   2.32309E-04 0.0048
    1.0366E+01   1.68380E-05 0.0054
    1.0666E+01   2.61252E-04 0.0042
    1.0975E+01   1.80334E-05 0.0053
    1.1292E+01   2.65408E-04 0.0041
    1.1619E+01   2.09186E-05 0.0049
    1.1955E+01   2.33761E-05 0.0049
    1.2301E+01   2.54562E-04 0.0040
    1.2657E+01   2.19183E-05 0.0048
    1.3023E+01   2.18876E-04 0.0040
    1.3400E+01   2.73242E-05 0.0047
    1.3787E+01   2.60609E-05 0.0047
    1.4186E+01   1.69461E-04 0.0040
    1.4596E+01   3.15403E-05 0.0046
    1.5019E+01   1.54594E-04 0.0041
    1.5453E+01   2.19382E-05 0.0047
    1.5900E+01   1.41534E-04 0.0040
    1.6360E+01   2.22534E-05 0.0045
    1.6834E+01   2.27065E-05 0.0045
    1.7321E+01   1.21807E-04 0.0040
    1.7822E+01   1.55952E-05 0.0045
    1.8337E+01   1.04216E-04 0.0040
    1.8868E+01   1.67397E-05 0.0044
    1.9413E+01   1.74906E-05 0.0043
    1.9975E+01   9.81045E-05 0.0041
    2.0553E+01   1.55981E-05 0.0044
    2.1148E+01   7.43034E-05 0.0041
    2.1759E+01   1.06828E-05 0.0044
    2.2389E+01   1.09857E-05 0.0044
    2.3037E+01   6.21323E-05 0.0040
    2.3703E+01   1.05286E-05 0.0043
    2.4389E+01   5.99210E-05 0.0041
    2.5094E+01   1.01634E-05 0.0043
    2.5820E+01   1.01714E-05 0.0043
    2.6567E+01   5.27022E-05 0.0041
    2.7336E+01   7.98221E-06 0.0043
    2.8127E+01   4.36924E-05 0.0041
    2.8940E+01   6.68965E-06 0.0044
    2.9777E+01   3.47569E-05 0.0041
    3.0639E+01   5.72154E-06 0.0043
    3.1525E+01   5.12094E-06 0.0044
    3.2437E+01   2.83765E-05 0.0041
    3.3376E+01   4.27813E-06 0.0043
    3.4341E+01   2.40800E-05 0.0041
    3.5335E+01   4.36109E-06 0.0043
    3.6357E+01   3.66780E-06 0.0044
    3.7409E+01   2.14916E-05 0.0041
    3.8491E+01   3.37867E-06 0.0043
    3.9604E+01   1.89062E-05 0.0041
    4.0750E+01   3.51618E-06 0.0042
    4.1929E+01   2.89035E-06 0.0043
    4.3142E+01   1.71212E-05 0.0040
    4.4390E+01   2.58475E-06 0.0043
    4.5674E+01   1.49283E-05 0.0040
    4.6996E+01   2.68849E-06 0.0042
    4.8355E+01   2.19172E-06 0.0043
    4.9754E+01   1.32991E-05 0.0040
    5.1193E+01   1.91977E-06 0.0042
    5.2674E+01   1.14369E-05 0.0040
    5.4198E+01   2.00529E-06 0.0042
    5.5766E+01   1.67479E-06 0.0042
    5.7379E+01   9.98962E-06 0.0040
    5.9039E+01   1.38295E-06 0.0042
    6.0747E+01   8.59729E-06 0.0040
    6.2505E+01   1.42306E-06 0.0042
    6.4313E+01   7.13207E-06 0.0040
    6.6174E+01   1.52313E-06 0.0041
    6.8088E+01   9.98072E-07 0.0042
    7.0058E+01   6.40537E-06 0.0040
    7.2084E+01   9.81064E-07 0.0042
    7.4170E+01   5.32429E-06 0.0039
    7.6315E+01   1.06002E-06 0.0041
    7.8523E+01   7.40762E-07 0.0042
    8.0795E+01   4.72832E-06 0.0039
    8.3132E+01   6.64231E-07 0.0042
    8.5537E+01   3.99586E-06 0.0039
    8.8012E+01   7.05191E-07 0.0041
    9.0558E+01   3.32166E-06 0.0039
    9.3178E+01   7.33369E-07 0.0040
    9.5873E+01   4.79474E-07 0.0042
    9.8647E+01   3.00780E-06 0.0039
    1.0150E+02   4.34213E-07 0.0041
    1.0444E+02   2.54648E-06 0.0039
    1.0746E+02   4.41117E-07 0.0041
    1.1057E+02   2.12087E-06 0.0039
    1.1377E+02   4.48020E-07 0.0040
    1.1706E+02   3.06187E-07 0.0041
    1.2044E+02   1.89516E-06 0.0039
    1.2393E+02   2.68698E-07 0.0041
    1.2751E+02   1.61044E-06 0.0039
    1.3120E+02   2.71492E-07 0.0041
    1.3500E+02   1.33938E-06 0.0039
    1.3890E+02   2.78143E-07 0.0040
    1.4292E+02   1.91514E-07 0.0041
    1.4706E+02   1.19167E-06 0.0039
    1.5131E+02   1.71047E-07 0.0041
    1.5569E+02   1.00661E-06 0.0039
    1.6019E+02   1.76919E-07 0.0040
    1.6483E+02   8.35994E-07 0.0039
    1.6959E+02   1.79505E-07 0.0040
    1.7450E+02   1.18599E-07 0.0041
    1.7955E+02   7.47049E-07 0.0039
    1.8474E+02   1.14585E-07 0.0041
    1.9009E+02   6.22493E-07 0.0039
    1.9559E+02   1.20980E-07 0.0040
    2.0124E+02   8.87204E-08 0.0041
    2.0707E+02   5.46702E-07 0.0039
    2.1306E+02   7.74704E-08 0.0041
    2.1922E+02   4.62965E-07 0.0039
    2.2556E+02   8.07189E-08 0.0040
    2.3209E+02   6.97867E-08 0.0041
    2.3880E+02   3.96753E-07 0.0039
    2.4571E+02   5.51210E-08 0.0041
    2.5282E+02   3.43085E-07 0.0039
    2.6013E+02   5.42346E-08 0.0041
    2.6766E+02   2.87433E-07 0.0039
    2.7540E+02   5.68642E-08 0.0040
    2.8337E+02   4.34067E-08 0.0041
    2.9157E+02   2.53059E-07 0.0039
    3.0000E+02   3.69690E-08 0.0041
      total      3.01594E-03 0.0013
 
 cell  501                                                                                                                             
 user bin total
    s(e) (MeV/cm)
    1.0000E+00   0.00000E+00 0.0000
    1.0289E+00   0.00000E+00 0.0000
    1.0587E+00   0.00000E+00 0.0000
    1.0893E+00   0.00000E+00 0.0000
    1.1208E+00   0.00000E+00 0.0000
    1.1533E+00   0.00000E+00 0.0000
    1.1866E+00   0.00000E+00 0.0000
    1.2210E+00   0.00000E+00 0.0000
    1.2563E+00   0.00000E+00 0.0000
    1.2926E+00   0.00000E+00 0.0000
    1.3300E+00   0.00000E+00 0.0000
    1.3685E+00   0.00000E+00 0.0000
    1.4081E+00   0.00000E+00 0.0000
    1.4488E+00   0.00000E+00 0.0000
    1.4907E+00   0.00000E+00 0.0000
    1.5339E+00   0.00000E+00 0.0000
    1.5782E+00   0.00000E+00 0.0000
    1.6239E+00   0.00000E+00 0.0000
    1.6709E+00   0.00000E+00 0.0000
    1.7192E+00   0.00000E+00 0.0000
    1.7689E+00   0.00000E+00 0.0000
    1.8201E+00   0.00000E+00 0.0000
    1.8728E+00   0.00000E+00 0.0000
    1.9269E+00   0.00000E+00 0.0000
    1.9827E+00   0.00000E+00 0.0000
    2.0400E+00   0.00000E+00 0.0000
    2.0991E+00   0.00000E+00 0.0000
    2.1598E+00   0.00000E+00 0.0000
    2.2223E+00   0.00000E+00 0.0000
    2.2866E+00   0.00000E+00 0.0000
    2.3527E+00   0.00000E+00 0.0000
    2.4208E+00   0.00000E+00 0.0000
    2.4908E+00   0.00000E+00 0.0000
    2.5629E+00   0.00000E+00 0.0000
    2.6370E+00   0.00000E+00 0.0000
    2.7133E+00   0.00000E+00 0.0000
    2.7918E+00   0.00000E+00 0.0000
    2.8725E+00   0.00000E+00 0.0000
    2.9557E+00   0.00000E+00 0.0000
    3.0412E+00   0.00000E+00 0.0000
    3.1291E+00   0.00000E+00 0.0000
    3.2197E+00   0.00000E+00 0.0000
    3.3128E+00   0.00000E+00 0.0000
    3.4086E+00   0.00000E+00 0.0000
    3.5072E+00   0.00000E+00 0.0000
    3.6087E+00   0.00000E+00 0.0000
    3.7131E+00   0.00000E+00 0.0000
    3.8205E+00   0.00000E+00 0.0000
    3.9311E+00   0.00000E+00 0.0000
    4.0448E+00   0.00000E+00 0.0000
    4.1618E+00   0.00000E+00 0.0000
    4.2822E+00   0.00000E+00 0.0000
    4.4061E+00   0.00000E+00 0.0000
    4.5335E+00   0.00000E+00 0.0000
    4.6647E+00   0.00000E+00 0.0000
    4.7996E+00   0.00000E+00 0.0000
    4.9385E+00   0.00000E+00 0.0000
    5.0814E+00   0.00000E+00 0.0000
    5.2284E+00   0.00000E+00 0.0000
    5.3796E+00   0.00000E+00 0.0000
    5.5352E+00   0.00000E+00 0.0000
    5.6954E+00   0.00000E+00 0.0000
    5.8601E+00   0.00000E+00 0.0000
    6.0297E+00   0.00000E+00 0.0000
    6.2041E+00   0.00000E+00 0.0000
    6.3836E+00   0.00000E+00 0.0000
    6.5683E+00   0.00000E+00 0.0000
    6.7583E+00   0.00000E+00 0.0000
    6.9538E+00   0.00000E+00 0.0000
    7.1550E+00   3.91817E-11 1.0000
    7.3619E+00   0.00000E+00 0.0000
    7.5749E+00   0.00000E+00 0.0000
    7.7941E+00   1.48612E-10 0.7217
    8.0195E+00   9.63512E-11 1.0000
    8.2515E+00   2.74080E-10 0.5774
    8.4902E+00   0.00000E+00 0.0000
    8.7359E+00   7.65928E-10 0.3541
    8.9886E+00   9.33501E-11 1.0000
    9.2486E+00   3.78225E-07 0.0326
    9.5162E+00   4.24684E-07 0.0233
    9.7915E+00   8.60239E-07 0.0179
    1.0075E+01   2.34201E-04 0.0048
    1.0366E+01   1.69678E-05 0.0054
    1.0666E+01   2.63330E-04 0.0042
    1.0975E+01   1.81716E-05 0.0053
    1.1292E+01   2.67531E-04 0.0041
    1.1619E+01   2.10871E-05 0.0049
    1.1955E+01   2.35627E-05 0.0049
    1.2301E+01   2.56593E-04 0.0040
    1.2657E+01   2.20905E-05 0.0048
    1.3023E+01   2.20619E-04 0.0040
    1.3400E+01   2.75356E-05 0.0047
    1.3787E+01   2.62640E-05 0.0047
    1.4186E+01   1.70801E-04 0.0040
    1.4596E+01   3.17854E-05 0.0046
    1.5019E+01   1.55814E-04 0.0041
    1.5453E+01   2.21075E-05 0.0047
    1.5900E+01   1.42642E-04 0.0041
    1.6360E+01   2.24300E-05 0.0045
    1.6834E+01   2.28906E-05 0.0045
    1.7321E+01   1.22758E-04 0.0040
    1.7822E+01   1.57122E-05 0.0045
    1.8337E+01   1.05037E-04 0.0040
    1.8868E+01   1.68713E-05 0.0044
    1.9413E+01   1.76351E-05 0.0043
    1.9975E+01   9.88959E-05 0.0041
    2.0553E+01   1.57195E-05 0.0044
    2.1148E+01   7.48675E-05 0.0041
    2.1759E+01   1.07666E-05 0.0044
    2.2389E+01   1.10693E-05 0.0044
    2.3037E+01   6.26096E-05 0.0040
    2.3703E+01   1.06129E-05 0.0043
    2.4389E+01   6.03903E-05 0.0041
    2.5094E+01   1.02425E-05 0.0043
    2.5820E+01   1.02550E-05 0.0043
    2.6567E+01   5.31190E-05 0.0041
    2.7336E+01   8.04371E-06 0.0043
    2.8127E+01   4.40274E-05 0.0041
    2.8940E+01   6.74144E-06 0.0044
    2.9777E+01   3.50174E-05 0.0041
    3.0639E+01   5.76265E-06 0.0043
    3.1525E+01   5.16030E-06 0.0044
    3.2437E+01   2.85894E-05 0.0041
    3.3376E+01   4.31052E-06 0.0043
    3.4341E+01   2.42647E-05 0.0041
    3.5335E+01   4.39359E-06 0.0043
    3.6357E+01   3.69628E-06 0.0044
    3.7409E+01   2.16556E-05 0.0041
    3.8491E+01   3.40450E-06 0.0043
    3.9604E+01   1.90493E-05 0.0041
    4.0750E+01   3.54273E-06 0.0042
    4.1929E+01   2.91289E-06 0.0043
    4.3142E+01   1.72519E-05 0.0040
    4.4390E+01   2.60517E-06 0.0043
    4.5674E+01   1.50429E-05 0.0040
    4.6996E+01   2.70950E-06 0.0042
    4.8355E+01   2.20848E-06 0.0043
    4.9754E+01   1.34021E-05 0.0040
    5.1193E+01   1.93493E-06 0.0042
    5.2674E+01   1.15255E-05 0.0040
    5.4198E+01   2.02117E-06 0.0042
    5.5766E+01   1.68799E-06 0.0042
    5.7379E+01   1.00668E-05 0.0040
    5.9039E+01   1.39369E-06 0.0042
    6.0747E+01   8.66377E-06 0.0040
    6.2505E+01   1.43406E-06 0.0042
    6.4313E+01   7.18705E-06 0.0040
    6.6174E+01   1.53504E-06 0.0041
    6.8088E+01   1.00566E-06 0.0042
    7.0058E+01   6.45480E-06 0.0040
    7.2084E+01   9.88800E-07 0.0042
    7.4170E+01   5.36540E-06 0.0040
    7.6315E+01   1.06829E-06 0.0041
    7.8523E+01   7.46535E-07 0.0042
    8.0795E+01   4.76461E-06 0.0039
    8.3132E+01   6.69512E-07 0.0042
    8.5537E+01   4.02661E-06 0.0039
    8.8012E+01   7.10582E-07 0.0041
    9.0558E+01   3.34724E-06 0.0039
    9.3178E+01   7.38987E-07 0.0040
    9.5873E+01   4.83196E-07 0.0042
    9.8647E+01   3.03092E-06 0.0039
    1.0150E+02   4.37525E-07 0.0041
    1.0444E+02   2.56602E-06 0.0039
    1.0746E+02   4.44472E-07 0.0041
    1.1057E+02   2.13706E-06 0.0039
    1.1377E+02   4.51488E-07 0.0040
    1.1706E+02   3.08515E-07 0.0041
    1.2044E+02   1.90962E-06 0.0039
    1.2393E+02   2.70741E-07 0.0041
    1.2751E+02   1.62268E-06 0.0039
    1.3120E+02   2.73547E-07 0.0041
    1.3500E+02   1.34957E-06 0.0039
    1.3890E+02   2.80272E-07 0.0040
    1.4292E+02   1.92970E-07 0.0041
    1.4706E+02   1.20073E-06 0.0039
    1.5131E+02   1.72379E-07 0.0041
    1.5569E+02   1.01422E-06 0.0039
    1.6019E+02   1.78272E-07 0.0040
    1.6483E+02   8.42305E-07 0.0039
    1.6959E+02   1.80862E-07 0.0040
    1.7450E+02   1.19496E-07 0.0041
    1.7955E+02   7.52685E-07 0.0039
    1.8474E+02   1.15476E-07 0.0041
    1.9009E+02   6.27185E-07 0.0039
    1.9559E+02   1.21882E-07 0.0040
    2.0124E+02   8.94036E-08 0.0041
    2.0707E+02   5.50819E-07 0.0039
    2.1306E+02   7.80525E-08 0.0041
    2.1922E+02   4.66459E-07 0.0039
    2.2556E+02   8.13229E-08 0.0040
    2.3209E+02   7.03206E-08 0.0041
    2.3880E+02   3.99737E-07 0.0039
    2.4571E+02   5.55375E-08 0.0041
    2.5282E+02   3.45678E-07 0.0039
    2.6013E+02   5.46380E-08 0.0041
    2.6766E+02   2.89606E-07 0.0039
    2.7540E+02   5.72936E-08 0.0040
    2.8337E+02   4.37334E-08 0.0041
    2.9157E+02   2.54965E-07 0.0039
    3.0000E+02   3.72466E-08 0.0041
      total      3.03974E-03 0.0013
 
 cell  502                                                                                                                             
 user bin          -1.00000
    s(e) (MeV/cm)
    1.0000E+00   0.00000E+00 0.0000
    1.0289E+00   0.00000E+00 0.0000
    1.0587E+00   0.00000E+00 0.0000
    1.0893E+00   0.00000E+00 0.0000
    1.1208E+00   0.00000E+00 0.0000
    1.1533E+00   0.00000E+00 0.0000
    1.1866E+00   0.00000E+00 0.0000
    1.2210E+00   0.00000E+00 0.0000
    1.2563E+00   0.00000E+00 0.0000
    1.2926E+00   0.00000E+00 0.0000
    1.3300E+00   0.00000E+00 0.0000
    1.3685E+00   0.00000E+00 0.0000
    1.4081E+00   0.00000E+00 0.0000
    1.4488E+00   0.00000E+00 0.0000
    1.4907E+00   0.00000E+00 0.0000
    1.5339E+00   0.00000E+00 0.0000
    1.5782E+00   0.00000E+00 0.0000
    1.6239E+00   0.00000E+00 0.0000
    1.6709E+00   0.00000E+00 0.0000
    1.7192E+00   0.00000E+00 0.0000
    1.7689E+00   0.00000E+00 0.0000
    1.8201E+00   0.00000E+00 0.0000
    1.8728E+00   0.00000E+00 0.0000
    1.9269E+00   0.00000E+00 0.0000
    1.9827E+00   0.00000E+00 0.0000
    2.0400E+00   0.00000E+00 0.0000
    2.0991E+00   0.00000E+00 0.0000
    2.1598E+00   0.00000E+00 0.0000
    2.2223E+00   0.00000E+00 0.0000
    2.2866E+00   0.00000E+00 0.0000
    2.3527E+00   0.00000E+00 0.0000
    2.4208E+00   0.00000E+00 0.0000
    2.4908E+00   0.00000E+00 0.0000
    2.5629E+00   0.00000E+00 0.0000
    2.6370E+00   0.00000E+00 0.0000
    2.7133E+00   0.00000E+00 0.0000
    2.7918E+00   0.00000E+00 0.0000
    2.8725E+00   0.00000E+00 0.0000
    2.9557E+00   0.00000E+00 0.0000
    3.0412E+00   0.00000E+00 0.0000
    3.1291E+00   0.00000E+00 0.0000
    3.2197E+00   0.00000E+00 0.0000
    3.3128E+00   0.00000E+00 0.0000
    3.4086E+00   0.00000E+00 0.0000
    3.5072E+00   0.00000E+00 0.0000
    3.6087E+00   0.00000E+00 0.0000
    3.7131E+00   0.00000E+00 0.0000
    3.8205E+00   0.00000E+00 0.0000
    3.9311E+00   0.00000E+00 0.0000
    4.0448E+00   0.00000E+00 0.0000
    4.1618E+00   0.00000E+00 0.0000
    4.2822E+00   0.00000E+00 0.0000
    4.4061E+00   0.00000E+00 0.0000
    4.5335E+00   0.00000E+00 0.0000
    4.6647E+00   0.00000E+00 0.0000
    4.7996E+00   0.00000E+00 0.0000
    4.9385E+00   0.00000E+00 0.0000
    5.0814E+00   0.00000E+00 0.0000
    5.2284E+00   0.00000E+00 0.0000
    5.3796E+00   0.00000E+00 0.0000
    5.5352E+00   0.00000E+00 0.0000
    5.6954E+00   0.00000E+00 0.0000
    5.8601E+00   0.00000E+00 0.0000
    6.0297E+00   0.00000E+00 0.0000
    6.2041E+00   0.00000E+00 0.0000
    6.3836E+00   0.00000E+00 0.0000
    6.5683E+00   0.00000E+00 0.0000
    6.7583E+00   0.00000E+00 0.0000
    6.9538E+00   0.00000E+00 0.0000
    7.1550E+00   0.00000E+00 0.0000
    7.3619E+00   0.00000E+00 0.0000
    7.5749E+00   0.00000E+00 0.0000
    7.7941E+00   0.00000E+00 0.0000
    8.0195E+00   0.00000E+00 0.0000
    8.2515E+00   0.00000E+00 0.0000
    8.4902E+00   0.00000E+00 0.0000
    8.7359E+00   0.00000E+00 0.0000
    8.9886E+00   0.00000E+00 0.0000
    9.2486E+00   1.72582E-08 0.0717
    9.5162E+00   1.61917E-08 0.0741
    9.7915E+00   2.75100E-08 0.0569
    1.0075E+01   2.15812E-06 0.0064
    1.0366E+01   1.38649E-07 0.0253
    1.0666E+01   2.14025E-06 0.0064
    1.0975E+01   1.90661E-07 0.0216
    1.1292E+01   2.15744E-06 0.0064
    1.1619E+01   2.08059E-07 0.0207
    1.1955E+01   2.32116E-07 0.0196
    1.2301E+01   1.95094E-06 0.0067
    1.2657E+01   2.01090E-07 0.0210
    1.3023E+01   1.79539E-06 0.0070
    1.3400E+01   1.86461E-07 0.0219
    1.3787E+01   1.82929E-07 0.0221
    1.4186E+01   1.50263E-06 0.0077
    1.4596E+01   2.38140E-07 0.0193
    1.5019E+01   1.12225E-06 0.0089
    1.5453E+01   1.98160E-07 0.0205
    1.5900E+01   1.23557E-06 0.0083
    1.6360E+01   1.58320E-07 0.0208
    1.6834E+01   1.60040E-07 0.0207
    1.7321E+01   8.95769E-07 0.0093
    1.7822E+01   1.35842E-07 0.0203
    1.8337E+01   9.44588E-07 0.0089
    1.8868E+01   1.41822E-07 0.0183
    1.9413E+01   1.34623E-07 0.0187
    1.9975E+01   6.98495E-07 0.0099
    2.0553E+01   1.07002E-07 0.0204
    2.1148E+01   5.54009E-07 0.0110
    2.1759E+01   9.00519E-08 0.0203
    2.2389E+01   9.63625E-08 0.0197
    2.3037E+01   5.51620E-07 0.0103
    2.3703E+01   9.22478E-08 0.0183
    2.4389E+01   5.01423E-07 0.0104
    2.5094E+01   7.55979E-08 0.0192
    2.5820E+01   7.39977E-08 0.0194
    2.6567E+01   3.69121E-07 0.0113
    2.7336E+01   5.35813E-08 0.0207
    2.8127E+01   2.94145E-07 0.0119
    2.8940E+01   4.64859E-08 0.0210
    2.9777E+01   2.54360E-07 0.0122
    3.0639E+01   4.34300E-08 0.0198
    3.1525E+01   4.01391E-08 0.0206
    3.2437E+01   2.29376E-07 0.0120
    3.3376E+01   3.55227E-08 0.0203
    3.4341E+01   2.07052E-07 0.0117
    3.5335E+01   3.80454E-08 0.0183
    3.6357E+01   3.34787E-08 0.0195
    3.7409E+01   1.89603E-07 0.0114
    3.8491E+01   2.97711E-08 0.0191
    3.9604E+01   1.67684E-07 0.0113
    4.0750E+01   2.95901E-08 0.0177
    4.1929E+01   2.52422E-08 0.0192
    4.3142E+01   1.46167E-07 0.0114
    4.4390E+01   2.13286E-08 0.0193
    4.5674E+01   1.24044E-07 0.0114
    4.6996E+01   2.21947E-08 0.0175
    4.8355E+01   1.72855E-08 0.0198
    4.9754E+01   1.07606E-07 0.0114
    5.1193E+01   1.51100E-08 0.0196
    5.2674E+01   8.94859E-08 0.0116
    5.4198E+01   1.55839E-08 0.0179
    5.5766E+01   1.28703E-08 0.0197
    5.7379E+01   7.58397E-08 0.0117
    5.9039E+01   1.02072E-08 0.0204
    6.0747E+01   6.39996E-08 0.0119
    6.2505E+01   1.03893E-08 0.0187
    6.4313E+01   5.16161E-08 0.0120
    6.6174E+01   1.11844E-08 0.0167
    6.8088E+01   7.10363E-09 0.0210
    7.0058E+01   4.54935E-08 0.0121
    7.2084E+01   6.95250E-09 0.0196
    7.4170E+01   3.71809E-08 0.0122
    7.6315E+01   7.30416E-09 0.0177
    7.8523E+01   5.20011E-09 0.0210
    8.0795E+01   3.26151E-08 0.0123
    8.3132E+01   4.51107E-09 0.0208
    8.5537E+01   2.76634E-08 0.0124
    8.8012E+01   4.81697E-09 0.0187
    9.0558E+01   2.26599E-08 0.0124
    9.3178E+01   5.05068E-09 0.0169
    9.5873E+01   3.19998E-09 0.0212
    9.8647E+01   2.05130E-08 0.0124
    1.0150E+02   2.88967E-09 0.0207
    1.0444E+02   1.71654E-08 0.0125
    1.0746E+02   2.96256E-09 0.0189
    1.1057E+02   1.42795E-08 0.0126
    1.1377E+02   2.92906E-09 0.0176
    1.1706E+02   2.08249E-09 0.0209
    1.2044E+02   1.26878E-08 0.0126
    1.2393E+02   1.76204E-09 0.0211
    1.2751E+02   1.07643E-08 0.0126
    1.3120E+02   1.81463E-09 0.0192
    1.3500E+02   8.88507E-09 0.0126
    1.3890E+02   1.87498E-09 0.0175
    1.4292E+02   1.27954E-09 0.0212
    1.4706E+02   7.89764E-09 0.0126
    1.5131E+02   1.11950E-09 0.0210
    1.5569E+02   6.63140E-09 0.0127
    1.6019E+02   1.18411E-09 0.0189
    1.6483E+02   5.51672E-09 0.0126
    1.6959E+02   1.21216E-09 0.0173
    1.7450E+02   7.68656E-10 0.0217
    1.7955E+02   4.95011E-09 0.0126
    1.8474E+02   7.55836E-10 0.0203
    1.9009E+02   4.11627E-09 0.0127
    1.9559E+02   7.93261E-10 0.0183
    2.0124E+02   5.75990E-10 0.0215
    2.0707E+02   3.59653E-09 0.0127
    2.1306E+02   5.10896E-10 0.0211
    2.1922E+02   3.03835E-09 0.0127
    2.2556E+02   5.27756E-10 0.0192
    2.3209E+02   4.53983E-10 0.0207
    2.3880E+02   2.60972E-09 0.0127
    2.4571E+02   3.51733E-10 0.0218
    2.5282E+02   2.25382E-09 0.0127
    2.6013E+02   3.49539E-10 0.0202
    2.6766E+02   1.87262E-09 0.0127
    2.7540E+02   3.78758E-10 0.0180
    2.8337E+02   2.80569E-10 0.0209
    2.9157E+02   1.65320E-09 0.0127
    3.0000E+02   2.39664E-10 0.0209
      total      2.45584E-05 0.0018
 
 cell  502                                                                                                                             
 user bin 10000000000.00000
    s(e) (MeV/cm)
    1.0000E+00   0.00000E+00 0.0000
    1.0289E+00   0.00000E+00 0.0000
    1.0587E+00   0.00000E+00 0.0000
    1.0893E+00   0.00000E+00 0.0000
    1.1208E+00   0.00000E+00 0.0000
    1.1533E+00   0.00000E+00 0.0000
    1.1866E+00   0.00000E+00 0.0000
    1.2210E+00   0.00000E+00 0.0000
    1.2563E+00   0.00000E+00 0.0000
    1.2926E+00   0.00000E+00 0.0000
    1.3300E+00   0.00000E+00 0.0000
    1.3685E+00   0.00000E+00 0.0000
    1.4081E+00   0.00000E+00 0.0000
    1.4488E+00   0.00000E+00 0.0000
    1.4907E+00   0.00000E+00 0.0000
    1.5339E+00   0.00000E+00 0.0000
    1.5782E+00   0.00000E+00 0.0000
    1.6239E+00   0.00000E+00 0.0000
    1.6709E+00   0.00000E+00 0.0000
    1.7192E+00   0.00000E+00 0.0000
    1.7689E+00   0.00000E+00 0.0000
    1.8201E+00   0.00000E+00 0.0000
    1.8728E+00   0.00000E+00 0.0000
    1.9269E+00   0.00000E+00 0.0000
    1.9827E+00   0.00000E+00 0.0000
    2.0400E+00   0.00000E+00 0.0000
    2.0991E+00   0.00000E+00 0.0000
    2.1598E+00   0.00000E+00 0.0000
    2.2223E+00   0.00000E+00 0.0000
    2.2866E+00   0.00000E+00 0.0000
    2.3527E+00   0.00000E+00 0.0000
    2.4208E+00   0.00000E+00 0.0000
    2.4908E+00   0.00000E+00 0.0000
    2.5629E+00   0.00000E+00 0.0000
    2.6370E+00   0.00000E+00 0.0000
    2.7133E+00   0.00000E+00 0.0000
    2.7918E+00   0.00000E+00 0.0000
    2.8725E+00   0.00000E+00 0.0000
    2.9557E+00   0.00000E+00 0.0000
    3.0412E+00   0.00000E+00 0.0000
    3.1291E+00   0.00000E+00 0.0000
    3.2197E+00   0.00000E+00 0.0000
    3.3128E+00   0.00000E+00 0.0000
    3.4086E+00   0.00000E+00 0.0000
    3.5072E+00   0.00000E+00 0.0000
    3.6087E+00   0.00000E+00 0.0000
    3.7131E+00   0.00000E+00 0.0000
    3.8205E+00   0.00000E+00 0.0000
    3.9311E+00   0.00000E+00 0.0000
    4.0448E+00   0.00000E+00 0.0000
    4.1618E+00   0.00000E+00 0.0000
    4.2822E+00   0.00000E+00 0.0000
    4.4061E+00   0.00000E+00 0.0000
    4.5335E+00   0.00000E+00 0.0000
    4.6647E+00   0.00000E+00 0.0000
    4.7996E+00   0.00000E+00 0.0000
    4.9385E+00   0.00000E+00 0.0000
    5.0814E+00   0.00000E+00 0.0000
    5.2284E+00   0.00000E+00 0.0000
    5.3796E+00   0.00000E+00 0.0000
    5.5352E+00   0.00000E+00 0.0000
    5.6954E+00   0.00000E+00 0.0000
    5.8601E+00   0.00000E+00 0.0000
    6.0297E+00   0.00000E+00 0.0000
    6.2041E+00   0.00000E+00 0.0000
    6.3836E+00   0.00000E+00 0.0000
    6.5683E+00   0.00000E+00 0.0000
    6.7583E+00   0.00000E+00 0.0000
    6.9538E+00   0.00000E+00 0.0000
    7.1550E+00   0.00000E+00 0.0000
    7.3619E+00   0.00000E+00 0.0000
    7.5749E+00   0.00000E+00 0.0000
    7.7941E+00   1.85765E-10 0.7076
    8.0195E+00   0.00000E+00 0.0000
    8.2515E+00   5.37099E-10 0.4115
    8.4902E+00   0.00000E+00 0.0000
    8.7359E+00   6.38170E-10 0.3798
    8.9886E+00   2.83082E-10 0.5779
    9.2486E+00   2.02361E-06 0.0185
    9.5162E+00   1.79394E-06 0.0136
    9.7915E+00   3.13086E-06 0.0112
    1.0075E+01   2.66593E-04 0.0045
    1.0366E+01   1.78382E-05 0.0055
    1.0666E+01   2.67835E-04 0.0041
    1.0975E+01   2.32848E-05 0.0052
    1.1292E+01   2.68607E-04 0.0039
    1.1619E+01   2.60892E-05 0.0048
    1.1955E+01   2.93336E-05 0.0048
    1.2301E+01   2.44415E-04 0.0039
    1.2657E+01   2.54602E-05 0.0048
    1.3023E+01   2.25360E-04 0.0041
    1.3400E+01   2.36453E-05 0.0047
    1.3787E+01   2.42085E-05 0.0047
    1.4186E+01   1.87987E-04 0.0041
    1.4596E+01   2.99957E-05 0.0046
    1.5019E+01   1.43883E-04 0.0040
    1.5453E+01   2.51035E-05 0.0046
    1.5900E+01   1.55749E-04 0.0041
    1.6360E+01   2.05033E-05 0.0045
    1.6834E+01   2.02407E-05 0.0045
    1.7321E+01   1.14867E-04 0.0039
    1.7822E+01   1.72692E-05 0.0045
    1.8337E+01   1.16552E-04 0.0041
    1.8868E+01   1.71114E-05 0.0044
    1.9413E+01   1.73256E-05 0.0044
    1.9975E+01   8.98901E-05 0.0041
    2.0553E+01   1.39015E-05 0.0044
    2.1148E+01   7.19786E-05 0.0040
    2.1759E+01   1.15802E-05 0.0044
    2.2389E+01   1.21771E-05 0.0044
    2.3037E+01   7.01177E-05 0.0041
    2.3703E+01   1.16303E-05 0.0043
    2.4389E+01   6.25942E-05 0.0041
    2.5094E+01   9.88943E-06 0.0044
    2.5820E+01   9.72335E-06 0.0044
    2.6567E+01   4.84600E-05 0.0041
    2.7336E+01   7.13339E-06 0.0044
    2.8127E+01   3.92214E-05 0.0041
    2.8940E+01   6.10415E-06 0.0044
    2.9777E+01   3.30692E-05 0.0041
    3.0639E+01   5.69863E-06 0.0043
    3.1525E+01   5.20109E-06 0.0044
    3.2437E+01   2.98121E-05 0.0041
    3.3376E+01   4.68189E-06 0.0043
    3.4341E+01   2.67918E-05 0.0041
    3.5335E+01   4.90980E-06 0.0043
    3.6357E+01   4.16880E-06 0.0043
    3.7409E+01   2.43435E-05 0.0040
    3.8491E+01   3.80253E-06 0.0043
    3.9604E+01   2.11826E-05 0.0040
    4.0750E+01   3.88491E-06 0.0042
    4.1929E+01   3.19103E-06 0.0043
    4.3142E+01   1.86321E-05 0.0040
    4.4390E+01   2.77008E-06 0.0043
    4.5674E+01   1.58165E-05 0.0040
    4.6996E+01   2.80314E-06 0.0042
    4.8355E+01   2.26329E-06 0.0043
    4.9754E+01   1.36474E-05 0.0040
    5.1193E+01   1.93294E-06 0.0042
    5.2674E+01   1.14499E-05 0.0040
    5.4198E+01   1.99148E-06 0.0042
    5.5766E+01   1.64516E-06 0.0042
    5.7379E+01   9.78689E-06 0.0040
    5.9039E+01   1.33459E-06 0.0042
    6.0747E+01   8.28669E-06 0.0040
    6.2505E+01   1.36470E-06 0.0042
    6.4313E+01   6.79183E-06 0.0040
    6.6174E+01   1.44780E-06 0.0041
    6.8088E+01   9.44027E-07 0.0042
    7.0058E+01   6.03400E-06 0.0040
    7.2084E+01   9.21728E-07 0.0042
    7.4170E+01   4.97847E-06 0.0039
    7.6315E+01   9.87944E-07 0.0041
    7.8523E+01   6.91274E-07 0.0042
    8.0795E+01   4.38911E-06 0.0039
    8.3132E+01   6.14300E-07 0.0042
    8.5537E+01   3.69496E-06 0.0039
    8.8012E+01   6.51632E-07 0.0041
    9.0558E+01   3.06138E-06 0.0039
    9.3178E+01   6.78111E-07 0.0040
    9.5873E+01   4.40738E-07 0.0042
    9.8647E+01   2.76838E-06 0.0039
    1.0150E+02   3.99806E-07 0.0041
    1.0444E+02   2.34006E-06 0.0039
    1.0746E+02   4.05061E-07 0.0041
    1.1057E+02   1.94876E-06 0.0039
    1.1377E+02   4.10227E-07 0.0040
    1.1706E+02   2.82206E-07 0.0041
    1.2044E+02   1.73774E-06 0.0039
    1.2393E+02   2.46552E-07 0.0041
    1.2751E+02   1.47635E-06 0.0039
    1.3120E+02   2.48497E-07 0.0041
    1.3500E+02   1.22747E-06 0.0039
    1.3890E+02   2.54828E-07 0.0040
    1.4292E+02   1.74878E-07 0.0041
    1.4706E+02   1.09197E-06 0.0039
    1.5131E+02   1.56604E-07 0.0041
    1.5569E+02   9.21668E-07 0.0039
    1.6019E+02   1.61954E-07 0.0040
    1.6483E+02   7.65116E-07 0.0039
    1.6959E+02   1.64398E-07 0.0040
    1.7450E+02   1.08500E-07 0.0041
    1.7955E+02   6.83666E-07 0.0039
    1.8474E+02   1.04649E-07 0.0041
    1.9009E+02   5.69888E-07 0.0038
    1.9559E+02   1.10699E-07 0.0040
    2.0124E+02   8.09044E-08 0.0041
    2.0707E+02   5.00288E-07 0.0038
    2.1306E+02   7.07531E-08 0.0041
    2.1922E+02   4.23652E-07 0.0038
    2.2556E+02   7.37089E-08 0.0040
    2.3209E+02   6.38848E-08 0.0041
    2.3880E+02   3.62792E-07 0.0038
    2.4571E+02   5.03248E-08 0.0041
    2.5282E+02   3.13794E-07 0.0038
    2.6013E+02   4.95892E-08 0.0041
    2.6766E+02   2.62962E-07 0.0038
    2.7540E+02   5.18816E-08 0.0040
    2.8337E+02   3.98122E-08 0.0041
    2.9157E+02   2.31545E-07 0.0038
    3.0000E+02   3.37461E-08 0.0041
      total      3.10277E-03 0.0013
 
 cell  502                                                                                                                             
 user bin total
    s(e) (MeV/cm)
    1.0000E+00   0.00000E+00 0.0000
    1.0289E+00   0.00000E+00 0.0000
    1.0587E+00   0.00000E+00 0.0000
    1.0893E+00   0.00000E+00 0.0000
    1.1208E+00   0.00000E+00 0.0000
    1.1533E+00   0.00000E+00 0.0000
    1.1866E+00   0.00000E+00 0.0000
    1.2210E+00   0.00000E+00 0.0000
    1.2563E+00   0.00000E+00 0.0000
    1.2926E+00   0.00000E+00 0.0000
    1.3300E+00   0.00000E+00 0.0000
    1.3685E+00   0.00000E+00 0.0000
    1.4081E+00   0.00000E+00 0.0000
    1.4488E+00   0.00000E+00 0.0000
    1.4907E+00   0.00000E+00 0.0000
    1.5339E+00   0.00000E+00 0.0000
    1.5782E+00   0.00000E+00 0.0000
    1.6239E+00   0.00000E+00 0.0000
    1.6709E+00   0.00000E+00 0.0000
    1.7192E+00   0.00000E+00 0.0000
    1.7689E+00   0.00000E+00 0.0000
    1.8201E+00   0.00000E+00 0.0000
    1.8728E+00   0.00000E+00 0.0000
    1.9269E+00   0.00000E+00 0.0000
    1.9827E+00   0.00000E+00 0.0000
    2.0400E+00   0.00000E+00 0.0000
    2.0991E+00   0.00000E+00 0.0000
    2.1598E+00   0.00000E+00 0.0000
    2.2223E+00   0.00000E+00 0.0000
    2.2866E+00   0.00000E+00 0.0000
    2.3527E+00   0.00000E+00 0.0000
    2.4208E+00   0.00000E+00 0.0000
    2.4908E+00   0.00000E+00 0.0000
    2.5629E+00   0.00000E+00 0.0000
    2.6370E+00   0.00000E+00 0.0000
    2.7133E+00   0.00000E+00 0.0000
    2.7918E+00   0.00000E+00 0.0000
    2.8725E+00   0.00000E+00 0.0000
    2.9557E+00   0.00000E+00 0.0000
    3.0412E+00   0.00000E+00 0.0000
    3.1291E+00   0.00000E+00 0.0000
    3.2197E+00   0.00000E+00 0.0000
    3.3128E+00   0.00000E+00 0.0000
    3.4086E+00   0.00000E+00 0.0000
    3.5072E+00   0.00000E+00 0.0000
    3.6087E+00   0.00000E+00 0.0000
    3.7131E+00   0.00000E+00 0.0000
    3.8205E+00   0.00000E+00 0.0000
    3.9311E+00   0.00000E+00 0.0000
    4.0448E+00   0.00000E+00 0.0000
    4.1618E+00   0.00000E+00 0.0000
    4.2822E+00   0.00000E+00 0.0000
    4.4061E+00   0.00000E+00 0.0000
    4.5335E+00   0.00000E+00 0.0000
    4.6647E+00   0.00000E+00 0.0000
    4.7996E+00   0.00000E+00 0.0000
    4.9385E+00   0.00000E+00 0.0000
    5.0814E+00   0.00000E+00 0.0000
    5.2284E+00   0.00000E+00 0.0000
    5.3796E+00   0.00000E+00 0.0000
    5.5352E+00   0.00000E+00 0.0000
    5.6954E+00   0.00000E+00 0.0000
    5.8601E+00   0.00000E+00 0.0000
    6.0297E+00   0.00000E+00 0.0000
    6.2041E+00   0.00000E+00 0.0000
    6.3836E+00   0.00000E+00 0.0000
    6.5683E+00   0.00000E+00 0.0000
    6.7583E+00   0.00000E+00 0.0000
    6.9538E+00   0.00000E+00 0.0000
    7.1550E+00   0.00000E+00 0.0000
    7.3619E+00   0.00000E+00 0.0000
    7.5749E+00   0.00000E+00 0.0000
    7.7941E+00   1.85765E-10 0.7076
    8.0195E+00   0.00000E+00 0.0000
    8.2515E+00   5.37099E-10 0.4115
    8.4902E+00   0.00000E+00 0.0000
    8.7359E+00   6.38170E-10 0.3798
    8.9886E+00   2.83082E-10 0.5779
    9.2486E+00   2.04087E-06 0.0185
    9.5162E+00   1.81014E-06 0.0136
    9.7915E+00   3.15837E-06 0.0112
    1.0075E+01   2.68752E-04 0.0045
    1.0366E+01   1.79768E-05 0.0055
    1.0666E+01   2.69976E-04 0.0041
    1.0975E+01   2.34754E-05 0.0052
    1.1292E+01   2.70764E-04 0.0039
    1.1619E+01   2.62972E-05 0.0048
    1.1955E+01   2.95658E-05 0.0048
    1.2301E+01   2.46365E-04 0.0039
    1.2657E+01   2.56613E-05 0.0048
    1.3023E+01   2.27156E-04 0.0041
    1.3400E+01   2.38318E-05 0.0047
    1.3787E+01   2.43914E-05 0.0047
    1.4186E+01   1.89490E-04 0.0041
    1.4596E+01   3.02338E-05 0.0046
    1.5019E+01   1.45005E-04 0.0040
    1.5453E+01   2.53017E-05 0.0046
    1.5900E+01   1.56984E-04 0.0041
    1.6360E+01   2.06616E-05 0.0045
    1.6834E+01   2.04008E-05 0.0045
    1.7321E+01   1.15763E-04 0.0039
    1.7822E+01   1.74050E-05 0.0045
    1.8337E+01   1.17496E-04 0.0041
    1.8868E+01   1.72532E-05 0.0044
    1.9413E+01   1.74602E-05 0.0044
    1.9975E+01   9.05886E-05 0.0041
    2.0553E+01   1.40085E-05 0.0044
    2.1148E+01   7.25326E-05 0.0040
    2.1759E+01   1.16702E-05 0.0044
    2.2389E+01   1.22735E-05 0.0044
    2.3037E+01   7.06693E-05 0.0041
    2.3703E+01   1.17225E-05 0.0043
    2.4389E+01   6.30956E-05 0.0041
    2.5094E+01   9.96503E-06 0.0044
    2.5820E+01   9.79735E-06 0.0044
    2.6567E+01   4.88291E-05 0.0041
    2.7336E+01   7.18697E-06 0.0044
    2.8127E+01   3.95155E-05 0.0041
    2.8940E+01   6.15064E-06 0.0044
    2.9777E+01   3.33235E-05 0.0041
    3.0639E+01   5.74206E-06 0.0043
    3.1525E+01   5.24123E-06 0.0044
    3.2437E+01   3.00415E-05 0.0041
    3.3376E+01   4.71741E-06 0.0043
    3.4341E+01   2.69989E-05 0.0041
    3.5335E+01   4.94784E-06 0.0043
    3.6357E+01   4.20228E-06 0.0043
    3.7409E+01   2.45331E-05 0.0040
    3.8491E+01   3.83231E-06 0.0043
    3.9604E+01   2.13502E-05 0.0040
    4.0750E+01   3.91450E-06 0.0042
    4.1929E+01   3.21627E-06 0.0043
    4.3142E+01   1.87783E-05 0.0040
    4.4390E+01   2.79141E-06 0.0043
    4.5674E+01   1.59406E-05 0.0040
    4.6996E+01   2.82534E-06 0.0042
    4.8355E+01   2.28057E-06 0.0043
    4.9754E+01   1.37550E-05 0.0040
    5.1193E+01   1.94805E-06 0.0042
    5.2674E+01   1.15394E-05 0.0040
    5.4198E+01   2.00707E-06 0.0042
    5.5766E+01   1.65803E-06 0.0042
    5.7379E+01   9.86273E-06 0.0040
    5.9039E+01   1.34479E-06 0.0042
    6.0747E+01   8.35069E-06 0.0040
    6.2505E+01   1.37509E-06 0.0042
    6.4313E+01   6.84345E-06 0.0040
    6.6174E+01   1.45898E-06 0.0041
    6.8088E+01   9.51131E-07 0.0042
    7.0058E+01   6.07949E-06 0.0040
    7.2084E+01   9.28681E-07 0.0042
    7.4170E+01   5.01565E-06 0.0040
    7.6315E+01   9.95248E-07 0.0041
    7.8523E+01   6.96474E-07 0.0042
    8.0795E+01   4.42172E-06 0.0039
    8.3132E+01   6.18811E-07 0.0042
    8.5537E+01   3.72262E-06 0.0039
    8.8012E+01   6.56449E-07 0.0041
    9.0558E+01   3.08404E-06 0.0039
    9.3178E+01   6.83162E-07 0.0040
    9.5873E+01   4.43938E-07 0.0042
    9.8647E+01   2.78889E-06 0.0039
    1.0150E+02   4.02695E-07 0.0041
    1.0444E+02   2.35723E-06 0.0039
    1.0746E+02   4.08024E-07 0.0041
    1.1057E+02   1.96304E-06 0.0039
    1.1377E+02   4.13156E-07 0.0040
    1.1706E+02   2.84288E-07 0.0041
    1.2044E+02   1.75043E-06 0.0039
    1.2393E+02   2.48314E-07 0.0041
    1.2751E+02   1.48711E-06 0.0039
    1.3120E+02   2.50312E-07 0.0041
    1.3500E+02   1.23635E-06 0.0039
    1.3890E+02   2.56703E-07 0.0040
    1.4292E+02   1.76158E-07 0.0041
    1.4706E+02   1.09986E-06 0.0039
    1.5131E+02   1.57724E-07 0.0041
    1.5569E+02   9.28299E-07 0.0039
    1.6019E+02   1.63138E-07 0.0040
    1.6483E+02   7.70633E-07 0.0039
    1.6959E+02   1.65610E-07 0.0040
    1.7450E+02   1.09269E-07 0.0041
    1.7955E+02   6.88616E-07 0.0039
    1.8474E+02   1.05404E-07 0.0041
    1.9009E+02   5.74004E-07 0.0039
    1.9559E+02   1.11492E-07 0.0040
    2.0124E+02   8.14804E-08 0.0041
    2.0707E+02   5.03885E-07 0.0039
    2.1306E+02   7.12640E-08 0.0041
    2.1922E+02   4.26690E-07 0.0038
    2.2556E+02   7.42366E-08 0.0040
    2.3209E+02   6.43388E-08 0.0041
    2.3880E+02   3.65402E-07 0.0038
    2.4571E+02   5.06766E-08 0.0041
    2.5282E+02   3.16048E-07 0.0038
    2.6013E+02   4.99388E-08 0.0041
    2.6766E+02   2.64834E-07 0.0038
    2.7540E+02   5.22604E-08 0.0040
    2.8337E+02   4.00928E-08 0.0041
    2.9157E+02   2.33198E-07 0.0038
    3.0000E+02   3.39857E-08 0.0041
      total      3.12733E-03 0.0013
 
 cell  503                                                                                                                             
 user bin          -1.00000
    s(e) (MeV/cm)
    1.0000E+00   0.00000E+00 0.0000
    1.0289E+00   0.00000E+00 0.0000
    1.0587E+00   0.00000E+00 0.0000
    1.0893E+00   0.00000E+00 0.0000
    1.1208E+00   0.00000E+00 0.0000
    1.1533E+00   0.00000E+00 0.0000
    1.1866E+00   0.00000E+00 0.0000
    1.2210E+00   0.00000E+00 0.0000
    1.2563E+00   0.00000E+00 0.0000
    1.2926E+00   0.00000E+00 0.0000
    1.3300E+00   0.00000E+00 0.0000
    1.3685E+00   0.00000E+00 0.0000
    1.4081E+00   0.00000E+00 0.0000
    1.4488E+00   0.00000E+00 0.0000
    1.4907E+00   0.00000E+00 0.0000
    1.5339E+00   0.00000E+00 0.0000
    1.5782E+00   0.00000E+00 0.0000
    1.6239E+00   0.00000E+00 0.0000
    1.6709E+00   0.00000E+00 0.0000
    1.7192E+00   0.00000E+00 0.0000
    1.7689E+00   0.00000E+00 0.0000
    1.8201E+00   0.00000E+00 0.0000
    1.8728E+00   0.00000E+00 0.0000
    1.9269E+00   0.00000E+00 0.0000
    1.9827E+00   0.00000E+00 0.0000
    2.0400E+00   0.00000E+00 0.0000
    2.0991E+00   0.00000E+00 0.0000
    2.1598E+00   0.00000E+00 0.0000
    2.2223E+00   0.00000E+00 0.0000
    2.2866E+00   0.00000E+00 0.0000
    2.3527E+00   0.00000E+00 0.0000
    2.4208E+00   0.00000E+00 0.0000
    2.4908E+00   0.00000E+00 0.0000
    2.5629E+00   0.00000E+00 0.0000
    2.6370E+00   0.00000E+00 0.0000
    2.7133E+00   0.00000E+00 0.0000
    2.7918E+00   0.00000E+00 0.0000
    2.8725E+00   0.00000E+00 0.0000
    2.9557E+00   0.00000E+00 0.0000
    3.0412E+00   0.00000E+00 0.0000
    3.1291E+00   0.00000E+00 0.0000
    3.2197E+00   0.00000E+00 0.0000
    3.3128E+00   0.00000E+00 0.0000
    3.4086E+00   0.00000E+00 0.0000
    3.5072E+00   0.00000E+00 0.0000
    3.6087E+00   0.00000E+00 0.0000
    3.7131E+00   0.00000E+00 0.0000
    3.8205E+00   0.00000E+00 0.0000
    3.9311E+00   0.00000E+00 0.0000
    4.0448E+00   0.00000E+00 0.0000
    4.1618E+00   0.00000E+00 0.0000
    4.2822E+00   0.00000E+00 0.0000
    4.4061E+00   0.00000E+00 0.0000
    4.5335E+00   0.00000E+00 0.0000
    4.6647E+00   0.00000E+00 0.0000
    4.7996E+00   0.00000E+00 0.0000
    4.9385E+00   0.00000E+00 0.0000
    5.0814E+00   0.00000E+00 0.0000
    5.2284E+00   0.00000E+00 0.0000
    5.3796E+00   0.00000E+00 0.0000
    5.5352E+00   0.00000E+00 0.0000
    5.6954E+00   0.00000E+00 0.0000
    5.8601E+00   0.00000E+00 0.0000
    6.0297E+00   0.00000E+00 0.0000
    6.2041E+00   0.00000E+00 0.0000
    6.3836E+00   0.00000E+00 0.0000
    6.5683E+00   0.00000E+00 0.0000
    6.7583E+00   0.00000E+00 0.0000
    6.9538E+00   0.00000E+00 0.0000
    7.1550E+00   0.00000E+00 0.0000
    7.3619E+00   0.00000E+00 0.0000
    7.5749E+00   0.00000E+00 0.0000
    7.7941E+00   0.00000E+00 0.0000
    8.0195E+00   0.00000E+00 0.0000
    8.2515E+00   0.00000E+00 0.0000
    8.4902E+00   0.00000E+00 0.0000
    8.7359E+00   0.00000E+00 0.0000
    8.9886E+00   0.00000E+00 0.0000
    9.2486E+00   7.17136E-08 0.0352
    9.5162E+00   4.65286E-08 0.0437
    9.7915E+00   7.36004E-08 0.0348
    1.0075E+01   2.39343E-06 0.0061
    1.0366E+01   1.72420E-07 0.0227
    1.0666E+01   2.24067E-06 0.0063
    1.0975E+01   2.29739E-07 0.0197
    1.1292E+01   2.19106E-06 0.0064
    1.1619E+01   2.50464E-07 0.0189
    1.1955E+01   2.53940E-07 0.0187
    1.2301E+01   1.88092E-06 0.0069
    1.2657E+01   2.46654E-07 0.0190
    1.3023E+01   1.69687E-06 0.0072
    1.3400E+01   1.94181E-07 0.0214
    1.3787E+01   2.19196E-07 0.0202
    1.4186E+01   1.56894E-06 0.0075
    1.4596E+01   2.00771E-07 0.0211
    1.5019E+01   1.19183E-06 0.0086
    1.5453E+01   2.40896E-07 0.0186
    1.5900E+01   1.19056E-06 0.0085
    1.6360E+01   1.44200E-07 0.0218
    1.6834E+01   1.48145E-07 0.0215
    1.7321E+01   9.87729E-07 0.0089
    1.7822E+01   1.57356E-07 0.0188
    1.8337E+01   9.41276E-07 0.0090
    1.8868E+01   1.15138E-07 0.0202
    1.9413E+01   1.18773E-07 0.0199
    1.9975E+01   6.46026E-07 0.0104
    2.0553E+01   1.11510E-07 0.0200
    2.1148E+01   6.33906E-07 0.0103
    2.1759E+01   1.03214E-07 0.0190
    2.2389E+01   1.07130E-07 0.0186
    2.3037E+01   5.80917E-07 0.0101
    2.3703E+01   8.47752E-08 0.0191
    2.4389E+01   4.36480E-07 0.0111
    2.5094E+01   6.62313E-08 0.0206
    2.5820E+01   6.51354E-08 0.0207
    2.6567E+01   3.37581E-07 0.0118
    2.7336E+01   5.43059E-08 0.0206
    2.8127E+01   3.09551E-07 0.0117
    2.8940E+01   5.07635E-08 0.0201
    2.9777E+01   2.86036E-07 0.0115
    3.0639E+01   4.95836E-08 0.0186
    3.1525E+01   4.65593E-08 0.0191
    3.2437E+01   2.66557E-07 0.0111
    3.3376E+01   4.15216E-08 0.0188
    3.4341E+01   2.32163E-07 0.0111
    3.5335E+01   4.12492E-08 0.0176
    3.6357E+01   3.55558E-08 0.0189
    3.7409E+01   2.00669E-07 0.0111
    3.8491E+01   3.04601E-08 0.0189
    3.9604E+01   1.65716E-07 0.0114
    4.0750E+01   3.03348E-08 0.0175
    4.1929E+01   2.38506E-08 0.0198
    4.3142E+01   1.37564E-07 0.0117
    4.4390E+01   2.01464E-08 0.0199
    4.5674E+01   1.12063E-07 0.0120
    4.6996E+01   1.99895E-08 0.0184
    4.8355E+01   1.55351E-08 0.0209
    4.9754E+01   9.43387E-08 0.0122
    5.1193E+01   1.30860E-08 0.0210
    5.2674E+01   7.78127E-08 0.0124
    5.4198E+01   1.32933E-08 0.0194
    5.5766E+01   1.10988E-08 0.0212
    5.7379E+01   6.57001E-08 0.0126
    5.9039E+01   8.84929E-09 0.0219
    6.0747E+01   5.58473E-08 0.0127
    6.2505E+01   8.92513E-09 0.0202
    6.4313E+01   4.57823E-08 0.0128
    6.6174E+01   9.66834E-09 0.0180
    6.8088E+01   6.27757E-09 0.0223
    7.0058E+01   4.06322E-08 0.0129
    7.2084E+01   6.14515E-09 0.0208
    7.4170E+01   3.37397E-08 0.0128
    7.6315E+01   6.80467E-09 0.0183
    7.8523E+01   4.66114E-09 0.0221
    8.0795E+01   2.97984E-08 0.0129
    8.3132E+01   4.16013E-09 0.0217
    8.5537E+01   2.51984E-08 0.0129
    8.8012E+01   4.43932E-09 0.0194
    9.0558E+01   2.09919E-08 0.0129
    9.3178E+01   4.72330E-09 0.0175
    9.5873E+01   2.99287E-09 0.0219
    9.8647E+01   1.89648E-08 0.0129
    1.0150E+02   2.77196E-09 0.0211
    1.0444E+02   1.60714E-08 0.0129
    1.0746E+02   2.83144E-09 0.0194
    1.1057E+02   1.34247E-08 0.0129
    1.1377E+02   2.88276E-09 0.0178
    1.1706E+02   1.92403E-09 0.0218
    1.2044E+02   1.20094E-08 0.0129
    1.2393E+02   1.69283E-09 0.0215
    1.2751E+02   1.02283E-08 0.0129
    1.3120E+02   1.72079E-09 0.0197
    1.3500E+02   8.50190E-09 0.0129
    1.3890E+02   1.77708E-09 0.0180
    1.4292E+02   1.23359E-09 0.0216
    1.4706E+02   7.54535E-09 0.0129
    1.5131E+02   1.07518E-09 0.0214
    1.5569E+02   6.41153E-09 0.0129
    1.6019E+02   1.09799E-09 0.0196
    1.6483E+02   5.33775E-09 0.0129
    1.6959E+02   1.12592E-09 0.0179
    1.7450E+02   7.55591E-10 0.0219
    1.7955E+02   4.74445E-09 0.0129
    1.8474E+02   7.27646E-10 0.0207
    1.9009E+02   3.96074E-09 0.0129
    1.9559E+02   7.78656E-10 0.0185
    2.0124E+02   5.60589E-10 0.0218
    2.0707E+02   3.48899E-09 0.0129
    2.1306E+02   4.84829E-10 0.0217
    2.1922E+02   2.95506E-09 0.0129
    2.2556E+02   5.17284E-10 0.0194
    2.3209E+02   4.45493E-10 0.0209
    2.3880E+02   2.52470E-09 0.0129
    2.4571E+02   3.54608E-10 0.0217
    2.5282E+02   2.18657E-09 0.0129
    2.6013E+02   3.49890E-10 0.0202
    2.6766E+02   1.83061E-09 0.0129
    2.7540E+02   3.65578E-10 0.0183
    2.8337E+02   2.74915E-10 0.0211
    2.9157E+02   1.62235E-09 0.0129
    3.0000E+02   2.42144E-10 0.0208
      total      2.52529E-05 0.0018
 
 cell  503                                                                                                                             
 user bin 10000000000.00000
    s(e) (MeV/cm)
    1.0000E+00   0.00000E+00 0.0000
    1.0289E+00   0.00000E+00 0.0000
    1.0587E+00   0.00000E+00 0.0000
    1.0893E+00   0.00000E+00 0.0000
    1.1208E+00   0.00000E+00 0.0000
    1.1533E+00   0.00000E+00 0.0000
    1.1866E+00   0.00000E+00 0.0000
    1.2210E+00   0.00000E+00 0.0000
    1.2563E+00   0.00000E+00 0.0000
    1.2926E+00   0.00000E+00 0.0000
    1.3300E+00   0.00000E+00 0.0000
    1.3685E+00   0.00000E+00 0.0000
    1.4081E+00   0.00000E+00 0.0000
    1.4488E+00   0.00000E+00 0.0000
    1.4907E+00   0.00000E+00 0.0000
    1.5339E+00   0.00000E+00 0.0000
    1.5782E+00   0.00000E+00 0.0000
    1.6239E+00   0.00000E+00 0.0000
    1.6709E+00   0.00000E+00 0.0000
    1.7192E+00   0.00000E+00 0.0000
    1.7689E+00   0.00000E+00 0.0000
    1.8201E+00   0.00000E+00 0.0000
    1.8728E+00   0.00000E+00 0.0000
    1.9269E+00   0.00000E+00 0.0000
    1.9827E+00   0.00000E+00 0.0000
    2.0400E+00   0.00000E+00 0.0000
    2.0991E+00   0.00000E+00 0.0000
    2.1598E+00   0.00000E+00 0.0000
    2.2223E+00   0.00000E+00 0.0000
    2.2866E+00   0.00000E+00 0.0000
    2.3527E+00   0.00000E+00 0.0000
    2.4208E+00   0.00000E+00 0.0000
    2.4908E+00   0.00000E+00 0.0000
    2.5629E+00   0.00000E+00 0.0000
    2.6370E+00   0.00000E+00 0.0000
    2.7133E+00   0.00000E+00 0.0000
    2.7918E+00   0.00000E+00 0.0000
    2.8725E+00   0.00000E+00 0.0000
    2.9557E+00   0.00000E+00 0.0000
    3.0412E+00   0.00000E+00 0.0000
    3.1291E+00   0.00000E+00 0.0000
    3.2197E+00   0.00000E+00 0.0000
    3.3128E+00   0.00000E+00 0.0000
    3.4086E+00   0.00000E+00 0.0000
    3.5072E+00   0.00000E+00 0.0000
    3.6087E+00   0.00000E+00 0.0000
    3.7131E+00   0.00000E+00 0.0000
    3.8205E+00   0.00000E+00 0.0000
    3.9311E+00   0.00000E+00 0.0000
    4.0448E+00   0.00000E+00 0.0000
    4.1618E+00   0.00000E+00 0.0000
    4.2822E+00   0.00000E+00 0.0000
    4.4061E+00   0.00000E+00 0.0000
    4.5335E+00   0.00000E+00 0.0000
    4.6647E+00   0.00000E+00 0.0000
    4.7996E+00   0.00000E+00 0.0000
    4.9385E+00   0.00000E+00 0.0000
    5.0814E+00   0.00000E+00 0.0000
    5.2284E+00   0.00000E+00 0.0000
    5.3796E+00   0.00000E+00 0.0000
    5.5352E+00   0.00000E+00 0.0000
    5.6954E+00   0.00000E+00 0.0000
    5.8601E+00   0.00000E+00 0.0000
    6.0297E+00   0.00000E+00 0.0000
    6.2041E+00   0.00000E+00 0.0000
    6.3836E+00   0.00000E+00 0.0000
    6.5683E+00   0.00000E+00 0.0000
    6.7583E+00   0.00000E+00 0.0000
    6.9538E+00   0.00000E+00 0.0000
    7.1550E+00   0.00000E+00 0.0000
    7.3619E+00   0.00000E+00 0.0000
    7.5749E+00   0.00000E+00 0.0000
    7.7941E+00   1.85683E-10 0.7076
    8.0195E+00   0.00000E+00 0.0000
    8.2515E+00   6.73413E-10 0.3786
    8.4902E+00   0.00000E+00 0.0000
    8.7359E+00   8.63135E-10 0.3208
    8.9886E+00   1.91563E-10 0.7071
    9.2486E+00   8.19559E-06 0.0120
    9.5162E+00   5.54753E-06 0.0090
    9.7915E+00   8.39299E-06 0.0079
    1.0075E+01   2.96442E-04 0.0041
    1.0366E+01   2.22347E-05 0.0054
    1.0666E+01   2.78657E-04 0.0038
    1.0975E+01   2.78772E-05 0.0050
    1.1292E+01   2.72773E-04 0.0037
    1.1619E+01   3.07373E-05 0.0047
    1.1955E+01   3.15299E-05 0.0047
    1.2301E+01   2.36109E-04 0.0037
    1.2657E+01   3.07408E-05 0.0047
    1.3023E+01   2.13547E-04 0.0040
    1.3400E+01   2.51343E-05 0.0047
    1.3787E+01   2.77169E-05 0.0047
    1.4186E+01   1.95488E-04 0.0041
    1.4596E+01   2.61675E-05 0.0047
    1.5019E+01   1.52156E-04 0.0040
    1.5453E+01   2.91945E-05 0.0045
    1.5900E+01   1.50414E-04 0.0041
    1.6360E+01   1.83493E-05 0.0045
    1.6834E+01   1.89539E-05 0.0045
    1.7321E+01   1.24390E-04 0.0040
    1.7822E+01   1.93506E-05 0.0044
    1.8337E+01   1.17049E-04 0.0041
    1.8868E+01   1.53308E-05 0.0044
    1.9413E+01   1.53076E-05 0.0044
    1.9975E+01   8.33034E-05 0.0040
    2.0553E+01   1.44143E-05 0.0044
    2.1148E+01   8.05261E-05 0.0041
    2.1759E+01   1.30431E-05 0.0044
    2.2389E+01   1.34751E-05 0.0044
    2.3037E+01   7.27743E-05 0.0041
    2.3703E+01   1.10977E-05 0.0044
    2.4389E+01   5.72472E-05 0.0041
    2.5094E+01   8.82344E-06 0.0044
    2.5820E+01   8.65062E-06 0.0044
    2.6567E+01   4.43807E-05 0.0041
    2.7336E+01   6.90995E-06 0.0044
    2.8127E+01   3.98935E-05 0.0041
    2.8940E+01   6.60552E-06 0.0044
    2.9777E+01   3.67371E-05 0.0041
    3.0639E+01   6.43711E-06 0.0043
    3.1525E+01   5.93199E-06 0.0043
    3.2437E+01   3.36922E-05 0.0041
    3.3376E+01   5.25203E-06 0.0043
    3.4341E+01   2.93865E-05 0.0041
    3.5335E+01   5.26253E-06 0.0042
    3.6357E+01   4.42804E-06 0.0043
    3.7409E+01   2.53147E-05 0.0040
    3.8491E+01   3.85504E-06 0.0043
    3.9604E+01   2.10357E-05 0.0040
    4.0750E+01   3.78502E-06 0.0042
    4.1929E+01   3.07153E-06 0.0043
    4.3142E+01   1.78034E-05 0.0040
    4.4390E+01   2.60345E-06 0.0043
    4.5674E+01   1.47241E-05 0.0040
    4.6996E+01   2.58662E-06 0.0042
    4.8355E+01   2.07829E-06 0.0043
    4.9754E+01   1.25186E-05 0.0040
    5.1193E+01   1.76304E-06 0.0043
    5.2674E+01   1.04381E-05 0.0040
    5.4198E+01   1.81286E-06 0.0042
    5.5766E+01   1.49376E-06 0.0043
    5.7379E+01   8.92179E-06 0.0040
    5.9039E+01   1.21770E-06 0.0042
    6.0747E+01   7.57817E-06 0.0040
    6.2505E+01   1.25309E-06 0.0042
    6.4313E+01   6.24184E-06 0.0040
    6.6174E+01   1.33194E-06 0.0041
    6.8088E+01   8.72246E-07 0.0042
    7.0058E+01   5.58913E-06 0.0039
    7.2084E+01   8.54949E-07 0.0042
    7.4170E+01   4.64695E-06 0.0039
    7.6315E+01   9.25556E-07 0.0041
    7.8523E+01   6.48149E-07 0.0042
    8.0795E+01   4.13120E-06 0.0039
    8.3132E+01   5.81355E-07 0.0042
    8.5537E+01   3.50167E-06 0.0039
    8.8012E+01   6.20406E-07 0.0041
    9.0558E+01   2.92264E-06 0.0039
    9.3178E+01   6.45776E-07 0.0040
    9.5873E+01   4.23349E-07 0.0042
    9.8647E+01   2.65309E-06 0.0039
    1.0150E+02   3.85549E-07 0.0041
    1.0444E+02   2.25296E-06 0.0039
    1.0746E+02   3.89961E-07 0.0041
    1.1057E+02   1.88315E-06 0.0039
    1.1377E+02   3.95906E-07 0.0040
    1.1706E+02   2.74026E-07 0.0041
    1.2044E+02   1.68540E-06 0.0039
    1.2393E+02   2.39677E-07 0.0041
    1.2751E+02   1.43646E-06 0.0039
    1.3120E+02   2.42029E-07 0.0041
    1.3500E+02   1.19738E-06 0.0039
    1.3890E+02   2.49184E-07 0.0040
    1.4292E+02   1.70788E-07 0.0041
    1.4706E+02   1.06779E-06 0.0039
    1.5131E+02   1.53540E-07 0.0041
    1.5569E+02   9.02988E-07 0.0039
    1.6019E+02   1.59221E-07 0.0041
    1.6483E+02   7.51762E-07 0.0039
    1.6959E+02   1.61258E-07 0.0040
    1.7450E+02   1.06891E-07 0.0041
    1.7955E+02   6.72571E-07 0.0039
    1.8474E+02   1.03068E-07 0.0041
    1.9009E+02   5.61548E-07 0.0039
    1.9559E+02   1.08971E-07 0.0040
    2.0124E+02   8.01221E-08 0.0041
    2.0707E+02   4.93536E-07 0.0039
    2.1306E+02   6.98710E-08 0.0041
    2.1922E+02   4.18126E-07 0.0039
    2.2556E+02   7.30024E-08 0.0040
    2.3209E+02   6.29838E-08 0.0041
    2.3880E+02   3.58732E-07 0.0038
    2.4571E+02   4.99066E-08 0.0041
    2.5282E+02   3.10371E-07 0.0038
    2.6013E+02   4.90445E-08 0.0041
    2.6766E+02   2.60186E-07 0.0038
    2.7540E+02   5.15944E-08 0.0040
    2.8337E+02   3.93442E-08 0.0041
    2.9157E+02   2.29274E-07 0.0038
    3.0000E+02   3.34330E-08 0.0041
      total      3.18464E-03 0.0013
 
 cell  503                                                                                                                             
 user bin total
    s(e) (MeV/cm)
    1.0000E+00   0.00000E+00 0.0000
    1.0289E+00   0.00000E+00 0.0000
    1.0587E+00   0.00000E+00 0.0000
    1.0893E+00   0.00000E+00 0.0000
    1.1208E+00   0.00000E+00 0.0000
    1.1533E+00   0.00000E+00 0.0000
    1.1866E+00   0.00000E+00 0.0000
    1.2210E+00   0.00000E+00 0.0000
    1.2563E+00   0.00000E+00 0.0000
    1.2926E+00   0.00000E+00 0.0000
    1.3300E+00   0.00000E+00 0.0000
    1.3685E+00   0.00000E+00 0.0000
    1.4081E+00   0.00000E+00 0.0000
    1.4488E+00   0.00000E+00 0.0000
    1.4907E+00   0.00000E+00 0.0000
    1.5339E+00   0.00000E+00 0.0000
    1.5782E+00   0.00000E+00 0.0000
    1.6239E+00   0.00000E+00 0.0000
    1.6709E+00   0.00000E+00 0.0000
    1.7192E+00   0.00000E+00 0.0000
    1.7689E+00   0.00000E+00 0.0000
    1.8201E+00   0.00000E+00 0.0000
    1.8728E+00   0.00000E+00 0.0000
    1.9269E+00   0.00000E+00 0.0000
    1.9827E+00   0.00000E+00 0.0000
    2.0400E+00   0.00000E+00 0.0000
    2.0991E+00   0.00000E+00 0.0000
    2.1598E+00   0.00000E+00 0.0000
    2.2223E+00   0.00000E+00 0.0000
    2.2866E+00   0.00000E+00 0.0000
    2.3527E+00   0.00000E+00 0.0000
    2.4208E+00   0.00000E+00 0.0000
    2.4908E+00   0.00000E+00 0.0000
    2.5629E+00   0.00000E+00 0.0000
    2.6370E+00   0.00000E+00 0.0000
    2.7133E+00   0.00000E+00 0.0000
    2.7918E+00   0.00000E+00 0.0000
    2.8725E+00   0.00000E+00 0.0000
    2.9557E+00   0.00000E+00 0.0000
    3.0412E+00   0.00000E+00 0.0000
    3.1291E+00   0.00000E+00 0.0000
    3.2197E+00   0.00000E+00 0.0000
    3.3128E+00   0.00000E+00 0.0000
    3.4086E+00   0.00000E+00 0.0000
    3.5072E+00   0.00000E+00 0.0000
    3.6087E+00   0.00000E+00 0.0000
    3.7131E+00   0.00000E+00 0.0000
    3.8205E+00   0.00000E+00 0.0000
    3.9311E+00   0.00000E+00 0.0000
    4.0448E+00   0.00000E+00 0.0000
    4.1618E+00   0.00000E+00 0.0000
    4.2822E+00   0.00000E+00 0.0000
    4.4061E+00   0.00000E+00 0.0000
    4.5335E+00   0.00000E+00 0.0000
    4.6647E+00   0.00000E+00 0.0000
    4.7996E+00   0.00000E+00 0.0000
    4.9385E+00   0.00000E+00 0.0000
    5.0814E+00   0.00000E+00 0.0000
    5.2284E+00   0.00000E+00 0.0000
    5.3796E+00   0.00000E+00 0.0000
    5.5352E+00   0.00000E+00 0.0000
    5.6954E+00   0.00000E+00 0.0000
    5.8601E+00   0.00000E+00 0.0000
    6.0297E+00   0.00000E+00 0.0000
    6.2041E+00   0.00000E+00 0.0000
    6.3836E+00   0.00000E+00 0.0000
    6.5683E+00   0.00000E+00 0.0000
    6.7583E+00   0.00000E+00 0.0000
    6.9538E+00   0.00000E+00 0.0000
    7.1550E+00   0.00000E+00 0.0000
    7.3619E+00   0.00000E+00 0.0000
    7.5749E+00   0.00000E+00 0.0000
    7.7941E+00   1.85683E-10 0.7076
    8.0195E+00   0.00000E+00 0.0000
    8.2515E+00   6.73413E-10 0.3786
    8.4902E+00   0.00000E+00 0.0000
    8.7359E+00   8.63135E-10 0.3208
    8.9886E+00   1.91563E-10 0.7071
    9.2486E+00   8.26731E-06 0.0120
    9.5162E+00   5.59406E-06 0.0090
    9.7915E+00   8.46659E-06 0.0078
    1.0075E+01   2.98835E-04 0.0041
    1.0366E+01   2.24071E-05 0.0054
    1.0666E+01   2.80897E-04 0.0038
    1.0975E+01   2.81070E-05 0.0050
    1.1292E+01   2.74964E-04 0.0037
    1.1619E+01   3.09878E-05 0.0047
    1.1955E+01   3.17839E-05 0.0047
    1.2301E+01   2.37990E-04 0.0037
    1.2657E+01   3.09874E-05 0.0047
    1.3023E+01   2.15244E-04 0.0040
    1.3400E+01   2.53285E-05 0.0047
    1.3787E+01   2.79361E-05 0.0047
    1.4186E+01   1.97057E-04 0.0041
    1.4596E+01   2.63683E-05 0.0047
    1.5019E+01   1.53348E-04 0.0040
    1.5453E+01   2.94354E-05 0.0045
    1.5900E+01   1.51605E-04 0.0041
    1.6360E+01   1.84935E-05 0.0045
    1.6834E+01   1.91020E-05 0.0045
    1.7321E+01   1.25378E-04 0.0040
    1.7822E+01   1.95079E-05 0.0044
    1.8337E+01   1.17990E-04 0.0041
    1.8868E+01   1.54459E-05 0.0044
    1.9413E+01   1.54263E-05 0.0044
    1.9975E+01   8.39494E-05 0.0040
    2.0553E+01   1.45258E-05 0.0044
    2.1148E+01   8.11600E-05 0.0041
    2.1759E+01   1.31463E-05 0.0044
    2.2389E+01   1.35822E-05 0.0044
    2.3037E+01   7.33552E-05 0.0041
    2.3703E+01   1.11824E-05 0.0044
    2.4389E+01   5.76837E-05 0.0041
    2.5094E+01   8.88967E-06 0.0044
    2.5820E+01   8.71576E-06 0.0044
    2.6567E+01   4.47183E-05 0.0041
    2.7336E+01   6.96426E-06 0.0044
    2.8127E+01   4.02030E-05 0.0041
    2.8940E+01   6.65629E-06 0.0044
    2.9777E+01   3.70232E-05 0.0041
    3.0639E+01   6.48669E-06 0.0043
    3.1525E+01   5.97855E-06 0.0043
    3.2437E+01   3.39588E-05 0.0041
    3.3376E+01   5.29355E-06 0.0043
    3.4341E+01   2.96186E-05 0.0041
    3.5335E+01   5.30378E-06 0.0042
    3.6357E+01   4.46360E-06 0.0043
    3.7409E+01   2.55153E-05 0.0041
    3.8491E+01   3.88550E-06 0.0043
    3.9604E+01   2.12014E-05 0.0041
    4.0750E+01   3.81535E-06 0.0042
    4.1929E+01   3.09538E-06 0.0043
    4.3142E+01   1.79409E-05 0.0040
    4.4390E+01   2.62359E-06 0.0043
    4.5674E+01   1.48361E-05 0.0040
    4.6996E+01   2.60661E-06 0.0042
    4.8355E+01   2.09383E-06 0.0043
    4.9754E+01   1.26129E-05 0.0040
    5.1193E+01   1.77613E-06 0.0043
    5.2674E+01   1.05159E-05 0.0040
    5.4198E+01   1.82615E-06 0.0042
    5.5766E+01   1.50486E-06 0.0043
    5.7379E+01   8.98749E-06 0.0040
    5.9039E+01   1.22655E-06 0.0042
    6.0747E+01   7.63401E-06 0.0040
    6.2505E+01   1.26202E-06 0.0042
    6.4313E+01   6.28762E-06 0.0040
    6.6174E+01   1.34161E-06 0.0041
    6.8088E+01   8.78524E-07 0.0042
    7.0058E+01   5.62976E-06 0.0039
    7.2084E+01   8.61094E-07 0.0042
    7.4170E+01   4.68069E-06 0.0039
    7.6315E+01   9.32361E-07 0.0041
    7.8523E+01   6.52810E-07 0.0042
    8.0795E+01   4.16100E-06 0.0039
    8.3132E+01   5.85515E-07 0.0042
    8.5537E+01   3.52687E-06 0.0039
    8.8012E+01   6.24846E-07 0.0041
    9.0558E+01   2.94364E-06 0.0039
    9.3178E+01   6.50500E-07 0.0040
    9.5873E+01   4.26342E-07 0.0042
    9.8647E+01   2.67206E-06 0.0039
    1.0150E+02   3.88321E-07 0.0041
    1.0444E+02   2.26903E-06 0.0039
    1.0746E+02   3.92793E-07 0.0041
    1.1057E+02   1.89658E-06 0.0039
    1.1377E+02   3.98789E-07 0.0040
    1.1706E+02   2.75950E-07 0.0042
    1.2044E+02   1.69741E-06 0.0039
    1.2393E+02   2.41370E-07 0.0041
    1.2751E+02   1.44669E-06 0.0039
    1.3120E+02   2.43750E-07 0.0041
    1.3500E+02   1.20588E-06 0.0039
    1.3890E+02   2.50961E-07 0.0040
    1.4292E+02   1.72022E-07 0.0041
    1.4706E+02   1.07534E-06 0.0039
    1.5131E+02   1.54615E-07 0.0041
    1.5569E+02   9.09399E-07 0.0039
    1.6019E+02   1.60319E-07 0.0041
    1.6483E+02   7.57100E-07 0.0039
    1.6959E+02   1.62384E-07 0.0040
    1.7450E+02   1.07647E-07 0.0041
    1.7955E+02   6.77316E-07 0.0039
    1.8474E+02   1.03796E-07 0.0041
    1.9009E+02   5.65509E-07 0.0039
    1.9559E+02   1.09750E-07 0.0040
    2.0124E+02   8.06826E-08 0.0041
    2.0707E+02   4.97025E-07 0.0039
    2.1306E+02   7.03559E-08 0.0041
    2.1922E+02   4.21081E-07 0.0039
    2.2556E+02   7.35196E-08 0.0040
    2.3209E+02   6.34293E-08 0.0041
    2.3880E+02   3.61256E-07 0.0039
    2.4571E+02   5.02613E-08 0.0041
    2.5282E+02   3.12557E-07 0.0039
    2.6013E+02   4.93944E-08 0.0041
    2.6766E+02   2.62016E-07 0.0038
    2.7540E+02   5.19599E-08 0.0040
    2.8337E+02   3.96191E-08 0.0041
    2.9157E+02   2.30896E-07 0.0038
    3.0000E+02   3.36752E-08 0.0041
      total      3.20989E-03 0.0013
 
 cell  504                                                                                                                             
 user bin          -1.00000
    s(e) (MeV/cm)
    1.0000E+00   0.00000E+00 0.0000
    1.0289E+00   0.00000E+00 0.0000
    1.0587E+00   0.00000E+00 0.0000
    1.0893E+00   0.00000E+00 0.0000
    1.1208E+00   0.00000E+00 0.0000
    1.1533E+00   0.00000E+00 0.0000
    1.1866E+00   0.00000E+00 0.0000
    1.2210E+00   0.00000E+00 0.0000
    1.2563E+00   0.00000E+00 0.0000
    1.2926E+00   0.00000E+00 0.0000
    1.3300E+00   0.00000E+00 0.0000
    1.3685E+00   0.00000E+00 0.0000
    1.4081E+00   0.00000E+00 0.0000
    1.4488E+00   0.00000E+00 0.0000
    1.4907E+00   0.00000E+00 0.0000
    1.5339E+00   0.00000E+00 0.0000
    1.5782E+00   0.00000E+00 0.0000
    1.6239E+00   0.00000E+00 0.0000
    1.6709E+00   0.00000E+00 0.0000
    1.7192E+00   0.00000E+00 0.0000
    1.7689E+00   0.00000E+00 0.0000
    1.8201E+00   0.00000E+00 0.0000
    1.8728E+00   0.00000E+00 0.0000
    1.9269E+00   0.00000E+00 0.0000
    1.9827E+00   0.00000E+00 0.0000
    2.0400E+00   0.00000E+00 0.0000
    2.0991E+00   0.00000E+00 0.0000
    2.1598E+00   0.00000E+00 0.0000
    2.2223E+00   0.00000E+00 0.0000
    2.2866E+00   0.00000E+00 0.0000
    2.3527E+00   0.00000E+00 0.0000
    2.4208E+00   0.00000E+00 0.0000
    2.4908E+00   0.00000E+00 0.0000
    2.5629E+00   0.00000E+00 0.0000
    2.6370E+00   0.00000E+00 0.0000
    2.7133E+00   0.00000E+00 0.0000
    2.7918E+00   0.00000E+00 0.0000
    2.8725E+00   0.00000E+00 0.0000
    2.9557E+00   0.00000E+00 0.0000
    3.0412E+00   0.00000E+00 0.0000
    3.1291E+00   0.00000E+00 0.0000
    3.2197E+00   0.00000E+00 0.0000
    3.3128E+00   0.00000E+00 0.0000
    3.4086E+00   0.00000E+00 0.0000
    3.5072E+00   0.00000E+00 0.0000
    3.6087E+00   0.00000E+00 0.0000
    3.7131E+00   0.00000E+00 0.0000
    3.8205E+00   0.00000E+00 0.0000
    3.9311E+00   0.00000E+00 0.0000
    4.0448E+00   0.00000E+00 0.0000
    4.1618E+00   0.00000E+00 0.0000
    4.2822E+00   0.00000E+00 0.0000
    4.4061E+00   0.00000E+00 0.0000
    4.5335E+00   0.00000E+00 0.0000
    4.6647E+00   0.00000E+00 0.0000
    4.7996E+00   0.00000E+00 0.0000
    4.9385E+00   0.00000E+00 0.0000
    5.0814E+00   0.00000E+00 0.0000
    5.2284E+00   0.00000E+00 0.0000
    5.3796E+00   0.00000E+00 0.0000
    5.5352E+00   0.00000E+00 0.0000
    5.6954E+00   0.00000E+00 0.0000
    5.8601E+00   0.00000E+00 0.0000
    6.0297E+00   0.00000E+00 0.0000
    6.2041E+00   0.00000E+00 0.0000
    6.3836E+00   0.00000E+00 0.0000
    6.5683E+00   0.00000E+00 0.0000
    6.7583E+00   0.00000E+00 0.0000
    6.9538E+00   0.00000E+00 0.0000
    7.1550E+00   0.00000E+00 0.0000
    7.3619E+00   0.00000E+00 0.0000
    7.5749E+00   0.00000E+00 0.0000
    7.7941E+00   0.00000E+00 0.0000
    8.0195E+00   0.00000E+00 0.0000
    8.2515E+00   0.00000E+00 0.0000
    8.4902E+00   0.00000E+00 0.0000
    8.7359E+00   0.00000E+00 0.0000
    8.9886E+00   0.00000E+00 0.0000
    9.2486E+00   2.18050E-07 0.0202
    9.5162E+00   1.04322E-07 0.0292
    9.7915E+00   1.33804E-07 0.0258
    1.0075E+01   2.58062E-06 0.0059
    1.0366E+01   1.98446E-07 0.0212
    1.0666E+01   2.33311E-06 0.0062
    1.0975E+01   2.14415E-07 0.0204
    1.1292E+01   2.27915E-06 0.0062
    1.1619E+01   2.34390E-07 0.0195
    1.1955E+01   2.20865E-07 0.0201
    1.2301E+01   1.94975E-06 0.0067
    1.2657E+01   2.49912E-07 0.0189
    1.3023E+01   1.61182E-06 0.0074
    1.3400E+01   2.48860E-07 0.0189
    1.3787E+01   2.53643E-07 0.0187
    1.4186E+01   1.46671E-06 0.0078
    1.4596E+01   1.99749E-07 0.0211
    1.5019E+01   1.37602E-06 0.0080
    1.5453E+01   2.20664E-07 0.0194
    1.5900E+01   1.08143E-06 0.0089
    1.6360E+01   1.62186E-07 0.0206
    1.6834E+01   1.69700E-07 0.0202
    1.7321E+01   1.11960E-06 0.0084
    1.7822E+01   1.44339E-07 0.0195
    1.8337E+01   8.23311E-07 0.0095
    1.8868E+01   1.12309E-07 0.0206
    1.9413E+01   1.12546E-07 0.0205
    1.9975E+01   7.07962E-07 0.0099
    2.0553E+01   1.30589E-07 0.0185
    2.1148E+01   6.95824E-07 0.0099
    2.1759E+01   9.79065E-08 0.0194
    2.2389E+01   1.01040E-07 0.0191
    2.3037E+01   5.08010E-07 0.0107
    2.3703E+01   7.37619E-08 0.0205
    2.4389E+01   4.03961E-07 0.0115
    2.5094E+01   6.99946E-08 0.0200
    2.5820E+01   6.79327E-08 0.0203
    2.6567E+01   3.70111E-07 0.0113
    2.7336E+01   6.12573E-08 0.0194
    2.8127E+01   3.56909E-07 0.0109
    2.8940E+01   6.01598E-08 0.0184
    2.9777E+01   3.21037E-07 0.0108
    3.0639E+01   5.43108E-08 0.0177
    3.1525E+01   4.98103E-08 0.0185
    3.2437E+01   2.73795E-07 0.0110
    3.3376E+01   4.10625E-08 0.0189
    3.4341E+01   2.21011E-07 0.0113
    3.5335E+01   3.85200E-08 0.0182
    3.6357E+01   3.17011E-08 0.0200
    3.7409E+01   1.77087E-07 0.0118
    3.8491E+01   2.67205E-08 0.0202
    3.9604E+01   1.43853E-07 0.0122
    4.0750E+01   2.51013E-08 0.0193
    4.1929E+01   2.14700E-08 0.0208
    4.3142E+01   1.21219E-07 0.0125
    4.4390E+01   1.76503E-08 0.0212
    4.5674E+01   1.01851E-07 0.0126
    4.6996E+01   1.77479E-08 0.0196
    4.8355E+01   1.45972E-08 0.0215
    4.9754E+01   8.85352E-08 0.0126
    5.1193E+01   1.23165E-08 0.0217
    5.2674E+01   7.50976E-08 0.0127
    5.4198E+01   1.33634E-08 0.0193
    5.5766E+01   1.07625E-08 0.0215
    5.7379E+01   6.62301E-08 0.0125
    5.9039E+01   9.17848E-09 0.0215
    6.0747E+01   5.80112E-08 0.0124
    6.2505E+01   9.63276E-09 0.0195
    6.4313E+01   4.87065E-08 0.0123
    6.6174E+01   1.06888E-08 0.0171
    6.8088E+01   6.91989E-09 0.0212
    7.0058E+01   4.47589E-08 0.0122
    7.2084E+01   6.81217E-09 0.0198
    7.4170E+01   3.73899E-08 0.0122
    7.6315E+01   7.59494E-09 0.0173
    7.8523E+01   5.15333E-09 0.0211
    8.0795E+01   3.34433E-08 0.0122
    8.3132E+01   4.79421E-09 0.0202
    8.5537E+01   2.84514E-08 0.0121
    8.8012E+01   5.01308E-09 0.0183
    9.0558E+01   2.40083E-08 0.0121
    9.3178E+01   5.20102E-09 0.0166
    9.5873E+01   3.53926E-09 0.0202
    9.8647E+01   2.17398E-08 0.0121
    1.0150E+02   3.21064E-09 0.0196
    1.0444E+02   1.84758E-08 0.0121
    1.0746E+02   3.21030E-09 0.0182
    1.1057E+02   1.55418E-08 0.0120
    1.1377E+02   3.24509E-09 0.0168
    1.1706E+02   2.31497E-09 0.0198
    1.2044E+02   1.39146E-08 0.0120
    1.2393E+02   1.95673E-09 0.0200
    1.2751E+02   1.18907E-08 0.0120
    1.3120E+02   1.96285E-09 0.0185
    1.3500E+02   9.89933E-09 0.0120
    1.3890E+02   2.06809E-09 0.0167
    1.4292E+02   1.40522E-09 0.0202
    1.4706E+02   8.82827E-09 0.0120
    1.5131E+02   1.28241E-09 0.0196
    1.5569E+02   7.48854E-09 0.0119
    1.6019E+02   1.30728E-09 0.0180
    1.6483E+02   6.21964E-09 0.0119
    1.6959E+02   1.35305E-09 0.0164
    1.7450E+02   8.74396E-10 0.0204
    1.7955E+02   5.59770E-09 0.0119
    1.8474E+02   8.50207E-10 0.0191
    1.9009E+02   4.65304E-09 0.0119
    1.9559E+02   8.99780E-10 0.0172
    2.0124E+02   6.80478E-10 0.0198
    2.0707E+02   4.07254E-09 0.0119
    2.1306E+02   5.80741E-10 0.0198
    2.1922E+02   3.45927E-09 0.0119
    2.2556E+02   6.00166E-10 0.0180
    2.3209E+02   5.27636E-10 0.0192
    2.3880E+02   2.98493E-09 0.0119
    2.4571E+02   4.13030E-10 0.0201
    2.5282E+02   2.58312E-09 0.0119
    2.6013E+02   4.00673E-10 0.0189
    2.6766E+02   2.15390E-09 0.0119
    2.7540E+02   4.27742E-10 0.0169
    2.8337E+02   3.30481E-10 0.0192
    2.9157E+02   1.89802E-09 0.0119
    3.0000E+02   2.71460E-10 0.0197
      total      2.60109E-05 0.0018
 
 cell  504                                                                                                                             
 user bin 10000000000.00000
    s(e) (MeV/cm)
    1.0000E+00   0.00000E+00 0.0000
    1.0289E+00   0.00000E+00 0.0000
    1.0587E+00   0.00000E+00 0.0000
    1.0893E+00   0.00000E+00 0.0000
    1.1208E+00   0.00000E+00 0.0000
    1.1533E+00   0.00000E+00 0.0000
    1.1866E+00   0.00000E+00 0.0000
    1.2210E+00   0.00000E+00 0.0000
    1.2563E+00   0.00000E+00 0.0000
    1.2926E+00   0.00000E+00 0.0000
    1.3300E+00   0.00000E+00 0.0000
    1.3685E+00   0.00000E+00 0.0000
    1.4081E+00   0.00000E+00 0.0000
    1.4488E+00   0.00000E+00 0.0000
    1.4907E+00   0.00000E+00 0.0000
    1.5339E+00   0.00000E+00 0.0000
    1.5782E+00   0.00000E+00 0.0000
    1.6239E+00   0.00000E+00 0.0000
    1.6709E+00   0.00000E+00 0.0000
    1.7192E+00   0.00000E+00 0.0000
    1.7689E+00   0.00000E+00 0.0000
    1.8201E+00   0.00000E+00 0.0000
    1.8728E+00   0.00000E+00 0.0000
    1.9269E+00   0.00000E+00 0.0000
    1.9827E+00   0.00000E+00 0.0000
    2.0400E+00   0.00000E+00 0.0000
    2.0991E+00   0.00000E+00 0.0000
    2.1598E+00   0.00000E+00 0.0000
    2.2223E+00   0.00000E+00 0.0000
    2.2866E+00   0.00000E+00 0.0000
    2.3527E+00   0.00000E+00 0.0000
    2.4208E+00   0.00000E+00 0.0000
    2.4908E+00   0.00000E+00 0.0000
    2.5629E+00   0.00000E+00 0.0000
    2.6370E+00   0.00000E+00 0.0000
    2.7133E+00   0.00000E+00 0.0000
    2.7918E+00   0.00000E+00 0.0000
    2.8725E+00   0.00000E+00 0.0000
    2.9557E+00   0.00000E+00 0.0000
    3.0412E+00   0.00000E+00 0.0000
    3.1291E+00   0.00000E+00 0.0000
    3.2197E+00   0.00000E+00 0.0000
    3.3128E+00   0.00000E+00 0.0000
    3.4086E+00   0.00000E+00 0.0000
    3.5072E+00   0.00000E+00 0.0000
    3.6087E+00   0.00000E+00 0.0000
    3.7131E+00   0.00000E+00 0.0000
    3.8205E+00   0.00000E+00 0.0000
    3.9311E+00   0.00000E+00 0.0000
    4.0448E+00   0.00000E+00 0.0000
    4.1618E+00   0.00000E+00 0.0000
    4.2822E+00   0.00000E+00 0.0000
    4.4061E+00   0.00000E+00 0.0000
    4.5335E+00   0.00000E+00 0.0000
    4.6647E+00   0.00000E+00 0.0000
    4.7996E+00   0.00000E+00 0.0000
    4.9385E+00   0.00000E+00 0.0000
    5.0814E+00   0.00000E+00 0.0000
    5.2284E+00   0.00000E+00 0.0000
    5.3796E+00   0.00000E+00 0.0000
    5.5352E+00   0.00000E+00 0.0000
    5.6954E+00   0.00000E+00 0.0000
    5.8601E+00   0.00000E+00 0.0000
    6.0297E+00   0.00000E+00 0.0000
    6.2041E+00   0.00000E+00 0.0000
    6.3836E+00   0.00000E+00 0.0000
    6.5683E+00   0.00000E+00 0.0000
    6.7583E+00   0.00000E+00 0.0000
    6.9538E+00   0.00000E+00 0.0000
    7.1550E+00   0.00000E+00 0.0000
    7.3619E+00   0.00000E+00 0.0000
    7.5749E+00   0.00000E+00 0.0000
    7.7941E+00   1.85945E-10 0.7076
    8.0195E+00   0.00000E+00 0.0000
    8.2515E+00   7.23851E-10 0.3590
    8.4902E+00   0.00000E+00 0.0000
    8.7359E+00   1.21553E-09 0.2775
    8.9886E+00   0.00000E+00 0.0000
    9.2486E+00   2.52805E-05 0.0086
    9.5162E+00   1.24156E-05 0.0068
    9.7915E+00   1.64768E-05 0.0062
    1.0075E+01   3.19114E-04 0.0038
    1.0366E+01   2.45890E-05 0.0054
    1.0666E+01   2.89119E-04 0.0037
    1.0975E+01   2.66077E-05 0.0050
    1.1292E+01   2.82652E-04 0.0037
    1.1619E+01   2.88480E-05 0.0048
    1.1955E+01   2.74066E-05 0.0048
    1.2301E+01   2.43573E-04 0.0038
    1.2657E+01   3.09167E-05 0.0047
    1.3023E+01   2.03742E-04 0.0038
    1.3400E+01   2.99476E-05 0.0047
    1.3787E+01   3.22301E-05 0.0046
    1.4186E+01   1.84250E-04 0.0040
    1.4596E+01   2.61643E-05 0.0046
    1.5019E+01   1.71966E-04 0.0041
    1.5453E+01   2.83322E-05 0.0046
    1.5900E+01   1.37985E-04 0.0040
    1.6360E+01   1.96937E-05 0.0045
    1.6834E+01   2.12475E-05 0.0045
    1.7321E+01   1.36853E-04 0.0040
    1.7822E+01   1.87242E-05 0.0045
    1.8337E+01   1.05809E-04 0.0041
    1.8868E+01   1.42565E-05 0.0044
    1.9413E+01   1.48662E-05 0.0044
    1.9975E+01   8.98879E-05 0.0041
    2.0553E+01   1.64693E-05 0.0044
    2.1148E+01   8.66627E-05 0.0041
    2.1759E+01   1.27899E-05 0.0044
    2.2389E+01   1.28677E-05 0.0044
    2.3037E+01   6.63731E-05 0.0041
    2.3703E+01   9.91881E-06 0.0044
    2.4389E+01   5.27550E-05 0.0041
    2.5094E+01   8.66160E-06 0.0044
    2.5820E+01   8.75089E-06 0.0044
    2.6567E+01   4.75651E-05 0.0041
    2.7336E+01   7.78939E-06 0.0044
    2.8127E+01   4.51846E-05 0.0041
    2.8940E+01   7.42634E-06 0.0043
    2.9777E+01   4.03997E-05 0.0041
    3.0639E+01   6.87148E-06 0.0043
    3.1525E+01   6.20786E-06 0.0043
    3.2437E+01   3.44157E-05 0.0041
    3.3376E+01   5.13870E-06 0.0043
    3.4341E+01   2.82288E-05 0.0041
    3.5335E+01   4.96248E-06 0.0043
    3.6357E+01   4.10077E-06 0.0043
    3.7409E+01   2.33110E-05 0.0041
    3.8491E+01   3.50833E-06 0.0043
    3.9604E+01   1.91187E-05 0.0040
    4.0750E+01   3.43730E-06 0.0042
    4.1929E+01   2.80542E-06 0.0043
    4.3142E+01   1.62982E-05 0.0040
    4.4390E+01   2.40819E-06 0.0043
    4.5674E+01   1.37352E-05 0.0040
    4.6996E+01   2.44593E-06 0.0042
    4.8355E+01   1.97959E-06 0.0043
    4.9754E+01   1.19813E-05 0.0040
    5.1193E+01   1.71114E-06 0.0043
    5.2674E+01   1.02178E-05 0.0040
    5.4198E+01   1.79743E-06 0.0042
    5.5766E+01   1.49084E-06 0.0043
    5.7379E+01   8.94673E-06 0.0040
    5.9039E+01   1.23944E-06 0.0043
    6.0747E+01   7.73647E-06 0.0040
    6.2505E+01   1.28725E-06 0.0042
    6.4313E+01   6.46407E-06 0.0040
    6.6174E+01   1.38505E-06 0.0041
    6.8088E+01   9.11378E-07 0.0043
    7.0058E+01   5.85281E-06 0.0040
    7.2084E+01   9.01440E-07 0.0042
    7.4170E+01   4.90569E-06 0.0040
    7.6315E+01   9.81214E-07 0.0041
    7.8523E+01   6.89833E-07 0.0042
    8.0795E+01   4.39132E-06 0.0040
    8.3132E+01   6.21278E-07 0.0042
    8.5537E+01   3.73809E-06 0.0040
    8.8012E+01   6.61812E-07 0.0041
    9.0558E+01   3.13070E-06 0.0040
    9.3178E+01   6.91673E-07 0.0041
    9.5873E+01   4.56159E-07 0.0042
    9.8647E+01   2.85015E-06 0.0040
    1.0150E+02   4.15191E-07 0.0042
    1.0444E+02   2.42663E-06 0.0039
    1.0746E+02   4.21577E-07 0.0041
    1.1057E+02   2.03259E-06 0.0039
    1.1377E+02   4.29306E-07 0.0041
    1.1706E+02   2.95854E-07 0.0042
    1.2044E+02   1.82216E-06 0.0039
    1.2393E+02   2.59908E-07 0.0042
    1.2751E+02   1.55476E-06 0.0039
    1.3120E+02   2.62544E-07 0.0041
    1.3500E+02   1.29708E-06 0.0039
    1.3890E+02   2.70146E-07 0.0040
    1.4292E+02   1.85450E-07 0.0042
    1.4706E+02   1.15775E-06 0.0039
    1.5131E+02   1.66186E-07 0.0041
    1.5569E+02   9.79875E-07 0.0039
    1.6019E+02   1.72889E-07 0.0041
    1.6483E+02   8.15799E-07 0.0039
    1.6959E+02   1.75043E-07 0.0040
    1.7450E+02   1.16102E-07 0.0042
    1.7955E+02   7.30430E-07 0.0039
    1.8474E+02   1.11994E-07 0.0041
    1.9009E+02   6.09861E-07 0.0039
    1.9559E+02   1.18147E-07 0.0041
    2.0124E+02   8.70419E-08 0.0041
    2.0707E+02   5.35859E-07 0.0039
    2.1306E+02   7.60972E-08 0.0041
    2.1922E+02   4.54270E-07 0.0039
    2.2556E+02   7.92045E-08 0.0041
    2.3209E+02   6.85132E-08 0.0041
    2.3880E+02   3.89707E-07 0.0039
    2.4571E+02   5.42198E-08 0.0041
    2.5282E+02   3.37138E-07 0.0039
    2.6013E+02   5.32824E-08 0.0041
    2.6766E+02   2.82601E-07 0.0039
    2.7540E+02   5.60692E-08 0.0040
    2.8337E+02   4.26818E-08 0.0041
    2.9157E+02   2.49120E-07 0.0039
    3.0000E+02   3.63461E-08 0.0041
      total      3.27022E-03 0.0013
 
 cell  504                                                                                                                             
 user bin total
    s(e) (MeV/cm)
    1.0000E+00   0.00000E+00 0.0000
    1.0289E+00   0.00000E+00 0.0000
    1.0587E+00   0.00000E+00 0.0000
    1.0893E+00   0.00000E+00 0.0000
    1.1208E+00   0.00000E+00 0.0000
    1.1533E+00   0.00000E+00 0.0000
    1.1866E+00   0.00000E+00 0.0000
    1.2210E+00   0.00000E+00 0.0000
    1.2563E+00   0.00000E+00 0.0000
    1.2926E+00   0.00000E+00 0.0000
    1.3300E+00   0.00000E+00 0.0000
    1.3685E+00   0.00000E+00 0.0000
    1.4081E+00   0.00000E+00 0.0000
    1.4488E+00   0.00000E+00 0.0000
    1.4907E+00   0.00000E+00 0.0000
    1.5339E+00   0.00000E+00 0.0000
    1.5782E+00   0.00000E+00 0.0000
    1.6239E+00   0.00000E+00 0.0000
    1.6709E+00   0.00000E+00 0.0000
    1.7192E+00   0.00000E+00 0.0000
    1.7689E+00   0.00000E+00 0.0000
    1.8201E+00   0.00000E+00 0.0000
    1.8728E+00   0.00000E+00 0.0000
    1.9269E+00   0.00000E+00 0.0000
    1.9827E+00   0.00000E+00 0.0000
    2.0400E+00   0.00000E+00 0.0000
    2.0991E+00   0.00000E+00 0.0000
    2.1598E+00   0.00000E+00 0.0000
    2.2223E+00   0.00000E+00 0.0000
    2.2866E+00   0.00000E+00 0.0000
    2.3527E+00   0.00000E+00 0.0000
    2.4208E+00   0.00000E+00 0.0000
    2.4908E+00   0.00000E+00 0.0000
    2.5629E+00   0.00000E+00 0.0000
    2.6370E+00   0.00000E+00 0.0000
    2.7133E+00   0.00000E+00 0.0000
    2.7918E+00   0.00000E+00 0.0000
    2.8725E+00   0.00000E+00 0.0000
    2.9557E+00   0.00000E+00 0.0000
    3.0412E+00   0.00000E+00 0.0000
    3.1291E+00   0.00000E+00 0.0000
    3.2197E+00   0.00000E+00 0.0000
    3.3128E+00   0.00000E+00 0.0000
    3.4086E+00   0.00000E+00 0.0000
    3.5072E+00   0.00000E+00 0.0000
    3.6087E+00   0.00000E+00 0.0000
    3.7131E+00   0.00000E+00 0.0000
    3.8205E+00   0.00000E+00 0.0000
    3.9311E+00   0.00000E+00 0.0000
    4.0448E+00   0.00000E+00 0.0000
    4.1618E+00   0.00000E+00 0.0000
    4.2822E+00   0.00000E+00 0.0000
    4.4061E+00   0.00000E+00 0.0000
    4.5335E+00   0.00000E+00 0.0000
    4.6647E+00   0.00000E+00 0.0000
    4.7996E+00   0.00000E+00 0.0000
    4.9385E+00   0.00000E+00 0.0000
    5.0814E+00   0.00000E+00 0.0000
    5.2284E+00   0.00000E+00 0.0000
    5.3796E+00   0.00000E+00 0.0000
    5.5352E+00   0.00000E+00 0.0000
    5.6954E+00   0.00000E+00 0.0000
    5.8601E+00   0.00000E+00 0.0000
    6.0297E+00   0.00000E+00 0.0000
    6.2041E+00   0.00000E+00 0.0000
    6.3836E+00   0.00000E+00 0.0000
    6.5683E+00   0.00000E+00 0.0000
    6.7583E+00   0.00000E+00 0.0000
    6.9538E+00   0.00000E+00 0.0000
    7.1550E+00   0.00000E+00 0.0000
    7.3619E+00   0.00000E+00 0.0000
    7.5749E+00   0.00000E+00 0.0000
    7.7941E+00   1.85945E-10 0.7076
    8.0195E+00   0.00000E+00 0.0000
    8.2515E+00   7.23851E-10 0.3590
    8.4902E+00   0.00000E+00 0.0000
    8.7359E+00   1.21553E-09 0.2775
    8.9886E+00   0.00000E+00 0.0000
    9.2486E+00   2.54986E-05 0.0086
    9.5162E+00   1.25199E-05 0.0068
    9.7915E+00   1.66106E-05 0.0062
    1.0075E+01   3.21694E-04 0.0038
    1.0366E+01   2.47874E-05 0.0054
    1.0666E+01   2.91452E-04 0.0037
    1.0975E+01   2.68221E-05 0.0050
    1.1292E+01   2.84931E-04 0.0037
    1.1619E+01   2.90824E-05 0.0048
    1.1955E+01   2.76275E-05 0.0048
    1.2301E+01   2.45523E-04 0.0038
    1.2657E+01   3.11666E-05 0.0047
    1.3023E+01   2.05354E-04 0.0038
    1.3400E+01   3.01964E-05 0.0047
    1.3787E+01   3.24838E-05 0.0046
    1.4186E+01   1.85717E-04 0.0040
    1.4596E+01   2.63641E-05 0.0046
    1.5019E+01   1.73342E-04 0.0041
    1.5453E+01   2.85528E-05 0.0046
    1.5900E+01   1.39067E-04 0.0040
    1.6360E+01   1.98559E-05 0.0045
    1.6834E+01   2.14172E-05 0.0045
    1.7321E+01   1.37973E-04 0.0040
    1.7822E+01   1.88685E-05 0.0045
    1.8337E+01   1.06633E-04 0.0041
    1.8868E+01   1.43688E-05 0.0044
    1.9413E+01   1.49788E-05 0.0044
    1.9975E+01   9.05959E-05 0.0041
    2.0553E+01   1.65999E-05 0.0044
    2.1148E+01   8.73585E-05 0.0041
    2.1759E+01   1.28878E-05 0.0044
    2.2389E+01   1.29687E-05 0.0044
    2.3037E+01   6.68811E-05 0.0041
    2.3703E+01   9.99257E-06 0.0044
    2.4389E+01   5.31589E-05 0.0041
    2.5094E+01   8.73160E-06 0.0044
    2.5820E+01   8.81882E-06 0.0044
    2.6567E+01   4.79352E-05 0.0041
    2.7336E+01   7.85065E-06 0.0044
    2.8127E+01   4.55415E-05 0.0041
    2.8940E+01   7.48649E-06 0.0043
    2.9777E+01   4.07207E-05 0.0041
    3.0639E+01   6.92579E-06 0.0043
    3.1525E+01   6.25767E-06 0.0043
    3.2437E+01   3.46895E-05 0.0041
    3.3376E+01   5.17976E-06 0.0043
    3.4341E+01   2.84498E-05 0.0041
    3.5335E+01   5.00100E-06 0.0043
    3.6357E+01   4.13247E-06 0.0043
    3.7409E+01   2.34880E-05 0.0041
    3.8491E+01   3.53505E-06 0.0043
    3.9604E+01   1.92625E-05 0.0040
    4.0750E+01   3.46241E-06 0.0042
    4.1929E+01   2.82689E-06 0.0043
    4.3142E+01   1.64194E-05 0.0040
    4.4390E+01   2.42584E-06 0.0043
    4.5674E+01   1.38371E-05 0.0040
    4.6996E+01   2.46368E-06 0.0042
    4.8355E+01   1.99419E-06 0.0043
    4.9754E+01   1.20699E-05 0.0040
    5.1193E+01   1.72345E-06 0.0043
    5.2674E+01   1.02929E-05 0.0040
    5.4198E+01   1.81079E-06 0.0042
    5.5766E+01   1.50160E-06 0.0043
    5.7379E+01   9.01296E-06 0.0040
    5.9039E+01   1.24862E-06 0.0043
    6.0747E+01   7.79449E-06 0.0040
    6.2505E+01   1.29689E-06 0.0042
    6.4313E+01   6.51278E-06 0.0040
    6.6174E+01   1.39574E-06 0.0041
    6.8088E+01   9.18298E-07 0.0043
    7.0058E+01   5.89757E-06 0.0040
    7.2084E+01   9.08252E-07 0.0042
    7.4170E+01   4.94308E-06 0.0040
    7.6315E+01   9.88808E-07 0.0041
    7.8523E+01   6.94986E-07 0.0042
    8.0795E+01   4.42476E-06 0.0040
    8.3132E+01   6.26073E-07 0.0042
    8.5537E+01   3.76654E-06 0.0040
    8.8012E+01   6.66825E-07 0.0041
    9.0558E+01   3.15470E-06 0.0040
    9.3178E+01   6.96874E-07 0.0041
    9.5873E+01   4.59698E-07 0.0042
    9.8647E+01   2.87189E-06 0.0040
    1.0150E+02   4.18402E-07 0.0042
    1.0444E+02   2.44510E-06 0.0039
    1.0746E+02   4.24788E-07 0.0041
    1.1057E+02   2.04814E-06 0.0039
    1.1377E+02   4.32551E-07 0.0041
    1.1706E+02   2.98169E-07 0.0042
    1.2044E+02   1.83607E-06 0.0039
    1.2393E+02   2.61865E-07 0.0042
    1.2751E+02   1.56665E-06 0.0039
    1.3120E+02   2.64507E-07 0.0041
    1.3500E+02   1.30698E-06 0.0039
    1.3890E+02   2.72214E-07 0.0041
    1.4292E+02   1.86856E-07 0.0042
    1.4706E+02   1.16658E-06 0.0039
    1.5131E+02   1.67468E-07 0.0041
    1.5569E+02   9.87364E-07 0.0039
    1.6019E+02   1.74197E-07 0.0041
    1.6483E+02   8.22019E-07 0.0039
    1.6959E+02   1.76396E-07 0.0040
    1.7450E+02   1.16976E-07 0.0042
    1.7955E+02   7.36027E-07 0.0039
    1.8474E+02   1.12844E-07 0.0041
    1.9009E+02   6.14514E-07 0.0039
    1.9559E+02   1.19047E-07 0.0041
    2.0124E+02   8.77224E-08 0.0041
    2.0707E+02   5.39931E-07 0.0039
    2.1306E+02   7.66780E-08 0.0041
    2.1922E+02   4.57729E-07 0.0039
    2.2556E+02   7.98047E-08 0.0041
    2.3209E+02   6.90408E-08 0.0041
    2.3880E+02   3.92692E-07 0.0039
    2.4571E+02   5.46328E-08 0.0041
    2.5282E+02   3.39721E-07 0.0039
    2.6013E+02   5.36831E-08 0.0041
    2.6766E+02   2.84755E-07 0.0039
    2.7540E+02   5.64969E-08 0.0040
    2.8337E+02   4.30123E-08 0.0041
    2.9157E+02   2.51018E-07 0.0039
    3.0000E+02   3.66176E-08 0.0041
      total      3.29623E-03 0.0013
 
 cell union total                                                                                                                      
 user bin          -1.00000
    s(e) (MeV/cm)
    1.0000E+00   0.00000E+00 0.0000
    1.0289E+00   0.00000E+00 0.0000
    1.0587E+00   0.00000E+00 0.0000
    1.0893E+00   0.00000E+00 0.0000
    1.1208E+00   0.00000E+00 0.0000
    1.1533E+00   0.00000E+00 0.0000
    1.1866E+00   0.00000E+00 0.0000
    1.2210E+00   0.00000E+00 0.0000
    1.2563E+00   0.00000E+00 0.0000
    1.2926E+00   0.00000E+00 0.0000
    1.3300E+00   0.00000E+00 0.0000
    1.3685E+00   0.00000E+00 0.0000
    1.4081E+00   0.00000E+00 0.0000
    1.4488E+00   0.00000E+00 0.0000
    1.4907E+00   0.00000E+00 0.0000
    1.5339E+00   0.00000E+00 0.0000
    1.5782E+00   0.00000E+00 0.0000
    1.6239E+00   0.00000E+00 0.0000
    1.6709E+00   0.00000E+00 0.0000
    1.7192E+00   0.00000E+00 0.0000
    1.7689E+00   0.00000E+00 0.0000
    1.8201E+00   0.00000E+00 0.0000
    1.8728E+00   0.00000E+00 0.0000
    1.9269E+00   0.00000E+00 0.0000
    1.9827E+00   0.00000E+00 0.0000
    2.0400E+00   0.00000E+00 0.0000
    2.0991E+00   0.00000E+00 0.0000
    2.1598E+00   0.00000E+00 0.0000
    2.2223E+00   0.00000E+00 0.0000
    2.2866E+00   0.00000E+00 0.0000
    2.3527E+00   0.00000E+00 0.0000
    2.4208E+00   0.00000E+00 0.0000
    2.4908E+00   0.00000E+00 0.0000
    2.5629E+00   0.00000E+00 0.0000
    2.6370E+00   0.00000E+00 0.0000
    2.7133E+00   0.00000E+00 0.0000
    2.7918E+00   0.00000E+00 0.0000
    2.8725E+00   0.00000E+00 0.0000
    2.9557E+00   0.00000E+00 0.0000
    3.0412E+00   0.00000E+00 0.0000
    3.1291E+00   0.00000E+00 0.0000
    3.2197E+00   0.00000E+00 0.0000
    3.3128E+00   0.00000E+00 0.0000
    3.4086E+00   0.00000E+00 0.0000
    3.5072E+00   0.00000E+00 0.0000
    3.6087E+00   0.00000E+00 0.0000
    3.7131E+00   0.00000E+00 0.0000
    3.8205E+00   0.00000E+00 0.0000
    3.9311E+00   0.00000E+00 0.0000
    4.0448E+00   0.00000E+00 0.0000
    4.1618E+00   0.00000E+00 0.0000
    4.2822E+00   0.00000E+00 0.0000
    4.4061E+00   0.00000E+00 0.0000
    4.5335E+00   0.00000E+00 0.0000
    4.6647E+00   0.00000E+00 0.0000
    4.7996E+00   0.00000E+00 0.0000
    4.9385E+00   0.00000E+00 0.0000
    5.0814E+00   0.00000E+00 0.0000
    5.2284E+00   0.00000E+00 0.0000
    5.3796E+00   0.00000E+00 0.0000
    5.5352E+00   0.00000E+00 0.0000
    5.6954E+00   0.00000E+00 0.0000
    5.8601E+00   0.00000E+00 0.0000
    6.0297E+00   0.00000E+00 0.0000
    6.2041E+00   0.00000E+00 0.0000
    6.3836E+00   0.00000E+00 0.0000
    6.5683E+00   0.00000E+00 0.0000
    6.7583E+00   0.00000E+00 0.0000
    6.9538E+00   0.00000E+00 0.0000
    7.1550E+00   0.00000E+00 0.0000
    7.3619E+00   0.00000E+00 0.0000
    7.5749E+00   0.00000E+00 0.0000
    7.7941E+00   0.00000E+00 0.0000
    8.0195E+00   0.00000E+00 0.0000
    8.2515E+00   0.00000E+00 0.0000
    8.4902E+00   0.00000E+00 0.0000
    8.7359E+00   0.00000E+00 0.0000
    8.9886E+00   0.00000E+00 0.0000
    9.2486E+00   6.21332E-08 0.0224
    9.5162E+00   3.42627E-08 0.0228
    9.7915E+00   4.86202E-08 0.0191
    1.0075E+01   2.11297E-06 0.0059
    1.0366E+01   1.58767E-07 0.0106
    1.0666E+01   2.17343E-06 0.0054
    1.0975E+01   1.82235E-07 0.0099
    1.1292E+01   2.15855E-06 0.0052
    1.1619E+01   2.03909E-07 0.0093
    1.1955E+01   2.12456E-07 0.0091
    1.2301E+01   1.96161E-06 0.0051
    1.2657E+01   2.12128E-07 0.0092
    1.3023E+01   1.68459E-06 0.0053
    1.3400E+01   2.17057E-07 0.0090
    1.3787E+01   2.19496E-07 0.0090
    1.4186E+01   1.43079E-06 0.0054
    1.4596E+01   2.20146E-07 0.0090
    1.5019E+01   1.24360E-06 0.0053
    1.5453E+01   2.02115E-07 0.0091
    1.5900E+01   1.11778E-06 0.0054
    1.6360E+01   1.59445E-07 0.0093
    1.6834E+01   1.66940E-07 0.0091
    1.7321E+01   9.98031E-07 0.0052
    1.7822E+01   1.36912E-07 0.0090
    1.8337E+01   8.57863E-07 0.0053
    1.8868E+01   1.22997E-07 0.0088
    1.9413E+01   1.26666E-07 0.0086
    1.9975E+01   7.18884E-07 0.0053
    2.0553E+01   1.21601E-07 0.0085
    2.1148E+01   6.21335E-07 0.0053
    2.1759E+01   9.32606E-08 0.0089
    2.2389E+01   9.50861E-08 0.0088
    2.3037E+01   5.16972E-07 0.0054
    2.3703E+01   8.08600E-08 0.0087
    2.4389E+01   4.43167E-07 0.0055
    2.5094E+01   7.28032E-08 0.0088
    2.5820E+01   7.25203E-08 0.0088
    2.6567E+01   3.76809E-07 0.0054
    2.7336E+01   5.88493E-08 0.0088
    2.8127E+01   3.31299E-07 0.0054
    2.8940E+01   5.36946E-08 0.0087
    2.9777E+01   2.84796E-07 0.0054
    3.0639E+01   4.72604E-08 0.0085
    3.1525E+01   4.38653E-08 0.0088
    3.2437E+01   2.43941E-07 0.0054
    3.3376E+01   3.69116E-08 0.0089
    3.4341E+01   2.06717E-07 0.0055
    3.5335E+01   3.64321E-08 0.0084
    3.6357E+01   3.12997E-08 0.0090
    3.7409E+01   1.77377E-07 0.0055
    3.8491E+01   2.72779E-08 0.0089
    3.9604E+01   1.50176E-07 0.0055
    4.0750E+01   2.71352E-08 0.0083
    4.1929E+01   2.26378E-08 0.0091
    4.3142E+01   1.30386E-07 0.0055
    4.4390E+01   1.94828E-08 0.0090
    4.5674E+01   1.10588E-07 0.0055
    4.6996E+01   1.97633E-08 0.0083
    4.8355E+01   1.57285E-08 0.0093
    4.9754E+01   9.64226E-08 0.0055
    5.1193E+01   1.37210E-08 0.0092
    5.2674E+01   8.13351E-08 0.0055
    5.4198E+01   1.43878E-08 0.0083
    5.5766E+01   1.17774E-08 0.0092
    5.7379E+01   7.05527E-08 0.0055
    5.9039E+01   9.69717E-09 0.0093
    6.0747E+01   6.07472E-08 0.0055
    6.2505E+01   9.91253E-09 0.0086
    6.4313E+01   5.02022E-08 0.0055
    6.6174E+01   1.08106E-08 0.0076
    6.8088E+01   7.00524E-09 0.0094
    7.0058E+01   4.51612E-08 0.0055
    7.2084E+01   6.93795E-09 0.0088
    7.4170E+01   3.75354E-08 0.0055
    7.6315E+01   7.50079E-09 0.0078
    7.8523E+01   5.26612E-09 0.0093
    8.0795E+01   3.32880E-08 0.0055
    8.3132E+01   4.69191E-09 0.0091
    8.5537E+01   2.82550E-08 0.0055
    8.8012E+01   4.94655E-09 0.0082
    9.0558E+01   2.35045E-08 0.0055
    9.3178E+01   5.21983E-09 0.0074
    9.5873E+01   3.38297E-09 0.0092
    9.8647E+01   2.13135E-08 0.0055
    1.0150E+02   3.07099E-09 0.0090
    1.0444E+02   1.80155E-08 0.0055
    1.0746E+02   3.13067E-09 0.0082
    1.1057E+02   1.50280E-08 0.0055
    1.1377E+02   3.18764E-09 0.0076
    1.1706E+02   2.17746E-09 0.0091
    1.2044E+02   1.34461E-08 0.0055
    1.2393E+02   1.88966E-09 0.0091
    1.2751E+02   1.14425E-08 0.0055
    1.3120E+02   1.91067E-09 0.0084
    1.3500E+02   9.50685E-09 0.0055
    1.3890E+02   1.98649E-09 0.0076
    1.4292E+02   1.35614E-09 0.0092
    1.4706E+02   8.46582E-09 0.0055
    1.5131E+02   1.21365E-09 0.0090
    1.5569E+02   7.15139E-09 0.0055
    1.6019E+02   1.25367E-09 0.0082
    1.6483E+02   5.94159E-09 0.0055
    1.6959E+02   1.27389E-09 0.0075
    1.7450E+02   8.42500E-10 0.0093
    1.7955E+02   5.31523E-09 0.0054
    1.8474E+02   8.14200E-10 0.0087
    1.9009E+02   4.42850E-09 0.0055
    1.9559E+02   8.56800E-10 0.0079
    2.0124E+02   6.36426E-10 0.0091
    2.0707E+02   3.88167E-09 0.0054
    2.1306E+02   5.50652E-10 0.0091
    2.1922E+02   3.29397E-09 0.0055
    2.2556E+02   5.68816E-10 0.0083
    2.3209E+02   5.00402E-10 0.0088
    2.3880E+02   2.82285E-09 0.0054
    2.4571E+02   3.86867E-10 0.0093
    2.5282E+02   2.44562E-09 0.0054
    2.6013E+02   3.81018E-10 0.0086
    2.6766E+02   2.04115E-09 0.0055
    2.7540E+02   4.05767E-10 0.0078
    2.8337E+02   3.08653E-10 0.0089
    2.9157E+02   1.79815E-09 0.0054
    3.0000E+02   2.62956E-10 0.0089
      total      2.45220E-05 0.0018
 
 cell union total                                                                                                                      
 user bin 10000000000.00000
    s(e) (MeV/cm)
    1.0000E+00   0.00000E+00 0.0000
    1.0289E+00   0.00000E+00 0.0000
    1.0587E+00   0.00000E+00 0.0000
    1.0893E+00   0.00000E+00 0.0000
    1.1208E+00   0.00000E+00 0.0000
    1.1533E+00   0.00000E+00 0.0000
    1.1866E+00   0.00000E+00 0.0000
    1.2210E+00   0.00000E+00 0.0000
    1.2563E+00   0.00000E+00 0.0000
    1.2926E+00   0.00000E+00 0.0000
    1.3300E+00   0.00000E+00 0.0000
    1.3685E+00   0.00000E+00 0.0000
    1.4081E+00   0.00000E+00 0.0000
    1.4488E+00   0.00000E+00 0.0000
    1.4907E+00   0.00000E+00 0.0000
    1.5339E+00   0.00000E+00 0.0000
    1.5782E+00   0.00000E+00 0.0000
    1.6239E+00   0.00000E+00 0.0000
    1.6709E+00   0.00000E+00 0.0000
    1.7192E+00   0.00000E+00 0.0000
    1.7689E+00   0.00000E+00 0.0000
    1.8201E+00   0.00000E+00 0.0000
    1.8728E+00   0.00000E+00 0.0000
    1.9269E+00   0.00000E+00 0.0000
    1.9827E+00   0.00000E+00 0.0000
    2.0400E+00   0.00000E+00 0.0000
    2.0991E+00   0.00000E+00 0.0000
    2.1598E+00   0.00000E+00 0.0000
    2.2223E+00   0.00000E+00 0.0000
    2.2866E+00   0.00000E+00 0.0000
    2.3527E+00   0.00000E+00 0.0000
    2.4208E+00   0.00000E+00 0.0000
    2.4908E+00   0.00000E+00 0.0000
    2.5629E+00   0.00000E+00 0.0000
    2.6370E+00   0.00000E+00 0.0000
    2.7133E+00   0.00000E+00 0.0000
    2.7918E+00   0.00000E+00 0.0000
    2.8725E+00   0.00000E+00 0.0000
    2.9557E+00   0.00000E+00 0.0000
    3.0412E+00   0.00000E+00 0.0000
    3.1291E+00   0.00000E+00 0.0000
    3.2197E+00   0.00000E+00 0.0000
    3.3128E+00   0.00000E+00 0.0000
    3.4086E+00   0.00000E+00 0.0000
    3.5072E+00   0.00000E+00 0.0000
    3.6087E+00   0.00000E+00 0.0000
    3.7131E+00   0.00000E+00 0.0000
    3.8205E+00   0.00000E+00 0.0000
    3.9311E+00   0.00000E+00 0.0000
    4.0448E+00   0.00000E+00 0.0000
    4.1618E+00   0.00000E+00 0.0000
    4.2822E+00   0.00000E+00 0.0000
    4.4061E+00   0.00000E+00 0.0000
    4.5335E+00   0.00000E+00 0.0000
    4.6647E+00   0.00000E+00 0.0000
    4.7996E+00   0.00000E+00 0.0000
    4.9385E+00   0.00000E+00 0.0000
    5.0814E+00   0.00000E+00 0.0000
    5.2284E+00   0.00000E+00 0.0000
    5.3796E+00   0.00000E+00 0.0000
    5.5352E+00   0.00000E+00 0.0000
    5.6954E+00   0.00000E+00 0.0000
    5.8601E+00   0.00000E+00 0.0000
    6.0297E+00   0.00000E+00 0.0000
    6.2041E+00   0.00000E+00 0.0000
    6.3836E+00   0.00000E+00 0.0000
    6.5683E+00   0.00000E+00 0.0000
    6.7583E+00   0.00000E+00 0.0000
    6.9538E+00   0.00000E+00 0.0000
    7.1550E+00   7.83634E-12 1.0000
    7.3619E+00   0.00000E+00 0.0000
    7.5749E+00   1.79591E-11 1.0000
    7.7941E+00   1.92234E-10 0.5841
    8.0195E+00   1.92702E-11 1.0000
    8.2515E+00   5.15949E-10 0.3677
    8.4902E+00   0.00000E+00 0.0000
    8.7359E+00   8.67063E-10 0.2569
    8.9886E+00   1.13599E-10 0.4084
    9.2486E+00   7.18536E-06 0.0097
    9.5162E+00   4.04989E-06 0.0074
    9.7915E+00   5.80456E-06 0.0067
    1.0075E+01   2.60594E-04 0.0042
    1.0366E+01   2.03720E-05 0.0041
    1.0666E+01   2.71550E-04 0.0037
    1.0975E+01   2.26592E-05 0.0040
    1.1292E+01   2.69116E-04 0.0035
    1.1619E+01   2.55379E-05 0.0038
    1.1955E+01   2.65257E-05 0.0038
    1.2301E+01   2.45660E-04 0.0034
    1.2657E+01   2.67576E-05 0.0036
    1.3023E+01   2.12100E-04 0.0035
    1.3400E+01   2.73541E-05 0.0035
    1.3787E+01   2.81251E-05 0.0034
    1.4186E+01   1.80222E-04 0.0034
    1.4596E+01   2.83302E-05 0.0036
    1.5019E+01   1.57481E-04 0.0033
    1.5453E+01   2.56068E-05 0.0034
    1.5900E+01   1.42307E-04 0.0034
    1.6360E+01   2.01963E-05 0.0034
    1.6834E+01   2.10057E-05 0.0034
    1.7321E+01   1.25917E-04 0.0032
    1.7822E+01   1.75465E-05 0.0033
    1.8337E+01   1.08388E-04 0.0033
    1.8868E+01   1.56109E-05 0.0034
    1.9413E+01   1.60929E-05 0.0033
    1.9975E+01   9.11123E-05 0.0032
    2.0553E+01   1.54107E-05 0.0032
    2.1148E+01   7.92774E-05 0.0031
    2.1759E+01   1.19629E-05 0.0032
    2.2389E+01   1.22448E-05 0.0032
    2.3037E+01   6.65201E-05 0.0032
    2.3703E+01   1.05397E-05 0.0033
    2.4389E+01   5.71056E-05 0.0032
    2.5094E+01   9.32597E-06 0.0033
    2.5820E+01   9.30564E-06 0.0033
    2.6567E+01   4.86274E-05 0.0032
    2.7336E+01   7.57490E-06 0.0032
    2.8127E+01   4.27647E-05 0.0031
    2.8940E+01   6.82596E-06 0.0032
    2.9777E+01   3.67219E-05 0.0031
    3.0639E+01   6.22273E-06 0.0031
    3.1525E+01   5.63613E-06 0.0031
    3.2437E+01   3.15194E-05 0.0031
    3.3376E+01   4.78954E-06 0.0032
    3.4341E+01   2.67411E-05 0.0031
    3.5335E+01   4.78091E-06 0.0032
    3.6357E+01   4.00658E-06 0.0032
    3.7409E+01   2.30765E-05 0.0031
    3.8491E+01   3.54192E-06 0.0032
    3.9604E+01   1.95481E-05 0.0031
    4.0750E+01   3.56030E-06 0.0032
    4.1929E+01   2.91321E-06 0.0032
    4.3142E+01   1.70396E-05 0.0031
    4.4390E+01   2.53093E-06 0.0032
    4.5674E+01   1.44839E-05 0.0031
    4.6996E+01   2.58066E-06 0.0032
    4.8355E+01   2.08855E-06 0.0032
    4.9754E+01   1.26449E-05 0.0031
    5.1193E+01   1.80510E-06 0.0032
    5.2674E+01   1.07468E-05 0.0031
    5.4198E+01   1.88110E-06 0.0031
    5.5766E+01   1.56149E-06 0.0031
    5.7379E+01   9.33217E-06 0.0031
    5.9039E+01   1.28634E-06 0.0031
    6.0747E+01   8.00697E-06 0.0031
    6.2505E+01   1.32741E-06 0.0031
    6.4313E+01   6.64225E-06 0.0030
    6.6174E+01   1.41996E-06 0.0031
    6.8088E+01   9.31166E-07 0.0031
    7.0058E+01   5.97169E-06 0.0030
    7.2084E+01   9.16002E-07 0.0031
    7.4170E+01   4.97574E-06 0.0030
    7.6315E+01   9.91797E-07 0.0030
    7.8523E+01   6.94888E-07 0.0031
    8.0795E+01   4.42811E-06 0.0030
    8.3132E+01   6.23326E-07 0.0031
    8.5537E+01   3.75335E-06 0.0030
    8.8012E+01   6.63739E-07 0.0030
    9.0558E+01   3.12977E-06 0.0030
    9.3178E+01   6.92309E-07 0.0030
    9.5873E+01   4.53207E-07 0.0030
    9.8647E+01   2.84121E-06 0.0030
    1.0150E+02   4.12176E-07 0.0030
    1.0444E+02   2.41150E-06 0.0030
    1.0746E+02   4.18010E-07 0.0030
    1.1057E+02   2.01431E-06 0.0030
    1.1377E+02   4.24702E-07 0.0030
    1.1706E+02   2.92171E-07 0.0030
    1.2044E+02   1.80214E-06 0.0029
    1.2393E+02   2.56147E-07 0.0030
    1.2751E+02   1.53445E-06 0.0029
    1.3120E+02   2.58629E-07 0.0030
    1.3500E+02   1.27831E-06 0.0029
    1.3890E+02   2.65754E-07 0.0030
    1.4292E+02   1.82572E-07 0.0030
    1.4706E+02   1.13905E-06 0.0029
    1.5131E+02   1.63573E-07 0.0030
    1.5569E+02   9.62915E-07 0.0029
    1.6019E+02   1.69538E-07 0.0030
    1.6483E+02   8.00698E-07 0.0029
    1.6959E+02   1.71934E-07 0.0030
    1.7450E+02   1.13675E-07 0.0030
    1.7955E+02   7.16206E-07 0.0029
    1.8474E+02   1.09733E-07 0.0030
    1.9009E+02   5.97480E-07 0.0029
    1.9559E+02   1.16021E-07 0.0030
    2.0124E+02   8.51205E-08 0.0030
    2.0707E+02   5.24849E-07 0.0029
    2.1306E+02   7.44065E-08 0.0030
    2.1922E+02   4.44652E-07 0.0029
    2.2556E+02   7.75689E-08 0.0030
    2.3209E+02   6.70171E-08 0.0030
    2.3880E+02   3.81274E-07 0.0029
    2.4571E+02   5.29897E-08 0.0030
    2.5282E+02   3.29799E-07 0.0029
    2.6013E+02   5.21264E-08 0.0030
    2.6766E+02   2.76432E-07 0.0029
    2.7540E+02   5.47317E-08 0.0029
    2.8337E+02   4.17732E-08 0.0030
    2.9157E+02   2.43515E-07 0.0029
    3.0000E+02   3.55332E-08 0.0030
      total      3.09955E-03 0.0013
 
 cell union total                                                                                                                      
 user bin total
    s(e) (MeV/cm)
    1.0000E+00   0.00000E+00 0.0000
    1.0289E+00   0.00000E+00 0.0000
    1.0587E+00   0.00000E+00 0.0000
    1.0893E+00   0.00000E+00 0.0000
    1.1208E+00   0.00000E+00 0.0000
    1.1533E+00   0.00000E+00 0.0000
    1.1866E+00   0.00000E+00 0.0000
    1.2210E+00   0.00000E+00 0.0000
    1.2563E+00   0.00000E+00 0.0000
    1.2926E+00   0.00000E+00 0.0000
    1.3300E+00   0.00000E+00 0.0000
    1.3685E+00   0.00000E+00 0.0000
    1.4081E+00   0.00000E+00 0.0000
    1.4488E+00   0.00000E+00 0.0000
    1.4907E+00   0.00000E+00 0.0000
    1.5339E+00   0.00000E+00 0.0000
    1.5782E+00   0.00000E+00 0.0000
    1.6239E+00   0.00000E+00 0.0000
    1.6709E+00   0.00000E+00 0.0000
    1.7192E+00   0.00000E+00 0.0000
    1.7689E+00   0.00000E+00 0.0000
    1.8201E+00   0.00000E+00 0.0000
    1.8728E+00   0.00000E+00 0.0000
    1.9269E+00   0.00000E+00 0.0000
    1.9827E+00   0.00000E+00 0.0000
    2.0400E+00   0.00000E+00 0.0000
    2.0991E+00   0.00000E+00 0.0000
    2.1598E+00   0.00000E+00 0.0000
    2.2223E+00   0.00000E+00 0.0000
    2.2866E+00   0.00000E+00 0.0000
    2.3527E+00   0.00000E+00 0.0000
    2.4208E+00   0.00000E+00 0.0000
    2.4908E+00   0.00000E+00 0.0000
    2.5629E+00   0.00000E+00 0.0000
    2.6370E+00   0.00000E+00 0.0000
    2.7133E+00   0.00000E+00 0.0000
    2.7918E+00   0.00000E+00 0.0000
    2.8725E+00   0.00000E+00 0.0000
    2.9557E+00   0.00000E+00 0.0000
    3.0412E+00   0.00000E+00 0.0000
    3.1291E+00   0.00000E+00 0.0000
    3.2197E+00   0.00000E+00 0.0000
    3.3128E+00   0.00000E+00 0.0000
    3.4086E+00   0.00000E+00 0.0000
    3.5072E+00   0.00000E+00 0.0000
    3.6087E+00   0.00000E+00 0.0000
    3.7131E+00   0.00000E+00 0.0000
    3.8205E+00   0.00000E+00 0.0000
    3.9311E+00   0.00000E+00 0.0000
    4.0448E+00   0.00000E+00 0.0000
    4.1618E+00   0.00000E+00 0.0000
    4.2822E+00   0.00000E+00 0.0000
    4.4061E+00   0.00000E+00 0.0000
    4.5335E+00   0.00000E+00 0.0000
    4.6647E+00   0.00000E+00 0.0000
    4.7996E+00   0.00000E+00 0.0000
    4.9385E+00   0.00000E+00 0.0000
    5.0814E+00   0.00000E+00 0.0000
    5.2284E+00   0.00000E+00 0.0000
    5.3796E+00   0.00000E+00 0.0000
    5.5352E+00   0.00000E+00 0.0000
    5.6954E+00   0.00000E+00 0.0000
    5.8601E+00   0.00000E+00 0.0000
    6.0297E+00   0.00000E+00 0.0000
    6.2041E+00   0.00000E+00 0.0000
    6.3836E+00   0.00000E+00 0.0000
    6.5683E+00   0.00000E+00 0.0000
    6.7583E+00   0.00000E+00 0.0000
    6.9538E+00   0.00000E+00 0.0000
    7.1550E+00   7.83634E-12 1.0000
    7.3619E+00   0.00000E+00 0.0000
    7.5749E+00   1.79591E-11 1.0000
    7.7941E+00   1.92234E-10 0.5841
    8.0195E+00   1.92702E-11 1.0000
    8.2515E+00   5.15949E-10 0.3677
    8.4902E+00   0.00000E+00 0.0000
    8.7359E+00   8.67063E-10 0.2569
    8.9886E+00   1.13599E-10 0.4084
    9.2486E+00   7.24749E-06 0.0097
    9.5162E+00   4.08416E-06 0.0074
    9.7915E+00   5.85318E-06 0.0067
    1.0075E+01   2.62707E-04 0.0042
    1.0366E+01   2.05308E-05 0.0041
    1.0666E+01   2.73723E-04 0.0037
    1.0975E+01   2.28414E-05 0.0040
    1.1292E+01   2.71274E-04 0.0035
    1.1619E+01   2.57418E-05 0.0038
    1.1955E+01   2.67382E-05 0.0038
    1.2301E+01   2.47622E-04 0.0034
    1.2657E+01   2.69698E-05 0.0036
    1.3023E+01   2.13785E-04 0.0035
    1.3400E+01   2.75712E-05 0.0035
    1.3787E+01   2.83446E-05 0.0034
    1.4186E+01   1.81653E-04 0.0034
    1.4596E+01   2.85503E-05 0.0036
    1.5019E+01   1.58724E-04 0.0033
    1.5453E+01   2.58089E-05 0.0034
    1.5900E+01   1.43425E-04 0.0034
    1.6360E+01   2.03558E-05 0.0034
    1.6834E+01   2.11726E-05 0.0034
    1.7321E+01   1.26915E-04 0.0032
    1.7822E+01   1.76834E-05 0.0033
    1.8337E+01   1.09246E-04 0.0033
    1.8868E+01   1.57339E-05 0.0034
    1.9413E+01   1.62196E-05 0.0033
    1.9975E+01   9.18312E-05 0.0032
    2.0553E+01   1.55323E-05 0.0032
    2.1148E+01   7.98988E-05 0.0031
    2.1759E+01   1.20561E-05 0.0032
    2.2389E+01   1.23399E-05 0.0032
    2.3037E+01   6.70371E-05 0.0032
    2.3703E+01   1.06206E-05 0.0033
    2.4389E+01   5.75487E-05 0.0032
    2.5094E+01   9.39878E-06 0.0033
    2.5820E+01   9.37816E-06 0.0033
    2.6567E+01   4.90043E-05 0.0032
    2.7336E+01   7.63375E-06 0.0032
    2.8127E+01   4.30960E-05 0.0031
    2.8940E+01   6.87966E-06 0.0032
    2.9777E+01   3.70066E-05 0.0031
    3.0639E+01   6.26999E-06 0.0031
    3.1525E+01   5.68000E-06 0.0031
    3.2437E+01   3.17634E-05 0.0031
    3.3376E+01   4.82645E-06 0.0032
    3.4341E+01   2.69478E-05 0.0031
    3.5335E+01   4.81734E-06 0.0032
    3.6357E+01   4.03788E-06 0.0032
    3.7409E+01   2.32539E-05 0.0031
    3.8491E+01   3.56920E-06 0.0032
    3.9604E+01   1.96983E-05 0.0031
    4.0750E+01   3.58744E-06 0.0032
    4.1929E+01   2.93585E-06 0.0032
    4.3142E+01   1.71700E-05 0.0031
    4.4390E+01   2.55041E-06 0.0032
    4.5674E+01   1.45945E-05 0.0031
    4.6996E+01   2.60042E-06 0.0032
    4.8355E+01   2.10428E-06 0.0032
    4.9754E+01   1.27413E-05 0.0031
    5.1193E+01   1.81882E-06 0.0032
    5.2674E+01   1.08281E-05 0.0031
    5.4198E+01   1.89548E-06 0.0031
    5.5766E+01   1.57327E-06 0.0031
    5.7379E+01   9.40272E-06 0.0031
    5.9039E+01   1.29604E-06 0.0031
    6.0747E+01   8.06771E-06 0.0031
    6.2505E+01   1.33732E-06 0.0031
    6.4313E+01   6.69246E-06 0.0030
    6.6174E+01   1.43077E-06 0.0031
    6.8088E+01   9.38172E-07 0.0031
    7.0058E+01   6.01685E-06 0.0030
    7.2084E+01   9.22940E-07 0.0031
    7.4170E+01   5.01328E-06 0.0030
    7.6315E+01   9.99298E-07 0.0030
    7.8523E+01   7.00154E-07 0.0031
    8.0795E+01   4.46140E-06 0.0030
    8.3132E+01   6.28018E-07 0.0031
    8.5537E+01   3.78161E-06 0.0030
    8.8012E+01   6.68686E-07 0.0030
    9.0558E+01   3.15328E-06 0.0030
    9.3178E+01   6.97529E-07 0.0030
    9.5873E+01   4.56590E-07 0.0030
    9.8647E+01   2.86253E-06 0.0030
    1.0150E+02   4.15247E-07 0.0030
    1.0444E+02   2.42952E-06 0.0030
    1.0746E+02   4.21140E-07 0.0030
    1.1057E+02   2.02934E-06 0.0030
    1.1377E+02   4.27890E-07 0.0030
    1.1706E+02   2.94349E-07 0.0030
    1.2044E+02   1.81559E-06 0.0029
    1.2393E+02   2.58037E-07 0.0030
    1.2751E+02   1.54589E-06 0.0029
    1.3120E+02   2.60540E-07 0.0030
    1.3500E+02   1.28782E-06 0.0029
    1.3890E+02   2.67740E-07 0.0030
    1.4292E+02   1.83928E-07 0.0030
    1.4706E+02   1.14752E-06 0.0029
    1.5131E+02   1.64786E-07 0.0030
    1.5569E+02   9.70066E-07 0.0029
    1.6019E+02   1.70792E-07 0.0030
    1.6483E+02   8.06640E-07 0.0029
    1.6959E+02   1.73208E-07 0.0030
    1.7450E+02   1.14518E-07 0.0030
    1.7955E+02   7.21522E-07 0.0029
    1.8474E+02   1.10547E-07 0.0030
    1.9009E+02   6.01909E-07 0.0029
    1.9559E+02   1.16878E-07 0.0030
    2.0124E+02   8.57569E-08 0.0030
    2.0707E+02   5.28731E-07 0.0029
    2.1306E+02   7.49572E-08 0.0030
    2.1922E+02   4.47946E-07 0.0029
    2.2556E+02   7.81378E-08 0.0030
    2.3209E+02   6.75175E-08 0.0030
    2.3880E+02   3.84097E-07 0.0029
    2.4571E+02   5.33766E-08 0.0030
    2.5282E+02   3.32244E-07 0.0029
    2.6013E+02   5.25074E-08 0.0030
    2.6766E+02   2.78473E-07 0.0029
    2.7540E+02   5.51375E-08 0.0029
    2.8337E+02   4.20819E-08 0.0030
    2.9157E+02   2.45313E-07 0.0029
    3.0000E+02   3.57962E-08 0.0030
      total      3.12407E-03 0.0013


 ===================================================================================================================================

           results of 10 statistical checks for the estimated answer for the tally fluctuation chart (tfc) bin of tally     9204

 tfc bin     --mean--      ---------relative error---------      ----variance of the variance----      --figure of merit--     -pdf-
 behavior    behavior      value   decrease   decrease rate      value   decrease   decrease rate       value     behavior     slope

 desired      random       <0.10      yes      1/sqrt(nps)       <0.10      yes        1/nps           constant    random      >3.00
 observed     random        0.00      yes          yes            0.00      yes         yes                                     3.95
 passed?        yes          yes      yes          yes             yes      yes         yes                                      yes

 ===================================================================================================================================


 this tally meets the statistical criteria used to form confidence intervals: check the tally fluctuation chart to verify.
 the results in other bins associated with this tally may not meet these statistical criteria.

 ----- estimated confidence intervals:  -----

 estimated asymmetric confidence interval(1,2,3 sigma): 2.9432E-03 to 2.9512E-03; 2.9392E-03 to 2.9551E-03; 2.9353E-03 to 2.9591E-03
 estimated  symmetric confidence interval(1,2,3 sigma): 2.9432E-03 to 2.9512E-03; 2.9392E-03 to 2.9551E-03; 2.9353E-03 to 2.9591E-03

1analysis of the results in the tally fluctuation chart bin (tfc) for tally 9204 with nps = 5000000          print table 160


 normed average tally per history  = 2.94718E-03          unnormed average tally per history  = 7.36795E-03
 estimated tally relative error    = 0.0013               estimated variance of the variance  = 0.0000
 relative error from zero tallies  = 0.0008               relative error from nonzero scores  = 0.0010

 number of nonzero history tallies =     1084522          efficiency for the nonzero tallies  = 0.2169
 history number of largest  tally  =     1530425          largest  unnormalized history tally = 1.16984E-01
 (largest  tally)/(average tally)  = 1.58773E+01          (largest  tally)/(avg nonzero tally)= 3.44387E+00

 (confidence interval shift)/mean  = 0.0000               shifted confidence interval center  = 2.94718E-03


 if the largest  history score sampled so far were to occur on the next history, the tfc bin quantities would change as follows:

      estimated quantities           value at nps           value at nps+1           value(nps+1)/value(nps)-1.

      mean                            2.94718E-03             2.94719E-03                     0.000003
      relative error                  1.34939E-03             1.34939E-03                    -0.000001
      variance of the variance        1.89352E-06             1.89352E-06                     0.000000
      shifted center                  2.94718E-03             2.94718E-03                     0.000000
      figure of merit                 0.00000E+00             0.00000E+00                     0.000000

 the estimated inverse power slope of the 197 largest  tallies starting at 9.84527E-02 is 3.9506
 the empirical history score probability density function appears to be increasing at the largest  history scores:
 please examine. see print table 161.
 the large score tail of the empirical history score probability density function appears to have no unsampled regions.

 fom = (histories/minute)*(f(x) signal-to-noise ratio)**2 = (0.000E+00)*( 3.314E-01)**2 = (0.000E+00)*(1.098E-01) = 0.000E+00

