1tally     8004        nps =     4000000
           tally type 4    track length estimate of particle flux.      units   1/cm**2        
           particle(s): protons  
 number of histories used for normalizing tallies =      4000000.00
           this tally is modified by   ft  let

           volumes 
                   cell:      550          551          552          553          554         total                
                         2.50000E+00  2.50000E+00  2.50000E+00  2.50000E+00  2.50000E+00  1.25000E+01
 
 cell  550                                                                                                                             
    s(e) (MeV/cm)
    1.0000E+00   0.00000E+00 0.0000
    1.0289E+00   0.00000E+00 0.0000
    1.0587E+00   0.00000E+00 0.0000
    1.0893E+00   0.00000E+00 0.0000
    1.1208E+00   0.00000E+00 0.0000
    1.1533E+00   0.00000E+00 0.0000
    1.1866E+00   0.00000E+00 0.0000
    1.2210E+00   0.00000E+00 0.0000
    1.2563E+00   0.00000E+00 0.0000
    1.2926E+00   0.00000E+00 0.0000
    1.3300E+00   0.00000E+00 0.0000
    1.3685E+00   0.00000E+00 0.0000
    1.4081E+00   0.00000E+00 0.0000
    1.4488E+00   0.00000E+00 0.0000
    1.4907E+00   0.00000E+00 0.0000
    1.5339E+00   0.00000E+00 0.0000
    1.5782E+00   0.00000E+00 0.0000
    1.6239E+00   0.00000E+00 0.0000
    1.6709E+00   0.00000E+00 0.0000
    1.7192E+00   0.00000E+00 0.0000
    1.7689E+00   0.00000E+00 0.0000
    1.8201E+00   0.00000E+00 0.0000
    1.8728E+00   0.00000E+00 0.0000
    1.9269E+00   0.00000E+00 0.0000
    1.9827E+00   0.00000E+00 0.0000
    2.0400E+00   0.00000E+00 0.0000
    2.0991E+00   0.00000E+00 0.0000
    2.1598E+00   0.00000E+00 0.0000
    2.2223E+00   0.00000E+00 0.0000
    2.2866E+00   0.00000E+00 0.0000
    2.3527E+00   0.00000E+00 0.0000
    2.4208E+00   0.00000E+00 0.0000
    2.4908E+00   0.00000E+00 0.0000
    2.5629E+00   0.00000E+00 0.0000
    2.6370E+00   0.00000E+00 0.0000
    2.7133E+00   0.00000E+00 0.0000
    2.7918E+00   0.00000E+00 0.0000
    2.8725E+00   0.00000E+00 0.0000
    2.9557E+00   0.00000E+00 0.0000
    3.0412E+00   0.00000E+00 0.0000
    3.1291E+00   0.00000E+00 0.0000
    3.2197E+00   0.00000E+00 0.0000
    3.3128E+00   0.00000E+00 0.0000
    3.4086E+00   0.00000E+00 0.0000
    3.5072E+00   0.00000E+00 0.0000
    3.6087E+00   0.00000E+00 0.0000
    3.7131E+00   0.00000E+00 0.0000
    3.8205E+00   0.00000E+00 0.0000
    3.9311E+00   0.00000E+00 0.0000
    4.0448E+00   0.00000E+00 0.0000
    4.1618E+00   0.00000E+00 0.0000
    4.2822E+00   0.00000E+00 0.0000
    4.4061E+00   0.00000E+00 0.0000
    4.5335E+00   0.00000E+00 0.0000
    4.6647E+00   0.00000E+00 0.0000
    4.7996E+00   0.00000E+00 0.0000
    4.9385E+00   0.00000E+00 0.0000
    5.0814E+00   0.00000E+00 0.0000
    5.2284E+00   0.00000E+00 0.0000
    5.3796E+00   0.00000E+00 0.0000
    5.5352E+00   0.00000E+00 0.0000
    5.6954E+00   0.00000E+00 0.0000
    5.8601E+00   0.00000E+00 0.0000
    6.0297E+00   0.00000E+00 0.0000
    6.2041E+00   0.00000E+00 0.0000
    6.3836E+00   0.00000E+00 0.0000
    6.5683E+00   0.00000E+00 0.0000
    6.7583E+00   0.00000E+00 0.0000
    6.9538E+00   0.00000E+00 0.0000
    7.1550E+00   0.00000E+00 0.0000
    7.3619E+00   0.00000E+00 0.0000
    7.5749E+00   0.00000E+00 0.0000
    7.7941E+00   4.66513E-10 0.5010
    8.0195E+00   0.00000E+00 0.0000
    8.2515E+00   1.63401E-09 0.2681
    8.4902E+00   1.12737E-10 1.0000
    8.7359E+00   2.89176E-09 0.2000
    8.9886E+00   4.70054E-10 0.5003
    9.2486E+00   6.15339E-09 0.1397
    9.5162E+00   4.77181E-10 0.5001
    9.7915E+00   5.48195E-10 0.4504
    1.0075E+01   1.16353E-08 0.1006
    1.0366E+01   1.55192E-09 0.2789
    1.0666E+01   1.32725E-08 0.0965
    1.0975E+01   1.96568E-09 0.2617
    1.1292E+01   1.53557E-08 0.0898
    1.1619E+01   2.65830E-09 0.2236
    1.1955E+01   2.30774E-09 0.2322
    1.2301E+01   2.01866E-08 0.0788
    1.2657E+01   4.35050E-09 0.1749
    1.3023E+01   2.34778E-08 0.0723
    1.3400E+01   4.72474E-09 0.1629
    1.3787E+01   3.26187E-09 0.1970
    1.4186E+01   2.53828E-08 0.0709
    1.4596E+01   4.78341E-09 0.1567
    1.5019E+01   2.87791E-08 0.0655
    1.5453E+01   4.71807E-09 0.1476
    1.5900E+01   3.08612E-08 0.0620
    1.6360E+01   4.70152E-09 0.1336
    1.6834E+01   4.23088E-09 0.1410
    1.7321E+01   4.33546E-08 0.0521
    1.7822E+01   1.25458E-08 0.0769
    1.8337E+01   4.42604E-07 0.0192
    1.8868E+01   2.53448E-07 0.0184
    1.9413E+01   4.10643E-07 0.0148
    1.9975E+01   8.10847E-06 0.0063
    2.0553E+01   3.52585E-06 0.0059
    2.1148E+01   4.26651E-05 0.0035
    2.1759E+01   1.26445E-05 0.0033
    2.2389E+01   1.54300E-05 0.0031
    2.3037E+01   1.31013E-04 0.0024
    2.3703E+01   3.14238E-05 0.0023
    2.4389E+01   2.22008E-04 0.0019
    2.5094E+01   4.59112E-05 0.0019
    2.5820E+01   4.84332E-05 0.0019
    2.6567E+01   2.83537E-04 0.0017
    2.7336E+01   4.89334E-05 0.0017
    2.8127E+01   2.88573E-04 0.0016
    2.8940E+01   4.77709E-05 0.0017
    2.9777E+01   2.55608E-04 0.0016
    3.0639E+01   4.26874E-05 0.0016
    3.1525E+01   3.82980E-05 0.0017
    3.2437E+01   2.08497E-04 0.0016
    3.3376E+01   3.01540E-05 0.0017
    3.4341E+01   1.62434E-04 0.0016
    3.5335E+01   2.76788E-05 0.0017
    3.6357E+01   2.25809E-05 0.0017
    3.7409E+01   1.25166E-04 0.0016
    3.8491E+01   1.81522E-05 0.0018
    3.9604E+01   9.59506E-05 0.0016
    4.0750E+01   1.67047E-05 0.0017
    4.1929E+01   1.32901E-05 0.0018
    4.3142E+01   7.56073E-05 0.0016
    4.4390E+01   1.06560E-05 0.0018
    4.5674E+01   5.94120E-05 0.0016
    4.6996E+01   1.02297E-05 0.0018
    4.8355E+01   8.08456E-06 0.0019
    4.9754E+01   4.82893E-05 0.0017
    5.1193E+01   6.64717E-06 0.0019
    5.2674E+01   3.89389E-05 0.0017
    5.4198E+01   6.67911E-06 0.0019
    5.5766E+01   5.44910E-06 0.0019
    5.7379E+01   3.23315E-05 0.0017
    5.9039E+01   4.34645E-06 0.0019
    6.0747E+01   2.68724E-05 0.0017
    6.2505E+01   4.38427E-06 0.0019
    6.4313E+01   2.17084E-05 0.0018
    6.6174E+01   4.61047E-06 0.0019
    6.8088E+01   2.98070E-06 0.0020
    7.0058E+01   1.90971E-05 0.0018
    7.2084E+01   2.90565E-06 0.0020
    7.4170E+01   1.56525E-05 0.0018
    7.6315E+01   3.10410E-06 0.0019
    7.8523E+01   2.16029E-06 0.0020
    8.0795E+01   1.37353E-05 0.0018
    8.3132E+01   1.91815E-06 0.0020
    8.5537E+01   1.15102E-05 0.0018
    8.8012E+01   2.03227E-06 0.0020
    9.0558E+01   9.51928E-06 0.0018
    9.3178E+01   2.09917E-06 0.0019
    9.5873E+01   1.37144E-06 0.0021
    9.8647E+01   8.57345E-06 0.0018
    1.0150E+02   1.24151E-06 0.0021
    1.0444E+02   7.23860E-06 0.0019
    1.0746E+02   1.24846E-06 0.0020
    1.1057E+02   6.01787E-06 0.0019
    1.1377E+02   1.26585E-06 0.0020
    1.1706E+02   8.69001E-07 0.0021
    1.2044E+02   5.35905E-06 0.0019
    1.2393E+02   7.59865E-07 0.0021
    1.2751E+02   4.54672E-06 0.0019
    1.3120E+02   7.66141E-07 0.0020
    1.3500E+02   3.77812E-06 0.0019
    1.3890E+02   7.84422E-07 0.0020
    1.4292E+02   5.38877E-07 0.0021
    1.4706E+02   3.35672E-06 0.0019
    1.5131E+02   4.81819E-07 0.0021
    1.5569E+02   2.83202E-06 0.0019
    1.6019E+02   4.98293E-07 0.0020
    1.6483E+02   2.35094E-06 0.0019
    1.6959E+02   5.03685E-07 0.0020
    1.7450E+02   3.33538E-07 0.0021
    1.7955E+02   2.09841E-06 0.0019
    1.8474E+02   3.21401E-07 0.0021
    1.9009E+02   1.74853E-06 0.0019
    1.9559E+02   3.38770E-07 0.0020
    2.0124E+02   2.49423E-07 0.0021
    2.0707E+02   1.53393E-06 0.0019
    2.1306E+02   2.17374E-07 0.0021
    2.1922E+02   1.29884E-06 0.0019
    2.2556E+02   2.26222E-07 0.0021
    2.3209E+02   1.95709E-07 0.0021
    2.3880E+02   1.11260E-06 0.0019
    2.4571E+02   1.54372E-07 0.0021
    2.5282E+02   9.61730E-07 0.0019
    2.6013E+02   1.52015E-07 0.0021
    2.6766E+02   8.05422E-07 0.0019
    2.7540E+02   1.59639E-07 0.0020
    2.8337E+02   1.21580E-07 0.0021
    2.9157E+02   7.09318E-07 0.0019
    3.0000E+02   1.03601E-07 0.0021
      total      2.80675E-03 0.0014
 
 cell  551                                                                                                                             
    s(e) (MeV/cm)
    1.0000E+00   0.00000E+00 0.0000
    1.0289E+00   0.00000E+00 0.0000
    1.0587E+00   0.00000E+00 0.0000
    1.0893E+00   0.00000E+00 0.0000
    1.1208E+00   0.00000E+00 0.0000
    1.1533E+00   0.00000E+00 0.0000
    1.1866E+00   0.00000E+00 0.0000
    1.2210E+00   0.00000E+00 0.0000
    1.2563E+00   0.00000E+00 0.0000
    1.2926E+00   0.00000E+00 0.0000
    1.3300E+00   0.00000E+00 0.0000
    1.3685E+00   0.00000E+00 0.0000
    1.4081E+00   0.00000E+00 0.0000
    1.4488E+00   0.00000E+00 0.0000
    1.4907E+00   0.00000E+00 0.0000
    1.5339E+00   0.00000E+00 0.0000
    1.5782E+00   0.00000E+00 0.0000
    1.6239E+00   0.00000E+00 0.0000
    1.6709E+00   0.00000E+00 0.0000
    1.7192E+00   0.00000E+00 0.0000
    1.7689E+00   0.00000E+00 0.0000
    1.8201E+00   0.00000E+00 0.0000
    1.8728E+00   0.00000E+00 0.0000
    1.9269E+00   0.00000E+00 0.0000
    1.9827E+00   0.00000E+00 0.0000
    2.0400E+00   0.00000E+00 0.0000
    2.0991E+00   0.00000E+00 0.0000
    2.1598E+00   0.00000E+00 0.0000
    2.2223E+00   0.00000E+00 0.0000
    2.2866E+00   0.00000E+00 0.0000
    2.3527E+00   0.00000E+00 0.0000
    2.4208E+00   0.00000E+00 0.0000
    2.4908E+00   0.00000E+00 0.0000
    2.5629E+00   0.00000E+00 0.0000
    2.6370E+00   0.00000E+00 0.0000
    2.7133E+00   0.00000E+00 0.0000
    2.7918E+00   0.00000E+00 0.0000
    2.8725E+00   0.00000E+00 0.0000
    2.9557E+00   0.00000E+00 0.0000
    3.0412E+00   0.00000E+00 0.0000
    3.1291E+00   0.00000E+00 0.0000
    3.2197E+00   0.00000E+00 0.0000
    3.3128E+00   0.00000E+00 0.0000
    3.4086E+00   0.00000E+00 0.0000
    3.5072E+00   0.00000E+00 0.0000
    3.6087E+00   0.00000E+00 0.0000
    3.7131E+00   0.00000E+00 0.0000
    3.8205E+00   0.00000E+00 0.0000
    3.9311E+00   0.00000E+00 0.0000
    4.0448E+00   0.00000E+00 0.0000
    4.1618E+00   0.00000E+00 0.0000
    4.2822E+00   0.00000E+00 0.0000
    4.4061E+00   0.00000E+00 0.0000
    4.5335E+00   0.00000E+00 0.0000
    4.6647E+00   0.00000E+00 0.0000
    4.7996E+00   0.00000E+00 0.0000
    4.9385E+00   0.00000E+00 0.0000
    5.0814E+00   0.00000E+00 0.0000
    5.2284E+00   0.00000E+00 0.0000
    5.3796E+00   0.00000E+00 0.0000
    5.5352E+00   0.00000E+00 0.0000
    5.6954E+00   0.00000E+00 0.0000
    5.8601E+00   0.00000E+00 0.0000
    6.0297E+00   0.00000E+00 0.0000
    6.2041E+00   0.00000E+00 0.0000
    6.3836E+00   0.00000E+00 0.0000
    6.5683E+00   0.00000E+00 0.0000
    6.7583E+00   0.00000E+00 0.0000
    6.9538E+00   0.00000E+00 0.0000
    7.1550E+00   0.00000E+00 0.0000
    7.3619E+00   0.00000E+00 0.0000
    7.5749E+00   0.00000E+00 0.0000
    7.7941E+00   3.62086E-10 0.5662
    8.0195E+00   1.12595E-10 1.0000
    8.2515E+00   1.29401E-09 0.2997
    8.4902E+00   1.34047E-10 1.0000
    8.7359E+00   3.06482E-09 0.1953
    8.9886E+00   1.13273E-10 1.0000
    9.2486E+00   6.51332E-09 0.1350
    9.5162E+00   6.32277E-10 0.4489
    9.7915E+00   2.35430E-10 0.7073
    1.0075E+01   1.16840E-08 0.1005
    1.0366E+01   6.26851E-10 0.4490
    1.0666E+01   1.34145E-08 0.0949
    1.0975E+01   9.58425E-10 0.3542
    1.1292E+01   1.61892E-08 0.0881
    1.1619E+01   2.14818E-09 0.2439
    1.1955E+01   1.43037E-09 0.3065
    1.2301E+01   2.21835E-08 0.0765
    1.2657E+01   2.77847E-09 0.2109
    1.3023E+01   2.35516E-08 0.0733
    1.3400E+01   4.25336E-09 0.1721
    1.3787E+01   5.25291E-09 0.1526
    1.4186E+01   2.51359E-08 0.0703
    1.4596E+01   5.22380E-09 0.1510
    1.5019E+01   2.57857E-08 0.0671
    1.5453E+01   5.23687E-09 0.1380
    1.5900E+01   2.79617E-08 0.0645
    1.6360E+01   5.66866E-09 0.1221
    1.6834E+01   4.48398E-09 0.1347
    1.7321E+01   3.23776E-08 0.0578
    1.7822E+01   6.49158E-09 0.1130
    1.8337E+01   7.99390E-08 0.0371
    1.8868E+01   3.49725E-08 0.0446
    1.9413E+01   5.85352E-08 0.0355
    1.9975E+01   1.47975E-06 0.0115
    2.0553E+01   7.27169E-07 0.0111
    2.1148E+01   1.10631E-05 0.0055
    2.1759E+01   3.81422E-06 0.0052
    2.2389E+01   4.91779E-06 0.0048
    2.3037E+01   4.88979E-05 0.0032
    2.3703E+01   1.33388E-05 0.0031
    2.4389E+01   1.07523E-04 0.0024
    2.5094E+01   2.51163E-05 0.0024
    2.5820E+01   2.75930E-05 0.0023
    2.6567E+01   1.78797E-04 0.0019
    2.7336E+01   3.45718E-05 0.0020
    2.8127E+01   2.19600E-04 0.0017
    2.8940E+01   3.96913E-05 0.0018
    2.9777E+01   2.27655E-04 0.0016
    3.0639E+01   4.07074E-05 0.0017
    3.1525E+01   3.75533E-05 0.0017
    3.2437E+01   2.14544E-04 0.0016
    3.3376E+01   3.31151E-05 0.0017
    3.4341E+01   1.84502E-04 0.0016
    3.5335E+01   3.27673E-05 0.0016
    3.6357E+01   2.72564E-05 0.0017
    3.7409E+01   1.54255E-04 0.0016
    3.8491E+01   2.30747E-05 0.0017
    3.9604E+01   1.23942E-04 0.0016
    4.0750E+01   2.19308E-05 0.0017
    4.1929E+01   1.76656E-05 0.0017
    4.3142E+01   1.00727E-04 0.0016
    4.4390E+01   1.43773E-05 0.0017
    4.5674E+01   8.02552E-05 0.0016
    4.6996E+01   1.38353E-05 0.0017
    4.8355E+01   1.09505E-05 0.0017
    4.9754E+01   6.53877E-05 0.0016
    5.1193E+01   9.00296E-06 0.0018
    5.2674E+01   5.24635E-05 0.0016
    5.4198E+01   8.96758E-06 0.0017
    5.5766E+01   7.30149E-06 0.0018
    5.7379E+01   4.31024E-05 0.0016
    5.9039E+01   5.75773E-06 0.0018
    6.0747E+01   3.54400E-05 0.0016
    6.2505E+01   5.75249E-06 0.0018
    6.4313E+01   2.82910E-05 0.0016
    6.6174E+01   5.98037E-06 0.0017
    6.8088E+01   3.84834E-06 0.0018
    7.0058E+01   2.45548E-05 0.0016
    7.2084E+01   3.71092E-06 0.0018
    7.4170E+01   1.98922E-05 0.0016
    7.6315E+01   3.93153E-06 0.0018
    7.8523E+01   2.72084E-06 0.0018
    8.0795E+01   1.72735E-05 0.0016
    8.3132E+01   2.40061E-06 0.0018
    8.5537E+01   1.43606E-05 0.0017
    8.8012E+01   2.51958E-06 0.0018
    9.0558E+01   1.17757E-05 0.0017
    9.3178E+01   2.59060E-06 0.0018
    9.5873E+01   1.68254E-06 0.0019
    9.8647E+01   1.05322E-05 0.0017
    1.0150E+02   1.51456E-06 0.0018
    1.0444E+02   8.83138E-06 0.0017
    1.0746E+02   1.51931E-06 0.0018
    1.1057E+02   7.30092E-06 0.0017
    1.1377E+02   1.53484E-06 0.0018
    1.1706E+02   1.04840E-06 0.0019
    1.2044E+02   6.46956E-06 0.0017
    1.2393E+02   9.15173E-07 0.0019
    1.2751E+02   5.46481E-06 0.0017
    1.3120E+02   9.19810E-07 0.0018
    1.3500E+02   4.52538E-06 0.0017
    1.3890E+02   9.39400E-07 0.0018
    1.4292E+02   6.43523E-07 0.0019
    1.4706E+02   4.01059E-06 0.0017
    1.5131E+02   5.74238E-07 0.0019
    1.5569E+02   3.37466E-06 0.0017
    1.6019E+02   5.93203E-07 0.0018
    1.6483E+02   2.79560E-06 0.0017
    1.6959E+02   5.98595E-07 0.0018
    1.7450E+02   3.96055E-07 0.0019
    1.7955E+02   2.49049E-06 0.0017
    1.8474E+02   3.81131E-07 0.0019
    1.9009E+02   2.07235E-06 0.0017
    1.9559E+02   4.01394E-07 0.0018
    2.0124E+02   2.95280E-07 0.0019
    2.0707E+02   1.81516E-06 0.0017
    2.1306E+02   2.57044E-07 0.0019
    2.1922E+02   1.53529E-06 0.0017
    2.2556E+02   2.67383E-07 0.0018
    2.3209E+02   2.31302E-07 0.0019
    2.3880E+02   1.31352E-06 0.0017
    2.4571E+02   1.82126E-07 0.0019
    2.5282E+02   1.13459E-06 0.0017
    2.6013E+02   1.79439E-07 0.0018
    2.6766E+02   9.49616E-07 0.0017
    2.7540E+02   1.88003E-07 0.0018
    2.8337E+02   1.43404E-07 0.0019
    2.9157E+02   8.35430E-07 0.0017
    3.0000E+02   1.21999E-07 0.0019
      total      2.53468E-03 0.0014
 
 cell  552                                                                                                                             
    s(e) (MeV/cm)
    1.0000E+00   0.00000E+00 0.0000
    1.0289E+00   0.00000E+00 0.0000
    1.0587E+00   0.00000E+00 0.0000
    1.0893E+00   0.00000E+00 0.0000
    1.1208E+00   0.00000E+00 0.0000
    1.1533E+00   0.00000E+00 0.0000
    1.1866E+00   0.00000E+00 0.0000
    1.2210E+00   0.00000E+00 0.0000
    1.2563E+00   0.00000E+00 0.0000
    1.2926E+00   0.00000E+00 0.0000
    1.3300E+00   0.00000E+00 0.0000
    1.3685E+00   0.00000E+00 0.0000
    1.4081E+00   0.00000E+00 0.0000
    1.4488E+00   0.00000E+00 0.0000
    1.4907E+00   0.00000E+00 0.0000
    1.5339E+00   0.00000E+00 0.0000
    1.5782E+00   0.00000E+00 0.0000
    1.6239E+00   0.00000E+00 0.0000
    1.6709E+00   0.00000E+00 0.0000
    1.7192E+00   0.00000E+00 0.0000
    1.7689E+00   0.00000E+00 0.0000
    1.8201E+00   0.00000E+00 0.0000
    1.8728E+00   0.00000E+00 0.0000
    1.9269E+00   0.00000E+00 0.0000
    1.9827E+00   0.00000E+00 0.0000
    2.0400E+00   0.00000E+00 0.0000
    2.0991E+00   0.00000E+00 0.0000
    2.1598E+00   0.00000E+00 0.0000
    2.2223E+00   0.00000E+00 0.0000
    2.2866E+00   0.00000E+00 0.0000
    2.3527E+00   0.00000E+00 0.0000
    2.4208E+00   0.00000E+00 0.0000
    2.4908E+00   0.00000E+00 0.0000
    2.5629E+00   0.00000E+00 0.0000
    2.6370E+00   0.00000E+00 0.0000
    2.7133E+00   0.00000E+00 0.0000
    2.7918E+00   0.00000E+00 0.0000
    2.8725E+00   0.00000E+00 0.0000
    2.9557E+00   0.00000E+00 0.0000
    3.0412E+00   0.00000E+00 0.0000
    3.1291E+00   0.00000E+00 0.0000
    3.2197E+00   0.00000E+00 0.0000
    3.3128E+00   0.00000E+00 0.0000
    3.4086E+00   0.00000E+00 0.0000
    3.5072E+00   0.00000E+00 0.0000
    3.6087E+00   0.00000E+00 0.0000
    3.7131E+00   0.00000E+00 0.0000
    3.8205E+00   0.00000E+00 0.0000
    3.9311E+00   0.00000E+00 0.0000
    4.0448E+00   0.00000E+00 0.0000
    4.1618E+00   0.00000E+00 0.0000
    4.2822E+00   0.00000E+00 0.0000
    4.4061E+00   0.00000E+00 0.0000
    4.5335E+00   0.00000E+00 0.0000
    4.6647E+00   0.00000E+00 0.0000
    4.7996E+00   0.00000E+00 0.0000
    4.9385E+00   0.00000E+00 0.0000
    5.0814E+00   0.00000E+00 0.0000
    5.2284E+00   0.00000E+00 0.0000
    5.3796E+00   0.00000E+00 0.0000
    5.5352E+00   0.00000E+00 0.0000
    5.6954E+00   0.00000E+00 0.0000
    5.8601E+00   0.00000E+00 0.0000
    6.0297E+00   0.00000E+00 0.0000
    6.2041E+00   0.00000E+00 0.0000
    6.3836E+00   0.00000E+00 0.0000
    6.5683E+00   0.00000E+00 0.0000
    6.7583E+00   0.00000E+00 0.0000
    6.9538E+00   0.00000E+00 0.0000
    7.1550E+00   0.00000E+00 0.0000
    7.3619E+00   0.00000E+00 0.0000
    7.5749E+00   0.00000E+00 0.0000
    7.7941E+00   4.69658E-10 0.5010
    8.0195E+00   0.00000E+00 0.0000
    8.2515E+00   1.24947E-09 0.3019
    8.4902E+00   3.61618E-10 0.5797
    8.7359E+00   3.31403E-09 0.1884
    8.9886E+00   0.00000E+00 0.0000
    9.2486E+00   6.02538E-09 0.1407
    9.5162E+00   7.86484E-10 0.3847
    9.7915E+00   2.35451E-10 0.7072
    1.0075E+01   1.11002E-08 0.1032
    1.0366E+01   1.19807E-09 0.3182
    1.0666E+01   1.36475E-08 0.0944
    1.0975E+01   1.25109E-09 0.3188
    1.1292E+01   1.52381E-08 0.0904
    1.1619E+01   2.56725E-09 0.2225
    1.1955E+01   1.82020E-09 0.2552
    1.2301E+01   2.21049E-08 0.0758
    1.2657E+01   2.66431E-09 0.2228
    1.3023E+01   2.33499E-08 0.0762
    1.3400E+01   3.48127E-09 0.1877
    1.3787E+01   3.71306E-09 0.1813
    1.4186E+01   2.70347E-08 0.0682
    1.4596E+01   5.89482E-09 0.1418
    1.5019E+01   2.79843E-08 0.0667
    1.5453E+01   4.28717E-09 0.1538
    1.5900E+01   2.84634E-08 0.0649
    1.6360E+01   4.30413E-09 0.1379
    1.6834E+01   4.45391E-09 0.1374
    1.7321E+01   3.17244E-08 0.0593
    1.7822E+01   5.18907E-09 0.1178
    1.8337E+01   3.71113E-08 0.0538
    1.8868E+01   9.21380E-09 0.0837
    1.9413E+01   1.14794E-08 0.0748
    1.9975E+01   2.17873E-07 0.0238
    2.0553E+01   1.17472E-07 0.0247
    2.1148E+01   2.16538E-06 0.0098
    2.1759E+01   8.65312E-07 0.0095
    2.2389E+01   1.16564E-06 0.0085
    2.3037E+01   1.36469E-05 0.0049
    2.3703E+01   4.28810E-06 0.0047
    2.4389E+01   3.94791E-05 0.0033
    2.5094E+01   1.03284E-05 0.0032
    2.5820E+01   1.17849E-05 0.0031
    2.6567E+01   8.49223E-05 0.0024
    2.7336E+01   1.83690E-05 0.0024
    2.8127E+01   1.26781E-04 0.0021
    2.8940E+01   2.51843E-05 0.0021
    2.9777E+01   1.55619E-04 0.0018
    3.0639E+01   2.99826E-05 0.0019
    3.1525E+01   2.84213E-05 0.0019
    3.2437E+01   1.71464E-04 0.0017
    3.3376E+01   2.83307E-05 0.0018
    3.4341E+01   1.65261E-04 0.0016
    3.5335E+01   3.07869E-05 0.0017
    3.6357E+01   2.62697E-05 0.0017
    3.7409E+01   1.53548E-04 0.0016
    3.8491E+01   2.40964E-05 0.0017
    3.9604E+01   1.33241E-04 0.0016
    4.0750E+01   2.43196E-05 0.0016
    4.1929E+01   1.99462E-05 0.0017
    4.3142E+01   1.15675E-04 0.0016
    4.4390E+01   1.70129E-05 0.0017
    4.5674E+01   9.65487E-05 0.0016
    4.6996E+01   1.69375E-05 0.0016
    4.8355E+01   1.36042E-05 0.0017
    4.9754E+01   8.16383E-05 0.0016
    5.1193E+01   1.14266E-05 0.0017
    5.2674E+01   6.71841E-05 0.0016
    5.4198E+01   1.15703E-05 0.0017
    5.5766E+01   9.51018E-06 0.0017
    5.7379E+01   5.62080E-05 0.0016
    5.9039E+01   7.57464E-06 0.0017
    6.0747E+01   4.68015E-05 0.0016
    6.2505E+01   7.63931E-06 0.0017
    6.4313E+01   3.76844E-05 0.0016
    6.6174E+01   7.98686E-06 0.0017
    6.8088E+01   5.15242E-06 0.0017
    7.0058E+01   3.28957E-05 0.0016
    7.2084E+01   4.98877E-06 0.0017
    7.4170E+01   2.67403E-05 0.0016
    7.6315E+01   5.28467E-06 0.0017
    7.8523E+01   3.66693E-06 0.0017
    8.0795E+01   2.32490E-05 0.0016
    8.3132E+01   3.23692E-06 0.0017
    8.5537E+01   1.93366E-05 0.0016
    8.8012E+01   3.39855E-06 0.0017
    9.0558E+01   1.58624E-05 0.0016
    9.3178E+01   3.48973E-06 0.0017
    9.5873E+01   2.26794E-06 0.0018
    9.8647E+01   1.41775E-05 0.0016
    1.0150E+02   2.04154E-06 0.0017
    1.0444E+02   1.18801E-05 0.0016
    1.0746E+02   2.05043E-06 0.0017
    1.1057E+02   9.81636E-06 0.0016
    1.1377E+02   2.06083E-06 0.0017
    1.1706E+02   1.41126E-06 0.0018
    1.2044E+02   8.68877E-06 0.0016
    1.2393E+02   1.23024E-06 0.0018
    1.2751E+02   7.33371E-06 0.0016
    1.3120E+02   1.23275E-06 0.0017
    1.3500E+02   6.06887E-06 0.0016
    1.3890E+02   1.25701E-06 0.0017
    1.4292E+02   8.63107E-07 0.0018
    1.4706E+02   5.36845E-06 0.0016
    1.5131E+02   7.68342E-07 0.0018
    1.5569E+02   4.51411E-06 0.0016
    1.6019E+02   7.92484E-07 0.0017
    1.6483E+02   3.73675E-06 0.0016
    1.6959E+02   8.00763E-07 0.0017
    1.7450E+02   5.28579E-07 0.0018
    1.7955E+02   3.32668E-06 0.0016
    1.8474E+02   5.08540E-07 0.0017
    1.9009E+02   2.76618E-06 0.0016
    1.9559E+02   5.36142E-07 0.0017
    2.0124E+02   3.93149E-07 0.0018
    2.0707E+02   2.42181E-06 0.0016
    2.1306E+02   3.42408E-07 0.0018
    2.1922E+02   2.04723E-06 0.0016
    2.2556E+02   3.56493E-07 0.0017
    2.3209E+02   3.07841E-07 0.0018
    2.3880E+02   1.75142E-06 0.0016
    2.4571E+02   2.42050E-07 0.0018
    2.5282E+02   1.51209E-06 0.0016
    2.6013E+02   2.38770E-07 0.0017
    2.6766E+02   1.26506E-06 0.0016
    2.7540E+02   2.50638E-07 0.0017
    2.8337E+02   1.90660E-07 0.0018
    2.9157E+02   1.11303E-06 0.0016
    3.0000E+02   1.62349E-07 0.0018
      total      2.19184E-03 0.0015
 
 cell  553                                                                                                                             
    s(e) (MeV/cm)
    1.0000E+00   0.00000E+00 0.0000
    1.0289E+00   0.00000E+00 0.0000
    1.0587E+00   0.00000E+00 0.0000
    1.0893E+00   0.00000E+00 0.0000
    1.1208E+00   0.00000E+00 0.0000
    1.1533E+00   0.00000E+00 0.0000
    1.1866E+00   0.00000E+00 0.0000
    1.2210E+00   0.00000E+00 0.0000
    1.2563E+00   0.00000E+00 0.0000
    1.2926E+00   0.00000E+00 0.0000
    1.3300E+00   0.00000E+00 0.0000
    1.3685E+00   0.00000E+00 0.0000
    1.4081E+00   0.00000E+00 0.0000
    1.4488E+00   0.00000E+00 0.0000
    1.4907E+00   0.00000E+00 0.0000
    1.5339E+00   0.00000E+00 0.0000
    1.5782E+00   0.00000E+00 0.0000
    1.6239E+00   0.00000E+00 0.0000
    1.6709E+00   0.00000E+00 0.0000
    1.7192E+00   0.00000E+00 0.0000
    1.7689E+00   0.00000E+00 0.0000
    1.8201E+00   0.00000E+00 0.0000
    1.8728E+00   0.00000E+00 0.0000
    1.9269E+00   0.00000E+00 0.0000
    1.9827E+00   0.00000E+00 0.0000
    2.0400E+00   0.00000E+00 0.0000
    2.0991E+00   0.00000E+00 0.0000
    2.1598E+00   0.00000E+00 0.0000
    2.2223E+00   0.00000E+00 0.0000
    2.2866E+00   0.00000E+00 0.0000
    2.3527E+00   0.00000E+00 0.0000
    2.4208E+00   0.00000E+00 0.0000
    2.4908E+00   0.00000E+00 0.0000
    2.5629E+00   0.00000E+00 0.0000
    2.6370E+00   0.00000E+00 0.0000
    2.7133E+00   0.00000E+00 0.0000
    2.7918E+00   0.00000E+00 0.0000
    2.8725E+00   0.00000E+00 0.0000
    2.9557E+00   0.00000E+00 0.0000
    3.0412E+00   0.00000E+00 0.0000
    3.1291E+00   0.00000E+00 0.0000
    3.2197E+00   0.00000E+00 0.0000
    3.3128E+00   0.00000E+00 0.0000
    3.4086E+00   0.00000E+00 0.0000
    3.5072E+00   0.00000E+00 0.0000
    3.6087E+00   0.00000E+00 0.0000
    3.7131E+00   0.00000E+00 0.0000
    3.8205E+00   0.00000E+00 0.0000
    3.9311E+00   0.00000E+00 0.0000
    4.0448E+00   0.00000E+00 0.0000
    4.1618E+00   0.00000E+00 0.0000
    4.2822E+00   0.00000E+00 0.0000
    4.4061E+00   0.00000E+00 0.0000
    4.5335E+00   0.00000E+00 0.0000
    4.6647E+00   0.00000E+00 0.0000
    4.7996E+00   0.00000E+00 0.0000
    4.9385E+00   0.00000E+00 0.0000
    5.0814E+00   0.00000E+00 0.0000
    5.2284E+00   0.00000E+00 0.0000
    5.3796E+00   0.00000E+00 0.0000
    5.5352E+00   0.00000E+00 0.0000
    5.6954E+00   0.00000E+00 0.0000
    5.8601E+00   0.00000E+00 0.0000
    6.0297E+00   0.00000E+00 0.0000
    6.2041E+00   0.00000E+00 0.0000
    6.3836E+00   0.00000E+00 0.0000
    6.5683E+00   0.00000E+00 0.0000
    6.7583E+00   0.00000E+00 0.0000
    6.9538E+00   0.00000E+00 0.0000
    7.1550E+00   0.00000E+00 0.0000
    7.3619E+00   0.00000E+00 0.0000
    7.5749E+00   0.00000E+00 0.0000
    7.7941E+00   6.23022E-10 0.4165
    8.0195E+00   0.00000E+00 0.0000
    8.2515E+00   1.24638E-09 0.2960
    8.4902E+00   2.02979E-10 0.7107
    8.7359E+00   3.22551E-09 0.1906
    8.9886E+00   3.53128E-10 0.5777
    9.2486E+00   5.69728E-09 0.1448
    9.5162E+00   7.79678E-10 0.4123
    9.7915E+00   6.88898E-10 0.4148
    1.0075E+01   1.05718E-08 0.1071
    1.0366E+01   1.19296E-09 0.3213
    1.0666E+01   1.45554E-08 0.0956
    1.0975E+01   2.19454E-09 0.2463
    1.1292E+01   1.48830E-08 0.0911
    1.1619E+01   2.01540E-09 0.2539
    1.1955E+01   2.59135E-09 0.2341
    1.2301E+01   2.26420E-08 0.0750
    1.2657E+01   2.66612E-09 0.2207
    1.3023E+01   2.14728E-08 0.0770
    1.3400E+01   3.85645E-09 0.1800
    1.3787E+01   3.95827E-09 0.1778
    1.4186E+01   2.56069E-08 0.0705
    1.4596E+01   4.85884E-09 0.1559
    1.5019E+01   2.61735E-08 0.0676
    1.5453E+01   5.26808E-09 0.1386
    1.5900E+01   2.80887E-08 0.0647
    1.6360E+01   5.35810E-09 0.1243
    1.6834E+01   4.77267E-09 0.1327
    1.7321E+01   3.04247E-08 0.0599
    1.7822E+01   4.86839E-09 0.1211
    1.8337E+01   3.28065E-08 0.0560
    1.8868E+01   6.13120E-09 0.1011
    1.9413E+01   6.04029E-09 0.1024
    1.9975E+01   5.39444E-08 0.0435
    2.0553E+01   1.96966E-08 0.0555
    2.1148E+01   3.32611E-07 0.0196
    2.1759E+01   1.44761E-07 0.0206
    2.2389E+01   2.06437E-07 0.0176
    2.3037E+01   2.89016E-06 0.0083
    2.3703E+01   1.00958E-06 0.0083
    2.4389E+01   1.08279E-05 0.0051
    2.5094E+01   3.19335E-06 0.0050
    2.5820E+01   3.78382E-06 0.0047
    2.6567E+01   3.05491E-05 0.0034
    2.7336E+01   7.35571E-06 0.0034
    2.8127E+01   5.51692E-05 0.0027
    2.8940E+01   1.19668E-05 0.0027
    2.9777E+01   8.01858E-05 0.0023
    3.0639E+01   1.66718E-05 0.0023
    3.1525E+01   1.63234E-05 0.0023
    3.2437E+01   1.04274E-04 0.0020
    3.3376E+01   1.85495E-05 0.0021
    3.4341E+01   1.13583E-04 0.0018
    3.5335E+01   2.23012E-05 0.0019
    3.6357E+01   1.95777E-05 0.0019
    3.7409E+01   1.18352E-04 0.0017
    3.8491E+01   1.95477E-05 0.0018
    3.9604E+01   1.11790E-04 0.0017
    4.0750E+01   2.11505E-05 0.0017
    4.1929E+01   1.77432E-05 0.0018
    4.3142E+01   1.05057E-04 0.0016
    4.4390E+01   1.60498E-05 0.0017
    4.5674E+01   9.29289E-05 0.0016
    4.6996E+01   1.67571E-05 0.0017
    4.8355E+01   1.36826E-05 0.0017
    4.9754E+01   8.30411E-05 0.0016
    5.1193E+01   1.19383E-05 0.0017
    5.2674E+01   7.12201E-05 0.0016
    5.4198E+01   1.24774E-05 0.0017
    5.5766E+01   1.03836E-05 0.0017
    5.7379E+01   6.18236E-05 0.0016
    5.9039E+01   8.49272E-06 0.0017
    6.0747E+01   5.28212E-05 0.0016
    6.2505E+01   8.71720E-06 0.0017
    6.4313E+01   4.34953E-05 0.0016
    6.6174E+01   9.27165E-06 0.0016
    6.8088E+01   6.05608E-06 0.0017
    7.0058E+01   3.87410E-05 0.0016
    7.2084E+01   5.91699E-06 0.0017
    7.4170E+01   3.19863E-05 0.0016
    7.6315E+01   6.34954E-06 0.0016
    7.8523E+01   4.43056E-06 0.0017
    8.0795E+01   2.81684E-05 0.0016
    8.3132E+01   3.93988E-06 0.0017
    8.5537E+01   2.36527E-05 0.0016
    8.8012E+01   4.16655E-06 0.0016
    9.0558E+01   1.95598E-05 0.0016
    9.3178E+01   4.31413E-06 0.0016
    9.5873E+01   2.81211E-06 0.0017
    9.8647E+01   1.76053E-05 0.0016
    1.0150E+02   2.54095E-06 0.0017
    1.0444E+02   1.48327E-05 0.0016
    1.0746E+02   2.55966E-06 0.0016
    1.1057E+02   1.23094E-05 0.0016
    1.1377E+02   2.58857E-06 0.0016
    1.1706E+02   1.77543E-06 0.0017
    1.2044E+02   1.09415E-05 0.0016
    1.2393E+02   1.55128E-06 0.0017
    1.2751E+02   9.26435E-06 0.0016
    1.3120E+02   1.55778E-06 0.0017
    1.3500E+02   7.68541E-06 0.0016
    1.3890E+02   1.59387E-06 0.0016
    1.4292E+02   1.09349E-06 0.0017
    1.4706E+02   6.81504E-06 0.0016
    1.5131E+02   9.76133E-07 0.0017
    1.5569E+02   5.74078E-06 0.0016
    1.6019E+02   1.00969E-06 0.0017
    1.6483E+02   4.75885E-06 0.0016
    1.6959E+02   1.01965E-06 0.0016
    1.7450E+02   6.73849E-07 0.0017
    1.7955E+02   4.24302E-06 0.0016
    1.8474E+02   6.48258E-07 0.0017
    1.9009E+02   3.53192E-06 0.0016
    1.9559E+02   6.84181E-07 0.0016
    2.0124E+02   5.02263E-07 0.0017
    2.0707E+02   3.09480E-06 0.0016
    2.1306E+02   4.38251E-07 0.0017
    2.1922E+02   2.61759E-06 0.0016
    2.2556E+02   4.56219E-07 0.0017
    2.3209E+02   3.94104E-07 0.0017
    2.3880E+02   2.24055E-06 0.0016
    2.4571E+02   3.10692E-07 0.0017
    2.5282E+02   1.93545E-06 0.0016
    2.6013E+02   3.06117E-07 0.0017
    2.6766E+02   1.62013E-06 0.0016
    2.7540E+02   3.20799E-07 0.0016
    2.8337E+02   2.44527E-07 0.0017
    2.9157E+02   1.42592E-06 0.0016
    3.0000E+02   2.08040E-07 0.0017
      total      1.74022E-03 0.0015
 
 cell  554                                                                                                                             
    s(e) (MeV/cm)
    1.0000E+00   0.00000E+00 0.0000
    1.0289E+00   0.00000E+00 0.0000
    1.0587E+00   0.00000E+00 0.0000
    1.0893E+00   0.00000E+00 0.0000
    1.1208E+00   0.00000E+00 0.0000
    1.1533E+00   0.00000E+00 0.0000
    1.1866E+00   0.00000E+00 0.0000
    1.2210E+00   0.00000E+00 0.0000
    1.2563E+00   0.00000E+00 0.0000
    1.2926E+00   0.00000E+00 0.0000
    1.3300E+00   0.00000E+00 0.0000
    1.3685E+00   0.00000E+00 0.0000
    1.4081E+00   0.00000E+00 0.0000
    1.4488E+00   0.00000E+00 0.0000
    1.4907E+00   0.00000E+00 0.0000
    1.5339E+00   0.00000E+00 0.0000
    1.5782E+00   0.00000E+00 0.0000
    1.6239E+00   0.00000E+00 0.0000
    1.6709E+00   0.00000E+00 0.0000
    1.7192E+00   0.00000E+00 0.0000
    1.7689E+00   0.00000E+00 0.0000
    1.8201E+00   0.00000E+00 0.0000
    1.8728E+00   0.00000E+00 0.0000
    1.9269E+00   0.00000E+00 0.0000
    1.9827E+00   0.00000E+00 0.0000
    2.0400E+00   0.00000E+00 0.0000
    2.0991E+00   0.00000E+00 0.0000
    2.1598E+00   0.00000E+00 0.0000
    2.2223E+00   0.00000E+00 0.0000
    2.2866E+00   0.00000E+00 0.0000
    2.3527E+00   0.00000E+00 0.0000
    2.4208E+00   0.00000E+00 0.0000
    2.4908E+00   0.00000E+00 0.0000
    2.5629E+00   0.00000E+00 0.0000
    2.6370E+00   0.00000E+00 0.0000
    2.7133E+00   0.00000E+00 0.0000
    2.7918E+00   0.00000E+00 0.0000
    2.8725E+00   0.00000E+00 0.0000
    2.9557E+00   0.00000E+00 0.0000
    3.0412E+00   0.00000E+00 0.0000
    3.1291E+00   0.00000E+00 0.0000
    3.2197E+00   0.00000E+00 0.0000
    3.3128E+00   0.00000E+00 0.0000
    3.4086E+00   0.00000E+00 0.0000
    3.5072E+00   0.00000E+00 0.0000
    3.6087E+00   0.00000E+00 0.0000
    3.7131E+00   0.00000E+00 0.0000
    3.8205E+00   0.00000E+00 0.0000
    3.9311E+00   0.00000E+00 0.0000
    4.0448E+00   0.00000E+00 0.0000
    4.1618E+00   0.00000E+00 0.0000
    4.2822E+00   0.00000E+00 0.0000
    4.4061E+00   0.00000E+00 0.0000
    4.5335E+00   0.00000E+00 0.0000
    4.6647E+00   0.00000E+00 0.0000
    4.7996E+00   0.00000E+00 0.0000
    4.9385E+00   0.00000E+00 0.0000
    5.0814E+00   0.00000E+00 0.0000
    5.2284E+00   0.00000E+00 0.0000
    5.3796E+00   0.00000E+00 0.0000
    5.5352E+00   0.00000E+00 0.0000
    5.6954E+00   0.00000E+00 0.0000
    5.8601E+00   0.00000E+00 0.0000
    6.0297E+00   0.00000E+00 0.0000
    6.2041E+00   0.00000E+00 0.0000
    6.3836E+00   0.00000E+00 0.0000
    6.5683E+00   0.00000E+00 0.0000
    6.7583E+00   0.00000E+00 0.0000
    6.9538E+00   0.00000E+00 0.0000
    7.1550E+00   2.91057E-12 1.0000
    7.3619E+00   0.00000E+00 0.0000
    7.5749E+00   0.00000E+00 0.0000
    7.7941E+00   7.13441E-10 0.4089
    8.0195E+00   0.00000E+00 0.0000
    8.2515E+00   1.33078E-09 0.2873
    8.4902E+00   1.16394E-10 1.0000
    8.7359E+00   3.28613E-09 0.1893
    8.9886E+00   2.33060E-10 0.7074
    9.2486E+00   5.64241E-09 0.1414
    9.5162E+00   6.51308E-10 0.4493
    9.7915E+00   7.44017E-10 0.4108
    1.0075E+01   1.04346E-08 0.1074
    1.0366E+01   6.38191E-10 0.4316
    1.0666E+01   1.41933E-08 0.0926
    1.0975E+01   1.62903E-09 0.2720
    1.1292E+01   1.66653E-08 0.0870
    1.1619E+01   1.56363E-09 0.2803
    1.1955E+01   1.51713E-09 0.2692
    1.2301E+01   2.07612E-08 0.0802
    1.2657E+01   3.93224E-09 0.1779
    1.3023E+01   2.16958E-08 0.0769
    1.3400E+01   2.84697E-09 0.2094
    1.3787E+01   4.54293E-09 0.1661
    1.4186E+01   2.50121E-08 0.0705
    1.4596E+01   4.90872E-09 0.1551
    1.5019E+01   2.89153E-08 0.0662
    1.5453E+01   5.34842E-09 0.1376
    1.5900E+01   2.73724E-08 0.0646
    1.6360E+01   4.13211E-09 0.1420
    1.6834E+01   4.04862E-09 0.1436
    1.7321E+01   2.90203E-08 0.0602
    1.7822E+01   4.91402E-09 0.1212
    1.8337E+01   3.18836E-08 0.0569
    1.8868E+01   4.77216E-09 0.1136
    1.9413E+01   6.14232E-09 0.1001
    1.9975E+01   3.33253E-08 0.0544
    2.0553E+01   7.52449E-09 0.0876
    2.1148E+01   6.84774E-08 0.0371
    2.1759E+01   2.23965E-08 0.0478
    2.2389E+01   3.07821E-08 0.0422
    2.3037E+01   4.68923E-07 0.0164
    2.3703E+01   1.80253E-07 0.0176
    2.4389E+01   2.24674E-06 0.0087
    2.5094E+01   7.37806E-07 0.0090
    2.5820E+01   8.98943E-07 0.0083
    2.6567E+01   8.21631E-06 0.0053
    2.7336E+01   2.19706E-06 0.0054
    2.8127E+01   1.81438E-05 0.0039
    2.8940E+01   4.31532E-06 0.0040
    2.9777E+01   3.12235E-05 0.0031
    3.0639E+01   6.98493E-06 0.0031
    3.1525E+01   7.02607E-06 0.0031
    3.2437E+01   4.77152E-05 0.0026
    3.3376E+01   9.12293E-06 0.0026
    3.4341E+01   5.88772E-05 0.0023
    3.5335E+01   1.21887E-05 0.0023
    3.6357E+01   1.10119E-05 0.0023
    3.7409E+01   6.92694E-05 0.0020
    3.8491E+01   1.20644E-05 0.0022
    3.9604E+01   7.16678E-05 0.0019
    4.0750E+01   1.40465E-05 0.0020
    4.1929E+01   1.20754E-05 0.0020
    4.3142E+01   7.33798E-05 0.0018
    4.4390E+01   1.16665E-05 0.0019
    4.5674E+01   6.91418E-05 0.0018
    4.6996E+01   1.27927E-05 0.0018
    4.8355E+01   1.06731E-05 0.0019
    4.9754E+01   6.55575E-05 0.0017
    5.1193E+01   9.75190E-06 0.0018
    5.2674E+01   5.88197E-05 0.0017
    5.4198E+01   1.05008E-05 0.0018
    5.5766E+01   8.88746E-06 0.0018
    5.7379E+01   5.32974E-05 0.0016
    5.9039E+01   7.50757E-06 0.0018
    6.0747E+01   4.70562E-05 0.0016
    6.2505E+01   7.87191E-06 0.0017
    6.4313E+01   3.98187E-05 0.0016
    6.6174E+01   8.55321E-06 0.0017
    6.8088E+01   5.65734E-06 0.0017
    7.0058E+01   3.63548E-05 0.0016
    7.2084E+01   5.61127E-06 0.0017
    7.4170E+01   3.06174E-05 0.0016
    7.6315E+01   6.11175E-06 0.0017
    7.8523E+01   4.31234E-06 0.0017
    8.0795E+01   2.74609E-05 0.0016
    8.3132E+01   3.87771E-06 0.0017
    8.5537E+01   2.34067E-05 0.0016
    8.8012E+01   4.14684E-06 0.0017
    9.0558E+01   1.95855E-05 0.0016
    9.3178E+01   4.33632E-06 0.0016
    9.5873E+01   2.84279E-06 0.0017
    9.8647E+01   1.78262E-05 0.0016
    1.0150E+02   2.58629E-06 0.0017
    1.0444E+02   1.51574E-05 0.0016
    1.0746E+02   2.61993E-06 0.0017
    1.1057E+02   1.26701E-05 0.0016
    1.1377E+02   2.67030E-06 0.0016
    1.1706E+02   1.83652E-06 0.0017
    1.2044E+02   1.13379E-05 0.0016
    1.2393E+02   1.61085E-06 0.0017
    1.2751E+02   9.65146E-06 0.0016
    1.3120E+02   1.62892E-06 0.0017
    1.3500E+02   8.04254E-06 0.0016
    1.3890E+02   1.67188E-06 0.0016
    1.4292E+02   1.14883E-06 0.0017
    1.4706E+02   7.16388E-06 0.0016
    1.5131E+02   1.02793E-06 0.0017
    1.5569E+02   6.05407E-06 0.0016
    1.6019E+02   1.06727E-06 0.0017
    1.6483E+02   5.03213E-06 0.0016
    1.6959E+02   1.08044E-06 0.0016
    1.7450E+02   7.13924E-07 0.0017
    1.7955E+02   4.49966E-06 0.0016
    1.8474E+02   6.89011E-07 0.0017
    1.9009E+02   3.75262E-06 0.0016
    1.9559E+02   7.28443E-07 0.0016
    2.0124E+02   5.34743E-07 0.0017
    2.0707E+02   3.29524E-06 0.0016
    2.1306E+02   4.67490E-07 0.0017
    2.1922E+02   2.79137E-06 0.0016
    2.2556E+02   4.87039E-07 0.0017
    2.3209E+02   4.20634E-07 0.0017
    2.3880E+02   2.39245E-06 0.0016
    2.4571E+02   3.32611E-07 0.0017
    2.5282E+02   2.06883E-06 0.0016
    2.6013E+02   3.27421E-07 0.0017
    2.6766E+02   1.73368E-06 0.0016
    2.7540E+02   3.43512E-07 0.0016
    2.8337E+02   2.61925E-07 0.0017
    2.9157E+02   1.52700E-06 0.0016
    3.0000E+02   2.23194E-07 0.0017
      total      1.21020E-03 0.0017
 
 cell union total                                                                                                                      
    s(e) (MeV/cm)
    1.0000E+00   0.00000E+00 0.0000
    1.0289E+00   0.00000E+00 0.0000
    1.0587E+00   0.00000E+00 0.0000
    1.0893E+00   0.00000E+00 0.0000
    1.1208E+00   0.00000E+00 0.0000
    1.1533E+00   0.00000E+00 0.0000
    1.1866E+00   0.00000E+00 0.0000
    1.2210E+00   0.00000E+00 0.0000
    1.2563E+00   0.00000E+00 0.0000
    1.2926E+00   0.00000E+00 0.0000
    1.3300E+00   0.00000E+00 0.0000
    1.3685E+00   0.00000E+00 0.0000
    1.4081E+00   0.00000E+00 0.0000
    1.4488E+00   0.00000E+00 0.0000
    1.4907E+00   0.00000E+00 0.0000
    1.5339E+00   0.00000E+00 0.0000
    1.5782E+00   0.00000E+00 0.0000
    1.6239E+00   0.00000E+00 0.0000
    1.6709E+00   0.00000E+00 0.0000
    1.7192E+00   0.00000E+00 0.0000
    1.7689E+00   0.00000E+00 0.0000
    1.8201E+00   0.00000E+00 0.0000
    1.8728E+00   0.00000E+00 0.0000
    1.9269E+00   0.00000E+00 0.0000
    1.9827E+00   0.00000E+00 0.0000
    2.0400E+00   0.00000E+00 0.0000
    2.0991E+00   0.00000E+00 0.0000
    2.1598E+00   0.00000E+00 0.0000
    2.2223E+00   0.00000E+00 0.0000
    2.2866E+00   0.00000E+00 0.0000
    2.3527E+00   0.00000E+00 0.0000
    2.4208E+00   0.00000E+00 0.0000
    2.4908E+00   0.00000E+00 0.0000
    2.5629E+00   0.00000E+00 0.0000
    2.6370E+00   0.00000E+00 0.0000
    2.7133E+00   0.00000E+00 0.0000
    2.7918E+00   0.00000E+00 0.0000
    2.8725E+00   0.00000E+00 0.0000
    2.9557E+00   0.00000E+00 0.0000
    3.0412E+00   0.00000E+00 0.0000
    3.1291E+00   0.00000E+00 0.0000
    3.2197E+00   0.00000E+00 0.0000
    3.3128E+00   0.00000E+00 0.0000
    3.4086E+00   0.00000E+00 0.0000
    3.5072E+00   0.00000E+00 0.0000
    3.6087E+00   0.00000E+00 0.0000
    3.7131E+00   0.00000E+00 0.0000
    3.8205E+00   0.00000E+00 0.0000
    3.9311E+00   0.00000E+00 0.0000
    4.0448E+00   0.00000E+00 0.0000
    4.1618E+00   0.00000E+00 0.0000
    4.2822E+00   0.00000E+00 0.0000
    4.4061E+00   0.00000E+00 0.0000
    4.5335E+00   0.00000E+00 0.0000
    4.6647E+00   0.00000E+00 0.0000
    4.7996E+00   0.00000E+00 0.0000
    4.9385E+00   0.00000E+00 0.0000
    5.0814E+00   0.00000E+00 0.0000
    5.2284E+00   0.00000E+00 0.0000
    5.3796E+00   0.00000E+00 0.0000
    5.5352E+00   0.00000E+00 0.0000
    5.6954E+00   0.00000E+00 0.0000
    5.8601E+00   0.00000E+00 0.0000
    6.0297E+00   0.00000E+00 0.0000
    6.2041E+00   0.00000E+00 0.0000
    6.3836E+00   0.00000E+00 0.0000
    6.5683E+00   0.00000E+00 0.0000
    6.7583E+00   0.00000E+00 0.0000
    6.9538E+00   0.00000E+00 0.0000
    7.1550E+00   5.82114E-13 1.0000
    7.3619E+00   0.00000E+00 0.0000
    7.5749E+00   0.00000E+00 0.0000
    7.7941E+00   5.26944E-10 0.4274
    8.0195E+00   2.25191E-11 1.0000
    8.2515E+00   1.35093E-09 0.2537
    8.4902E+00   1.85555E-10 0.3558
    8.7359E+00   3.15645E-09 0.1739
    8.9886E+00   2.33903E-10 0.3164
    9.2486E+00   6.00636E-09 0.1183
    9.5162E+00   6.65386E-10 0.1943
    9.7915E+00   4.90398E-10 0.2202
    1.0075E+01   1.10852E-08 0.0859
    1.0366E+01   1.04160E-09 0.1530
    1.0666E+01   1.38166E-08 0.0756
    1.0975E+01   1.59975E-09 0.1267
    1.1292E+01   1.56663E-08 0.0671
    1.1619E+01   2.19055E-09 0.1083
    1.1955E+01   1.93336E-09 0.1147
    1.2301E+01   2.15756E-08 0.0556
    1.2657E+01   3.27833E-09 0.0886
    1.3023E+01   2.27096E-08 0.0504
    1.3400E+01   3.83256E-09 0.0807
    1.3787E+01   4.14581E-09 0.0774
    1.4186E+01   2.56345E-08 0.0438
    1.4596E+01   5.13392E-09 0.0679
    1.5019E+01   2.75276E-08 0.0397
    1.5453E+01   4.97172E-09 0.0638
    1.5900E+01   2.85495E-08 0.0371
    1.6360E+01   4.83290E-09 0.0587
    1.6834E+01   4.39801E-09 0.0616
    1.7321E+01   3.33803E-08 0.0321
    1.7822E+01   6.80177E-09 0.0474
    1.8337E+01   1.24869E-07 0.0178
    1.8868E+01   6.17076E-08 0.0173
    1.9413E+01   9.85680E-08 0.0142
    1.9975E+01   1.97867E-06 0.0068
    2.0553E+01   8.79541E-07 0.0060
    2.1148E+01   1.12589E-05 0.0039
    2.1759E+01   3.49823E-06 0.0035
    2.2389E+01   4.35012E-06 0.0033
    2.3037E+01   3.93835E-05 0.0026
    2.3703E+01   1.00481E-05 0.0024
    2.4389E+01   7.64171E-05 0.0021
    2.5094E+01   1.70574E-05 0.0020
    2.5820E+01   1.84988E-05 0.0020
    2.6567E+01   1.17204E-04 0.0018
    2.7336E+01   2.22854E-05 0.0018
    2.8127E+01   1.41653E-04 0.0017
    2.8940E+01   2.57857E-05 0.0016
    2.9777E+01   1.50058E-04 0.0016
    3.0639E+01   2.74068E-05 0.0016
    3.1525E+01   2.55244E-05 0.0016
    3.2437E+01   1.49299E-04 0.0015
    3.3376E+01   2.38545E-05 0.0015
    3.4341E+01   1.36931E-04 0.0015
    3.5335E+01   2.51446E-05 0.0015
    3.6357E+01   2.13393E-05 0.0015
    3.7409E+01   1.24118E-04 0.0015
    3.8491E+01   1.93871E-05 0.0015
    3.9604E+01   1.07318E-04 0.0014
    4.0750E+01   1.96304E-05 0.0015
    4.1929E+01   1.61441E-05 0.0015
    4.3142E+01   9.40892E-05 0.0014
    4.4390E+01   1.39525E-05 0.0014
    4.5674E+01   7.96573E-05 0.0014
    4.6996E+01   1.41105E-05 0.0014
    4.8355E+01   1.13990E-05 0.0014
    4.9754E+01   6.87828E-05 0.0014
    5.1193E+01   9.75338E-06 0.0014
    5.2674E+01   5.77252E-05 0.0014
    5.4198E+01   1.00390E-05 0.0014
    5.5766E+01   8.30637E-06 0.0014
    5.7379E+01   4.93526E-05 0.0014
    5.9039E+01   6.73582E-06 0.0014
    6.0747E+01   4.17983E-05 0.0014
    6.2505E+01   6.87304E-06 0.0014
    6.4313E+01   3.41996E-05 0.0014
    6.6174E+01   7.28051E-06 0.0014
    6.8088E+01   4.73898E-06 0.0014
    7.0058E+01   3.03287E-05 0.0014
    7.2084E+01   4.62672E-06 0.0014
    7.4170E+01   2.49778E-05 0.0014
    7.6315E+01   4.95632E-06 0.0014
    7.8523E+01   3.45819E-06 0.0014
    8.0795E+01   2.19774E-05 0.0014
    8.3132E+01   3.07465E-06 0.0014
    8.5537E+01   1.84534E-05 0.0014
    8.8012E+01   3.25276E-06 0.0014
    9.0558E+01   1.52605E-05 0.0014
    9.3178E+01   3.36599E-06 0.0014
    9.5873E+01   2.19536E-06 0.0014
    9.8647E+01   1.37429E-05 0.0014
    1.0150E+02   1.98497E-06 0.0014
    1.0444E+02   1.15880E-05 0.0014
    1.0746E+02   1.99956E-06 0.0014
    1.1057E+02   9.62293E-06 0.0014
    1.1377E+02   2.02408E-06 0.0014
    1.1706E+02   1.38812E-06 0.0014
    1.2044E+02   8.55936E-06 0.0014
    1.2393E+02   1.21348E-06 0.0014
    1.2751E+02   7.25221E-06 0.0014
    1.3120E+02   1.22108E-06 0.0014
    1.3500E+02   6.02006E-06 0.0014
    1.3890E+02   1.24932E-06 0.0014
    1.4292E+02   8.57565E-07 0.0014
    1.4706E+02   5.34293E-06 0.0014
    1.5131E+02   7.65692E-07 0.0014
    1.5569E+02   4.50313E-06 0.0014
    1.6019E+02   7.92187E-07 0.0014
    1.6483E+02   3.73485E-06 0.0014
    1.6959E+02   8.00625E-07 0.0014
    1.7450E+02   5.29189E-07 0.0014
    1.7955E+02   3.33165E-06 0.0014
    1.8474E+02   5.09668E-07 0.0014
    1.9009E+02   2.77432E-06 0.0014
    1.9559E+02   5.37786E-07 0.0014
    2.0124E+02   3.94972E-07 0.0014
    2.0707E+02   2.43219E-06 0.0014
    2.1306E+02   3.44513E-07 0.0014
    2.1922E+02   2.05806E-06 0.0014
    2.2556E+02   3.58671E-07 0.0014
    2.3209E+02   3.09918E-07 0.0014
    2.3880E+02   1.76211E-06 0.0014
    2.4571E+02   2.44370E-07 0.0014
    2.5282E+02   1.52254E-06 0.0014
    2.6013E+02   2.40752E-07 0.0014
    2.6766E+02   1.27478E-06 0.0014
    2.7540E+02   2.52518E-07 0.0014
    2.8337E+02   1.92419E-07 0.0014
    2.9157E+02   1.12214E-06 0.0014
    3.0000E+02   1.63837E-07 0.0014
      total      2.09674E-03 0.0014


 ===================================================================================================================================

           results of 10 statistical checks for the estimated answer for the tally fluctuation chart (tfc) bin of tally     8004

 tfc bin     --mean--      ---------relative error---------      ----variance of the variance----      --figure of merit--     -pdf-
 behavior    behavior      value   decrease   decrease rate      value   decrease   decrease rate       value     behavior     slope

 desired      random       <0.10      yes      1/sqrt(nps)       <0.10      yes        1/nps           constant    random      >3.00
 observed     random        0.00      yes          yes            0.00      yes         yes                                    10.00
 passed?        yes          yes      yes          yes             yes      yes         yes                                      yes

 ===================================================================================================================================


 this tally meets the statistical criteria used to form confidence intervals: check the tally fluctuation chart to verify.
 the results in other bins associated with this tally may not meet these statistical criteria.

 ----- estimated confidence intervals:  -----

 estimated asymmetric confidence interval(1,2,3 sigma): 2.8029E-03 to 2.8106E-03; 2.7991E-03 to 2.8144E-03; 2.7953E-03 to 2.8182E-03
 estimated  symmetric confidence interval(1,2,3 sigma): 2.8029E-03 to 2.8106E-03; 2.7991E-03 to 2.8144E-03; 2.7953E-03 to 2.8182E-03

1analysis of the results in the tally fluctuation chart bin (tfc) for tally 8004 with nps = 4000000          print table 160


 normed average tally per history  = 2.80675E-03          unnormed average tally per history  = 7.01687E-03
 estimated tally relative error    = 0.0014               estimated variance of the variance  = 0.0000
 relative error from zero tallies  = 0.0009               relative error from nonzero scores  = 0.0011

 number of nonzero history tallies =     1018239          efficiency for the nonzero tallies  = 0.2546
 history number of largest  tally  =     3284964          largest  unnormalized history tally = 9.34815E-02
 (largest  tally)/(average tally)  = 1.33224E+01          (largest  tally)/(avg nonzero tally)= 3.39134E+00

 (confidence interval shift)/mean  = 0.0000               shifted confidence interval center  = 2.80675E-03


 if the largest  history score sampled so far were to occur on the next history, the tfc bin quantities would change as follows:

      estimated quantities           value at nps           value at nps+1           value(nps+1)/value(nps)-1.

      mean                            2.80675E-03             2.80676E-03                     0.000003
      relative error                  1.36049E-03             1.36049E-03                    -0.000001
      variance of the variance        2.14115E-06             2.14115E-06                    -0.000001
      shifted center                  2.80675E-03             2.80675E-03                     0.000000
      figure of merit                 0.00000E+00             0.00000E+00                     0.000000

 the estimated slope of the 177 largest  tallies starting at  8.87285E-02 appears to be decreasing at least exponentially.
 the empirical history score probability density function appears to be increasing at the largest  history scores:
 please examine. see print table 161.
 the large score tail of the empirical history score probability density function appears to have no unsampled regions.

 fom = (histories/minute)*(f(x) signal-to-noise ratio)**2 = (0.000E+00)*( 3.675E-01)**2 = (0.000E+00)*(1.351E-01) = 0.000E+00


# ===================================================
# tally 9104
# ===================================================
1tally     9104        nps =     4000000
           tally type 4    track length estimate of particle flux.      units   1/cm**2        
           particle(s): neutrons  photons   electrons protons   deuterons tritons   helions   alphas   

 number of histories used for normalizing tallies =      4000000.00
           this tally is modified by   ft  let

           volumes 
                   cell:      550          551          552          553          554         total                
                         2.50000E+00  2.50000E+00  2.50000E+00  2.50000E+00  2.50000E+00  1.25000E+01
 
 cell  550                                                                                                                             
    s(e) (MeV/cm)
    1.0000E+00   4.32036E-04 0.0010
    1.0289E+00   0.00000E+00 0.0000
    1.0587E+00   0.00000E+00 0.0000
    1.0893E+00   0.00000E+00 0.0000
    1.1208E+00   0.00000E+00 0.0000
    1.1533E+00   0.00000E+00 0.0000
    1.1866E+00   0.00000E+00 0.0000
    1.2210E+00   0.00000E+00 0.0000
    1.2563E+00   0.00000E+00 0.0000
    1.2926E+00   0.00000E+00 0.0000
    1.3300E+00   0.00000E+00 0.0000
    1.3685E+00   0.00000E+00 0.0000
    1.4081E+00   0.00000E+00 0.0000
    1.4488E+00   0.00000E+00 0.0000
    1.4907E+00   0.00000E+00 0.0000
    1.5339E+00   0.00000E+00 0.0000
    1.5782E+00   0.00000E+00 0.0000
    1.6239E+00   0.00000E+00 0.0000
    1.6709E+00   0.00000E+00 0.0000
    1.7192E+00   0.00000E+00 0.0000
    1.7689E+00   0.00000E+00 0.0000
    1.8201E+00   0.00000E+00 0.0000
    1.8728E+00   0.00000E+00 0.0000
    1.9269E+00   0.00000E+00 0.0000
    1.9827E+00   0.00000E+00 0.0000
    2.0400E+00   0.00000E+00 0.0000
    2.0991E+00   0.00000E+00 0.0000
    2.1598E+00   1.31345E-06 0.0146
    2.2223E+00   5.16128E-07 0.0191
    2.2866E+00   2.36786E-07 0.0250
    2.3527E+00   8.48004E-08 0.0341
    2.4208E+00   8.99870E-08 0.0226
    2.4908E+00   3.78214E-08 0.0220
    2.5629E+00   3.62453E-08 0.0251
    2.6370E+00   3.28694E-08 0.0222
    2.7133E+00   3.06233E-08 0.0213
    2.7918E+00   2.79900E-08 0.0217
    2.8725E+00   2.60901E-08 0.0206
    2.9557E+00   2.40134E-08 0.0208
    3.0412E+00   0.00000E+00 0.0000
    3.1291E+00   2.17882E-08 0.0198
    3.2197E+00   2.01719E-08 0.0195
    3.3128E+00   0.00000E+00 0.0000
    3.4086E+00   1.83684E-08 0.0192
    3.5072E+00   1.69682E-08 0.0190
    3.6087E+00   0.00000E+00 0.0000
    3.7131E+00   1.57468E-08 0.0186
    3.8205E+00   1.42988E-08 0.0183
    3.9311E+00   1.20394E-10 1.0000
    4.0448E+00   1.29729E-08 0.0180
    4.1618E+00   0.00000E+00 0.0000
    4.2822E+00   1.18746E-08 0.0177
    4.4061E+00   0.00000E+00 0.0000
    4.5335E+00   1.08444E-08 0.0174
    4.6647E+00   0.00000E+00 0.0000
    4.7996E+00   9.97485E-09 0.0170
    4.9385E+00   9.35848E-09 0.0167
    5.0814E+00   0.00000E+00 0.0000
    5.2284E+00   8.52776E-09 0.0164
    5.3796E+00   0.00000E+00 0.0000
    5.5352E+00   7.91777E-09 0.0161
    5.6954E+00   0.00000E+00 0.0000
    5.8601E+00   0.00000E+00 0.0000
    6.0297E+00   7.16640E-09 0.0159
    6.2041E+00   0.00000E+00 0.0000
    6.3836E+00   6.61659E-09 0.0157
    6.5683E+00   0.00000E+00 0.0000
    6.7583E+00   6.06996E-09 0.0154
    6.9538E+00   0.00000E+00 0.0000
    7.1550E+00   5.61984E-09 0.0151
    7.3619E+00   0.00000E+00 0.0000
    7.5749E+00   5.16953E-09 0.0149
    7.7941E+00   4.66513E-10 0.5010
    8.0195E+00   4.75504E-09 0.0146
    8.2515E+00   1.63401E-09 0.2681
    8.4902E+00   4.48363E-09 0.0288
    8.7359E+00   2.89176E-09 0.2000
    8.9886E+00   4.70054E-10 0.5003
    9.2486E+00   1.01668E-08 0.0848
    9.5162E+00   4.77181E-10 0.5001
    9.7915E+00   4.30751E-09 0.0586
    1.0075E+01   1.16353E-08 0.1006
    1.0366E+01   5.02804E-09 0.0866
    1.0666E+01   1.32725E-08 0.0965
    1.0975E+01   1.96568E-09 0.2617
    1.1292E+01   1.85436E-08 0.0744
    1.1619E+01   2.65830E-09 0.2236
    1.1955E+01   5.24527E-09 0.1024
    1.2301E+01   2.01866E-08 0.0788
    1.2657E+01   7.08162E-09 0.1076
    1.3023E+01   2.34778E-08 0.0723
    1.3400E+01   4.72474E-09 0.1629
    1.3787E+01   5.80304E-09 0.1109
    1.4186E+01   2.55038E-08 0.0707
    1.4596E+01   7.10427E-09 0.1056
    1.5019E+01   2.90471E-08 0.0652
    1.5453E+01   6.87106E-09 0.1014
    1.5900E+01   3.12863E-08 0.0617
    1.6360E+01   4.80745E-09 0.1325
    1.6834E+01   6.22491E-09 0.0959
    1.7321E+01   4.43370E-08 0.0516
    1.7822E+01   1.47553E-08 0.0669
    1.8337E+01   4.44066E-07 0.0191
    1.8868E+01   2.55532E-07 0.0183
    1.9413E+01   4.11006E-07 0.0147
    1.9975E+01   8.11076E-06 0.0063
    2.0553E+01   3.52814E-06 0.0059
    2.1148E+01   4.26686E-05 0.0035
    2.1759E+01   1.26465E-05 0.0033
    2.2389E+01   1.54304E-05 0.0031
    2.3037E+01   1.31018E-04 0.0024
    2.3703E+01   3.14246E-05 0.0023
    2.4389E+01   2.22011E-04 0.0019
    2.5094E+01   4.59128E-05 0.0019
    2.5820E+01   4.84339E-05 0.0019
    2.6567E+01   2.83542E-04 0.0017
    2.7336E+01   4.89342E-05 0.0017
    2.8127E+01   2.88576E-04 0.0016
    2.8940E+01   4.77726E-05 0.0017
    2.9777E+01   2.55612E-04 0.0016
    3.0639E+01   4.26892E-05 0.0016
    3.1525E+01   3.82985E-05 0.0017
    3.2437E+01   2.08501E-04 0.0016
    3.3376E+01   3.01547E-05 0.0017
    3.4341E+01   1.62437E-04 0.0016
    3.5335E+01   2.76804E-05 0.0017
    3.6357E+01   2.25815E-05 0.0017
    3.7409E+01   1.25170E-04 0.0016
    3.8491E+01   1.81526E-05 0.0018
    3.9604E+01   9.59546E-05 0.0016
    4.0750E+01   1.67053E-05 0.0017
    4.1929E+01   1.32905E-05 0.0018
    4.3142E+01   7.56106E-05 0.0016
    4.4390E+01   1.06565E-05 0.0018
    4.5674E+01   5.94148E-05 0.0016
    4.6996E+01   1.02301E-05 0.0018
    4.8355E+01   8.08566E-06 0.0019
    4.9754E+01   4.82917E-05 0.0017
    5.1193E+01   6.64819E-06 0.0019
    5.2674E+01   3.89413E-05 0.0017
    5.4198E+01   6.67944E-06 0.0019
    5.5766E+01   5.45006E-06 0.0019
    5.7379E+01   3.23336E-05 0.0017
    5.9039E+01   4.34727E-06 0.0019
    6.0747E+01   2.68744E-05 0.0017
    6.2505E+01   4.38513E-06 0.0019
    6.4313E+01   2.17104E-05 0.0018
    6.6174E+01   4.61085E-06 0.0019
    6.8088E+01   2.98151E-06 0.0020
    7.0058E+01   1.90991E-05 0.0018
    7.2084E+01   2.90645E-06 0.0020
    7.4170E+01   1.56544E-05 0.0018
    7.6315E+01   3.10495E-06 0.0019
    7.8523E+01   2.16061E-06 0.0020
    8.0795E+01   1.37378E-05 0.0018
    8.3132E+01   1.91848E-06 0.0020
    8.5537E+01   1.15128E-05 0.0018
    8.8012E+01   2.03267E-06 0.0020
    9.0558E+01   9.52182E-06 0.0018
    9.3178E+01   2.09969E-06 0.0019
    9.5873E+01   1.37179E-06 0.0021
    9.8647E+01   8.57638E-06 0.0018
    1.0150E+02   1.24194E-06 0.0021
    1.0444E+02   7.24151E-06 0.0019
    1.0746E+02   1.24895E-06 0.0020
    1.1057E+02   6.02075E-06 0.0019
    1.1377E+02   1.26643E-06 0.0020
    1.1706E+02   8.69771E-07 0.0021
    1.2044E+02   5.36181E-06 0.0019
    1.2393E+02   7.60634E-07 0.0021
    1.2751E+02   4.54941E-06 0.0019
    1.3120E+02   7.66924E-07 0.0020
    1.3500E+02   3.78067E-06 0.0019
    1.3890E+02   7.85222E-07 0.0020
    1.4292E+02   5.39319E-07 0.0021
    1.4706E+02   3.35921E-06 0.0019
    1.5131E+02   4.82255E-07 0.0021
    1.5569E+02   2.83431E-06 0.0019
    1.6019E+02   4.98766E-07 0.0020
    1.6483E+02   2.35302E-06 0.0019
    1.6959E+02   5.04242E-07 0.0020
    1.7450E+02   3.33869E-07 0.0021
    1.7955E+02   2.10045E-06 0.0019
    1.8474E+02   3.21818E-07 0.0021
    1.9009E+02   1.75028E-06 0.0019
    1.9559E+02   3.39204E-07 0.0020
    2.0124E+02   2.49683E-07 0.0021
    2.0707E+02   1.53564E-06 0.0019
    2.1306E+02   2.17723E-07 0.0021
    2.1922E+02   1.30030E-06 0.0019
    2.2556E+02   2.26581E-07 0.0021
    2.3209E+02   1.96956E-07 0.0021
    2.3880E+02   1.11299E-06 0.0019
    2.4571E+02   1.54594E-07 0.0021
    2.5282E+02   9.62924E-07 0.0019
    2.6013E+02   1.52310E-07 0.0021
    2.6766E+02   8.06431E-07 0.0019
    2.7540E+02   1.59956E-07 0.0020
    2.8337E+02   1.21774E-07 0.0021
    2.9157E+02   7.10253E-07 0.0019
    3.0000E+02   1.03880E-07 0.0021
      total      3.24164E-03 0.0012
 
 cell  551                                                                                                                             
    s(e) (MeV/cm)
    1.0000E+00   4.23259E-04 0.0010
    1.0289E+00   0.00000E+00 0.0000
    1.0587E+00   0.00000E+00 0.0000
    1.0893E+00   0.00000E+00 0.0000
    1.1208E+00   0.00000E+00 0.0000
    1.1533E+00   0.00000E+00 0.0000
    1.1866E+00   0.00000E+00 0.0000
    1.2210E+00   0.00000E+00 0.0000
    1.2563E+00   0.00000E+00 0.0000
    1.2926E+00   0.00000E+00 0.0000
    1.3300E+00   0.00000E+00 0.0000
    1.3685E+00   0.00000E+00 0.0000
    1.4081E+00   0.00000E+00 0.0000
    1.4488E+00   0.00000E+00 0.0000
    1.4907E+00   0.00000E+00 0.0000
    1.5339E+00   0.00000E+00 0.0000
    1.5782E+00   0.00000E+00 0.0000
    1.6239E+00   0.00000E+00 0.0000
    1.6709E+00   0.00000E+00 0.0000
    1.7192E+00   0.00000E+00 0.0000
    1.7689E+00   0.00000E+00 0.0000
    1.8201E+00   0.00000E+00 0.0000
    1.8728E+00   0.00000E+00 0.0000
    1.9269E+00   0.00000E+00 0.0000
    1.9827E+00   0.00000E+00 0.0000
    2.0400E+00   0.00000E+00 0.0000
    2.0991E+00   0.00000E+00 0.0000
    2.1598E+00   1.26994E-06 0.0147
    2.2223E+00   5.12426E-07 0.0187
    2.2866E+00   2.32855E-07 0.0260
    2.3527E+00   7.90410E-08 0.0331
    2.4208E+00   8.72173E-08 0.0227
    2.4908E+00   3.71835E-08 0.0222
    2.5629E+00   3.53551E-08 0.0225
    2.6370E+00   3.25549E-08 0.0245
    2.7133E+00   2.93754E-08 0.0218
    2.7918E+00   2.79270E-08 0.0218
    2.8725E+00   2.57010E-08 0.0209
    2.9557E+00   2.40224E-08 0.0209
    3.0412E+00   0.00000E+00 0.0000
    3.1291E+00   2.18638E-08 0.0197
    3.2197E+00   1.99088E-08 0.0195
    3.3128E+00   0.00000E+00 0.0000
    3.4086E+00   1.83302E-08 0.0192
    3.5072E+00   1.66196E-08 0.0189
    3.6087E+00   0.00000E+00 0.0000
    3.7131E+00   1.51685E-08 0.0186
    3.8205E+00   1.41551E-08 0.0183
    3.9311E+00   1.19801E-10 1.0000
    4.0448E+00   1.28444E-08 0.0180
    4.1618E+00   0.00000E+00 0.0000
    4.2822E+00   1.17877E-08 0.0177
    4.4061E+00   0.00000E+00 0.0000
    4.5335E+00   1.08243E-08 0.0174
    4.6647E+00   0.00000E+00 0.0000
    4.7996E+00   9.94235E-09 0.0172
    4.9385E+00   9.14019E-09 0.0168
    5.0814E+00   0.00000E+00 0.0000
    5.2284E+00   8.49376E-09 0.0165
    5.3796E+00   0.00000E+00 0.0000
    5.5352E+00   7.75682E-09 0.0162
    5.6954E+00   0.00000E+00 0.0000
    5.8601E+00   0.00000E+00 0.0000
    6.0297E+00   7.15055E-09 0.0160
    6.2041E+00   0.00000E+00 0.0000
    6.3836E+00   6.54797E-09 0.0158
    6.5683E+00   0.00000E+00 0.0000
    6.7583E+00   6.05648E-09 0.0155
    6.9538E+00   0.00000E+00 0.0000
    7.1550E+00   5.52604E-09 0.0153
    7.3619E+00   0.00000E+00 0.0000
    7.5749E+00   5.09710E-09 0.0151
    7.7941E+00   3.62086E-10 0.5662
    8.0195E+00   4.80531E-09 0.0275
    8.2515E+00   1.29401E-09 0.2997
    8.4902E+00   4.43743E-09 0.0334
    8.7359E+00   3.06482E-09 0.1953
    8.9886E+00   1.13273E-10 1.0000
    9.2486E+00   1.05050E-08 0.0839
    9.5162E+00   6.32277E-10 0.4489
    9.7915E+00   3.88841E-09 0.0449
    1.0075E+01   1.16840E-08 0.1005
    1.0366E+01   4.01910E-09 0.0710
    1.0666E+01   1.34145E-08 0.0949
    1.0975E+01   9.58425E-10 0.3542
    1.1292E+01   1.92961E-08 0.0740
    1.1619E+01   2.14818E-09 0.2439
    1.1955E+01   4.31630E-09 0.1020
    1.2301E+01   2.21835E-08 0.0765
    1.2657E+01   5.43165E-09 0.1081
    1.3023E+01   2.35516E-08 0.0733
    1.3400E+01   4.25336E-09 0.1721
    1.3787E+01   7.70668E-09 0.1041
    1.4186E+01   2.51359E-08 0.0703
    1.4596E+01   7.51767E-09 0.1050
    1.5019E+01   2.62618E-08 0.0665
    1.5453E+01   7.35699E-09 0.0983
    1.5900E+01   2.82972E-08 0.0641
    1.6360E+01   5.66866E-09 0.1221
    1.6834E+01   6.69470E-09 0.0940
    1.7321E+01   3.32223E-08 0.0570
    1.7822E+01   8.42527E-09 0.0882
    1.8337E+01   8.16813E-08 0.0368
    1.8868E+01   3.70293E-08 0.0425
    1.9413E+01   5.87786E-08 0.0355
    1.9975E+01   1.48184E-06 0.0115
    2.0553E+01   7.29177E-07 0.0111
    2.1148E+01   1.10659E-05 0.0055
    2.1759E+01   3.81643E-06 0.0052
    2.2389E+01   4.91846E-06 0.0048
    2.3037E+01   4.89026E-05 0.0032
    2.3703E+01   1.33393E-05 0.0031
    2.4389E+01   1.07526E-04 0.0024
    2.5094E+01   2.51180E-05 0.0024
    2.5820E+01   2.75937E-05 0.0023
    2.6567E+01   1.78801E-04 0.0019
    2.7336E+01   3.45725E-05 0.0020
    2.8127E+01   2.19604E-04 0.0017
    2.8940E+01   3.96933E-05 0.0018
    2.9777E+01   2.27659E-04 0.0016
    3.0639E+01   4.07089E-05 0.0017
    3.1525E+01   3.75538E-05 0.0017
    3.2437E+01   2.14549E-04 0.0016
    3.3376E+01   3.31156E-05 0.0017
    3.4341E+01   1.84506E-04 0.0016
    3.5335E+01   3.27687E-05 0.0016
    3.6357E+01   2.72570E-05 0.0017
    3.7409E+01   1.54259E-04 0.0016
    3.8491E+01   2.30751E-05 0.0017
    3.9604E+01   1.23945E-04 0.0016
    4.0750E+01   2.19312E-05 0.0017
    4.1929E+01   1.76661E-05 0.0017
    4.3142E+01   1.00731E-04 0.0016
    4.4390E+01   1.43778E-05 0.0017
    4.5674E+01   8.02585E-05 0.0016
    4.6996E+01   1.38357E-05 0.0017
    4.8355E+01   1.09515E-05 0.0017
    4.9754E+01   6.53901E-05 0.0016
    5.1193E+01   9.00396E-06 0.0018
    5.2674E+01   5.24653E-05 0.0016
    5.4198E+01   8.96795E-06 0.0017
    5.5766E+01   7.30247E-06 0.0018
    5.7379E+01   4.31043E-05 0.0016
    5.9039E+01   5.75854E-06 0.0018
    6.0747E+01   3.54417E-05 0.0016
    6.2505E+01   5.75334E-06 0.0018
    6.4313E+01   2.82927E-05 0.0016
    6.6174E+01   5.98073E-06 0.0017
    6.8088E+01   3.84916E-06 0.0018
    7.0058E+01   2.45566E-05 0.0016
    7.2084E+01   3.71167E-06 0.0018
    7.4170E+01   1.98942E-05 0.0016
    7.6315E+01   3.93225E-06 0.0018
    7.8523E+01   2.72116E-06 0.0018
    8.0795E+01   1.72758E-05 0.0016
    8.3132E+01   2.40096E-06 0.0018
    8.5537E+01   1.43628E-05 0.0017
    8.8012E+01   2.51992E-06 0.0018
    9.0558E+01   1.17779E-05 0.0017
    9.3178E+01   2.59101E-06 0.0018
    9.5873E+01   1.68289E-06 0.0019
    9.8647E+01   1.05344E-05 0.0017
    1.0150E+02   1.51491E-06 0.0018
    1.0444E+02   8.83367E-06 0.0017
    1.0746E+02   1.51966E-06 0.0018
    1.1057E+02   7.30319E-06 0.0017
    1.1377E+02   1.53529E-06 0.0018
    1.1706E+02   1.04902E-06 0.0019
    1.2044E+02   6.47161E-06 0.0017
    1.2393E+02   9.15766E-07 0.0019
    1.2751E+02   5.46674E-06 0.0017
    1.3120E+02   9.20407E-07 0.0018
    1.3500E+02   4.52712E-06 0.0017
    1.3890E+02   9.40042E-07 0.0018
    1.4292E+02   6.43795E-07 0.0019
    1.4706E+02   4.01234E-06 0.0017
    1.5131E+02   5.74520E-07 0.0019
    1.5569E+02   3.37620E-06 0.0017
    1.6019E+02   5.93515E-07 0.0018
    1.6483E+02   2.79702E-06 0.0017
    1.6959E+02   5.98940E-07 0.0018
    1.7450E+02   3.96285E-07 0.0019
    1.7955E+02   2.49184E-06 0.0017
    1.8474E+02   3.81377E-07 0.0019
    1.9009E+02   2.07356E-06 0.0017
    1.9559E+02   4.01657E-07 0.0018
    2.0124E+02   2.95487E-07 0.0019
    2.0707E+02   1.81632E-06 0.0017
    2.1306E+02   2.57249E-07 0.0019
    2.1922E+02   1.53632E-06 0.0017
    2.2556E+02   2.67630E-07 0.0018
    2.3209E+02   2.32204E-07 0.0019
    2.3880E+02   1.31379E-06 0.0017
    2.4571E+02   1.82293E-07 0.0019
    2.5282E+02   1.13544E-06 0.0017
    2.6013E+02   1.79680E-07 0.0019
    2.6766E+02   9.50337E-07 0.0017
    2.7540E+02   1.88271E-07 0.0018
    2.8337E+02   1.43538E-07 0.0019
    2.9157E+02   8.36113E-07 0.0017
    3.0000E+02   1.22225E-07 0.0019
      total      2.96071E-03 0.0012
 
 cell  552                                                                                                                             
    s(e) (MeV/cm)
    1.0000E+00   4.14468E-04 0.0010
    1.0289E+00   0.00000E+00 0.0000
    1.0587E+00   0.00000E+00 0.0000
    1.0893E+00   0.00000E+00 0.0000
    1.1208E+00   0.00000E+00 0.0000
    1.1533E+00   0.00000E+00 0.0000
    1.1866E+00   0.00000E+00 0.0000
    1.2210E+00   0.00000E+00 0.0000
    1.2563E+00   0.00000E+00 0.0000
    1.2926E+00   0.00000E+00 0.0000
    1.3300E+00   0.00000E+00 0.0000
    1.3685E+00   0.00000E+00 0.0000
    1.4081E+00   0.00000E+00 0.0000
    1.4488E+00   0.00000E+00 0.0000
    1.4907E+00   0.00000E+00 0.0000
    1.5339E+00   0.00000E+00 0.0000
    1.5782E+00   0.00000E+00 0.0000
    1.6239E+00   0.00000E+00 0.0000
    1.6709E+00   0.00000E+00 0.0000
    1.7192E+00   0.00000E+00 0.0000
    1.7689E+00   0.00000E+00 0.0000
    1.8201E+00   0.00000E+00 0.0000
    1.8728E+00   0.00000E+00 0.0000
    1.9269E+00   0.00000E+00 0.0000
    1.9827E+00   0.00000E+00 0.0000
    2.0400E+00   0.00000E+00 0.0000
    2.0991E+00   0.00000E+00 0.0000
    2.1598E+00   1.26123E-06 0.0150
    2.2223E+00   5.14744E-07 0.0190
    2.2866E+00   2.22755E-07 0.0256
    2.3527E+00   8.81094E-08 0.0367
    2.4208E+00   8.67207E-08 0.0222
    2.4908E+00   3.69906E-08 0.0224
    2.5629E+00   3.43541E-08 0.0225
    2.6370E+00   3.21686E-08 0.0222
    2.7133E+00   3.00529E-08 0.0217
    2.7918E+00   2.70654E-08 0.0221
    2.8725E+00   2.50327E-08 0.0206
    2.9557E+00   2.29056E-08 0.0214
    3.0412E+00   0.00000E+00 0.0000
    3.1291E+00   2.14327E-08 0.0198
    3.2197E+00   1.97211E-08 0.0196
    3.3128E+00   0.00000E+00 0.0000
    3.4086E+00   1.79817E-08 0.0193
    3.5072E+00   1.65468E-08 0.0189
    3.6087E+00   0.00000E+00 0.0000
    3.7131E+00   1.52256E-08 0.0186
    3.8205E+00   1.38726E-08 0.0184
    3.9311E+00   1.19921E-10 1.0000
    4.0448E+00   1.27375E-08 0.0180
    4.1618E+00   0.00000E+00 0.0000
    4.2822E+00   1.18561E-08 0.0175
    4.4061E+00   0.00000E+00 0.0000
    4.5335E+00   1.08509E-08 0.0173
    4.6647E+00   0.00000E+00 0.0000
    4.7996E+00   9.83953E-09 0.0171
    4.9385E+00   9.13358E-09 0.0168
    5.0814E+00   0.00000E+00 0.0000
    5.2284E+00   8.32803E-09 0.0165
    5.3796E+00   0.00000E+00 0.0000
    5.5352E+00   7.63381E-09 0.0161
    5.6954E+00   0.00000E+00 0.0000
    5.8601E+00   0.00000E+00 0.0000
    6.0297E+00   6.97173E-09 0.0159
    6.2041E+00   0.00000E+00 0.0000
    6.3836E+00   6.38016E-09 0.0157
    6.5683E+00   0.00000E+00 0.0000
    6.7583E+00   5.88309E-09 0.0155
    6.9538E+00   0.00000E+00 0.0000
    7.1550E+00   5.42631E-09 0.0153
    7.3619E+00   0.00000E+00 0.0000
    7.5749E+00   4.97427E-09 0.0150
    7.7941E+00   4.69658E-10 0.5010
    8.0195E+00   4.56308E-09 0.0148
    8.2515E+00   1.24947E-09 0.3019
    8.4902E+00   4.57528E-09 0.0477
    8.7359E+00   3.31403E-09 0.1884
    8.9886E+00   0.00000E+00 0.0000
    9.2486E+00   9.94283E-09 0.0855
    9.5162E+00   7.86484E-10 0.3847
    9.7915E+00   3.86022E-09 0.0451
    1.0075E+01   1.11002E-08 0.1032
    1.0366E+01   4.49325E-09 0.0855
    1.0666E+01   1.36475E-08 0.0944
    1.0975E+01   1.25109E-09 0.3188
    1.1292E+01   1.82730E-08 0.0754
    1.1619E+01   2.56725E-09 0.2225
    1.1955E+01   4.64261E-09 0.1004
    1.2301E+01   2.21049E-08 0.0758
    1.2657E+01   5.29025E-09 0.1124
    1.3023E+01   2.33499E-08 0.0762
    1.3400E+01   3.48127E-09 0.1877
    1.3787E+01   6.13717E-09 0.1098
    1.4186E+01   2.70347E-08 0.0682
    1.4596E+01   8.12684E-09 0.1029
    1.5019E+01   2.83484E-08 0.0662
    1.5453E+01   6.35428E-09 0.1039
    1.5900E+01   2.92283E-08 0.0644
    1.6360E+01   4.30413E-09 0.1379
    1.6834E+01   6.38751E-09 0.0959
    1.7321E+01   3.24937E-08 0.0586
    1.7822E+01   7.18991E-09 0.0875
    1.8337E+01   3.90934E-08 0.0528
    1.8868E+01   1.13526E-08 0.0713
    1.9413E+01   1.16008E-08 0.0748
    1.9975E+01   2.19973E-07 0.0237
    2.0553E+01   1.19464E-07 0.0243
    2.1148E+01   2.16810E-06 0.0097
    2.1759E+01   8.67198E-07 0.0095
    2.2389E+01   1.16646E-06 0.0085
    2.3037E+01   1.36517E-05 0.0049
    2.3703E+01   4.28867E-06 0.0047
    2.4389E+01   3.94824E-05 0.0033
    2.5094E+01   1.03299E-05 0.0032
    2.5820E+01   1.17854E-05 0.0031
    2.6567E+01   8.49261E-05 0.0024
    2.7336E+01   1.83696E-05 0.0024
    2.8127E+01   1.26785E-04 0.0021
    2.8940E+01   2.51858E-05 0.0021
    2.9777E+01   1.55622E-04 0.0018
    3.0639E+01   2.99842E-05 0.0019
    3.1525E+01   2.84219E-05 0.0019
    3.2437E+01   1.71468E-04 0.0017
    3.3376E+01   2.83312E-05 0.0018
    3.4341E+01   1.65264E-04 0.0016
    3.5335E+01   3.07883E-05 0.0017
    3.6357E+01   2.62703E-05 0.0017
    3.7409E+01   1.53552E-04 0.0016
    3.8491E+01   2.40969E-05 0.0017
    3.9604E+01   1.33245E-04 0.0016
    4.0750E+01   2.43202E-05 0.0016
    4.1929E+01   1.99466E-05 0.0017
    4.3142E+01   1.15678E-04 0.0016
    4.4390E+01   1.70134E-05 0.0017
    4.5674E+01   9.65518E-05 0.0016
    4.6996E+01   1.69380E-05 0.0016
    4.8355E+01   1.36052E-05 0.0017
    4.9754E+01   8.16406E-05 0.0016
    5.1193E+01   1.14276E-05 0.0017
    5.2674E+01   6.71865E-05 0.0016
    5.4198E+01   1.15707E-05 0.0017
    5.5766E+01   9.51109E-06 0.0017
    5.7379E+01   5.62102E-05 0.0016
    5.9039E+01   7.57552E-06 0.0017
    6.0747E+01   4.68034E-05 0.0016
    6.2505E+01   7.64012E-06 0.0017
    6.4313E+01   3.76861E-05 0.0016
    6.6174E+01   7.98724E-06 0.0017
    6.8088E+01   5.15313E-06 0.0017
    7.0058E+01   3.28973E-05 0.0016
    7.2084E+01   4.98954E-06 0.0017
    7.4170E+01   2.67417E-05 0.0016
    7.6315E+01   5.28539E-06 0.0017
    7.8523E+01   3.66718E-06 0.0017
    8.0795E+01   2.32507E-05 0.0016
    8.3132E+01   3.23721E-06 0.0017
    8.5537E+01   1.93384E-05 0.0016
    8.8012E+01   3.39881E-06 0.0017
    9.0558E+01   1.58641E-05 0.0016
    9.3178E+01   3.49005E-06 0.0017
    9.5873E+01   2.26819E-06 0.0018
    9.8647E+01   1.41792E-05 0.0016
    1.0150E+02   2.04176E-06 0.0017
    1.0444E+02   1.18818E-05 0.0016
    1.0746E+02   2.05067E-06 0.0017
    1.1057E+02   9.81802E-06 0.0016
    1.1377E+02   2.06116E-06 0.0017
    1.1706E+02   1.41176E-06 0.0018
    1.2044E+02   8.69014E-06 0.0016
    1.2393E+02   1.23073E-06 0.0018
    1.2751E+02   7.33503E-06 0.0016
    1.3120E+02   1.23325E-06 0.0017
    1.3500E+02   6.07009E-06 0.0016
    1.3890E+02   1.25757E-06 0.0017
    1.4292E+02   8.63304E-07 0.0018
    1.4706E+02   5.36966E-06 0.0016
    1.5131E+02   7.68575E-07 0.0018
    1.5569E+02   4.51519E-06 0.0016
    1.6019E+02   7.92747E-07 0.0017
    1.6483E+02   3.73775E-06 0.0016
    1.6959E+02   8.01041E-07 0.0017
    1.7450E+02   5.28760E-07 0.0018
    1.7955E+02   3.32766E-06 0.0016
    1.8474E+02   5.08821E-07 0.0017
    1.9009E+02   2.76704E-06 0.0016
    1.9559E+02   5.36403E-07 0.0017
    2.0124E+02   3.93302E-07 0.0018
    2.0707E+02   2.42263E-06 0.0016
    2.1306E+02   3.42600E-07 0.0018
    2.1922E+02   2.04796E-06 0.0016
    2.2556E+02   3.56725E-07 0.0017
    2.3209E+02   3.08470E-07 0.0018
    2.3880E+02   1.75169E-06 0.0016
    2.4571E+02   2.42170E-07 0.0018
    2.5282E+02   1.51268E-06 0.0016
    2.6013E+02   2.39006E-07 0.0017
    2.6766E+02   1.26556E-06 0.0016
    2.7540E+02   2.50849E-07 0.0017
    2.8337E+02   1.90759E-07 0.0018
    2.9157E+02   1.11349E-06 0.0016
    3.0000E+02   1.62547E-07 0.0018
      total      2.60905E-03 0.0013
 
 cell  553                                                                                                                             
    s(e) (MeV/cm)
    1.0000E+00   4.05237E-04 0.0010
    1.0289E+00   0.00000E+00 0.0000
    1.0587E+00   0.00000E+00 0.0000
    1.0893E+00   0.00000E+00 0.0000
    1.1208E+00   0.00000E+00 0.0000
    1.1533E+00   0.00000E+00 0.0000
    1.1866E+00   0.00000E+00 0.0000
    1.2210E+00   0.00000E+00 0.0000
    1.2563E+00   0.00000E+00 0.0000
    1.2926E+00   0.00000E+00 0.0000
    1.3300E+00   0.00000E+00 0.0000
    1.3685E+00   0.00000E+00 0.0000
    1.4081E+00   0.00000E+00 0.0000
    1.4488E+00   0.00000E+00 0.0000
    1.4907E+00   0.00000E+00 0.0000
    1.5339E+00   0.00000E+00 0.0000
    1.5782E+00   0.00000E+00 0.0000
    1.6239E+00   0.00000E+00 0.0000
    1.6709E+00   0.00000E+00 0.0000
    1.7192E+00   0.00000E+00 0.0000
    1.7689E+00   0.00000E+00 0.0000
    1.8201E+00   0.00000E+00 0.0000
    1.8728E+00   0.00000E+00 0.0000
    1.9269E+00   0.00000E+00 0.0000
    1.9827E+00   0.00000E+00 0.0000
    2.0400E+00   0.00000E+00 0.0000
    2.0991E+00   0.00000E+00 0.0000
    2.1598E+00   1.22650E-06 0.0151
    2.2223E+00   4.85238E-07 0.0190
    2.2866E+00   2.16490E-07 0.0266
    2.3527E+00   8.68465E-08 0.0379
    2.4208E+00   8.41178E-08 0.0227
    2.4908E+00   3.64228E-08 0.0232
    2.5629E+00   3.36882E-08 0.0229
    2.6370E+00   3.13589E-08 0.0228
    2.7133E+00   2.92062E-08 0.0218
    2.7918E+00   2.71722E-08 0.0214
    2.8725E+00   2.47821E-08 0.0208
    2.9557E+00   2.32985E-08 0.0216
    3.0412E+00   0.00000E+00 0.0000
    3.1291E+00   2.11204E-08 0.0203
    3.2197E+00   1.95548E-08 0.0198
    3.3128E+00   0.00000E+00 0.0000
    3.4086E+00   1.79388E-08 0.0195
    3.5072E+00   1.63448E-08 0.0192
    3.6087E+00   0.00000E+00 0.0000
    3.7131E+00   1.50015E-08 0.0189
    3.8205E+00   1.35966E-08 0.0186
    3.9311E+00   1.20017E-10 1.0000
    4.0448E+00   1.24586E-08 0.0184
    4.1618E+00   0.00000E+00 0.0000
    4.2822E+00   1.14232E-08 0.0182
    4.4061E+00   0.00000E+00 0.0000
    4.5335E+00   1.05438E-08 0.0178
    4.6647E+00   0.00000E+00 0.0000
    4.7996E+00   9.64395E-09 0.0175
    4.9385E+00   9.02195E-09 0.0172
    5.0814E+00   0.00000E+00 0.0000
    5.2284E+00   8.18092E-09 0.0169
    5.3796E+00   0.00000E+00 0.0000
    5.5352E+00   7.51025E-09 0.0166
    5.6954E+00   0.00000E+00 0.0000
    5.8601E+00   0.00000E+00 0.0000
    6.0297E+00   6.99183E-09 0.0162
    6.2041E+00   0.00000E+00 0.0000
    6.3836E+00   6.39578E-09 0.0160
    6.5683E+00   0.00000E+00 0.0000
    6.7583E+00   5.83650E-09 0.0158
    6.9538E+00   0.00000E+00 0.0000
    7.1550E+00   5.35618E-09 0.0155
    7.3619E+00   0.00000E+00 0.0000
    7.5749E+00   4.98704E-09 0.0152
    7.7941E+00   6.23022E-10 0.4165
    8.0195E+00   4.54736E-09 0.0151
    8.2515E+00   1.24638E-09 0.2960
    8.4902E+00   4.41853E-09 0.0356
    8.7359E+00   3.22551E-09 0.1906
    8.9886E+00   3.53128E-10 0.5777
    9.2486E+00   9.58094E-09 0.0863
    9.5162E+00   7.79678E-10 0.4123
    9.7915E+00   4.29943E-09 0.0676
    1.0075E+01   1.05718E-08 0.1071
    1.0366E+01   4.50216E-09 0.0858
    1.0666E+01   1.45554E-08 0.0956
    1.0975E+01   2.19454E-09 0.2463
    1.1292E+01   1.79451E-08 0.0756
    1.1619E+01   2.01540E-09 0.2539
    1.1955E+01   5.39305E-09 0.1127
    1.2301E+01   2.26420E-08 0.0750
    1.2657E+01   5.24431E-09 0.1124
    1.3023E+01   2.14728E-08 0.0770
    1.3400E+01   3.85645E-09 0.1800
    1.3787E+01   6.33312E-09 0.1112
    1.4186E+01   2.56069E-08 0.0705
    1.4596E+01   7.07453E-09 0.1071
    1.5019E+01   2.65378E-08 0.0672
    1.5453E+01   7.31401E-09 0.0999
    1.5900E+01   2.83191E-08 0.0644
    1.6360E+01   5.47782E-09 0.1235
    1.6834E+01   7.12403E-09 0.0964
    1.7321E+01   3.13022E-08 0.0591
    1.7822E+01   6.76384E-09 0.0892
    1.8337E+01   3.43126E-08 0.0549
    1.8868E+01   8.27934E-09 0.0810
    1.9413E+01   6.39950E-09 0.1020
    1.9975E+01   5.60843E-08 0.0428
    2.0553E+01   2.14469E-08 0.0516
    2.1148E+01   3.34699E-07 0.0195
    2.1759E+01   1.46815E-07 0.0204
    2.2389E+01   2.07109E-07 0.0176
    2.3037E+01   2.89470E-06 0.0083
    2.3703E+01   1.01010E-06 0.0083
    2.4389E+01   1.08308E-05 0.0051
    2.5094E+01   3.19472E-06 0.0050
    2.5820E+01   3.78451E-06 0.0047
    2.6567E+01   3.05529E-05 0.0034
    2.7336E+01   7.35612E-06 0.0034
    2.8127E+01   5.51717E-05 0.0027
    2.8940E+01   1.19684E-05 0.0027
    2.9777E+01   8.01889E-05 0.0023
    3.0639E+01   1.66734E-05 0.0023
    3.1525E+01   1.63241E-05 0.0023
    3.2437E+01   1.04279E-04 0.0020
    3.3376E+01   1.85500E-05 0.0021
    3.4341E+01   1.13586E-04 0.0018
    3.5335E+01   2.23029E-05 0.0019
    3.6357E+01   1.95781E-05 0.0019
    3.7409E+01   1.18355E-04 0.0017
    3.8491E+01   1.95485E-05 0.0018
    3.9604E+01   1.11794E-04 0.0017
    4.0750E+01   2.11510E-05 0.0017
    4.1929E+01   1.77439E-05 0.0018
    4.3142E+01   1.05061E-04 0.0016
    4.4390E+01   1.60501E-05 0.0017
    4.5674E+01   9.29326E-05 0.0016
    4.6996E+01   1.67576E-05 0.0017
    4.8355E+01   1.36837E-05 0.0017
    4.9754E+01   8.30439E-05 0.0016
    5.1193E+01   1.19393E-05 0.0017
    5.2674E+01   7.12225E-05 0.0016
    5.4198E+01   1.24778E-05 0.0017
    5.5766E+01   1.03846E-05 0.0017
    5.7379E+01   6.18257E-05 0.0016
    5.9039E+01   8.49353E-06 0.0017
    6.0747E+01   5.28231E-05 0.0016
    6.2505E+01   8.71800E-06 0.0017
    6.4313E+01   4.34968E-05 0.0016
    6.6174E+01   9.27204E-06 0.0016
    6.8088E+01   6.05676E-06 0.0017
    7.0058E+01   3.87428E-05 0.0016
    7.2084E+01   5.91771E-06 0.0017
    7.4170E+01   3.19879E-05 0.0016
    7.6315E+01   6.35029E-06 0.0016
    7.8523E+01   4.43079E-06 0.0017
    8.0795E+01   2.81703E-05 0.0016
    8.3132E+01   3.94009E-06 0.0017
    8.5537E+01   2.36545E-05 0.0016
    8.8012E+01   4.16678E-06 0.0016
    9.0558E+01   1.95614E-05 0.0016
    9.3178E+01   4.31439E-06 0.0016
    9.5873E+01   2.81236E-06 0.0017
    9.8647E+01   1.76069E-05 0.0016
    1.0150E+02   2.54117E-06 0.0017
    1.0444E+02   1.48341E-05 0.0016
    1.0746E+02   2.55990E-06 0.0016
    1.1057E+02   1.23109E-05 0.0016
    1.1377E+02   2.58882E-06 0.0016
    1.1706E+02   1.77591E-06 0.0017
    1.2044E+02   1.09426E-05 0.0016
    1.2393E+02   1.55171E-06 0.0017
    1.2751E+02   9.26541E-06 0.0016
    1.3120E+02   1.55820E-06 0.0017
    1.3500E+02   7.68637E-06 0.0016
    1.3890E+02   1.59434E-06 0.0016
    1.4292E+02   1.09364E-06 0.0017
    1.4706E+02   6.81595E-06 0.0016
    1.5131E+02   9.76291E-07 0.0017
    1.5569E+02   5.74158E-06 0.0016
    1.6019E+02   1.00983E-06 0.0017
    1.6483E+02   4.75956E-06 0.0016
    1.6959E+02   1.01984E-06 0.0016
    1.7450E+02   6.73977E-07 0.0017
    1.7955E+02   4.24371E-06 0.0016
    1.8474E+02   6.48440E-07 0.0017
    1.9009E+02   3.53252E-06 0.0016
    1.9559E+02   6.84392E-07 0.0016
    2.0124E+02   5.02394E-07 0.0017
    2.0707E+02   3.09536E-06 0.0016
    2.1306E+02   4.38488E-07 0.0017
    2.1922E+02   2.61809E-06 0.0016
    2.2556E+02   4.56425E-07 0.0017
    2.3209E+02   3.94548E-07 0.0017
    2.3880E+02   2.24074E-06 0.0016
    2.4571E+02   3.10794E-07 0.0017
    2.5282E+02   1.93584E-06 0.0016
    2.6013E+02   3.06303E-07 0.0017
    2.6766E+02   1.62049E-06 0.0016
    2.7540E+02   3.21000E-07 0.0016
    2.8337E+02   2.44625E-07 0.0017
    2.9157E+02   1.42626E-06 0.0016
    3.0000E+02   2.08249E-07 0.0017
      total      2.14811E-03 0.0013
 
 cell  554                                                                                                                             
    s(e) (MeV/cm)
    1.0000E+00   3.96431E-04 0.0010
    1.0289E+00   0.00000E+00 0.0000
    1.0587E+00   0.00000E+00 0.0000
    1.0893E+00   0.00000E+00 0.0000
    1.1208E+00   0.00000E+00 0.0000
    1.1533E+00   0.00000E+00 0.0000
    1.1866E+00   0.00000E+00 0.0000
    1.2210E+00   0.00000E+00 0.0000
    1.2563E+00   0.00000E+00 0.0000
    1.2926E+00   0.00000E+00 0.0000
    1.3300E+00   0.00000E+00 0.0000
    1.3685E+00   0.00000E+00 0.0000
    1.4081E+00   0.00000E+00 0.0000
    1.4488E+00   0.00000E+00 0.0000
    1.4907E+00   0.00000E+00 0.0000
    1.5339E+00   0.00000E+00 0.0000
    1.5782E+00   0.00000E+00 0.0000
    1.6239E+00   0.00000E+00 0.0000
    1.6709E+00   0.00000E+00 0.0000
    1.7192E+00   0.00000E+00 0.0000
    1.7689E+00   0.00000E+00 0.0000
    1.8201E+00   0.00000E+00 0.0000
    1.8728E+00   0.00000E+00 0.0000
    1.9269E+00   0.00000E+00 0.0000
    1.9827E+00   0.00000E+00 0.0000
    2.0400E+00   0.00000E+00 0.0000
    2.0991E+00   0.00000E+00 0.0000
    2.1598E+00   1.18413E-06 0.0153
    2.2223E+00   4.70159E-07 0.0192
    2.2866E+00   2.08177E-07 0.0261
    2.3527E+00   7.70862E-08 0.0362
    2.4208E+00   8.49034E-08 0.0230
    2.4908E+00   3.59872E-08 0.0228
    2.5629E+00   3.34294E-08 0.0227
    2.6370E+00   3.10472E-08 0.0235
    2.7133E+00   2.86927E-08 0.0217
    2.7918E+00   2.66743E-08 0.0216
    2.8725E+00   2.44002E-08 0.0209
    2.9557E+00   2.26295E-08 0.0220
    3.0412E+00   0.00000E+00 0.0000
    3.1291E+00   2.08382E-08 0.0203
    3.2197E+00   1.87509E-08 0.0201
    3.3128E+00   0.00000E+00 0.0000
    3.4086E+00   1.70687E-08 0.0199
    3.5072E+00   1.59288E-08 0.0194
    3.6087E+00   0.00000E+00 0.0000
    3.7131E+00   1.45514E-08 0.0190
    3.8205E+00   1.35479E-08 0.0206
    3.9311E+00   0.00000E+00 0.0000
    4.0448E+00   1.23789E-08 0.0184
    4.1618E+00   0.00000E+00 0.0000
    4.2822E+00   1.12656E-08 0.0182
    4.4061E+00   0.00000E+00 0.0000
    4.5335E+00   1.02660E-08 0.0178
    4.6647E+00   0.00000E+00 0.0000
    4.7996E+00   9.45627E-09 0.0176
    4.9385E+00   8.67850E-09 0.0173
    5.0814E+00   0.00000E+00 0.0000
    5.2284E+00   7.97866E-09 0.0170
    5.3796E+00   0.00000E+00 0.0000
    5.5352E+00   7.28443E-09 0.0168
    5.6954E+00   0.00000E+00 0.0000
    5.8601E+00   0.00000E+00 0.0000
    6.0297E+00   6.69450E-09 0.0164
    6.2041E+00   0.00000E+00 0.0000
    6.3836E+00   6.12745E-09 0.0161
    6.5683E+00   0.00000E+00 0.0000
    6.7583E+00   5.65148E-09 0.0159
    6.9538E+00   0.00000E+00 0.0000
    7.1550E+00   5.15644E-09 0.0156
    7.3619E+00   0.00000E+00 0.0000
    7.5749E+00   4.74903E-09 0.0154
    7.7941E+00   7.13441E-10 0.4089
    8.0195E+00   4.40608E-09 0.0151
    8.2515E+00   1.33078E-09 0.2873
    8.4902E+00   4.14700E-09 0.0316
    8.7359E+00   3.28613E-09 0.1893
    8.9886E+00   2.33060E-10 0.7074
    9.2486E+00   9.34607E-09 0.0856
    9.5162E+00   6.51308E-10 0.4493
    9.7915E+00   4.17518E-09 0.0742
    1.0075E+01   1.04346E-08 0.1074
    1.0366E+01   3.80527E-09 0.0734
    1.0666E+01   1.41933E-08 0.0926
    1.0975E+01   1.62903E-09 0.2720
    1.1292E+01   1.96074E-08 0.0740
    1.1619E+01   1.56363E-09 0.2803
    1.1955E+01   4.22938E-09 0.0970
    1.2301E+01   2.07612E-08 0.0802
    1.2657E+01   6.42635E-09 0.1090
    1.3023E+01   2.16958E-08 0.0769
    1.3400E+01   2.84697E-09 0.2094
    1.3787E+01   6.84983E-09 0.1102
    1.4186E+01   2.50121E-08 0.0705
    1.4596E+01   7.04113E-09 0.1082
    1.5019E+01   2.91586E-08 0.0659
    1.5453E+01   7.33917E-09 0.1004
    1.5900E+01   2.78125E-08 0.0641
    1.6360E+01   4.24905E-09 0.1408
    1.6834E+01   5.88007E-09 0.0990
    1.7321E+01   3.06203E-08 0.0591
    1.7822E+01   6.73602E-09 0.0901
    1.8337E+01   3.31928E-08 0.0559
    1.8868E+01   6.74120E-09 0.0866
    1.9413E+01   6.54460E-09 0.0996
    1.9975E+01   3.53157E-08 0.0535
    2.0553E+01   9.56984E-09 0.0737
    2.1148E+01   7.03380E-08 0.0368
    2.1759E+01   2.40706E-08 0.0450
    2.2389E+01   3.11662E-08 0.0421
    2.3037E+01   4.73127E-07 0.0163
    2.3703E+01   1.81169E-07 0.0175
    2.4389E+01   2.25016E-06 0.0087
    2.5094E+01   7.39370E-07 0.0090
    2.5820E+01   8.99310E-07 0.0083
    2.6567E+01   8.22030E-06 0.0053
    2.7336E+01   2.19796E-06 0.0054
    2.8127E+01   1.81462E-05 0.0039
    2.8940E+01   4.31683E-06 0.0040
    2.9777E+01   3.12263E-05 0.0031
    3.0639E+01   6.98637E-06 0.0031
    3.1525E+01   7.02661E-06 0.0031
    3.2437E+01   4.77191E-05 0.0026
    3.3376E+01   9.12349E-06 0.0026
    3.4341E+01   5.88804E-05 0.0023
    3.5335E+01   1.21902E-05 0.0023
    3.6357E+01   1.10124E-05 0.0023
    3.7409E+01   6.92734E-05 0.0020
    3.8491E+01   1.20648E-05 0.0022
    3.9604E+01   7.16714E-05 0.0019
    4.0750E+01   1.40470E-05 0.0020
    4.1929E+01   1.20759E-05 0.0020
    4.3142E+01   7.33835E-05 0.0018
    4.4390E+01   1.16670E-05 0.0019
    4.5674E+01   6.91454E-05 0.0018
    4.6996E+01   1.27931E-05 0.0018
    4.8355E+01   1.06742E-05 0.0019
    4.9754E+01   6.55604E-05 0.0017
    5.1193E+01   9.75283E-06 0.0018
    5.2674E+01   5.88225E-05 0.0017
    5.4198E+01   1.05013E-05 0.0018
    5.5766E+01   8.88841E-06 0.0018
    5.7379E+01   5.32999E-05 0.0016
    5.9039E+01   7.50846E-06 0.0018
    6.0747E+01   4.70584E-05 0.0016
    6.2505E+01   7.87277E-06 0.0017
    6.4313E+01   3.98209E-05 0.0016
    6.6174E+01   8.55364E-06 0.0017
    6.8088E+01   5.65810E-06 0.0017
    7.0058E+01   3.63566E-05 0.0016
    7.2084E+01   5.61199E-06 0.0017
    7.4170E+01   3.06190E-05 0.0016
    7.6315E+01   6.11250E-06 0.0017
    7.8523E+01   4.31254E-06 0.0017
    8.0795E+01   2.74628E-05 0.0016
    8.3132E+01   3.87796E-06 0.0017
    8.5537E+01   2.34083E-05 0.0016
    8.8012E+01   4.14708E-06 0.0017
    9.0558E+01   1.95870E-05 0.0016
    9.3178E+01   4.33659E-06 0.0016
    9.5873E+01   2.84300E-06 0.0017
    9.8647E+01   1.78276E-05 0.0016
    1.0150E+02   2.58650E-06 0.0017
    1.0444E+02   1.51586E-05 0.0016
    1.0746E+02   2.62013E-06 0.0017
    1.1057E+02   1.26712E-05 0.0016
    1.1377E+02   2.67050E-06 0.0016
    1.1706E+02   1.83699E-06 0.0017
    1.2044E+02   1.13387E-05 0.0016
    1.2393E+02   1.61128E-06 0.0017
    1.2751E+02   9.65224E-06 0.0016
    1.3120E+02   1.62930E-06 0.0017
    1.3500E+02   8.04326E-06 0.0016
    1.3890E+02   1.67225E-06 0.0016
    1.4292E+02   1.14898E-06 0.0017
    1.4706E+02   7.16456E-06 0.0016
    1.5131E+02   1.02808E-06 0.0017
    1.5569E+02   6.05465E-06 0.0016
    1.6019E+02   1.06745E-06 0.0017
    1.6483E+02   5.03269E-06 0.0016
    1.6959E+02   1.08059E-06 0.0016
    1.7450E+02   7.14031E-07 0.0017
    1.7955E+02   4.50017E-06 0.0016
    1.8474E+02   6.89134E-07 0.0017
    1.9009E+02   3.75305E-06 0.0016
    1.9559E+02   7.28538E-07 0.0016
    2.0124E+02   5.34836E-07 0.0017
    2.0707E+02   3.29564E-06 0.0016
    2.1306E+02   4.67577E-07 0.0017
    2.1922E+02   2.79173E-06 0.0016
    2.2556E+02   4.87136E-07 0.0017
    2.3209E+02   4.20985E-07 0.0017
    2.3880E+02   2.39258E-06 0.0016
    2.4571E+02   3.32684E-07 0.0017
    2.5282E+02   2.06914E-06 0.0016
    2.6013E+02   3.27550E-07 0.0017
    2.6766E+02   1.73394E-06 0.0016
    2.7540E+02   3.43653E-07 0.0016
    2.8337E+02   2.61982E-07 0.0017
    2.9157E+02   1.52725E-06 0.0016
    3.0000E+02   2.23329E-07 0.0017
      total      1.60921E-03 0.0013
 
 cell union total                                                                                                                      
    s(e) (MeV/cm)
    1.0000E+00   4.14286E-04 0.0009
    1.0289E+00   0.00000E+00 0.0000
    1.0587E+00   0.00000E+00 0.0000
    1.0893E+00   0.00000E+00 0.0000
    1.1208E+00   0.00000E+00 0.0000
    1.1533E+00   0.00000E+00 0.0000
    1.1866E+00   0.00000E+00 0.0000
    1.2210E+00   0.00000E+00 0.0000
    1.2563E+00   0.00000E+00 0.0000
    1.2926E+00   0.00000E+00 0.0000
    1.3300E+00   0.00000E+00 0.0000
    1.3685E+00   0.00000E+00 0.0000
    1.4081E+00   0.00000E+00 0.0000
    1.4488E+00   0.00000E+00 0.0000
    1.4907E+00   0.00000E+00 0.0000
    1.5339E+00   0.00000E+00 0.0000
    1.5782E+00   0.00000E+00 0.0000
    1.6239E+00   0.00000E+00 0.0000
    1.6709E+00   0.00000E+00 0.0000
    1.7192E+00   0.00000E+00 0.0000
    1.7689E+00   0.00000E+00 0.0000
    1.8201E+00   0.00000E+00 0.0000
    1.8728E+00   0.00000E+00 0.0000
    1.9269E+00   0.00000E+00 0.0000
    1.9827E+00   0.00000E+00 0.0000
    2.0400E+00   0.00000E+00 0.0000
    2.0991E+00   0.00000E+00 0.0000
    2.1598E+00   1.25105E-06 0.0103
    2.2223E+00   4.99739E-07 0.0121
    2.2866E+00   2.23413E-07 0.0159
    2.3527E+00   8.31767E-08 0.0223
    2.4208E+00   8.65893E-08 0.0119
    2.4908E+00   3.68811E-08 0.0106
    2.5629E+00   3.46144E-08 0.0118
    2.6370E+00   3.19998E-08 0.0120
    2.7133E+00   2.95901E-08 0.0108
    2.7918E+00   2.73658E-08 0.0110
    2.8725E+00   2.52012E-08 0.0100
    2.9557E+00   2.33739E-08 0.0118
    3.0412E+00   0.00000E+00 0.0000
    3.1291E+00   2.14087E-08 0.0097
    3.2197E+00   1.96215E-08 0.0096
    3.3128E+00   0.00000E+00 0.0000
    3.4086E+00   1.79376E-08 0.0095
    3.5072E+00   1.64816E-08 0.0094
    3.6087E+00   0.00000E+00 0.0000
    3.7131E+00   1.51388E-08 0.0093
    3.8205E+00   1.38942E-08 0.0094
    3.9311E+00   9.60267E-11 1.0000
    4.0448E+00   1.26784E-08 0.0092
    4.1618E+00   0.00000E+00 0.0000
    4.2822E+00   1.16414E-08 0.0091
    4.4061E+00   0.00000E+00 0.0000
    4.5335E+00   1.06659E-08 0.0090
    4.6647E+00   0.00000E+00 0.0000
    4.7996E+00   9.77139E-09 0.0089
    4.9385E+00   9.06654E-09 0.0088
    5.0814E+00   0.00000E+00 0.0000
    5.2284E+00   8.30183E-09 0.0087
    5.3796E+00   0.00000E+00 0.0000
    5.5352E+00   7.62062E-09 0.0087
    5.6954E+00   0.00000E+00 0.0000
    5.8601E+00   0.00000E+00 0.0000
    6.0297E+00   6.99500E-09 0.0086
    6.2041E+00   0.00000E+00 0.0000
    6.3836E+00   6.41359E-09 0.0085
    6.5683E+00   0.00000E+00 0.0000
    6.7583E+00   5.89950E-09 0.0085
    6.9538E+00   0.00000E+00 0.0000
    7.1550E+00   5.41696E-09 0.0085
    7.3619E+00   0.00000E+00 0.0000
    7.5749E+00   4.99539E-09 0.0084
    7.7941E+00   5.26944E-10 0.4274
    8.0195E+00   4.61537E-09 0.0097
    8.2515E+00   1.35093E-09 0.2537
    8.4902E+00   4.41237E-09 0.0170
    8.7359E+00   3.15645E-09 0.1739
    8.9886E+00   2.33903E-10 0.3164
    9.2486E+00   9.90832E-09 0.0718
    9.5162E+00   6.65386E-10 0.1943
    9.7915E+00   4.10615E-09 0.0273
    1.0075E+01   1.10852E-08 0.0859
    1.0366E+01   4.36956E-09 0.0370
    1.0666E+01   1.38166E-08 0.0756
    1.0975E+01   1.59975E-09 0.1267
    1.1292E+01   1.87330E-08 0.0562
    1.1619E+01   2.19055E-09 0.1083
    1.1955E+01   4.76532E-09 0.0468
    1.2301E+01   2.15756E-08 0.0556
    1.2657E+01   5.89483E-09 0.0494
    1.3023E+01   2.27096E-08 0.0504
    1.3400E+01   3.83256E-09 0.0807
    1.3787E+01   6.56597E-09 0.0490
    1.4186E+01   2.56587E-08 0.0438
    1.4596E+01   7.37289E-09 0.0473
    1.5019E+01   2.78707E-08 0.0397
    1.5453E+01   7.04710E-09 0.0451
    1.5900E+01   2.89887E-08 0.0370
    1.6360E+01   4.90142E-09 0.0585
    1.6834E+01   6.46224E-09 0.0431
    1.7321E+01   3.43951E-08 0.0319
    1.7822E+01   8.77406E-09 0.0375
    1.8337E+01   1.26469E-07 0.0177
    1.8868E+01   6.37869E-08 0.0168
    1.9413E+01   9.88658E-08 0.0142
    1.9975E+01   1.98080E-06 0.0068
    2.0553E+01   8.81560E-07 0.0060
    2.1148E+01   1.12615E-05 0.0039
    2.1759E+01   3.50020E-06 0.0035
    2.2389E+01   4.35071E-06 0.0033
    2.3037E+01   3.93880E-05 0.0026
    2.3703E+01   1.00488E-05 0.0024
    2.4389E+01   7.64201E-05 0.0021
    2.5094E+01   1.70590E-05 0.0020
    2.5820E+01   1.84994E-05 0.0020
    2.6567E+01   1.17208E-04 0.0018
    2.7336E+01   2.22861E-05 0.0018
    2.8127E+01   1.41657E-04 0.0017
    2.8940E+01   2.57874E-05 0.0016
    2.9777E+01   1.50062E-04 0.0016
    3.0639E+01   2.74084E-05 0.0016
    3.1525E+01   2.55250E-05 0.0016
    3.2437E+01   1.49303E-04 0.0015
    3.3376E+01   2.38550E-05 0.0015
    3.4341E+01   1.36935E-04 0.0015
    3.5335E+01   2.51461E-05 0.0015
    3.6357E+01   2.13398E-05 0.0015
    3.7409E+01   1.24122E-04 0.0015
    3.8491E+01   1.93876E-05 0.0015
    3.9604E+01   1.07322E-04 0.0014
    4.0750E+01   1.96309E-05 0.0015
    4.1929E+01   1.61446E-05 0.0015
    4.3142E+01   9.40928E-05 0.0014
    4.4390E+01   1.39530E-05 0.0014
    4.5674E+01   7.96606E-05 0.0014
    4.6996E+01   1.41109E-05 0.0014
    4.8355E+01   1.14001E-05 0.0014
    4.9754E+01   6.87853E-05 0.0014
    5.1193E+01   9.75438E-06 0.0014
    5.2674E+01   5.77276E-05 0.0014
    5.4198E+01   1.00394E-05 0.0014
    5.5766E+01   8.30732E-06 0.0014
    5.7379E+01   4.93547E-05 0.0014
    5.9039E+01   6.73666E-06 0.0014
    6.0747E+01   4.18002E-05 0.0014
    6.2505E+01   6.87387E-06 0.0014
    6.4313E+01   3.42014E-05 0.0014
    6.6174E+01   7.28090E-06 0.0014
    6.8088E+01   4.73973E-06 0.0014
    7.0058E+01   3.03305E-05 0.0014
    7.2084E+01   4.62747E-06 0.0014
    7.4170E+01   2.49794E-05 0.0014
    7.6315E+01   4.95708E-06 0.0014
    7.8523E+01   3.45846E-06 0.0014
    8.0795E+01   2.19795E-05 0.0014
    8.3132E+01   3.07494E-06 0.0014
    8.5537E+01   1.84553E-05 0.0014
    8.8012E+01   3.25305E-06 0.0014
    9.0558E+01   1.52624E-05 0.0014
    9.3178E+01   3.36635E-06 0.0014
    9.5873E+01   2.19565E-06 0.0014
    9.8647E+01   1.37449E-05 0.0014
    1.0150E+02   1.98525E-06 0.0014
    1.0444E+02   1.15900E-05 0.0014
    1.0746E+02   1.99986E-06 0.0014
    1.1057E+02   9.62481E-06 0.0014
    1.1377E+02   2.02444E-06 0.0014
    1.1706E+02   1.38869E-06 0.0014
    1.2044E+02   8.56098E-06 0.0014
    1.2393E+02   1.21402E-06 0.0014
    1.2751E+02   7.25377E-06 0.0014
    1.3120E+02   1.22161E-06 0.0014
    1.3500E+02   6.02150E-06 0.0014
    1.3890E+02   1.24988E-06 0.0014
    1.4292E+02   8.57807E-07 0.0014
    1.4706E+02   5.34434E-06 0.0014
    1.5131E+02   7.65944E-07 0.0014
    1.5569E+02   4.50439E-06 0.0014
    1.6019E+02   7.92461E-07 0.0014
    1.6483E+02   3.73601E-06 0.0014
    1.6959E+02   8.00930E-07 0.0014
    1.7450E+02   5.29385E-07 0.0014
    1.7955E+02   3.33276E-06 0.0014
    1.8474E+02   5.09918E-07 0.0014
    1.9009E+02   2.77529E-06 0.0014
    1.9559E+02   5.38039E-07 0.0014
    2.0124E+02   3.95140E-07 0.0014
    2.0707E+02   2.43312E-06 0.0014
    2.1306E+02   3.44727E-07 0.0014
    2.1922E+02   2.05888E-06 0.0014
    2.2556E+02   3.58899E-07 0.0014
    2.3209E+02   3.10632E-07 0.0014
    2.3880E+02   1.76236E-06 0.0014
    2.4571E+02   2.44507E-07 0.0014
    2.5282E+02   1.52320E-06 0.0014
    2.6013E+02   2.40970E-07 0.0014
    2.6766E+02   1.27535E-06 0.0014
    2.7540E+02   2.52746E-07 0.0014
    2.8337E+02   1.92536E-07 0.0014
    2.9157E+02   1.12267E-06 0.0014
    3.0000E+02   1.64046E-07 0.0014
      total      2.51375E-03 0.0012


 ===================================================================================================================================

           results of 10 statistical checks for the estimated answer for the tally fluctuation chart (tfc) bin of tally     9104

 tfc bin     --mean--      ---------relative error---------      ----variance of the variance----      --figure of merit--     -pdf-
 behavior    behavior      value   decrease   decrease rate      value   decrease   decrease rate       value     behavior     slope

 desired      random       <0.10      yes      1/sqrt(nps)       <0.10      yes        1/nps           constant    random      >3.00
 observed     random        0.00      yes          yes            0.00      yes         yes                                    10.00
 passed?        yes          yes      yes          yes             yes      yes         yes                                      yes

 ===================================================================================================================================


 this tally meets the statistical criteria used to form confidence intervals: check the tally fluctuation chart to verify.
 the results in other bins associated with this tally may not meet these statistical criteria.

 ----- estimated confidence intervals:  -----

 estimated asymmetric confidence interval(1,2,3 sigma): 3.2377E-03 to 3.2456E-03; 3.2338E-03 to 3.2495E-03; 3.2299E-03 to 3.2534E-03
 estimated  symmetric confidence interval(1,2,3 sigma): 3.2377E-03 to 3.2456E-03; 3.2338E-03 to 3.2495E-03; 3.2299E-03 to 3.2534E-03

1analysis of the results in the tally fluctuation chart bin (tfc) for tally 9104 with nps = 4000000          print table 160


 normed average tally per history  = 3.24164E-03          unnormed average tally per history  = 8.10410E-03
 estimated tally relative error    = 0.0012               estimated variance of the variance  = 0.0000
 relative error from zero tallies  = 0.0005               relative error from nonzero scores  = 0.0011

 number of nonzero history tallies =     2059550          efficiency for the nonzero tallies  = 0.5149
 history number of largest  tally  =     3390345          largest  unnormalized history tally = 1.75604E-01
 (largest  tally)/(average tally)  = 2.16685E+01          (largest  tally)/(avg nonzero tally)= 1.11569E+01

 (confidence interval shift)/mean  = 0.0000               shifted confidence interval center  = 3.24164E-03


 if the largest  history score sampled so far were to occur on the next history, the tfc bin quantities would change as follows:

      estimated quantities           value at nps           value at nps+1           value(nps+1)/value(nps)-1.

      mean                            3.24164E-03             3.24166E-03                     0.000005
      relative error                  1.21130E-03             1.21130E-03                     0.000004
      variance of the variance        2.10260E-06             2.10284E-06                     0.000114
      shifted center                  3.24164E-03             3.24164E-03                     0.000000
      figure of merit                 0.00000E+00             0.00000E+00                     0.000000

 the estimated slope of the 200 largest  tallies starting at  1.04711E-01 appears to be decreasing at least exponentially.
 the empirical history score probability density function appears to be increasing at the largest  history scores:
 please examine. see print table 161.
 the large score tail of the empirical history score probability density function appears to have no unsampled regions.

 fom = (histories/minute)*(f(x) signal-to-noise ratio)**2 = (0.000E+00)*( 4.128E-01)**2 = (0.000E+00)*(1.704E-01) = 0.000E+00

1    some tally scores were not made for various reasons:

                                  beyond last bin     not in
                   tally       user  segment   mult   angle   energy   time             
                   1004          0       0       0       066757098       0
                   8004          0       0       0       066757098       0
                   8204          0       0       0       066757098       0
                   9204          0       0       0       066757098       0
                   8104          0       0       0       0********       0
                   9104          0       0       0       067175390       0

1status of the statistical checks used to form confidence intervals for the mean for each tally bin


 tally   result of statistical checks for the tfc bin (the first check not passed is listed) and error magnitude check for all bins

     1006   passed the 10 statistical checks for the tally fluctuation chart bin result               
         passed all bin error check:   205 tally bins all have relative errors less than 0.10 with no zero bins

     8006   passed the 10 statistical checks for the tally fluctuation chart bin result               
         passed all bin error check:     6 tally bins all have relative errors less than 0.10 with no zero bins

       24   passed the 10 statistical checks for the tally fluctuation chart bin result               
         missed all bin error check:   615 tally bins had    41 bins with zeros and     2 bins with relative errors exceeding 0.10

       26   passed the 10 statistical checks for the tally fluctuation chart bin result               
         missed all bin error check:   615 tally bins had    41 bins with zeros and     2 bins with relative errors exceeding 0.10

       34   passed the 10 statistical checks for the tally fluctuation chart bin result               
         passed all bin error check:   205 tally bins all have relative errors less than 0.10 with no zero bins

       36   passed the 10 statistical checks for the tally fluctuation chart bin result               
         passed all bin error check:   205 tally bins all have relative errors less than 0.10 with no zero bins

      124   passed the 10 statistical checks for the tally fluctuation chart bin result               
         passed all bin error check:    18 tally bins all have relative errors less than 0.10 with no zero bins

      126   passed the 10 statistical checks for the tally fluctuation chart bin result               
         passed all bin error check:    18 tally bins all have relative errors less than 0.10 with no zero bins

      134   passed the 10 statistical checks for the tally fluctuation chart bin result               
         passed all bin error check:     6 tally bins all have relative errors less than 0.10 with no zero bins

      136   passed the 10 statistical checks for the tally fluctuation chart bin result               
         passed all bin error check:     6 tally bins all have relative errors less than 0.10 with no zero bins

     1004   passed the 10 statistical checks for the tally fluctuation chart bin result               
         missed all bin error check: 41410 tally bins had 13773 bins with zeros and  2342 bins with relative errors exceeding 0.10

     4004   passed the 10 statistical checks for the tally fluctuation chart bin result               
         missed all bin error check:   615 tally bins had    41 bins with zeros and     2 bins with relative errors exceeding 0.10

     8004   passed the 10 statistical checks for the tally fluctuation chart bin result               
         missed all bin error check:  1212 tally bins had   435 bins with zeros and   123 bins with relative errors exceeding 0.10

     8014   passed the 10 statistical checks for the tally fluctuation chart bin result               
         passed all bin error check:    18 tally bins all have relative errors less than 0.10 with no zero bins

     8204   passed the 10 statistical checks for the tally fluctuation chart bin result               
         missed all bin error check:124230 tally bins had 48200 bins with zeros and  9289 bins with relative errors exceeding 0.10

     9204   passed the 10 statistical checks for the tally fluctuation chart bin result               
         missed all bin error check:  3636 tally bins had  1490 bins with zeros and   270 bins with relative errors exceeding 0.10

       44   passed the 10 statistical checks for the tally fluctuation chart bin result               
         passed all bin error check:   205 tally bins all have relative errors less than 0.10 with no zero bins

       46   passed the 10 statistical checks for the tally fluctuation chart bin result               
         passed all bin error check:   205 tally bins all have relative errors less than 0.10 with no zero bins

      144   passed the 10 statistical checks for the tally fluctuation chart bin result               
         passed all bin error check:     6 tally bins all have relative errors less than 0.10 with no zero bins

      146   passed the 10 statistical checks for the tally fluctuation chart bin result               
         passed all bin error check:     6 tally bins all have relative errors less than 0.10 with no zero bins

       54   passed the 10 statistical checks for the tally fluctuation chart bin result               
         missed all bin error check:   205 tally bins had     0 bins with zeros and    64 bins with relative errors exceeding 0.10

       56   passed the 10 statistical checks for the tally fluctuation chart bin result               
         missed all bin error check:   205 tally bins had     0 bins with zeros and    62 bins with relative errors exceeding 0.10

      154   missed  2 of 10 tfc bin checks: the relative error exceeds the recommended value of 0.1 for nonpoint detector tallies     
         missed all bin error check:     6 tally bins had     0 bins with zeros and     6 bins with relative errors exceeding 0.10

      156   missed  2 of 10 tfc bin checks: the relative error exceeds the recommended value of 0.1 for nonpoint detector tallies     
         missed all bin error check:     6 tally bins had     0 bins with zeros and     6 bins with relative errors exceeding 0.10

       64   passed the 10 statistical checks for the tally fluctuation chart bin result               
         missed all bin error check:   205 tally bins had    33 bins with zeros and    28 bins with relative errors exceeding 0.10

       66   passed the 10 statistical checks for the tally fluctuation chart bin result               
         missed all bin error check:   205 tally bins had    33 bins with zeros and    26 bins with relative errors exceeding 0.10

      164   missed  5 of 10 tfc bin checks: the relative error exceeds the recommended value of 0.1 for nonpoint detector tallies     
         missed all bin error check:     6 tally bins had     1 bins with zeros and     5 bins with relative errors exceeding 0.10

      166   missed  5 of 10 tfc bin checks: the relative error exceeds the recommended value of 0.1 for nonpoint detector tallies     
         missed all bin error check:     6 tally bins had     1 bins with zeros and     5 bins with relative errors exceeding 0.10

       74   passed the 10 statistical checks for the tally fluctuation chart bin result               
         missed all bin error check:   205 tally bins had     0 bins with zeros and     8 bins with relative errors exceeding 0.10

       76   passed the 10 statistical checks for the tally fluctuation chart bin result               
         passed all bin error check:   205 tally bins all have relative errors less than 0.10 with no zero bins

      174   missed  1 of 10 tfc bin checks: the slope of decrease of largest tallies is less than the minimum acceptable value of 3.0 
         passed all bin error check:     6 tally bins all have relative errors less than 0.10 with no zero bins

      176   passed the 10 statistical checks for the tally fluctuation chart bin result               
         passed all bin error check:     6 tally bins all have relative errors less than 0.10 with no zero bins

       14   passed the 10 statistical checks for the tally fluctuation chart bin result               
         passed all bin error check:   205 tally bins all have relative errors less than 0.10 with no zero bins

       16   passed the 10 statistical checks for the tally fluctuation chart bin result               
         passed all bin error check:   205 tally bins all have relative errors less than 0.10 with no zero bins

      114   passed the 10 statistical checks for the tally fluctuation chart bin result               
         passed all bin error check:     6 tally bins all have relative errors less than 0.10 with no zero bins

      116   passed the 10 statistical checks for the tally fluctuation chart bin result               
         passed all bin error check:     6 tally bins all have relative errors less than 0.10 with no zero bins

     8104   passed the 10 statistical checks for the tally fluctuation chart bin result               
         missed all bin error check: 41410 tally bins had  7082 bins with zeros and  2534 bins with relative errors exceeding 0.10

     9104   passed the 10 statistical checks for the tally fluctuation chart bin result               
         missed all bin error check:  1212 tally bins had   242 bins with zeros and    84 bins with relative errors exceeding 0.10


 the 10 statistical checks are only for the tally fluctuation chart bin and do not apply to other tally bins.

 the tally bins with zeros may or may not be correct: compare the source, cutoffs, multipliers, et cetera with the tally bins.

 warning.       5 of the    38 tally fluctuation chart bins did not pass all 10 statistical checks.
 warning.      18 of the    38 tallies had bins with relative errors greater than recommended.

# ===================================================
# tally 9204
# ===================================================
1tally     9204        nps =     4000000
           tally type 4    track length estimate of particle flux.      units   1/cm**2        
           particle(s): protons  
 number of histories used for normalizing tallies =      4000000.00
           this tally is modified by   ft  tag  let

           volumes 
                   cell:      550          551          552          553          554         total                
                         2.50000E+00  2.50000E+00  2.50000E+00  2.50000E+00  2.50000E+00  1.25000E+01
 
 cell  550                                                                                                                             
 user bin          -1.00000
    s(e) (MeV/cm)
    1.0000E+00   0.00000E+00 0.0000
    1.0289E+00   0.00000E+00 0.0000
    1.0587E+00   0.00000E+00 0.0000
    1.0893E+00   0.00000E+00 0.0000
    1.1208E+00   0.00000E+00 0.0000
    1.1533E+00   0.00000E+00 0.0000
    1.1866E+00   0.00000E+00 0.0000
    1.2210E+00   0.00000E+00 0.0000
    1.2563E+00   0.00000E+00 0.0000
    1.2926E+00   0.00000E+00 0.0000
    1.3300E+00   0.00000E+00 0.0000
    1.3685E+00   0.00000E+00 0.0000
    1.4081E+00   0.00000E+00 0.0000
    1.4488E+00   0.00000E+00 0.0000
    1.4907E+00   0.00000E+00 0.0000
    1.5339E+00   0.00000E+00 0.0000
    1.5782E+00   0.00000E+00 0.0000
    1.6239E+00   0.00000E+00 0.0000
    1.6709E+00   0.00000E+00 0.0000
    1.7192E+00   0.00000E+00 0.0000
    1.7689E+00   0.00000E+00 0.0000
    1.8201E+00   0.00000E+00 0.0000
    1.8728E+00   0.00000E+00 0.0000
    1.9269E+00   0.00000E+00 0.0000
    1.9827E+00   0.00000E+00 0.0000
    2.0400E+00   0.00000E+00 0.0000
    2.0991E+00   0.00000E+00 0.0000
    2.1598E+00   0.00000E+00 0.0000
    2.2223E+00   0.00000E+00 0.0000
    2.2866E+00   0.00000E+00 0.0000
    2.3527E+00   0.00000E+00 0.0000
    2.4208E+00   0.00000E+00 0.0000
    2.4908E+00   0.00000E+00 0.0000
    2.5629E+00   0.00000E+00 0.0000
    2.6370E+00   0.00000E+00 0.0000
    2.7133E+00   0.00000E+00 0.0000
    2.7918E+00   0.00000E+00 0.0000
    2.8725E+00   0.00000E+00 0.0000
    2.9557E+00   0.00000E+00 0.0000
    3.0412E+00   0.00000E+00 0.0000
    3.1291E+00   0.00000E+00 0.0000
    3.2197E+00   0.00000E+00 0.0000
    3.3128E+00   0.00000E+00 0.0000
    3.4086E+00   0.00000E+00 0.0000
    3.5072E+00   0.00000E+00 0.0000
    3.6087E+00   0.00000E+00 0.0000
    3.7131E+00   0.00000E+00 0.0000
    3.8205E+00   0.00000E+00 0.0000
    3.9311E+00   0.00000E+00 0.0000
    4.0448E+00   0.00000E+00 0.0000
    4.1618E+00   0.00000E+00 0.0000
    4.2822E+00   0.00000E+00 0.0000
    4.4061E+00   0.00000E+00 0.0000
    4.5335E+00   0.00000E+00 0.0000
    4.6647E+00   0.00000E+00 0.0000
    4.7996E+00   0.00000E+00 0.0000
    4.9385E+00   0.00000E+00 0.0000
    5.0814E+00   0.00000E+00 0.0000
    5.2284E+00   0.00000E+00 0.0000
    5.3796E+00   0.00000E+00 0.0000
    5.5352E+00   0.00000E+00 0.0000
    5.6954E+00   0.00000E+00 0.0000
    5.8601E+00   0.00000E+00 0.0000
    6.0297E+00   0.00000E+00 0.0000
    6.2041E+00   0.00000E+00 0.0000
    6.3836E+00   0.00000E+00 0.0000
    6.5683E+00   0.00000E+00 0.0000
    6.7583E+00   0.00000E+00 0.0000
    6.9538E+00   0.00000E+00 0.0000
    7.1550E+00   0.00000E+00 0.0000
    7.3619E+00   0.00000E+00 0.0000
    7.5749E+00   0.00000E+00 0.0000
    7.7941E+00   0.00000E+00 0.0000
    8.0195E+00   0.00000E+00 0.0000
    8.2515E+00   0.00000E+00 0.0000
    8.4902E+00   0.00000E+00 0.0000
    8.7359E+00   0.00000E+00 0.0000
    8.9886E+00   0.00000E+00 0.0000
    9.2486E+00   0.00000E+00 0.0000
    9.5162E+00   0.00000E+00 0.0000
    9.7915E+00   0.00000E+00 0.0000
    1.0075E+01   0.00000E+00 0.0000
    1.0366E+01   0.00000E+00 0.0000
    1.0666E+01   0.00000E+00 0.0000
    1.0975E+01   0.00000E+00 0.0000
    1.1292E+01   0.00000E+00 0.0000
    1.1619E+01   0.00000E+00 0.0000
    1.1955E+01   0.00000E+00 0.0000
    1.2301E+01   0.00000E+00 0.0000
    1.2657E+01   0.00000E+00 0.0000
    1.3023E+01   0.00000E+00 0.0000
    1.3400E+01   0.00000E+00 0.0000
    1.3787E+01   0.00000E+00 0.0000
    1.4186E+01   0.00000E+00 0.0000
    1.4596E+01   0.00000E+00 0.0000
    1.5019E+01   0.00000E+00 0.0000
    1.5453E+01   0.00000E+00 0.0000
    1.5900E+01   0.00000E+00 0.0000
    1.6360E+01   0.00000E+00 0.0000
    1.6834E+01   0.00000E+00 0.0000
    1.7321E+01   0.00000E+00 0.0000
    1.7822E+01   7.67706E-11 1.0000
    1.8337E+01   3.81369E-09 0.1532
    1.8868E+01   1.92942E-09 0.1831
    1.9413E+01   4.18512E-09 0.1223
    1.9975E+01   6.33744E-08 0.0365
    2.0553E+01   2.76369E-08 0.0449
    2.1148E+01   3.39006E-07 0.0156
    2.1759E+01   9.85257E-08 0.0218
    2.2389E+01   1.26240E-07 0.0193
    2.3037E+01   9.99304E-07 0.0085
    2.3703E+01   2.41121E-07 0.0127
    2.4389E+01   1.69227E-06 0.0063
    2.5094E+01   3.46114E-07 0.0100
    2.5820E+01   3.71956E-07 0.0097
    2.6567E+01   2.14788E-06 0.0052
    2.7336E+01   3.70759E-07 0.0088
    2.8127E+01   2.17064E-06 0.0049
    2.8940E+01   3.53034E-07 0.0085
    2.9777E+01   1.88226E-06 0.0050
    3.0639E+01   3.09337E-07 0.0083
    3.1525E+01   2.73722E-07 0.0088
    3.2437E+01   1.48540E-06 0.0052
    3.3376E+01   2.10668E-07 0.0093
    3.4341E+01   1.13332E-06 0.0056
    3.5335E+01   1.90441E-07 0.0091
    3.6357E+01   1.56256E-07 0.0101
    3.7409E+01   8.56308E-07 0.0060
    3.8491E+01   1.22129E-07 0.0106
    3.9604E+01   6.43824E-07 0.0064
    4.0750E+01   1.11827E-07 0.0102
    4.1929E+01   8.65213E-08 0.0116
    4.3142E+01   4.96559E-07 0.0069
    4.4390E+01   6.85753E-08 0.0120
    4.5674E+01   3.80104E-07 0.0072
    4.6996E+01   6.60506E-08 0.0113
    4.8355E+01   4.97872E-08 0.0130
    4.9754E+01   3.04390E-07 0.0076
    5.1193E+01   4.19232E-08 0.0131
    5.2674E+01   2.43710E-07 0.0078
    5.4198E+01   4.21491E-08 0.0121
    5.5766E+01   3.39409E-08 0.0135
    5.7379E+01   2.01313E-07 0.0080
    5.9039E+01   2.64339E-08 0.0142
    6.0747E+01   1.66150E-07 0.0082
    6.2505E+01   2.72916E-08 0.0129
    6.4313E+01   1.33676E-07 0.0083
    6.6174E+01   2.86367E-08 0.0117
    6.8088E+01   1.85707E-08 0.0145
    7.0058E+01   1.17149E-07 0.0084
    7.2084E+01   1.82097E-08 0.0135
    7.4170E+01   9.61622E-08 0.0085
    7.6315E+01   1.90344E-08 0.0122
    7.8523E+01   1.32628E-08 0.0147
    8.0795E+01   8.40352E-08 0.0086
    8.3132E+01   1.17693E-08 0.0144
    8.5537E+01   7.04519E-08 0.0086
    8.8012E+01   1.22638E-08 0.0131
    9.0558E+01   5.84013E-08 0.0087
    9.3178E+01   1.27628E-08 0.0119
    9.5873E+01   8.33307E-09 0.0147
    9.8647E+01   5.22763E-08 0.0087
    1.0150E+02   7.51346E-09 0.0143
    1.0444E+02   4.38702E-08 0.0087
    1.0746E+02   7.66106E-09 0.0132
    1.1057E+02   3.64690E-08 0.0088
    1.1377E+02   7.60369E-09 0.0122
    1.1706E+02   5.41986E-09 0.0145
    1.2044E+02   3.24505E-08 0.0088
    1.2393E+02   4.64366E-09 0.0145
    1.2751E+02   2.75407E-08 0.0088
    1.3120E+02   4.54305E-09 0.0136
    1.3500E+02   2.28967E-08 0.0088
    1.3890E+02   4.70578E-09 0.0124
    1.4292E+02   3.28055E-09 0.0148
    1.4706E+02   2.03180E-08 0.0088
    1.5131E+02   2.89263E-09 0.0146
    1.5569E+02   1.71483E-08 0.0088
    1.6019E+02   2.97373E-09 0.0133
    1.6483E+02   1.42560E-08 0.0088
    1.6959E+02   3.04670E-09 0.0122
    1.7450E+02   2.01755E-09 0.0150
    1.7955E+02   1.27048E-08 0.0088
    1.8474E+02   1.93162E-09 0.0142
    1.9009E+02   1.06152E-08 0.0088
    1.9559E+02   2.02621E-09 0.0128
    2.0124E+02   1.52013E-09 0.0148
    2.0707E+02   9.26182E-09 0.0088
    2.1306E+02   1.31846E-09 0.0147
    2.1922E+02   7.84775E-09 0.0088
    2.2556E+02   1.35823E-09 0.0134
    2.3209E+02   1.17260E-09 0.0144
    2.3880E+02   6.72743E-09 0.0088
    2.4571E+02   9.20378E-10 0.0150
    2.5282E+02   5.82194E-09 0.0088
    2.6013E+02   9.10870E-10 0.0140
    2.6766E+02   4.87591E-09 0.0088
    2.7540E+02   9.59918E-10 0.0126
    2.8337E+02   7.35091E-10 0.0144
    2.9157E+02   4.27490E-09 0.0088
    3.0000E+02   6.36571E-10 0.0144
      total      2.00701E-05 0.0023
 
 cell  550                                                                                                                             
 user bin 10000000000.00000
    s(e) (MeV/cm)
    1.0000E+00   0.00000E+00 0.0000
    1.0289E+00   0.00000E+00 0.0000
    1.0587E+00   0.00000E+00 0.0000
    1.0893E+00   0.00000E+00 0.0000
    1.1208E+00   0.00000E+00 0.0000
    1.1533E+00   0.00000E+00 0.0000
    1.1866E+00   0.00000E+00 0.0000
    1.2210E+00   0.00000E+00 0.0000
    1.2563E+00   0.00000E+00 0.0000
    1.2926E+00   0.00000E+00 0.0000
    1.3300E+00   0.00000E+00 0.0000
    1.3685E+00   0.00000E+00 0.0000
    1.4081E+00   0.00000E+00 0.0000
    1.4488E+00   0.00000E+00 0.0000
    1.4907E+00   0.00000E+00 0.0000
    1.5339E+00   0.00000E+00 0.0000
    1.5782E+00   0.00000E+00 0.0000
    1.6239E+00   0.00000E+00 0.0000
    1.6709E+00   0.00000E+00 0.0000
    1.7192E+00   0.00000E+00 0.0000
    1.7689E+00   0.00000E+00 0.0000
    1.8201E+00   0.00000E+00 0.0000
    1.8728E+00   0.00000E+00 0.0000
    1.9269E+00   0.00000E+00 0.0000
    1.9827E+00   0.00000E+00 0.0000
    2.0400E+00   0.00000E+00 0.0000
    2.0991E+00   0.00000E+00 0.0000
    2.1598E+00   0.00000E+00 0.0000
    2.2223E+00   0.00000E+00 0.0000
    2.2866E+00   0.00000E+00 0.0000
    2.3527E+00   0.00000E+00 0.0000
    2.4208E+00   0.00000E+00 0.0000
    2.4908E+00   0.00000E+00 0.0000
    2.5629E+00   0.00000E+00 0.0000
    2.6370E+00   0.00000E+00 0.0000
    2.7133E+00   0.00000E+00 0.0000
    2.7918E+00   0.00000E+00 0.0000
    2.8725E+00   0.00000E+00 0.0000
    2.9557E+00   0.00000E+00 0.0000
    3.0412E+00   0.00000E+00 0.0000
    3.1291E+00   0.00000E+00 0.0000
    3.2197E+00   0.00000E+00 0.0000
    3.3128E+00   0.00000E+00 0.0000
    3.4086E+00   0.00000E+00 0.0000
    3.5072E+00   0.00000E+00 0.0000
    3.6087E+00   0.00000E+00 0.0000
    3.7131E+00   0.00000E+00 0.0000
    3.8205E+00   0.00000E+00 0.0000
    3.9311E+00   0.00000E+00 0.0000
    4.0448E+00   0.00000E+00 0.0000
    4.1618E+00   0.00000E+00 0.0000
    4.2822E+00   0.00000E+00 0.0000
    4.4061E+00   0.00000E+00 0.0000
    4.5335E+00   0.00000E+00 0.0000
    4.6647E+00   0.00000E+00 0.0000
    4.7996E+00   0.00000E+00 0.0000
    4.9385E+00   0.00000E+00 0.0000
    5.0814E+00   0.00000E+00 0.0000
    5.2284E+00   0.00000E+00 0.0000
    5.3796E+00   0.00000E+00 0.0000
    5.5352E+00   0.00000E+00 0.0000
    5.6954E+00   0.00000E+00 0.0000
    5.8601E+00   0.00000E+00 0.0000
    6.0297E+00   0.00000E+00 0.0000
    6.2041E+00   0.00000E+00 0.0000
    6.3836E+00   0.00000E+00 0.0000
    6.5683E+00   0.00000E+00 0.0000
    6.7583E+00   0.00000E+00 0.0000
    6.9538E+00   0.00000E+00 0.0000
    7.1550E+00   0.00000E+00 0.0000
    7.3619E+00   0.00000E+00 0.0000
    7.5749E+00   0.00000E+00 0.0000
    7.7941E+00   4.66513E-10 0.5010
    8.0195E+00   0.00000E+00 0.0000
    8.2515E+00   1.63401E-09 0.2681
    8.4902E+00   1.12737E-10 1.0000
    8.7359E+00   2.89176E-09 0.2000
    8.9886E+00   4.70054E-10 0.5003
    9.2486E+00   6.15339E-09 0.1397
    9.5162E+00   4.77181E-10 0.5001
    9.7915E+00   5.48195E-10 0.4504
    1.0075E+01   1.16353E-08 0.1006
    1.0366E+01   1.55192E-09 0.2789
    1.0666E+01   1.32725E-08 0.0965
    1.0975E+01   1.96568E-09 0.2617
    1.1292E+01   1.53557E-08 0.0898
    1.1619E+01   2.65830E-09 0.2236
    1.1955E+01   2.30774E-09 0.2322
    1.2301E+01   2.01866E-08 0.0788
    1.2657E+01   4.35050E-09 0.1749
    1.3023E+01   2.34778E-08 0.0723
    1.3400E+01   4.72474E-09 0.1629
    1.3787E+01   3.26187E-09 0.1970
    1.4186E+01   2.53828E-08 0.0709
    1.4596E+01   4.78341E-09 0.1567
    1.5019E+01   2.87791E-08 0.0655
    1.5453E+01   4.71807E-09 0.1476
    1.5900E+01   3.08612E-08 0.0620
    1.6360E+01   4.70152E-09 0.1336
    1.6834E+01   4.23088E-09 0.1410
    1.7321E+01   4.33546E-08 0.0521
    1.7822E+01   1.24690E-08 0.0772
    1.8337E+01   4.38791E-07 0.0192
    1.8868E+01   2.51519E-07 0.0185
    1.9413E+01   4.06458E-07 0.0148
    1.9975E+01   8.04510E-06 0.0063
    2.0553E+01   3.49821E-06 0.0059
    2.1148E+01   4.23261E-05 0.0035
    2.1759E+01   1.25459E-05 0.0033
    2.2389E+01   1.53037E-05 0.0031
    2.3037E+01   1.30014E-04 0.0024
    2.3703E+01   3.11827E-05 0.0023
    2.4389E+01   2.20316E-04 0.0019
    2.5094E+01   4.55651E-05 0.0019
    2.5820E+01   4.80613E-05 0.0019
    2.6567E+01   2.81389E-04 0.0017
    2.7336E+01   4.85626E-05 0.0017
    2.8127E+01   2.86402E-04 0.0016
    2.8940E+01   4.74179E-05 0.0017
    2.9777E+01   2.53726E-04 0.0016
    3.0639E+01   4.23781E-05 0.0016
    3.1525E+01   3.80243E-05 0.0017
    3.2437E+01   2.07011E-04 0.0016
    3.3376E+01   2.99434E-05 0.0017
    3.4341E+01   1.61300E-04 0.0016
    3.5335E+01   2.74884E-05 0.0017
    3.6357E+01   2.24247E-05 0.0017
    3.7409E+01   1.24310E-04 0.0016
    3.8491E+01   1.80300E-05 0.0018
    3.9604E+01   9.53068E-05 0.0016
    4.0750E+01   1.65929E-05 0.0017
    4.1929E+01   1.32035E-05 0.0018
    4.3142E+01   7.51107E-05 0.0016
    4.4390E+01   1.05874E-05 0.0018
    4.5674E+01   5.90319E-05 0.0016
    4.6996E+01   1.01637E-05 0.0018
    4.8355E+01   8.03477E-06 0.0019
    4.9754E+01   4.79850E-05 0.0017
    5.1193E+01   6.60525E-06 0.0019
    5.2674E+01   3.86952E-05 0.0017
    5.4198E+01   6.63696E-06 0.0019
    5.5766E+01   5.41516E-06 0.0019
    5.7379E+01   3.21301E-05 0.0017
    5.9039E+01   4.32002E-06 0.0020
    6.0747E+01   2.67063E-05 0.0017
    6.2505E+01   4.35697E-06 0.0019
    6.4313E+01   2.15747E-05 0.0018
    6.6174E+01   4.58183E-06 0.0019
    6.8088E+01   2.96213E-06 0.0020
    7.0058E+01   1.89799E-05 0.0018
    7.2084E+01   2.88744E-06 0.0020
    7.4170E+01   1.55564E-05 0.0018
    7.6315E+01   3.08506E-06 0.0019
    7.8523E+01   2.14703E-06 0.0020
    8.0795E+01   1.36513E-05 0.0018
    8.3132E+01   1.90638E-06 0.0020
    8.5537E+01   1.14398E-05 0.0018
    8.8012E+01   2.02000E-06 0.0020
    9.0558E+01   9.46088E-06 0.0018
    9.3178E+01   2.08640E-06 0.0019
    9.5873E+01   1.36310E-06 0.0021
    9.8647E+01   8.52118E-06 0.0018
    1.0150E+02   1.23400E-06 0.0021
    1.0444E+02   7.19473E-06 0.0019
    1.0746E+02   1.24080E-06 0.0020
    1.1057E+02   5.98140E-06 0.0019
    1.1377E+02   1.25824E-06 0.0020
    1.1706E+02   8.63581E-07 0.0021
    1.2044E+02   5.32660E-06 0.0019
    1.2393E+02   7.55222E-07 0.0021
    1.2751E+02   4.51918E-06 0.0019
    1.3120E+02   7.61598E-07 0.0020
    1.3500E+02   3.75523E-06 0.0019
    1.3890E+02   7.79716E-07 0.0020
    1.4292E+02   5.35596E-07 0.0021
    1.4706E+02   3.33640E-06 0.0019
    1.5131E+02   4.78926E-07 0.0021
    1.5569E+02   2.81487E-06 0.0019
    1.6019E+02   4.95320E-07 0.0020
    1.6483E+02   2.33668E-06 0.0019
    1.6959E+02   5.00639E-07 0.0020
    1.7450E+02   3.31521E-07 0.0021
    1.7955E+02   2.08571E-06 0.0019
    1.8474E+02   3.19469E-07 0.0021
    1.9009E+02   1.73791E-06 0.0019
    1.9559E+02   3.36744E-07 0.0020
    2.0124E+02   2.47903E-07 0.0021
    2.0707E+02   1.52467E-06 0.0019
    2.1306E+02   2.16056E-07 0.0021
    2.1922E+02   1.29099E-06 0.0019
    2.2556E+02   2.24864E-07 0.0021
    2.3209E+02   1.94537E-07 0.0021
    2.3880E+02   1.10587E-06 0.0019
    2.4571E+02   1.53451E-07 0.0021
    2.5282E+02   9.55908E-07 0.0019
    2.6013E+02   1.51104E-07 0.0021
    2.6766E+02   8.00546E-07 0.0019
    2.7540E+02   1.58679E-07 0.0020
    2.8337E+02   1.20845E-07 0.0021
    2.9157E+02   7.05043E-07 0.0019
    3.0000E+02   1.02964E-07 0.0021
      total      2.78668E-03 0.0014
 
 cell  550                                                                                                                             
 user bin total
    s(e) (MeV/cm)
    1.0000E+00   0.00000E+00 0.0000
    1.0289E+00   0.00000E+00 0.0000
    1.0587E+00   0.00000E+00 0.0000
    1.0893E+00   0.00000E+00 0.0000
    1.1208E+00   0.00000E+00 0.0000
    1.1533E+00   0.00000E+00 0.0000
    1.1866E+00   0.00000E+00 0.0000
    1.2210E+00   0.00000E+00 0.0000
    1.2563E+00   0.00000E+00 0.0000
    1.2926E+00   0.00000E+00 0.0000
    1.3300E+00   0.00000E+00 0.0000
    1.3685E+00   0.00000E+00 0.0000
    1.4081E+00   0.00000E+00 0.0000
    1.4488E+00   0.00000E+00 0.0000
    1.4907E+00   0.00000E+00 0.0000
    1.5339E+00   0.00000E+00 0.0000
    1.5782E+00   0.00000E+00 0.0000
    1.6239E+00   0.00000E+00 0.0000
    1.6709E+00   0.00000E+00 0.0000
    1.7192E+00   0.00000E+00 0.0000
    1.7689E+00   0.00000E+00 0.0000
    1.8201E+00   0.00000E+00 0.0000
    1.8728E+00   0.00000E+00 0.0000
    1.9269E+00   0.00000E+00 0.0000
    1.9827E+00   0.00000E+00 0.0000
    2.0400E+00   0.00000E+00 0.0000
    2.0991E+00   0.00000E+00 0.0000
    2.1598E+00   0.00000E+00 0.0000
    2.2223E+00   0.00000E+00 0.0000
    2.2866E+00   0.00000E+00 0.0000
    2.3527E+00   0.00000E+00 0.0000
    2.4208E+00   0.00000E+00 0.0000
    2.4908E+00   0.00000E+00 0.0000
    2.5629E+00   0.00000E+00 0.0000
    2.6370E+00   0.00000E+00 0.0000
    2.7133E+00   0.00000E+00 0.0000
    2.7918E+00   0.00000E+00 0.0000
    2.8725E+00   0.00000E+00 0.0000
    2.9557E+00   0.00000E+00 0.0000
    3.0412E+00   0.00000E+00 0.0000
    3.1291E+00   0.00000E+00 0.0000
    3.2197E+00   0.00000E+00 0.0000
    3.3128E+00   0.00000E+00 0.0000
    3.4086E+00   0.00000E+00 0.0000
    3.5072E+00   0.00000E+00 0.0000
    3.6087E+00   0.00000E+00 0.0000
    3.7131E+00   0.00000E+00 0.0000
    3.8205E+00   0.00000E+00 0.0000
    3.9311E+00   0.00000E+00 0.0000
    4.0448E+00   0.00000E+00 0.0000
    4.1618E+00   0.00000E+00 0.0000
    4.2822E+00   0.00000E+00 0.0000
    4.4061E+00   0.00000E+00 0.0000
    4.5335E+00   0.00000E+00 0.0000
    4.6647E+00   0.00000E+00 0.0000
    4.7996E+00   0.00000E+00 0.0000
    4.9385E+00   0.00000E+00 0.0000
    5.0814E+00   0.00000E+00 0.0000
    5.2284E+00   0.00000E+00 0.0000
    5.3796E+00   0.00000E+00 0.0000
    5.5352E+00   0.00000E+00 0.0000
    5.6954E+00   0.00000E+00 0.0000
    5.8601E+00   0.00000E+00 0.0000
    6.0297E+00   0.00000E+00 0.0000
    6.2041E+00   0.00000E+00 0.0000
    6.3836E+00   0.00000E+00 0.0000
    6.5683E+00   0.00000E+00 0.0000
    6.7583E+00   0.00000E+00 0.0000
    6.9538E+00   0.00000E+00 0.0000
    7.1550E+00   0.00000E+00 0.0000
    7.3619E+00   0.00000E+00 0.0000
    7.5749E+00   0.00000E+00 0.0000
    7.7941E+00   4.66513E-10 0.5010
    8.0195E+00   0.00000E+00 0.0000
    8.2515E+00   1.63401E-09 0.2681
    8.4902E+00   1.12737E-10 1.0000
    8.7359E+00   2.89176E-09 0.2000
    8.9886E+00   4.70054E-10 0.5003
    9.2486E+00   6.15339E-09 0.1397
    9.5162E+00   4.77181E-10 0.5001
    9.7915E+00   5.48195E-10 0.4504
    1.0075E+01   1.16353E-08 0.1006
    1.0366E+01   1.55192E-09 0.2789
    1.0666E+01   1.32725E-08 0.0965
    1.0975E+01   1.96568E-09 0.2617
    1.1292E+01   1.53557E-08 0.0898
    1.1619E+01   2.65830E-09 0.2236
    1.1955E+01   2.30774E-09 0.2322
    1.2301E+01   2.01866E-08 0.0788
    1.2657E+01   4.35050E-09 0.1749
    1.3023E+01   2.34778E-08 0.0723
    1.3400E+01   4.72474E-09 0.1629
    1.3787E+01   3.26187E-09 0.1970
    1.4186E+01   2.53828E-08 0.0709
    1.4596E+01   4.78341E-09 0.1567
    1.5019E+01   2.87791E-08 0.0655
    1.5453E+01   4.71807E-09 0.1476
    1.5900E+01   3.08612E-08 0.0620
    1.6360E+01   4.70152E-09 0.1336
    1.6834E+01   4.23088E-09 0.1410
    1.7321E+01   4.33546E-08 0.0521
    1.7822E+01   1.25458E-08 0.0769
    1.8337E+01   4.42604E-07 0.0192
    1.8868E+01   2.53448E-07 0.0184
    1.9413E+01   4.10643E-07 0.0148
    1.9975E+01   8.10847E-06 0.0063
    2.0553E+01   3.52585E-06 0.0059
    2.1148E+01   4.26651E-05 0.0035
    2.1759E+01   1.26445E-05 0.0033
    2.2389E+01   1.54300E-05 0.0031
    2.3037E+01   1.31013E-04 0.0024
    2.3703E+01   3.14238E-05 0.0023
    2.4389E+01   2.22008E-04 0.0019
    2.5094E+01   4.59112E-05 0.0019
    2.5820E+01   4.84332E-05 0.0019
    2.6567E+01   2.83537E-04 0.0017
    2.7336E+01   4.89334E-05 0.0017
    2.8127E+01   2.88573E-04 0.0016
    2.8940E+01   4.77709E-05 0.0017
    2.9777E+01   2.55608E-04 0.0016
    3.0639E+01   4.26874E-05 0.0016
    3.1525E+01   3.82980E-05 0.0017
    3.2437E+01   2.08497E-04 0.0016
    3.3376E+01   3.01540E-05 0.0017
    3.4341E+01   1.62434E-04 0.0016
    3.5335E+01   2.76788E-05 0.0017
    3.6357E+01   2.25809E-05 0.0017
    3.7409E+01   1.25166E-04 0.0016
    3.8491E+01   1.81522E-05 0.0018
    3.9604E+01   9.59506E-05 0.0016
    4.0750E+01   1.67047E-05 0.0017
    4.1929E+01   1.32901E-05 0.0018
    4.3142E+01   7.56073E-05 0.0016
    4.4390E+01   1.06560E-05 0.0018
    4.5674E+01   5.94120E-05 0.0016
    4.6996E+01   1.02297E-05 0.0018
    4.8355E+01   8.08456E-06 0.0019
    4.9754E+01   4.82893E-05 0.0017
    5.1193E+01   6.64717E-06 0.0019
    5.2674E+01   3.89389E-05 0.0017
    5.4198E+01   6.67911E-06 0.0019
    5.5766E+01   5.44910E-06 0.0019
    5.7379E+01   3.23315E-05 0.0017
    5.9039E+01   4.34645E-06 0.0019
    6.0747E+01   2.68724E-05 0.0017
    6.2505E+01   4.38427E-06 0.0019
    6.4313E+01   2.17084E-05 0.0018
    6.6174E+01   4.61047E-06 0.0019
    6.8088E+01   2.98070E-06 0.0020
    7.0058E+01   1.90971E-05 0.0018
    7.2084E+01   2.90565E-06 0.0020
    7.4170E+01   1.56525E-05 0.0018
    7.6315E+01   3.10410E-06 0.0019
    7.8523E+01   2.16029E-06 0.0020
    8.0795E+01   1.37353E-05 0.0018
    8.3132E+01   1.91815E-06 0.0020
    8.5537E+01   1.15102E-05 0.0018
    8.8012E+01   2.03227E-06 0.0020
    9.0558E+01   9.51928E-06 0.0018
    9.3178E+01   2.09917E-06 0.0019
    9.5873E+01   1.37144E-06 0.0021
    9.8647E+01   8.57345E-06 0.0018
    1.0150E+02   1.24151E-06 0.0021
    1.0444E+02   7.23860E-06 0.0019
    1.0746E+02   1.24846E-06 0.0020
    1.1057E+02   6.01787E-06 0.0019
    1.1377E+02   1.26585E-06 0.0020
    1.1706E+02   8.69001E-07 0.0021
    1.2044E+02   5.35905E-06 0.0019
    1.2393E+02   7.59865E-07 0.0021
    1.2751E+02   4.54672E-06 0.0019
    1.3120E+02   7.66141E-07 0.0020
    1.3500E+02   3.77812E-06 0.0019
    1.3890E+02   7.84422E-07 0.0020
    1.4292E+02   5.38877E-07 0.0021
    1.4706E+02   3.35672E-06 0.0019
    1.5131E+02   4.81819E-07 0.0021
    1.5569E+02   2.83202E-06 0.0019
    1.6019E+02   4.98293E-07 0.0020
    1.6483E+02   2.35094E-06 0.0019
    1.6959E+02   5.03685E-07 0.0020
    1.7450E+02   3.33538E-07 0.0021
    1.7955E+02   2.09841E-06 0.0019
    1.8474E+02   3.21401E-07 0.0021
    1.9009E+02   1.74853E-06 0.0019
    1.9559E+02   3.38770E-07 0.0020
    2.0124E+02   2.49423E-07 0.0021
    2.0707E+02   1.53393E-06 0.0019
    2.1306E+02   2.17374E-07 0.0021
    2.1922E+02   1.29884E-06 0.0019
    2.2556E+02   2.26222E-07 0.0021
    2.3209E+02   1.95709E-07 0.0021
    2.3880E+02   1.11260E-06 0.0019
    2.4571E+02   1.54372E-07 0.0021
    2.5282E+02   9.61730E-07 0.0019
    2.6013E+02   1.52015E-07 0.0021
    2.6766E+02   8.05422E-07 0.0019
    2.7540E+02   1.59639E-07 0.0020
    2.8337E+02   1.21580E-07 0.0021
    2.9157E+02   7.09318E-07 0.0019
    3.0000E+02   1.03601E-07 0.0021
      total      2.80675E-03 0.0014
 
 cell  551                                                                                                                             
 user bin          -1.00000
    s(e) (MeV/cm)
    1.0000E+00   0.00000E+00 0.0000
    1.0289E+00   0.00000E+00 0.0000
    1.0587E+00   0.00000E+00 0.0000
    1.0893E+00   0.00000E+00 0.0000
    1.1208E+00   0.00000E+00 0.0000
    1.1533E+00   0.00000E+00 0.0000
    1.1866E+00   0.00000E+00 0.0000
    1.2210E+00   0.00000E+00 0.0000
    1.2563E+00   0.00000E+00 0.0000
    1.2926E+00   0.00000E+00 0.0000
    1.3300E+00   0.00000E+00 0.0000
    1.3685E+00   0.00000E+00 0.0000
    1.4081E+00   0.00000E+00 0.0000
    1.4488E+00   0.00000E+00 0.0000
    1.4907E+00   0.00000E+00 0.0000
    1.5339E+00   0.00000E+00 0.0000
    1.5782E+00   0.00000E+00 0.0000
    1.6239E+00   0.00000E+00 0.0000
    1.6709E+00   0.00000E+00 0.0000
    1.7192E+00   0.00000E+00 0.0000
    1.7689E+00   0.00000E+00 0.0000
    1.8201E+00   0.00000E+00 0.0000
    1.8728E+00   0.00000E+00 0.0000
    1.9269E+00   0.00000E+00 0.0000
    1.9827E+00   0.00000E+00 0.0000
    2.0400E+00   0.00000E+00 0.0000
    2.0991E+00   0.00000E+00 0.0000
    2.1598E+00   0.00000E+00 0.0000
    2.2223E+00   0.00000E+00 0.0000
    2.2866E+00   0.00000E+00 0.0000
    2.3527E+00   0.00000E+00 0.0000
    2.4208E+00   0.00000E+00 0.0000
    2.4908E+00   0.00000E+00 0.0000
    2.5629E+00   0.00000E+00 0.0000
    2.6370E+00   0.00000E+00 0.0000
    2.7133E+00   0.00000E+00 0.0000
    2.7918E+00   0.00000E+00 0.0000
    2.8725E+00   0.00000E+00 0.0000
    2.9557E+00   0.00000E+00 0.0000
    3.0412E+00   0.00000E+00 0.0000
    3.1291E+00   0.00000E+00 0.0000
    3.2197E+00   0.00000E+00 0.0000
    3.3128E+00   0.00000E+00 0.0000
    3.4086E+00   0.00000E+00 0.0000
    3.5072E+00   0.00000E+00 0.0000
    3.6087E+00   0.00000E+00 0.0000
    3.7131E+00   0.00000E+00 0.0000
    3.8205E+00   0.00000E+00 0.0000
    3.9311E+00   0.00000E+00 0.0000
    4.0448E+00   0.00000E+00 0.0000
    4.1618E+00   0.00000E+00 0.0000
    4.2822E+00   0.00000E+00 0.0000
    4.4061E+00   0.00000E+00 0.0000
    4.5335E+00   0.00000E+00 0.0000
    4.6647E+00   0.00000E+00 0.0000
    4.7996E+00   0.00000E+00 0.0000
    4.9385E+00   0.00000E+00 0.0000
    5.0814E+00   0.00000E+00 0.0000
    5.2284E+00   0.00000E+00 0.0000
    5.3796E+00   0.00000E+00 0.0000
    5.5352E+00   0.00000E+00 0.0000
    5.6954E+00   0.00000E+00 0.0000
    5.8601E+00   0.00000E+00 0.0000
    6.0297E+00   0.00000E+00 0.0000
    6.2041E+00   0.00000E+00 0.0000
    6.3836E+00   0.00000E+00 0.0000
    6.5683E+00   0.00000E+00 0.0000
    6.7583E+00   0.00000E+00 0.0000
    6.9538E+00   0.00000E+00 0.0000
    7.1550E+00   0.00000E+00 0.0000
    7.3619E+00   0.00000E+00 0.0000
    7.5749E+00   0.00000E+00 0.0000
    7.7941E+00   0.00000E+00 0.0000
    8.0195E+00   0.00000E+00 0.0000
    8.2515E+00   0.00000E+00 0.0000
    8.4902E+00   0.00000E+00 0.0000
    8.7359E+00   0.00000E+00 0.0000
    8.9886E+00   0.00000E+00 0.0000
    9.2486E+00   0.00000E+00 0.0000
    9.5162E+00   0.00000E+00 0.0000
    9.7915E+00   0.00000E+00 0.0000
    1.0075E+01   0.00000E+00 0.0000
    1.0366E+01   0.00000E+00 0.0000
    1.0666E+01   0.00000E+00 0.0000
    1.0975E+01   0.00000E+00 0.0000
    1.1292E+01   0.00000E+00 0.0000
    1.1619E+01   0.00000E+00 0.0000
    1.1955E+01   0.00000E+00 0.0000
    1.2301E+01   0.00000E+00 0.0000
    1.2657E+01   0.00000E+00 0.0000
    1.3023E+01   0.00000E+00 0.0000
    1.3400E+01   0.00000E+00 0.0000
    1.3787E+01   0.00000E+00 0.0000
    1.4186E+01   0.00000E+00 0.0000
    1.4596E+01   0.00000E+00 0.0000
    1.5019E+01   0.00000E+00 0.0000
    1.5453E+01   0.00000E+00 0.0000
    1.5900E+01   0.00000E+00 0.0000
    1.6360E+01   0.00000E+00 0.0000
    1.6834E+01   0.00000E+00 0.0000
    1.7321E+01   0.00000E+00 0.0000
    1.7822E+01   0.00000E+00 0.0000
    1.8337E+01   3.74286E-10 0.4605
    1.8868E+01   4.85940E-10 0.3570
    1.9413E+01   3.73918E-10 0.4112
    1.9975E+01   1.30073E-08 0.0790
    2.0553E+01   6.81726E-09 0.0905
    2.1148E+01   8.54818E-08 0.0307
    2.1759E+01   2.85429E-08 0.0406
    2.2389E+01   3.92196E-08 0.0347
    2.3037E+01   3.89261E-07 0.0137
    2.3703E+01   1.04018E-07 0.0195
    2.4389E+01   8.26534E-07 0.0090
    2.5094E+01   1.89668E-07 0.0136
    2.5820E+01   2.10967E-07 0.0129
    2.6567E+01   1.36209E-06 0.0066
    2.7336E+01   2.59940E-07 0.0106
    2.8127E+01   1.66616E-06 0.0056
    2.8940E+01   3.05936E-07 0.0091
    2.9777E+01   1.72155E-06 0.0052
    3.0639E+01   3.03706E-07 0.0084
    3.1525E+01   2.83040E-07 0.0087
    3.2437E+01   1.60444E-06 0.0050
    3.3376E+01   2.45417E-07 0.0086
    3.4341E+01   1.34935E-06 0.0051
    3.5335E+01   2.40133E-07 0.0081
    3.6357E+01   1.96766E-07 0.0090
    3.7409E+01   1.10443E-06 0.0053
    3.8491E+01   1.62968E-07 0.0091
    3.9604E+01   8.70890E-07 0.0055
    4.0750E+01   1.53558E-07 0.0087
    4.1929E+01   1.23576E-07 0.0097
    4.3142E+01   6.98241E-07 0.0058
    4.4390E+01   9.78038E-08 0.0101
    4.5674E+01   5.51186E-07 0.0060
    4.6996E+01   9.47983E-08 0.0095
    4.8355E+01   7.45130E-08 0.0106
    4.9754E+01   4.44355E-07 0.0063
    5.1193E+01   5.97258E-08 0.0110
    5.2674E+01   3.51988E-07 0.0065
    5.4198E+01   6.04414E-08 0.0101
    5.5766E+01   4.80026E-08 0.0114
    5.7379E+01   2.86317E-07 0.0067
    5.9039E+01   3.75830E-08 0.0119
    6.0747E+01   2.32187E-07 0.0069
    6.2505E+01   3.74957E-08 0.0110
    6.4313E+01   1.83796E-07 0.0071
    6.6174E+01   3.93045E-08 0.0099
    6.8088E+01   2.46451E-08 0.0126
    7.0058E+01   1.58612E-07 0.0073
    7.2084E+01   2.34248E-08 0.0119
    7.4170E+01   1.27294E-07 0.0074
    7.6315E+01   2.50334E-08 0.0107
    7.8523E+01   1.70104E-08 0.0130
    8.0795E+01   1.09426E-07 0.0075
    8.3132E+01   1.49890E-08 0.0128
    8.5537E+01   9.04952E-08 0.0076
    8.8012E+01   1.57356E-08 0.0115
    9.0558E+01   7.37517E-08 0.0077
    9.3178E+01   1.64325E-08 0.0105
    9.5873E+01   1.02678E-08 0.0132
    9.8647E+01   6.57450E-08 0.0077
    1.0150E+02   9.51589E-09 0.0127
    1.0444E+02   5.49395E-08 0.0078
    1.0746E+02   9.55053E-09 0.0118
    1.1057E+02   4.53738E-08 0.0078
    1.1377E+02   9.54764E-09 0.0109
    1.1706E+02   6.58154E-09 0.0131
    1.2044E+02   4.02102E-08 0.0079
    1.2393E+02   5.59204E-09 0.0132
    1.2751E+02   3.39980E-08 0.0079
    1.3120E+02   5.68367E-09 0.0121
    1.3500E+02   2.80933E-08 0.0079
    1.3890E+02   5.86962E-09 0.0111
    1.4292E+02   3.93427E-09 0.0135
    1.4706E+02   2.49094E-08 0.0079
    1.5131E+02   3.53948E-09 0.0132
    1.5569E+02   2.08722E-08 0.0080
    1.6019E+02   3.64967E-09 0.0120
    1.6483E+02   1.73144E-08 0.0080
    1.6959E+02   3.65864E-09 0.0111
    1.7450E+02   2.45264E-09 0.0136
    1.7955E+02   1.54126E-08 0.0080
    1.8474E+02   2.31919E-09 0.0129
    1.9009E+02   1.27912E-08 0.0080
    1.9559E+02   2.47655E-09 0.0116
    2.0124E+02   1.81251E-09 0.0135
    2.0707E+02   1.11803E-08 0.0080
    2.1306E+02   1.60826E-09 0.0133
    2.1922E+02   9.44656E-09 0.0080
    2.2556E+02   1.67363E-09 0.0121
    2.3209E+02   1.41684E-09 0.0131
    2.3880E+02   8.08014E-09 0.0080
    2.4571E+02   1.14440E-09 0.0135
    2.5282E+02   6.98515E-09 0.0081
    2.6013E+02   1.09632E-09 0.0128
    2.6766E+02   5.85407E-09 0.0081
    2.7540E+02   1.15799E-09 0.0115
    2.8337E+02   8.85236E-10 0.0131
    2.9157E+02   5.13180E-09 0.0081
    3.0000E+02   7.35227E-10 0.0134
      total      1.83458E-05 0.0024
 
 cell  551                                                                                                                             
 user bin 10000000000.00000
    s(e) (MeV/cm)
    1.0000E+00   0.00000E+00 0.0000
    1.0289E+00   0.00000E+00 0.0000
    1.0587E+00   0.00000E+00 0.0000
    1.0893E+00   0.00000E+00 0.0000
    1.1208E+00   0.00000E+00 0.0000
    1.1533E+00   0.00000E+00 0.0000
    1.1866E+00   0.00000E+00 0.0000
    1.2210E+00   0.00000E+00 0.0000
    1.2563E+00   0.00000E+00 0.0000
    1.2926E+00   0.00000E+00 0.0000
    1.3300E+00   0.00000E+00 0.0000
    1.3685E+00   0.00000E+00 0.0000
    1.4081E+00   0.00000E+00 0.0000
    1.4488E+00   0.00000E+00 0.0000
    1.4907E+00   0.00000E+00 0.0000
    1.5339E+00   0.00000E+00 0.0000
    1.5782E+00   0.00000E+00 0.0000
    1.6239E+00   0.00000E+00 0.0000
    1.6709E+00   0.00000E+00 0.0000
    1.7192E+00   0.00000E+00 0.0000
    1.7689E+00   0.00000E+00 0.0000
    1.8201E+00   0.00000E+00 0.0000
    1.8728E+00   0.00000E+00 0.0000
    1.9269E+00   0.00000E+00 0.0000
    1.9827E+00   0.00000E+00 0.0000
    2.0400E+00   0.00000E+00 0.0000
    2.0991E+00   0.00000E+00 0.0000
    2.1598E+00   0.00000E+00 0.0000
    2.2223E+00   0.00000E+00 0.0000
    2.2866E+00   0.00000E+00 0.0000
    2.3527E+00   0.00000E+00 0.0000
    2.4208E+00   0.00000E+00 0.0000
    2.4908E+00   0.00000E+00 0.0000
    2.5629E+00   0.00000E+00 0.0000
    2.6370E+00   0.00000E+00 0.0000
    2.7133E+00   0.00000E+00 0.0000
    2.7918E+00   0.00000E+00 0.0000
    2.8725E+00   0.00000E+00 0.0000
    2.9557E+00   0.00000E+00 0.0000
    3.0412E+00   0.00000E+00 0.0000
    3.1291E+00   0.00000E+00 0.0000
    3.2197E+00   0.00000E+00 0.0000
    3.3128E+00   0.00000E+00 0.0000
    3.4086E+00   0.00000E+00 0.0000
    3.5072E+00   0.00000E+00 0.0000
    3.6087E+00   0.00000E+00 0.0000
    3.7131E+00   0.00000E+00 0.0000
    3.8205E+00   0.00000E+00 0.0000
    3.9311E+00   0.00000E+00 0.0000
    4.0448E+00   0.00000E+00 0.0000
    4.1618E+00   0.00000E+00 0.0000
    4.2822E+00   0.00000E+00 0.0000
    4.4061E+00   0.00000E+00 0.0000
    4.5335E+00   0.00000E+00 0.0000
    4.6647E+00   0.00000E+00 0.0000
    4.7996E+00   0.00000E+00 0.0000
    4.9385E+00   0.00000E+00 0.0000
    5.0814E+00   0.00000E+00 0.0000
    5.2284E+00   0.00000E+00 0.0000
    5.3796E+00   0.00000E+00 0.0000
    5.5352E+00   0.00000E+00 0.0000
    5.6954E+00   0.00000E+00 0.0000
    5.8601E+00   0.00000E+00 0.0000
    6.0297E+00   0.00000E+00 0.0000
    6.2041E+00   0.00000E+00 0.0000
    6.3836E+00   0.00000E+00 0.0000
    6.5683E+00   0.00000E+00 0.0000
    6.7583E+00   0.00000E+00 0.0000
    6.9538E+00   0.00000E+00 0.0000
    7.1550E+00   0.00000E+00 0.0000
    7.3619E+00   0.00000E+00 0.0000
    7.5749E+00   0.00000E+00 0.0000
    7.7941E+00   3.62086E-10 0.5662
    8.0195E+00   1.12595E-10 1.0000
    8.2515E+00   1.29401E-09 0.2997
    8.4902E+00   1.34047E-10 1.0000
    8.7359E+00   3.06482E-09 0.1953
    8.9886E+00   1.13273E-10 1.0000
    9.2486E+00   6.51332E-09 0.1350
    9.5162E+00   6.32277E-10 0.4489
    9.7915E+00   2.35430E-10 0.7073
    1.0075E+01   1.16840E-08 0.1005
    1.0366E+01   6.26851E-10 0.4490
    1.0666E+01   1.34145E-08 0.0949
    1.0975E+01   9.58425E-10 0.3542
    1.1292E+01   1.61892E-08 0.0881
    1.1619E+01   2.14818E-09 0.2439
    1.1955E+01   1.43037E-09 0.3065
    1.2301E+01   2.21835E-08 0.0765
    1.2657E+01   2.77847E-09 0.2109
    1.3023E+01   2.35516E-08 0.0733
    1.3400E+01   4.25336E-09 0.1721
    1.3787E+01   5.25291E-09 0.1526
    1.4186E+01   2.51359E-08 0.0703
    1.4596E+01   5.22380E-09 0.1510
    1.5019E+01   2.57857E-08 0.0671
    1.5453E+01   5.23687E-09 0.1380
    1.5900E+01   2.79617E-08 0.0645
    1.6360E+01   5.66866E-09 0.1221
    1.6834E+01   4.48398E-09 0.1347
    1.7321E+01   3.23776E-08 0.0578
    1.7822E+01   6.49158E-09 0.1130
    1.8337E+01   7.95648E-08 0.0372
    1.8868E+01   3.44865E-08 0.0449
    1.9413E+01   5.81613E-08 0.0356
    1.9975E+01   1.46674E-06 0.0115
    2.0553E+01   7.20351E-07 0.0112
    2.1148E+01   1.09776E-05 0.0055
    2.1759E+01   3.78568E-06 0.0052
    2.2389E+01   4.87857E-06 0.0048
    2.3037E+01   4.85086E-05 0.0032
    2.3703E+01   1.32348E-05 0.0031
    2.4389E+01   1.06697E-04 0.0024
    2.5094E+01   2.49266E-05 0.0024
    2.5820E+01   2.73820E-05 0.0023
    2.6567E+01   1.77434E-04 0.0019
    2.7336E+01   3.43118E-05 0.0020
    2.8127E+01   2.17934E-04 0.0017
    2.8940E+01   3.93854E-05 0.0018
    2.9777E+01   2.25933E-04 0.0016
    3.0639E+01   4.04037E-05 0.0017
    3.1525E+01   3.72702E-05 0.0017
    3.2437E+01   2.12940E-04 0.0016
    3.3376E+01   3.28697E-05 0.0017
    3.4341E+01   1.83153E-04 0.0016
    3.5335E+01   3.25271E-05 0.0016
    3.6357E+01   2.70596E-05 0.0017
    3.7409E+01   1.53150E-04 0.0016
    3.8491E+01   2.29117E-05 0.0017
    3.9604E+01   1.23071E-04 0.0016
    4.0750E+01   2.17772E-05 0.0017
    4.1929E+01   1.75420E-05 0.0017
    4.3142E+01   1.00029E-04 0.0016
    4.4390E+01   1.42795E-05 0.0017
    4.5674E+01   7.97040E-05 0.0016
    4.6996E+01   1.37405E-05 0.0017
    4.8355E+01   1.08760E-05 0.0018
    4.9754E+01   6.49433E-05 0.0016
    5.1193E+01   8.94323E-06 0.0018
    5.2674E+01   5.21115E-05 0.0016
    5.4198E+01   8.90714E-06 0.0017
    5.5766E+01   7.25349E-06 0.0018
    5.7379E+01   4.28160E-05 0.0016
    5.9039E+01   5.72015E-06 0.0018
    6.0747E+01   3.52078E-05 0.0016
    6.2505E+01   5.71500E-06 0.0018
    6.4313E+01   2.81072E-05 0.0016
    6.6174E+01   5.94107E-06 0.0017
    6.8088E+01   3.82370E-06 0.0018
    7.0058E+01   2.43962E-05 0.0016
    7.2084E+01   3.68750E-06 0.0018
    7.4170E+01   1.97650E-05 0.0016
    7.6315E+01   3.90650E-06 0.0018
    7.8523E+01   2.70383E-06 0.0018
    8.0795E+01   1.71641E-05 0.0016
    8.3132E+01   2.38562E-06 0.0018
    8.5537E+01   1.42701E-05 0.0017
    8.8012E+01   2.50384E-06 0.0018
    9.0558E+01   1.17020E-05 0.0017
    9.3178E+01   2.57417E-06 0.0018
    9.5873E+01   1.67227E-06 0.0019
    9.8647E+01   1.04664E-05 0.0017
    1.0150E+02   1.50504E-06 0.0018
    1.0444E+02   8.77644E-06 0.0017
    1.0746E+02   1.50976E-06 0.0018
    1.1057E+02   7.25554E-06 0.0017
    1.1377E+02   1.52529E-06 0.0018
    1.1706E+02   1.04182E-06 0.0019
    1.2044E+02   6.42935E-06 0.0017
    1.2393E+02   9.09581E-07 0.0019
    1.2751E+02   5.43081E-06 0.0017
    1.3120E+02   9.14126E-07 0.0018
    1.3500E+02   4.49728E-06 0.0017
    1.3890E+02   9.33530E-07 0.0018
    1.4292E+02   6.39589E-07 0.0019
    1.4706E+02   3.98568E-06 0.0017
    1.5131E+02   5.70698E-07 0.0019
    1.5569E+02   3.35379E-06 0.0017
    1.6019E+02   5.89553E-07 0.0018
    1.6483E+02   2.77829E-06 0.0017
    1.6959E+02   5.94936E-07 0.0018
    1.7450E+02   3.93602E-07 0.0019
    1.7955E+02   2.47508E-06 0.0017
    1.8474E+02   3.78812E-07 0.0019
    1.9009E+02   2.05956E-06 0.0017
    1.9559E+02   3.98918E-07 0.0018
    2.0124E+02   2.93468E-07 0.0019
    2.0707E+02   1.80398E-06 0.0017
    2.1306E+02   2.55436E-07 0.0019
    2.1922E+02   1.52584E-06 0.0017
    2.2556E+02   2.65710E-07 0.0018
    2.3209E+02   2.29885E-07 0.0019
    2.3880E+02   1.30544E-06 0.0017
    2.4571E+02   1.80981E-07 0.0019
    2.5282E+02   1.12761E-06 0.0017
    2.6013E+02   1.78343E-07 0.0018
    2.6766E+02   9.43762E-07 0.0017
    2.7540E+02   1.86845E-07 0.0018
    2.8337E+02   1.42519E-07 0.0019
    2.9157E+02   8.30298E-07 0.0017
    3.0000E+02   1.21264E-07 0.0019
      total      2.51633E-03 0.0014
 
 cell  551                                                                                                                             
 user bin total
    s(e) (MeV/cm)
    1.0000E+00   0.00000E+00 0.0000
    1.0289E+00   0.00000E+00 0.0000
    1.0587E+00   0.00000E+00 0.0000
    1.0893E+00   0.00000E+00 0.0000
    1.1208E+00   0.00000E+00 0.0000
    1.1533E+00   0.00000E+00 0.0000
    1.1866E+00   0.00000E+00 0.0000
    1.2210E+00   0.00000E+00 0.0000
    1.2563E+00   0.00000E+00 0.0000
    1.2926E+00   0.00000E+00 0.0000
    1.3300E+00   0.00000E+00 0.0000
    1.3685E+00   0.00000E+00 0.0000
    1.4081E+00   0.00000E+00 0.0000
    1.4488E+00   0.00000E+00 0.0000
    1.4907E+00   0.00000E+00 0.0000
    1.5339E+00   0.00000E+00 0.0000
    1.5782E+00   0.00000E+00 0.0000
    1.6239E+00   0.00000E+00 0.0000
    1.6709E+00   0.00000E+00 0.0000
    1.7192E+00   0.00000E+00 0.0000
    1.7689E+00   0.00000E+00 0.0000
    1.8201E+00   0.00000E+00 0.0000
    1.8728E+00   0.00000E+00 0.0000
    1.9269E+00   0.00000E+00 0.0000
    1.9827E+00   0.00000E+00 0.0000
    2.0400E+00   0.00000E+00 0.0000
    2.0991E+00   0.00000E+00 0.0000
    2.1598E+00   0.00000E+00 0.0000
    2.2223E+00   0.00000E+00 0.0000
    2.2866E+00   0.00000E+00 0.0000
    2.3527E+00   0.00000E+00 0.0000
    2.4208E+00   0.00000E+00 0.0000
    2.4908E+00   0.00000E+00 0.0000
    2.5629E+00   0.00000E+00 0.0000
    2.6370E+00   0.00000E+00 0.0000
    2.7133E+00   0.00000E+00 0.0000
    2.7918E+00   0.00000E+00 0.0000
    2.8725E+00   0.00000E+00 0.0000
    2.9557E+00   0.00000E+00 0.0000
    3.0412E+00   0.00000E+00 0.0000
    3.1291E+00   0.00000E+00 0.0000
    3.2197E+00   0.00000E+00 0.0000
    3.3128E+00   0.00000E+00 0.0000
    3.4086E+00   0.00000E+00 0.0000
    3.5072E+00   0.00000E+00 0.0000
    3.6087E+00   0.00000E+00 0.0000
    3.7131E+00   0.00000E+00 0.0000
    3.8205E+00   0.00000E+00 0.0000
    3.9311E+00   0.00000E+00 0.0000
    4.0448E+00   0.00000E+00 0.0000
    4.1618E+00   0.00000E+00 0.0000
    4.2822E+00   0.00000E+00 0.0000
    4.4061E+00   0.00000E+00 0.0000
    4.5335E+00   0.00000E+00 0.0000
    4.6647E+00   0.00000E+00 0.0000
    4.7996E+00   0.00000E+00 0.0000
    4.9385E+00   0.00000E+00 0.0000
    5.0814E+00   0.00000E+00 0.0000
    5.2284E+00   0.00000E+00 0.0000
    5.3796E+00   0.00000E+00 0.0000
    5.5352E+00   0.00000E+00 0.0000
    5.6954E+00   0.00000E+00 0.0000
    5.8601E+00   0.00000E+00 0.0000
    6.0297E+00   0.00000E+00 0.0000
    6.2041E+00   0.00000E+00 0.0000
    6.3836E+00   0.00000E+00 0.0000
    6.5683E+00   0.00000E+00 0.0000
    6.7583E+00   0.00000E+00 0.0000
    6.9538E+00   0.00000E+00 0.0000
    7.1550E+00   0.00000E+00 0.0000
    7.3619E+00   0.00000E+00 0.0000
    7.5749E+00   0.00000E+00 0.0000
    7.7941E+00   3.62086E-10 0.5662
    8.0195E+00   1.12595E-10 1.0000
    8.2515E+00   1.29401E-09 0.2997
    8.4902E+00   1.34047E-10 1.0000
    8.7359E+00   3.06482E-09 0.1953
    8.9886E+00   1.13273E-10 1.0000
    9.2486E+00   6.51332E-09 0.1350
    9.5162E+00   6.32277E-10 0.4489
    9.7915E+00   2.35430E-10 0.7073
    1.0075E+01   1.16840E-08 0.1005
    1.0366E+01   6.26851E-10 0.4490
    1.0666E+01   1.34145E-08 0.0949
    1.0975E+01   9.58425E-10 0.3542
    1.1292E+01   1.61892E-08 0.0881
    1.1619E+01   2.14818E-09 0.2439
    1.1955E+01   1.43037E-09 0.3065
    1.2301E+01   2.21835E-08 0.0765
    1.2657E+01   2.77847E-09 0.2109
    1.3023E+01   2.35516E-08 0.0733
    1.3400E+01   4.25336E-09 0.1721
    1.3787E+01   5.25291E-09 0.1526
    1.4186E+01   2.51359E-08 0.0703
    1.4596E+01   5.22380E-09 0.1510
    1.5019E+01   2.57857E-08 0.0671
    1.5453E+01   5.23687E-09 0.1380
    1.5900E+01   2.79617E-08 0.0645
    1.6360E+01   5.66866E-09 0.1221
    1.6834E+01   4.48398E-09 0.1347
    1.7321E+01   3.23776E-08 0.0578
    1.7822E+01   6.49158E-09 0.1130
    1.8337E+01   7.99390E-08 0.0371
    1.8868E+01   3.49725E-08 0.0446
    1.9413E+01   5.85352E-08 0.0355
    1.9975E+01   1.47975E-06 0.0115
    2.0553E+01   7.27169E-07 0.0111
    2.1148E+01   1.10631E-05 0.0055
    2.1759E+01   3.81422E-06 0.0052
    2.2389E+01   4.91779E-06 0.0048
    2.3037E+01   4.88979E-05 0.0032
    2.3703E+01   1.33388E-05 0.0031
    2.4389E+01   1.07523E-04 0.0024
    2.5094E+01   2.51163E-05 0.0024
    2.5820E+01   2.75930E-05 0.0023
    2.6567E+01   1.78797E-04 0.0019
    2.7336E+01   3.45718E-05 0.0020
    2.8127E+01   2.19600E-04 0.0017
    2.8940E+01   3.96913E-05 0.0018
    2.9777E+01   2.27655E-04 0.0016
    3.0639E+01   4.07074E-05 0.0017
    3.1525E+01   3.75533E-05 0.0017
    3.2437E+01   2.14544E-04 0.0016
    3.3376E+01   3.31151E-05 0.0017
    3.4341E+01   1.84502E-04 0.0016
    3.5335E+01   3.27673E-05 0.0016
    3.6357E+01   2.72564E-05 0.0017
    3.7409E+01   1.54255E-04 0.0016
    3.8491E+01   2.30747E-05 0.0017
    3.9604E+01   1.23942E-04 0.0016
    4.0750E+01   2.19308E-05 0.0017
    4.1929E+01   1.76656E-05 0.0017
    4.3142E+01   1.00727E-04 0.0016
    4.4390E+01   1.43773E-05 0.0017
    4.5674E+01   8.02552E-05 0.0016
    4.6996E+01   1.38353E-05 0.0017
    4.8355E+01   1.09505E-05 0.0017
    4.9754E+01   6.53877E-05 0.0016
    5.1193E+01   9.00296E-06 0.0018
    5.2674E+01   5.24635E-05 0.0016
    5.4198E+01   8.96758E-06 0.0017
    5.5766E+01   7.30149E-06 0.0018
    5.7379E+01   4.31024E-05 0.0016
    5.9039E+01   5.75773E-06 0.0018
    6.0747E+01   3.54400E-05 0.0016
    6.2505E+01   5.75249E-06 0.0018
    6.4313E+01   2.82910E-05 0.0016
    6.6174E+01   5.98037E-06 0.0017
    6.8088E+01   3.84834E-06 0.0018
    7.0058E+01   2.45548E-05 0.0016
    7.2084E+01   3.71092E-06 0.0018
    7.4170E+01   1.98922E-05 0.0016
    7.6315E+01   3.93153E-06 0.0018
    7.8523E+01   2.72084E-06 0.0018
    8.0795E+01   1.72735E-05 0.0016
    8.3132E+01   2.40061E-06 0.0018
    8.5537E+01   1.43606E-05 0.0017
    8.8012E+01   2.51958E-06 0.0018
    9.0558E+01   1.17757E-05 0.0017
    9.3178E+01   2.59060E-06 0.0018
    9.5873E+01   1.68254E-06 0.0019
    9.8647E+01   1.05322E-05 0.0017
    1.0150E+02   1.51456E-06 0.0018
    1.0444E+02   8.83138E-06 0.0017
    1.0746E+02   1.51931E-06 0.0018
    1.1057E+02   7.30092E-06 0.0017
    1.1377E+02   1.53484E-06 0.0018
    1.1706E+02   1.04840E-06 0.0019
    1.2044E+02   6.46956E-06 0.0017
    1.2393E+02   9.15173E-07 0.0019
    1.2751E+02   5.46481E-06 0.0017
    1.3120E+02   9.19810E-07 0.0018
    1.3500E+02   4.52538E-06 0.0017
    1.3890E+02   9.39400E-07 0.0018
    1.4292E+02   6.43523E-07 0.0019
    1.4706E+02   4.01059E-06 0.0017
    1.5131E+02   5.74238E-07 0.0019
    1.5569E+02   3.37466E-06 0.0017
    1.6019E+02   5.93203E-07 0.0018
    1.6483E+02   2.79560E-06 0.0017
    1.6959E+02   5.98595E-07 0.0018
    1.7450E+02   3.96055E-07 0.0019
    1.7955E+02   2.49049E-06 0.0017
    1.8474E+02   3.81131E-07 0.0019
    1.9009E+02   2.07235E-06 0.0017
    1.9559E+02   4.01394E-07 0.0018
    2.0124E+02   2.95280E-07 0.0019
    2.0707E+02   1.81516E-06 0.0017
    2.1306E+02   2.57044E-07 0.0019
    2.1922E+02   1.53529E-06 0.0017
    2.2556E+02   2.67383E-07 0.0018
    2.3209E+02   2.31302E-07 0.0019
    2.3880E+02   1.31352E-06 0.0017
    2.4571E+02   1.82126E-07 0.0019
    2.5282E+02   1.13459E-06 0.0017
    2.6013E+02   1.79439E-07 0.0018
    2.6766E+02   9.49616E-07 0.0017
    2.7540E+02   1.88003E-07 0.0018
    2.8337E+02   1.43404E-07 0.0019
    2.9157E+02   8.35430E-07 0.0017
    3.0000E+02   1.21999E-07 0.0019
      total      2.53468E-03 0.0014
 
 cell  552                                                                                                                             
 user bin          -1.00000
    s(e) (MeV/cm)
    1.0000E+00   0.00000E+00 0.0000
    1.0289E+00   0.00000E+00 0.0000
    1.0587E+00   0.00000E+00 0.0000
    1.0893E+00   0.00000E+00 0.0000
    1.1208E+00   0.00000E+00 0.0000
    1.1533E+00   0.00000E+00 0.0000
    1.1866E+00   0.00000E+00 0.0000
    1.2210E+00   0.00000E+00 0.0000
    1.2563E+00   0.00000E+00 0.0000
    1.2926E+00   0.00000E+00 0.0000
    1.3300E+00   0.00000E+00 0.0000
    1.3685E+00   0.00000E+00 0.0000
    1.4081E+00   0.00000E+00 0.0000
    1.4488E+00   0.00000E+00 0.0000
    1.4907E+00   0.00000E+00 0.0000
    1.5339E+00   0.00000E+00 0.0000
    1.5782E+00   0.00000E+00 0.0000
    1.6239E+00   0.00000E+00 0.0000
    1.6709E+00   0.00000E+00 0.0000
    1.7192E+00   0.00000E+00 0.0000
    1.7689E+00   0.00000E+00 0.0000
    1.8201E+00   0.00000E+00 0.0000
    1.8728E+00   0.00000E+00 0.0000
    1.9269E+00   0.00000E+00 0.0000
    1.9827E+00   0.00000E+00 0.0000
    2.0400E+00   0.00000E+00 0.0000
    2.0991E+00   0.00000E+00 0.0000
    2.1598E+00   0.00000E+00 0.0000
    2.2223E+00   0.00000E+00 0.0000
    2.2866E+00   0.00000E+00 0.0000
    2.3527E+00   0.00000E+00 0.0000
    2.4208E+00   0.00000E+00 0.0000
    2.4908E+00   0.00000E+00 0.0000
    2.5629E+00   0.00000E+00 0.0000
    2.6370E+00   0.00000E+00 0.0000
    2.7133E+00   0.00000E+00 0.0000
    2.7918E+00   0.00000E+00 0.0000
    2.8725E+00   0.00000E+00 0.0000
    2.9557E+00   0.00000E+00 0.0000
    3.0412E+00   0.00000E+00 0.0000
    3.1291E+00   0.00000E+00 0.0000
    3.2197E+00   0.00000E+00 0.0000
    3.3128E+00   0.00000E+00 0.0000
    3.4086E+00   0.00000E+00 0.0000
    3.5072E+00   0.00000E+00 0.0000
    3.6087E+00   0.00000E+00 0.0000
    3.7131E+00   0.00000E+00 0.0000
    3.8205E+00   0.00000E+00 0.0000
    3.9311E+00   0.00000E+00 0.0000
    4.0448E+00   0.00000E+00 0.0000
    4.1618E+00   0.00000E+00 0.0000
    4.2822E+00   0.00000E+00 0.0000
    4.4061E+00   0.00000E+00 0.0000
    4.5335E+00   0.00000E+00 0.0000
    4.6647E+00   0.00000E+00 0.0000
    4.7996E+00   0.00000E+00 0.0000
    4.9385E+00   0.00000E+00 0.0000
    5.0814E+00   0.00000E+00 0.0000
    5.2284E+00   0.00000E+00 0.0000
    5.3796E+00   0.00000E+00 0.0000
    5.5352E+00   0.00000E+00 0.0000
    5.6954E+00   0.00000E+00 0.0000
    5.8601E+00   0.00000E+00 0.0000
    6.0297E+00   0.00000E+00 0.0000
    6.2041E+00   0.00000E+00 0.0000
    6.3836E+00   0.00000E+00 0.0000
    6.5683E+00   0.00000E+00 0.0000
    6.7583E+00   0.00000E+00 0.0000
    6.9538E+00   0.00000E+00 0.0000
    7.1550E+00   0.00000E+00 0.0000
    7.3619E+00   0.00000E+00 0.0000
    7.5749E+00   0.00000E+00 0.0000
    7.7941E+00   0.00000E+00 0.0000
    8.0195E+00   0.00000E+00 0.0000
    8.2515E+00   0.00000E+00 0.0000
    8.4902E+00   0.00000E+00 0.0000
    8.7359E+00   0.00000E+00 0.0000
    8.9886E+00   0.00000E+00 0.0000
    9.2486E+00   0.00000E+00 0.0000
    9.5162E+00   0.00000E+00 0.0000
    9.7915E+00   0.00000E+00 0.0000
    1.0075E+01   0.00000E+00 0.0000
    1.0366E+01   0.00000E+00 0.0000
    1.0666E+01   0.00000E+00 0.0000
    1.0975E+01   0.00000E+00 0.0000
    1.1292E+01   0.00000E+00 0.0000
    1.1619E+01   0.00000E+00 0.0000
    1.1955E+01   0.00000E+00 0.0000
    1.2301E+01   0.00000E+00 0.0000
    1.2657E+01   0.00000E+00 0.0000
    1.3023E+01   0.00000E+00 0.0000
    1.3400E+01   0.00000E+00 0.0000
    1.3787E+01   0.00000E+00 0.0000
    1.4186E+01   0.00000E+00 0.0000
    1.4596E+01   0.00000E+00 0.0000
    1.5019E+01   0.00000E+00 0.0000
    1.5453E+01   0.00000E+00 0.0000
    1.5900E+01   0.00000E+00 0.0000
    1.6360E+01   0.00000E+00 0.0000
    1.6834E+01   0.00000E+00 0.0000
    1.7321E+01   0.00000E+00 0.0000
    1.7822E+01   0.00000E+00 0.0000
    1.8337E+01   0.00000E+00 0.0000
    1.8868E+01   0.00000E+00 0.0000
    1.9413E+01   6.56600E-11 1.0000
    1.9975E+01   1.55596E-09 0.2318
    2.0553E+01   1.17388E-09 0.2182
    2.1148E+01   1.96454E-08 0.0638
    2.1759E+01   6.42614E-09 0.0858
    2.2389E+01   1.01978E-08 0.0679
    2.3037E+01   1.04726E-07 0.0259
    2.3703E+01   3.32644E-08 0.0346
    2.4389E+01   3.14496E-07 0.0145
    2.5094E+01   8.29160E-08 0.0205
    2.5820E+01   8.99466E-08 0.0197
    2.6567E+01   6.54883E-07 0.0095
    2.7336E+01   1.39914E-07 0.0144
    2.8127E+01   9.65128E-07 0.0074
    2.8940E+01   1.90249E-07 0.0116
    2.9777E+01   1.18243E-06 0.0063
    3.0639E+01   2.27679E-07 0.0097
    3.1525E+01   2.15475E-07 0.0099
    3.2437E+01   1.30095E-06 0.0056
    3.3376E+01   2.13717E-07 0.0093
    3.4341E+01   1.25198E-06 0.0053
    3.5335E+01   2.30535E-07 0.0083
    3.6357E+01   1.99907E-07 0.0089
    3.7409E+01   1.15179E-06 0.0052
    3.8491E+01   1.76842E-07 0.0088
    3.9604E+01   9.87985E-07 0.0052
    4.0750E+01   1.78719E-07 0.0081
    4.1929E+01   1.45573E-07 0.0089
    4.3142E+01   8.43075E-07 0.0053
    4.4390E+01   1.23220E-07 0.0090
    4.5674E+01   6.94246E-07 0.0054
    4.6996E+01   1.20501E-07 0.0084
    4.8355E+01   9.79369E-08 0.0093
    4.9754E+01   5.78862E-07 0.0055
    5.1193E+01   8.20842E-08 0.0094
    5.2674E+01   4.72397E-07 0.0056
    5.4198E+01   8.22671E-08 0.0087
    5.5766E+01   6.57605E-08 0.0097
    5.7379E+01   3.92269E-07 0.0057
    5.9039E+01   5.27657E-08 0.0100
    6.0747E+01   3.25710E-07 0.0059
    6.2505E+01   5.30776E-08 0.0093
    6.4313E+01   2.59177E-07 0.0060
    6.6174E+01   5.46327E-08 0.0084
    6.8088E+01   3.56997E-08 0.0104
    7.0058E+01   2.25203E-07 0.0061
    7.2084E+01   3.43299E-08 0.0099
    7.4170E+01   1.82706E-07 0.0062
    7.6315E+01   3.66071E-08 0.0088
    7.8523E+01   2.44841E-08 0.0108
    8.0795E+01   1.58609E-07 0.0062
    8.3132E+01   2.21679E-08 0.0105
    8.5537E+01   1.31190E-07 0.0063
    8.8012E+01   2.32169E-08 0.0095
    9.0558E+01   1.07462E-07 0.0064
    9.3178E+01   2.36204E-08 0.0087
    9.5873E+01   1.53879E-08 0.0108
    9.8647E+01   9.55590E-08 0.0064
    1.0150E+02   1.37881E-08 0.0106
    1.0444E+02   8.03979E-08 0.0065
    1.0746E+02   1.38236E-08 0.0098
    1.1057E+02   6.60212E-08 0.0065
    1.1377E+02   1.37245E-08 0.0091
    1.1706E+02   9.43625E-09 0.0110
    1.2044E+02   5.80822E-08 0.0065
    1.2393E+02   8.33001E-09 0.0108
    1.2751E+02   4.88805E-08 0.0066
    1.3120E+02   8.29374E-09 0.0100
    1.3500E+02   4.04979E-08 0.0066
    1.3890E+02   8.39015E-09 0.0093
    1.4292E+02   5.78979E-09 0.0111
    1.4706E+02   3.57893E-08 0.0066
    1.5131E+02   5.08411E-09 0.0110
    1.5569E+02   3.00484E-08 0.0067
    1.6019E+02   5.26110E-09 0.0100
    1.6483E+02   2.48789E-08 0.0067
    1.6959E+02   5.26837E-09 0.0093
    1.7450E+02   3.53567E-09 0.0113
    1.7955E+02   2.20731E-08 0.0067
    1.8474E+02   3.37036E-09 0.0107
    1.9009E+02   1.83680E-08 0.0067
    1.9559E+02   3.53666E-09 0.0097
    2.0124E+02   2.62022E-09 0.0113
    2.0707E+02   1.60626E-08 0.0067
    2.1306E+02   2.27722E-09 0.0112
    2.1922E+02   1.35646E-08 0.0067
    2.2556E+02   2.37777E-09 0.0101
    2.3209E+02   2.02971E-09 0.0109
    2.3880E+02   1.15970E-08 0.0067
    2.4571E+02   1.61204E-09 0.0114
    2.5282E+02   9.99601E-09 0.0067
    2.6013E+02   1.58771E-09 0.0106
    2.6766E+02   8.37861E-09 0.0067
    2.7540E+02   1.67756E-09 0.0095
    2.8337E+02   1.27821E-09 0.0109
    2.9157E+02   7.36127E-09 0.0067
    3.0000E+02   1.08934E-09 0.0110
      total      1.61086E-05 0.0025
 
 cell  552                                                                                                                             
 user bin 10000000000.00000
    s(e) (MeV/cm)
    1.0000E+00   0.00000E+00 0.0000
    1.0289E+00   0.00000E+00 0.0000
    1.0587E+00   0.00000E+00 0.0000
    1.0893E+00   0.00000E+00 0.0000
    1.1208E+00   0.00000E+00 0.0000
    1.1533E+00   0.00000E+00 0.0000
    1.1866E+00   0.00000E+00 0.0000
    1.2210E+00   0.00000E+00 0.0000
    1.2563E+00   0.00000E+00 0.0000
    1.2926E+00   0.00000E+00 0.0000
    1.3300E+00   0.00000E+00 0.0000
    1.3685E+00   0.00000E+00 0.0000
    1.4081E+00   0.00000E+00 0.0000
    1.4488E+00   0.00000E+00 0.0000
    1.4907E+00   0.00000E+00 0.0000
    1.5339E+00   0.00000E+00 0.0000
    1.5782E+00   0.00000E+00 0.0000
    1.6239E+00   0.00000E+00 0.0000
    1.6709E+00   0.00000E+00 0.0000
    1.7192E+00   0.00000E+00 0.0000
    1.7689E+00   0.00000E+00 0.0000
    1.8201E+00   0.00000E+00 0.0000
    1.8728E+00   0.00000E+00 0.0000
    1.9269E+00   0.00000E+00 0.0000
    1.9827E+00   0.00000E+00 0.0000
    2.0400E+00   0.00000E+00 0.0000
    2.0991E+00   0.00000E+00 0.0000
    2.1598E+00   0.00000E+00 0.0000
    2.2223E+00   0.00000E+00 0.0000
    2.2866E+00   0.00000E+00 0.0000
    2.3527E+00   0.00000E+00 0.0000
    2.4208E+00   0.00000E+00 0.0000
    2.4908E+00   0.00000E+00 0.0000
    2.5629E+00   0.00000E+00 0.0000
    2.6370E+00   0.00000E+00 0.0000
    2.7133E+00   0.00000E+00 0.0000
    2.7918E+00   0.00000E+00 0.0000
    2.8725E+00   0.00000E+00 0.0000
    2.9557E+00   0.00000E+00 0.0000
    3.0412E+00   0.00000E+00 0.0000
    3.1291E+00   0.00000E+00 0.0000
    3.2197E+00   0.00000E+00 0.0000
    3.3128E+00   0.00000E+00 0.0000
    3.4086E+00   0.00000E+00 0.0000
    3.5072E+00   0.00000E+00 0.0000
    3.6087E+00   0.00000E+00 0.0000
    3.7131E+00   0.00000E+00 0.0000
    3.8205E+00   0.00000E+00 0.0000
    3.9311E+00   0.00000E+00 0.0000
    4.0448E+00   0.00000E+00 0.0000
    4.1618E+00   0.00000E+00 0.0000
    4.2822E+00   0.00000E+00 0.0000
    4.4061E+00   0.00000E+00 0.0000
    4.5335E+00   0.00000E+00 0.0000
    4.6647E+00   0.00000E+00 0.0000
    4.7996E+00   0.00000E+00 0.0000
    4.9385E+00   0.00000E+00 0.0000
    5.0814E+00   0.00000E+00 0.0000
    5.2284E+00   0.00000E+00 0.0000
    5.3796E+00   0.00000E+00 0.0000
    5.5352E+00   0.00000E+00 0.0000
    5.6954E+00   0.00000E+00 0.0000
    5.8601E+00   0.00000E+00 0.0000
    6.0297E+00   0.00000E+00 0.0000
    6.2041E+00   0.00000E+00 0.0000
    6.3836E+00   0.00000E+00 0.0000
    6.5683E+00   0.00000E+00 0.0000
    6.7583E+00   0.00000E+00 0.0000
    6.9538E+00   0.00000E+00 0.0000
    7.1550E+00   0.00000E+00 0.0000
    7.3619E+00   0.00000E+00 0.0000
    7.5749E+00   0.00000E+00 0.0000
    7.7941E+00   4.69658E-10 0.5010
    8.0195E+00   0.00000E+00 0.0000
    8.2515E+00   1.24947E-09 0.3019
    8.4902E+00   3.61618E-10 0.5797
    8.7359E+00   3.31403E-09 0.1884
    8.9886E+00   0.00000E+00 0.0000
    9.2486E+00   6.02538E-09 0.1407
    9.5162E+00   7.86484E-10 0.3847
    9.7915E+00   2.35451E-10 0.7072
    1.0075E+01   1.11002E-08 0.1032
    1.0366E+01   1.19807E-09 0.3182
    1.0666E+01   1.36475E-08 0.0944
    1.0975E+01   1.25109E-09 0.3188
    1.1292E+01   1.52381E-08 0.0904
    1.1619E+01   2.56725E-09 0.2225
    1.1955E+01   1.82020E-09 0.2552
    1.2301E+01   2.21049E-08 0.0758
    1.2657E+01   2.66431E-09 0.2228
    1.3023E+01   2.33499E-08 0.0762
    1.3400E+01   3.48127E-09 0.1877
    1.3787E+01   3.71306E-09 0.1813
    1.4186E+01   2.70347E-08 0.0682
    1.4596E+01   5.89482E-09 0.1418
    1.5019E+01   2.79843E-08 0.0667
    1.5453E+01   4.28717E-09 0.1538
    1.5900E+01   2.84634E-08 0.0649
    1.6360E+01   4.30413E-09 0.1379
    1.6834E+01   4.45391E-09 0.1374
    1.7321E+01   3.17244E-08 0.0593
    1.7822E+01   5.18907E-09 0.1178
    1.8337E+01   3.71113E-08 0.0538
    1.8868E+01   9.21380E-09 0.0837
    1.9413E+01   1.14137E-08 0.0747
    1.9975E+01   2.16317E-07 0.0239
    2.0553E+01   1.16298E-07 0.0248
    2.1148E+01   2.14574E-06 0.0098
    2.1759E+01   8.58886E-07 0.0095
    2.2389E+01   1.15544E-06 0.0085
    2.3037E+01   1.35422E-05 0.0049
    2.3703E+01   4.25483E-06 0.0047
    2.4389E+01   3.91646E-05 0.0033
    2.5094E+01   1.02455E-05 0.0032
    2.5820E+01   1.16950E-05 0.0031
    2.6567E+01   8.42674E-05 0.0024
    2.7336E+01   1.82291E-05 0.0024
    2.8127E+01   1.25816E-04 0.0021
    2.8940E+01   2.49940E-05 0.0021
    2.9777E+01   1.54436E-04 0.0018
    3.0639E+01   2.97549E-05 0.0019
    3.1525E+01   2.82058E-05 0.0019
    3.2437E+01   1.70163E-04 0.0017
    3.3376E+01   2.81170E-05 0.0018
    3.4341E+01   1.64009E-04 0.0016
    3.5335E+01   3.05563E-05 0.0017
    3.6357E+01   2.60697E-05 0.0017
    3.7409E+01   1.52396E-04 0.0016
    3.8491E+01   2.39195E-05 0.0017
    3.9604E+01   1.32253E-04 0.0016
    4.0750E+01   2.41409E-05 0.0016
    4.1929E+01   1.98006E-05 0.0017
    4.3142E+01   1.14832E-04 0.0016
    4.4390E+01   1.68897E-05 0.0017
    4.5674E+01   9.58544E-05 0.0016
    4.6996E+01   1.68170E-05 0.0016
    4.8355E+01   1.35062E-05 0.0017
    4.9754E+01   8.10595E-05 0.0016
    5.1193E+01   1.13445E-05 0.0017
    5.2674E+01   6.67117E-05 0.0016
    5.4198E+01   1.14880E-05 0.0017
    5.5766E+01   9.44442E-06 0.0017
    5.7379E+01   5.58157E-05 0.0016
    5.9039E+01   7.52187E-06 0.0017
    6.0747E+01   4.64757E-05 0.0016
    6.2505E+01   7.58623E-06 0.0017
    6.4313E+01   3.74252E-05 0.0016
    6.6174E+01   7.93223E-06 0.0017
    6.8088E+01   5.11672E-06 0.0017
    7.0058E+01   3.26705E-05 0.0016
    7.2084E+01   4.95444E-06 0.0017
    7.4170E+01   2.65576E-05 0.0016
    7.6315E+01   5.24807E-06 0.0017
    7.8523E+01   3.64244E-06 0.0017
    8.0795E+01   2.30904E-05 0.0016
    8.3132E+01   3.21476E-06 0.0017
    8.5537E+01   1.92055E-05 0.0016
    8.8012E+01   3.37534E-06 0.0017
    9.0558E+01   1.57550E-05 0.0016
    9.3178E+01   3.46611E-06 0.0017
    9.5873E+01   2.25255E-06 0.0018
    9.8647E+01   1.40819E-05 0.0016
    1.0150E+02   2.02775E-06 0.0017
    1.0444E+02   1.17997E-05 0.0016
    1.0746E+02   2.03661E-06 0.0017
    1.1057E+02   9.75034E-06 0.0016
    1.1377E+02   2.04710E-06 0.0017
    1.1706E+02   1.40182E-06 0.0018
    1.2044E+02   8.63069E-06 0.0016
    1.2393E+02   1.22191E-06 0.0018
    1.2751E+02   7.28483E-06 0.0016
    1.3120E+02   1.22445E-06 0.0017
    1.3500E+02   6.02837E-06 0.0016
    1.3890E+02   1.24862E-06 0.0017
    1.4292E+02   8.57317E-07 0.0018
    1.4706E+02   5.33266E-06 0.0016
    1.5131E+02   7.63258E-07 0.0018
    1.5569E+02   4.48406E-06 0.0016
    1.6019E+02   7.87222E-07 0.0017
    1.6483E+02   3.71187E-06 0.0016
    1.6959E+02   7.95495E-07 0.0017
    1.7450E+02   5.25043E-07 0.0018
    1.7955E+02   3.30461E-06 0.0016
    1.8474E+02   5.05169E-07 0.0017
    1.9009E+02   2.74781E-06 0.0016
    1.9559E+02   5.32606E-07 0.0017
    2.0124E+02   3.90529E-07 0.0018
    2.0707E+02   2.40575E-06 0.0016
    2.1306E+02   3.40130E-07 0.0018
    2.1922E+02   2.03366E-06 0.0016
    2.2556E+02   3.54115E-07 0.0017
    2.3209E+02   3.05812E-07 0.0018
    2.3880E+02   1.73983E-06 0.0016
    2.4571E+02   2.40438E-07 0.0018
    2.5282E+02   1.50209E-06 0.0016
    2.6013E+02   2.37183E-07 0.0017
    2.6766E+02   1.25668E-06 0.0016
    2.7540E+02   2.48960E-07 0.0017
    2.8337E+02   1.89382E-07 0.0018
    2.9157E+02   1.10566E-06 0.0016
    3.0000E+02   1.61260E-07 0.0018
      total      2.17573E-03 0.0015
 
 cell  552                                                                                                                             
 user bin total
    s(e) (MeV/cm)
    1.0000E+00   0.00000E+00 0.0000
    1.0289E+00   0.00000E+00 0.0000
    1.0587E+00   0.00000E+00 0.0000
    1.0893E+00   0.00000E+00 0.0000
    1.1208E+00   0.00000E+00 0.0000
    1.1533E+00   0.00000E+00 0.0000
    1.1866E+00   0.00000E+00 0.0000
    1.2210E+00   0.00000E+00 0.0000
    1.2563E+00   0.00000E+00 0.0000
    1.2926E+00   0.00000E+00 0.0000
    1.3300E+00   0.00000E+00 0.0000
    1.3685E+00   0.00000E+00 0.0000
    1.4081E+00   0.00000E+00 0.0000
    1.4488E+00   0.00000E+00 0.0000
    1.4907E+00   0.00000E+00 0.0000
    1.5339E+00   0.00000E+00 0.0000
    1.5782E+00   0.00000E+00 0.0000
    1.6239E+00   0.00000E+00 0.0000
    1.6709E+00   0.00000E+00 0.0000
    1.7192E+00   0.00000E+00 0.0000
    1.7689E+00   0.00000E+00 0.0000
    1.8201E+00   0.00000E+00 0.0000
    1.8728E+00   0.00000E+00 0.0000
    1.9269E+00   0.00000E+00 0.0000
    1.9827E+00   0.00000E+00 0.0000
    2.0400E+00   0.00000E+00 0.0000
    2.0991E+00   0.00000E+00 0.0000
    2.1598E+00   0.00000E+00 0.0000
    2.2223E+00   0.00000E+00 0.0000
    2.2866E+00   0.00000E+00 0.0000
    2.3527E+00   0.00000E+00 0.0000
    2.4208E+00   0.00000E+00 0.0000
    2.4908E+00   0.00000E+00 0.0000
    2.5629E+00   0.00000E+00 0.0000
    2.6370E+00   0.00000E+00 0.0000
    2.7133E+00   0.00000E+00 0.0000
    2.7918E+00   0.00000E+00 0.0000
    2.8725E+00   0.00000E+00 0.0000
    2.9557E+00   0.00000E+00 0.0000
    3.0412E+00   0.00000E+00 0.0000
    3.1291E+00   0.00000E+00 0.0000
    3.2197E+00   0.00000E+00 0.0000
    3.3128E+00   0.00000E+00 0.0000
    3.4086E+00   0.00000E+00 0.0000
    3.5072E+00   0.00000E+00 0.0000
    3.6087E+00   0.00000E+00 0.0000
    3.7131E+00   0.00000E+00 0.0000
    3.8205E+00   0.00000E+00 0.0000
    3.9311E+00   0.00000E+00 0.0000
    4.0448E+00   0.00000E+00 0.0000
    4.1618E+00   0.00000E+00 0.0000
    4.2822E+00   0.00000E+00 0.0000
    4.4061E+00   0.00000E+00 0.0000
    4.5335E+00   0.00000E+00 0.0000
    4.6647E+00   0.00000E+00 0.0000
    4.7996E+00   0.00000E+00 0.0000
    4.9385E+00   0.00000E+00 0.0000
    5.0814E+00   0.00000E+00 0.0000
    5.2284E+00   0.00000E+00 0.0000
    5.3796E+00   0.00000E+00 0.0000
    5.5352E+00   0.00000E+00 0.0000
    5.6954E+00   0.00000E+00 0.0000
    5.8601E+00   0.00000E+00 0.0000
    6.0297E+00   0.00000E+00 0.0000
    6.2041E+00   0.00000E+00 0.0000
    6.3836E+00   0.00000E+00 0.0000
    6.5683E+00   0.00000E+00 0.0000
    6.7583E+00   0.00000E+00 0.0000
    6.9538E+00   0.00000E+00 0.0000
    7.1550E+00   0.00000E+00 0.0000
    7.3619E+00   0.00000E+00 0.0000
    7.5749E+00   0.00000E+00 0.0000
    7.7941E+00   4.69658E-10 0.5010
    8.0195E+00   0.00000E+00 0.0000
    8.2515E+00   1.24947E-09 0.3019
    8.4902E+00   3.61618E-10 0.5797
    8.7359E+00   3.31403E-09 0.1884
    8.9886E+00   0.00000E+00 0.0000
    9.2486E+00   6.02538E-09 0.1407
    9.5162E+00   7.86484E-10 0.3847
    9.7915E+00   2.35451E-10 0.7072
    1.0075E+01   1.11002E-08 0.1032
    1.0366E+01   1.19807E-09 0.3182
    1.0666E+01   1.36475E-08 0.0944
    1.0975E+01   1.25109E-09 0.3188
    1.1292E+01   1.52381E-08 0.0904
    1.1619E+01   2.56725E-09 0.2225
    1.1955E+01   1.82020E-09 0.2552
    1.2301E+01   2.21049E-08 0.0758
    1.2657E+01   2.66431E-09 0.2228
    1.3023E+01   2.33499E-08 0.0762
    1.3400E+01   3.48127E-09 0.1877
    1.3787E+01   3.71306E-09 0.1813
    1.4186E+01   2.70347E-08 0.0682
    1.4596E+01   5.89482E-09 0.1418
    1.5019E+01   2.79843E-08 0.0667
    1.5453E+01   4.28717E-09 0.1538
    1.5900E+01   2.84634E-08 0.0649
    1.6360E+01   4.30413E-09 0.1379
    1.6834E+01   4.45391E-09 0.1374
    1.7321E+01   3.17244E-08 0.0593
    1.7822E+01   5.18907E-09 0.1178
    1.8337E+01   3.71113E-08 0.0538
    1.8868E+01   9.21380E-09 0.0837
    1.9413E+01   1.14794E-08 0.0748
    1.9975E+01   2.17873E-07 0.0238
    2.0553E+01   1.17472E-07 0.0247
    2.1148E+01   2.16538E-06 0.0098
    2.1759E+01   8.65312E-07 0.0095
    2.2389E+01   1.16564E-06 0.0085
    2.3037E+01   1.36469E-05 0.0049
    2.3703E+01   4.28810E-06 0.0047
    2.4389E+01   3.94791E-05 0.0033
    2.5094E+01   1.03284E-05 0.0032
    2.5820E+01   1.17849E-05 0.0031
    2.6567E+01   8.49223E-05 0.0024
    2.7336E+01   1.83690E-05 0.0024
    2.8127E+01   1.26781E-04 0.0021
    2.8940E+01   2.51843E-05 0.0021
    2.9777E+01   1.55619E-04 0.0018
    3.0639E+01   2.99826E-05 0.0019
    3.1525E+01   2.84213E-05 0.0019
    3.2437E+01   1.71464E-04 0.0017
    3.3376E+01   2.83307E-05 0.0018
    3.4341E+01   1.65261E-04 0.0016
    3.5335E+01   3.07869E-05 0.0017
    3.6357E+01   2.62697E-05 0.0017
    3.7409E+01   1.53548E-04 0.0016
    3.8491E+01   2.40964E-05 0.0017
    3.9604E+01   1.33241E-04 0.0016
    4.0750E+01   2.43196E-05 0.0016
    4.1929E+01   1.99462E-05 0.0017
    4.3142E+01   1.15675E-04 0.0016
    4.4390E+01   1.70129E-05 0.0017
    4.5674E+01   9.65487E-05 0.0016
    4.6996E+01   1.69375E-05 0.0016
    4.8355E+01   1.36042E-05 0.0017
    4.9754E+01   8.16383E-05 0.0016
    5.1193E+01   1.14266E-05 0.0017
    5.2674E+01   6.71841E-05 0.0016
    5.4198E+01   1.15703E-05 0.0017
    5.5766E+01   9.51018E-06 0.0017
    5.7379E+01   5.62080E-05 0.0016
    5.9039E+01   7.57464E-06 0.0017
    6.0747E+01   4.68015E-05 0.0016
    6.2505E+01   7.63931E-06 0.0017
    6.4313E+01   3.76844E-05 0.0016
    6.6174E+01   7.98686E-06 0.0017
    6.8088E+01   5.15242E-06 0.0017
    7.0058E+01   3.28957E-05 0.0016
    7.2084E+01   4.98877E-06 0.0017
    7.4170E+01   2.67403E-05 0.0016
    7.6315E+01   5.28467E-06 0.0017
    7.8523E+01   3.66693E-06 0.0017
    8.0795E+01   2.32490E-05 0.0016
    8.3132E+01   3.23692E-06 0.0017
    8.5537E+01   1.93366E-05 0.0016
    8.8012E+01   3.39855E-06 0.0017
    9.0558E+01   1.58624E-05 0.0016
    9.3178E+01   3.48973E-06 0.0017
    9.5873E+01   2.26794E-06 0.0018
    9.8647E+01   1.41775E-05 0.0016
    1.0150E+02   2.04154E-06 0.0017
    1.0444E+02   1.18801E-05 0.0016
    1.0746E+02   2.05043E-06 0.0017
    1.1057E+02   9.81636E-06 0.0016
    1.1377E+02   2.06083E-06 0.0017
    1.1706E+02   1.41126E-06 0.0018
    1.2044E+02   8.68877E-06 0.0016
    1.2393E+02   1.23024E-06 0.0018
    1.2751E+02   7.33371E-06 0.0016
    1.3120E+02   1.23275E-06 0.0017
    1.3500E+02   6.06887E-06 0.0016
    1.3890E+02   1.25701E-06 0.0017
    1.4292E+02   8.63107E-07 0.0018
    1.4706E+02   5.36845E-06 0.0016
    1.5131E+02   7.68342E-07 0.0018
    1.5569E+02   4.51411E-06 0.0016
    1.6019E+02   7.92484E-07 0.0017
    1.6483E+02   3.73675E-06 0.0016
    1.6959E+02   8.00763E-07 0.0017
    1.7450E+02   5.28579E-07 0.0018
    1.7955E+02   3.32668E-06 0.0016
    1.8474E+02   5.08540E-07 0.0017
    1.9009E+02   2.76618E-06 0.0016
    1.9559E+02   5.36142E-07 0.0017
    2.0124E+02   3.93149E-07 0.0018
    2.0707E+02   2.42181E-06 0.0016
    2.1306E+02   3.42408E-07 0.0018
    2.1922E+02   2.04723E-06 0.0016
    2.2556E+02   3.56493E-07 0.0017
    2.3209E+02   3.07841E-07 0.0018
    2.3880E+02   1.75142E-06 0.0016
    2.4571E+02   2.42050E-07 0.0018
    2.5282E+02   1.51209E-06 0.0016
    2.6013E+02   2.38770E-07 0.0017
    2.6766E+02   1.26506E-06 0.0016
    2.7540E+02   2.50638E-07 0.0017
    2.8337E+02   1.90660E-07 0.0018
    2.9157E+02   1.11303E-06 0.0016
    3.0000E+02   1.62349E-07 0.0018
      total      2.19184E-03 0.0015
 
 cell  553                                                                                                                             
 user bin          -1.00000
    s(e) (MeV/cm)
    1.0000E+00   0.00000E+00 0.0000
    1.0289E+00   0.00000E+00 0.0000
    1.0587E+00   0.00000E+00 0.0000
    1.0893E+00   0.00000E+00 0.0000
    1.1208E+00   0.00000E+00 0.0000
    1.1533E+00   0.00000E+00 0.0000
    1.1866E+00   0.00000E+00 0.0000
    1.2210E+00   0.00000E+00 0.0000
    1.2563E+00   0.00000E+00 0.0000
    1.2926E+00   0.00000E+00 0.0000
    1.3300E+00   0.00000E+00 0.0000
    1.3685E+00   0.00000E+00 0.0000
    1.4081E+00   0.00000E+00 0.0000
    1.4488E+00   0.00000E+00 0.0000
    1.4907E+00   0.00000E+00 0.0000
    1.5339E+00   0.00000E+00 0.0000
    1.5782E+00   0.00000E+00 0.0000
    1.6239E+00   0.00000E+00 0.0000
    1.6709E+00   0.00000E+00 0.0000
    1.7192E+00   0.00000E+00 0.0000
    1.7689E+00   0.00000E+00 0.0000
    1.8201E+00   0.00000E+00 0.0000
    1.8728E+00   0.00000E+00 0.0000
    1.9269E+00   0.00000E+00 0.0000
    1.9827E+00   0.00000E+00 0.0000
    2.0400E+00   0.00000E+00 0.0000
    2.0991E+00   0.00000E+00 0.0000
    2.1598E+00   0.00000E+00 0.0000
    2.2223E+00   0.00000E+00 0.0000
    2.2866E+00   0.00000E+00 0.0000
    2.3527E+00   0.00000E+00 0.0000
    2.4208E+00   0.00000E+00 0.0000
    2.4908E+00   0.00000E+00 0.0000
    2.5629E+00   0.00000E+00 0.0000
    2.6370E+00   0.00000E+00 0.0000
    2.7133E+00   0.00000E+00 0.0000
    2.7918E+00   0.00000E+00 0.0000
    2.8725E+00   0.00000E+00 0.0000
    2.9557E+00   0.00000E+00 0.0000
    3.0412E+00   0.00000E+00 0.0000
    3.1291E+00   0.00000E+00 0.0000
    3.2197E+00   0.00000E+00 0.0000
    3.3128E+00   0.00000E+00 0.0000
    3.4086E+00   0.00000E+00 0.0000
    3.5072E+00   0.00000E+00 0.0000
    3.6087E+00   0.00000E+00 0.0000
    3.7131E+00   0.00000E+00 0.0000
    3.8205E+00   0.00000E+00 0.0000
    3.9311E+00   0.00000E+00 0.0000
    4.0448E+00   0.00000E+00 0.0000
    4.1618E+00   0.00000E+00 0.0000
    4.2822E+00   0.00000E+00 0.0000
    4.4061E+00   0.00000E+00 0.0000
    4.5335E+00   0.00000E+00 0.0000
    4.6647E+00   0.00000E+00 0.0000
    4.7996E+00   0.00000E+00 0.0000
    4.9385E+00   0.00000E+00 0.0000
    5.0814E+00   0.00000E+00 0.0000
    5.2284E+00   0.00000E+00 0.0000
    5.3796E+00   0.00000E+00 0.0000
    5.5352E+00   0.00000E+00 0.0000
    5.6954E+00   0.00000E+00 0.0000
    5.8601E+00   0.00000E+00 0.0000
    6.0297E+00   0.00000E+00 0.0000
    6.2041E+00   0.00000E+00 0.0000
    6.3836E+00   0.00000E+00 0.0000
    6.5683E+00   0.00000E+00 0.0000
    6.7583E+00   0.00000E+00 0.0000
    6.9538E+00   0.00000E+00 0.0000
    7.1550E+00   0.00000E+00 0.0000
    7.3619E+00   0.00000E+00 0.0000
    7.5749E+00   0.00000E+00 0.0000
    7.7941E+00   0.00000E+00 0.0000
    8.0195E+00   0.00000E+00 0.0000
    8.2515E+00   0.00000E+00 0.0000
    8.4902E+00   0.00000E+00 0.0000
    8.7359E+00   0.00000E+00 0.0000
    8.9886E+00   0.00000E+00 0.0000
    9.2486E+00   0.00000E+00 0.0000
    9.5162E+00   0.00000E+00 0.0000
    9.7915E+00   0.00000E+00 0.0000
    1.0075E+01   0.00000E+00 0.0000
    1.0366E+01   0.00000E+00 0.0000
    1.0666E+01   0.00000E+00 0.0000
    1.0975E+01   0.00000E+00 0.0000
    1.1292E+01   0.00000E+00 0.0000
    1.1619E+01   0.00000E+00 0.0000
    1.1955E+01   0.00000E+00 0.0000
    1.2301E+01   0.00000E+00 0.0000
    1.2657E+01   0.00000E+00 0.0000
    1.3023E+01   0.00000E+00 0.0000
    1.3400E+01   0.00000E+00 0.0000
    1.3787E+01   0.00000E+00 0.0000
    1.4186E+01   0.00000E+00 0.0000
    1.4596E+01   0.00000E+00 0.0000
    1.5019E+01   0.00000E+00 0.0000
    1.5453E+01   0.00000E+00 0.0000
    1.5900E+01   0.00000E+00 0.0000
    1.6360E+01   0.00000E+00 0.0000
    1.6834E+01   0.00000E+00 0.0000
    1.7321E+01   0.00000E+00 0.0000
    1.7822E+01   0.00000E+00 0.0000
    1.8337E+01   0.00000E+00 0.0000
    1.8868E+01   0.00000E+00 0.0000
    1.9413E+01   0.00000E+00 0.0000
    1.9975E+01   1.68437E-10 0.5774
    2.0553E+01   5.61456E-11 1.0000
    2.1148E+01   2.88397E-09 0.1663
    2.1759E+01   1.21535E-09 0.1979
    2.2389E+01   1.55125E-09 0.1753
    2.3037E+01   2.50029E-08 0.0541
    2.3703E+01   8.30107E-09 0.0693
    2.4389E+01   8.25229E-08 0.0279
    2.5094E+01   2.50435E-08 0.0374
    2.5820E+01   3.02165E-08 0.0340
    2.6567E+01   2.42647E-07 0.0155
    2.7336E+01   5.88277E-08 0.0223
    2.8127E+01   4.30676E-07 0.0111
    2.8940E+01   8.99057E-08 0.0169
    2.9777E+01   6.12828E-07 0.0087
    3.0639E+01   1.26211E-07 0.0130
    3.1525E+01   1.25295E-07 0.0131
    3.2437E+01   7.91104E-07 0.0072
    3.3376E+01   1.40923E-07 0.0114
    3.4341E+01   8.63315E-07 0.0064
    3.5335E+01   1.67045E-07 0.0098
    3.6357E+01   1.49220E-07 0.0103
    3.7409E+01   8.99768E-07 0.0059
    3.8491E+01   1.48566E-07 0.0096
    3.9604E+01   8.45789E-07 0.0056
    4.0750E+01   1.61179E-07 0.0085
    4.1929E+01   1.34071E-07 0.0093
    4.3142E+01   7.94327E-07 0.0054
    4.4390E+01   1.21720E-07 0.0090
    4.5674E+01   6.96978E-07 0.0054
    4.6996E+01   1.26781E-07 0.0082
    4.8355E+01   1.01683E-07 0.0091
    4.9754E+01   6.19086E-07 0.0053
    5.1193E+01   8.83985E-08 0.0090
    5.2674E+01   5.28099E-07 0.0053
    5.4198E+01   9.18974E-08 0.0082
    5.5766E+01   7.71247E-08 0.0090
    5.7379E+01   4.53850E-07 0.0053
    5.9039E+01   6.18934E-08 0.0092
    6.0747E+01   3.85528E-07 0.0054
    6.2505E+01   6.33233E-08 0.0085
    6.4313E+01   3.16452E-07 0.0054
    6.6174E+01   6.68463E-08 0.0076
    6.8088E+01   4.37016E-08 0.0094
    7.0058E+01   2.79740E-07 0.0055
    7.2084E+01   4.25172E-08 0.0088
    7.4170E+01   2.29566E-07 0.0055
    7.6315E+01   4.57603E-08 0.0079
    7.8523E+01   3.15328E-08 0.0095
    8.0795E+01   2.01206E-07 0.0055
    8.3132E+01   2.79705E-08 0.0093
    8.5537E+01   1.68398E-07 0.0056
    8.8012E+01   2.96094E-08 0.0084
    9.0558E+01   1.38522E-07 0.0056
    9.3178E+01   3.08648E-08 0.0076
    9.5873E+01   1.99807E-08 0.0095
    9.8647E+01   1.24657E-07 0.0056
    1.0150E+02   1.80934E-08 0.0092
    1.0444E+02   1.04505E-07 0.0056
    1.0746E+02   1.83253E-08 0.0085
    1.1057E+02   8.66686E-08 0.0057
    1.1377E+02   1.83887E-08 0.0079
    1.1706E+02   1.24349E-08 0.0096
    1.2044E+02   7.71462E-08 0.0057
    1.2393E+02   1.10560E-08 0.0094
    1.2751E+02   6.51100E-08 0.0057
    1.3120E+02   1.09404E-08 0.0087
    1.3500E+02   5.39680E-08 0.0057
    1.3890E+02   1.12194E-08 0.0080
    1.4292E+02   7.63219E-09 0.0097
    1.4706E+02   4.78177E-08 0.0057
    1.5131E+02   6.80849E-09 0.0095
    1.5569E+02   4.01644E-08 0.0057
    1.6019E+02   7.07126E-09 0.0086
    1.6483E+02   3.31818E-08 0.0058
    1.6959E+02   7.21135E-09 0.0079
    1.7450E+02   4.65161E-09 0.0099
    1.7955E+02   2.96078E-08 0.0058
    1.8474E+02   4.53038E-09 0.0092
    1.9009E+02   2.46211E-08 0.0058
    1.9559E+02   4.77239E-09 0.0083
    2.0124E+02   3.51221E-09 0.0097
    2.0707E+02   2.15466E-08 0.0058
    2.1306E+02   3.02768E-09 0.0097
    2.1922E+02   1.82390E-08 0.0058
    2.2556E+02   3.18299E-09 0.0087
    2.3209E+02   2.68603E-09 0.0095
    2.3880E+02   1.56408E-08 0.0058
    2.4571E+02   2.14340E-09 0.0099
    2.5282E+02   1.34989E-08 0.0058
    2.6013E+02   2.13480E-09 0.0091
    2.6766E+02   1.12396E-08 0.0058
    2.7540E+02   2.24453E-09 0.0082
    2.8337E+02   1.69434E-09 0.0095
    2.9157E+02   9.91221E-09 0.0058
    3.0000E+02   1.46625E-09 0.0094
      total      1.29904E-05 0.0028
 
 cell  553                                                                                                                             
 user bin 10000000000.00000
    s(e) (MeV/cm)
    1.0000E+00   0.00000E+00 0.0000
    1.0289E+00   0.00000E+00 0.0000
    1.0587E+00   0.00000E+00 0.0000
    1.0893E+00   0.00000E+00 0.0000
    1.1208E+00   0.00000E+00 0.0000
    1.1533E+00   0.00000E+00 0.0000
    1.1866E+00   0.00000E+00 0.0000
    1.2210E+00   0.00000E+00 0.0000
    1.2563E+00   0.00000E+00 0.0000
    1.2926E+00   0.00000E+00 0.0000
    1.3300E+00   0.00000E+00 0.0000
    1.3685E+00   0.00000E+00 0.0000
    1.4081E+00   0.00000E+00 0.0000
    1.4488E+00   0.00000E+00 0.0000
    1.4907E+00   0.00000E+00 0.0000
    1.5339E+00   0.00000E+00 0.0000
    1.5782E+00   0.00000E+00 0.0000
    1.6239E+00   0.00000E+00 0.0000
    1.6709E+00   0.00000E+00 0.0000
    1.7192E+00   0.00000E+00 0.0000
    1.7689E+00   0.00000E+00 0.0000
    1.8201E+00   0.00000E+00 0.0000
    1.8728E+00   0.00000E+00 0.0000
    1.9269E+00   0.00000E+00 0.0000
    1.9827E+00   0.00000E+00 0.0000
    2.0400E+00   0.00000E+00 0.0000
    2.0991E+00   0.00000E+00 0.0000
    2.1598E+00   0.00000E+00 0.0000
    2.2223E+00   0.00000E+00 0.0000
    2.2866E+00   0.00000E+00 0.0000
    2.3527E+00   0.00000E+00 0.0000
    2.4208E+00   0.00000E+00 0.0000
    2.4908E+00   0.00000E+00 0.0000
    2.5629E+00   0.00000E+00 0.0000
    2.6370E+00   0.00000E+00 0.0000
    2.7133E+00   0.00000E+00 0.0000
    2.7918E+00   0.00000E+00 0.0000
    2.8725E+00   0.00000E+00 0.0000
    2.9557E+00   0.00000E+00 0.0000
    3.0412E+00   0.00000E+00 0.0000
    3.1291E+00   0.00000E+00 0.0000
    3.2197E+00   0.00000E+00 0.0000
    3.3128E+00   0.00000E+00 0.0000
    3.4086E+00   0.00000E+00 0.0000
    3.5072E+00   0.00000E+00 0.0000
    3.6087E+00   0.00000E+00 0.0000
    3.7131E+00   0.00000E+00 0.0000
    3.8205E+00   0.00000E+00 0.0000
    3.9311E+00   0.00000E+00 0.0000
    4.0448E+00   0.00000E+00 0.0000
    4.1618E+00   0.00000E+00 0.0000
    4.2822E+00   0.00000E+00 0.0000
    4.4061E+00   0.00000E+00 0.0000
    4.5335E+00   0.00000E+00 0.0000
    4.6647E+00   0.00000E+00 0.0000
    4.7996E+00   0.00000E+00 0.0000
    4.9385E+00   0.00000E+00 0.0000
    5.0814E+00   0.00000E+00 0.0000
    5.2284E+00   0.00000E+00 0.0000
    5.3796E+00   0.00000E+00 0.0000
    5.5352E+00   0.00000E+00 0.0000
    5.6954E+00   0.00000E+00 0.0000
    5.8601E+00   0.00000E+00 0.0000
    6.0297E+00   0.00000E+00 0.0000
    6.2041E+00   0.00000E+00 0.0000
    6.3836E+00   0.00000E+00 0.0000
    6.5683E+00   0.00000E+00 0.0000
    6.7583E+00   0.00000E+00 0.0000
    6.9538E+00   0.00000E+00 0.0000
    7.1550E+00   0.00000E+00 0.0000
    7.3619E+00   0.00000E+00 0.0000
    7.5749E+00   0.00000E+00 0.0000
    7.7941E+00   6.23022E-10 0.4165
    8.0195E+00   0.00000E+00 0.0000
    8.2515E+00   1.24638E-09 0.2960
    8.4902E+00   2.02979E-10 0.7107
    8.7359E+00   3.22551E-09 0.1906
    8.9886E+00   3.53128E-10 0.5777
    9.2486E+00   5.69728E-09 0.1448
    9.5162E+00   7.79678E-10 0.4123
    9.7915E+00   6.88898E-10 0.4148
    1.0075E+01   1.05718E-08 0.1071
    1.0366E+01   1.19296E-09 0.3213
    1.0666E+01   1.45554E-08 0.0956
    1.0975E+01   2.19454E-09 0.2463
    1.1292E+01   1.48830E-08 0.0911
    1.1619E+01   2.01540E-09 0.2539
    1.1955E+01   2.59135E-09 0.2341
    1.2301E+01   2.26420E-08 0.0750
    1.2657E+01   2.66612E-09 0.2207
    1.3023E+01   2.14728E-08 0.0770
    1.3400E+01   3.85645E-09 0.1800
    1.3787E+01   3.95827E-09 0.1778
    1.4186E+01   2.56069E-08 0.0705
    1.4596E+01   4.85884E-09 0.1559
    1.5019E+01   2.61735E-08 0.0676
    1.5453E+01   5.26808E-09 0.1386
    1.5900E+01   2.80887E-08 0.0647
    1.6360E+01   5.35810E-09 0.1243
    1.6834E+01   4.77267E-09 0.1327
    1.7321E+01   3.04247E-08 0.0599
    1.7822E+01   4.86839E-09 0.1211
    1.8337E+01   3.28065E-08 0.0560
    1.8868E+01   6.13120E-09 0.1011
    1.9413E+01   6.04029E-09 0.1024
    1.9975E+01   5.37760E-08 0.0436
    2.0553E+01   1.96404E-08 0.0556
    2.1148E+01   3.29727E-07 0.0196
    2.1759E+01   1.43546E-07 0.0207
    2.2389E+01   2.04886E-07 0.0176
    2.3037E+01   2.86516E-06 0.0084
    2.3703E+01   1.00128E-06 0.0083
    2.4389E+01   1.07454E-05 0.0051
    2.5094E+01   3.16831E-06 0.0050
    2.5820E+01   3.75361E-06 0.0047
    2.6567E+01   3.03065E-05 0.0034
    2.7336E+01   7.29688E-06 0.0034
    2.8127E+01   5.47385E-05 0.0027
    2.8940E+01   1.18769E-05 0.0027
    2.9777E+01   7.95730E-05 0.0023
    3.0639E+01   1.65456E-05 0.0023
    3.1525E+01   1.61981E-05 0.0023
    3.2437E+01   1.03483E-04 0.0020
    3.3376E+01   1.84085E-05 0.0021
    3.4341E+01   1.12720E-04 0.0018
    3.5335E+01   2.21342E-05 0.0019
    3.6357E+01   1.94285E-05 0.0019
    3.7409E+01   1.17452E-04 0.0017
    3.8491E+01   1.93992E-05 0.0018
    3.9604E+01   1.10945E-04 0.0017
    4.0750E+01   2.09893E-05 0.0017
    4.1929E+01   1.76091E-05 0.0018
    4.3142E+01   1.04263E-04 0.0016
    4.4390E+01   1.59280E-05 0.0017
    4.5674E+01   9.22319E-05 0.0016
    4.6996E+01   1.66303E-05 0.0017
    4.8355E+01   1.35810E-05 0.0017
    4.9754E+01   8.24220E-05 0.0016
    5.1193E+01   1.18499E-05 0.0017
    5.2674E+01   7.06920E-05 0.0016
    5.4198E+01   1.23855E-05 0.0017
    5.5766E+01   1.03065E-05 0.0017
    5.7379E+01   6.13697E-05 0.0016
    5.9039E+01   8.43083E-06 0.0017
    6.0747E+01   5.24357E-05 0.0016
    6.2505E+01   8.65388E-06 0.0017
    6.4313E+01   4.31788E-05 0.0016
    6.6174E+01   9.20480E-06 0.0016
    6.8088E+01   6.01238E-06 0.0017
    7.0058E+01   3.84613E-05 0.0016
    7.2084E+01   5.87447E-06 0.0017
    7.4170E+01   3.17567E-05 0.0016
    7.6315E+01   6.30378E-06 0.0016
    7.8523E+01   4.39903E-06 0.0017
    8.0795E+01   2.79672E-05 0.0016
    8.3132E+01   3.91191E-06 0.0017
    8.5537E+01   2.34843E-05 0.0016
    8.8012E+01   4.13694E-06 0.0016
    9.0558E+01   1.94213E-05 0.0016
    9.3178E+01   4.28326E-06 0.0016
    9.5873E+01   2.79213E-06 0.0017
    9.8647E+01   1.74807E-05 0.0016
    1.0150E+02   2.52285E-06 0.0017
    1.0444E+02   1.47282E-05 0.0016
    1.0746E+02   2.54133E-06 0.0016
    1.1057E+02   1.22228E-05 0.0016
    1.1377E+02   2.57018E-06 0.0016
    1.1706E+02   1.76300E-06 0.0017
    1.2044E+02   1.08644E-05 0.0016
    1.2393E+02   1.54023E-06 0.0017
    1.2751E+02   9.19924E-06 0.0016
    1.3120E+02   1.54684E-06 0.0017
    1.3500E+02   7.63145E-06 0.0016
    1.3890E+02   1.58265E-06 0.0016
    1.4292E+02   1.08585E-06 0.0017
    1.4706E+02   6.76723E-06 0.0016
    1.5131E+02   9.69325E-07 0.0017
    1.5569E+02   5.70061E-06 0.0016
    1.6019E+02   1.00262E-06 0.0017
    1.6483E+02   4.72567E-06 0.0016
    1.6959E+02   1.01244E-06 0.0016
    1.7450E+02   6.69198E-07 0.0017
    1.7955E+02   4.21342E-06 0.0016
    1.8474E+02   6.43728E-07 0.0017
    1.9009E+02   3.50730E-06 0.0016
    1.9559E+02   6.79408E-07 0.0016
    2.0124E+02   4.98751E-07 0.0017
    2.0707E+02   3.07325E-06 0.0016
    2.1306E+02   4.35223E-07 0.0017
    2.1922E+02   2.59935E-06 0.0016
    2.2556E+02   4.53036E-07 0.0017
    2.3209E+02   3.91418E-07 0.0017
    2.3880E+02   2.22491E-06 0.0016
    2.4571E+02   3.08549E-07 0.0017
    2.5282E+02   1.92195E-06 0.0016
    2.6013E+02   3.03982E-07 0.0017
    2.6766E+02   1.60889E-06 0.0016
    2.7540E+02   3.18554E-07 0.0016
    2.8337E+02   2.42832E-07 0.0017
    2.9157E+02   1.41601E-06 0.0016
    3.0000E+02   2.06574E-07 0.0017
      total      1.72723E-03 0.0015
 
 cell  553                                                                                                                             
 user bin total
    s(e) (MeV/cm)
    1.0000E+00   0.00000E+00 0.0000
    1.0289E+00   0.00000E+00 0.0000
    1.0587E+00   0.00000E+00 0.0000
    1.0893E+00   0.00000E+00 0.0000
    1.1208E+00   0.00000E+00 0.0000
    1.1533E+00   0.00000E+00 0.0000
    1.1866E+00   0.00000E+00 0.0000
    1.2210E+00   0.00000E+00 0.0000
    1.2563E+00   0.00000E+00 0.0000
    1.2926E+00   0.00000E+00 0.0000
    1.3300E+00   0.00000E+00 0.0000
    1.3685E+00   0.00000E+00 0.0000
    1.4081E+00   0.00000E+00 0.0000
    1.4488E+00   0.00000E+00 0.0000
    1.4907E+00   0.00000E+00 0.0000
    1.5339E+00   0.00000E+00 0.0000
    1.5782E+00   0.00000E+00 0.0000
    1.6239E+00   0.00000E+00 0.0000
    1.6709E+00   0.00000E+00 0.0000
    1.7192E+00   0.00000E+00 0.0000
    1.7689E+00   0.00000E+00 0.0000
    1.8201E+00   0.00000E+00 0.0000
    1.8728E+00   0.00000E+00 0.0000
    1.9269E+00   0.00000E+00 0.0000
    1.9827E+00   0.00000E+00 0.0000
    2.0400E+00   0.00000E+00 0.0000
    2.0991E+00   0.00000E+00 0.0000
    2.1598E+00   0.00000E+00 0.0000
    2.2223E+00   0.00000E+00 0.0000
    2.2866E+00   0.00000E+00 0.0000
    2.3527E+00   0.00000E+00 0.0000
    2.4208E+00   0.00000E+00 0.0000
    2.4908E+00   0.00000E+00 0.0000
    2.5629E+00   0.00000E+00 0.0000
    2.6370E+00   0.00000E+00 0.0000
    2.7133E+00   0.00000E+00 0.0000
    2.7918E+00   0.00000E+00 0.0000
    2.8725E+00   0.00000E+00 0.0000
    2.9557E+00   0.00000E+00 0.0000
    3.0412E+00   0.00000E+00 0.0000
    3.1291E+00   0.00000E+00 0.0000
    3.2197E+00   0.00000E+00 0.0000
    3.3128E+00   0.00000E+00 0.0000
    3.4086E+00   0.00000E+00 0.0000
    3.5072E+00   0.00000E+00 0.0000
    3.6087E+00   0.00000E+00 0.0000
    3.7131E+00   0.00000E+00 0.0000
    3.8205E+00   0.00000E+00 0.0000
    3.9311E+00   0.00000E+00 0.0000
    4.0448E+00   0.00000E+00 0.0000
    4.1618E+00   0.00000E+00 0.0000
    4.2822E+00   0.00000E+00 0.0000
    4.4061E+00   0.00000E+00 0.0000
    4.5335E+00   0.00000E+00 0.0000
    4.6647E+00   0.00000E+00 0.0000
    4.7996E+00   0.00000E+00 0.0000
    4.9385E+00   0.00000E+00 0.0000
    5.0814E+00   0.00000E+00 0.0000
    5.2284E+00   0.00000E+00 0.0000
    5.3796E+00   0.00000E+00 0.0000
    5.5352E+00   0.00000E+00 0.0000
    5.6954E+00   0.00000E+00 0.0000
    5.8601E+00   0.00000E+00 0.0000
    6.0297E+00   0.00000E+00 0.0000
    6.2041E+00   0.00000E+00 0.0000
    6.3836E+00   0.00000E+00 0.0000
    6.5683E+00   0.00000E+00 0.0000
    6.7583E+00   0.00000E+00 0.0000
    6.9538E+00   0.00000E+00 0.0000
    7.1550E+00   0.00000E+00 0.0000
    7.3619E+00   0.00000E+00 0.0000
    7.5749E+00   0.00000E+00 0.0000
    7.7941E+00   6.23022E-10 0.4165
    8.0195E+00   0.00000E+00 0.0000
    8.2515E+00   1.24638E-09 0.2960
    8.4902E+00   2.02979E-10 0.7107
    8.7359E+00   3.22551E-09 0.1906
    8.9886E+00   3.53128E-10 0.5777
    9.2486E+00   5.69728E-09 0.1448
    9.5162E+00   7.79678E-10 0.4123
    9.7915E+00   6.88898E-10 0.4148
    1.0075E+01   1.05718E-08 0.1071
    1.0366E+01   1.19296E-09 0.3213
    1.0666E+01   1.45554E-08 0.0956
    1.0975E+01   2.19454E-09 0.2463
    1.1292E+01   1.48830E-08 0.0911
    1.1619E+01   2.01540E-09 0.2539
    1.1955E+01   2.59135E-09 0.2341
    1.2301E+01   2.26420E-08 0.0750
    1.2657E+01   2.66612E-09 0.2207
    1.3023E+01   2.14728E-08 0.0770
    1.3400E+01   3.85645E-09 0.1800
    1.3787E+01   3.95827E-09 0.1778
    1.4186E+01   2.56069E-08 0.0705
    1.4596E+01   4.85884E-09 0.1559
    1.5019E+01   2.61735E-08 0.0676
    1.5453E+01   5.26808E-09 0.1386
    1.5900E+01   2.80887E-08 0.0647
    1.6360E+01   5.35810E-09 0.1243
    1.6834E+01   4.77267E-09 0.1327
    1.7321E+01   3.04247E-08 0.0599
    1.7822E+01   4.86839E-09 0.1211
    1.8337E+01   3.28065E-08 0.0560
    1.8868E+01   6.13120E-09 0.1011
    1.9413E+01   6.04029E-09 0.1024
    1.9975E+01   5.39444E-08 0.0435
    2.0553E+01   1.96966E-08 0.0555
    2.1148E+01   3.32611E-07 0.0196
    2.1759E+01   1.44761E-07 0.0206
    2.2389E+01   2.06437E-07 0.0176
    2.3037E+01   2.89016E-06 0.0083
    2.3703E+01   1.00958E-06 0.0083
    2.4389E+01   1.08279E-05 0.0051
    2.5094E+01   3.19335E-06 0.0050
    2.5820E+01   3.78382E-06 0.0047
    2.6567E+01   3.05491E-05 0.0034
    2.7336E+01   7.35571E-06 0.0034
    2.8127E+01   5.51692E-05 0.0027
    2.8940E+01   1.19668E-05 0.0027
    2.9777E+01   8.01858E-05 0.0023
    3.0639E+01   1.66718E-05 0.0023
    3.1525E+01   1.63234E-05 0.0023
    3.2437E+01   1.04274E-04 0.0020
    3.3376E+01   1.85495E-05 0.0021
    3.4341E+01   1.13583E-04 0.0018
    3.5335E+01   2.23012E-05 0.0019
    3.6357E+01   1.95777E-05 0.0019
    3.7409E+01   1.18352E-04 0.0017
    3.8491E+01   1.95477E-05 0.0018
    3.9604E+01   1.11790E-04 0.0017
    4.0750E+01   2.11505E-05 0.0017
    4.1929E+01   1.77432E-05 0.0018
    4.3142E+01   1.05057E-04 0.0016
    4.4390E+01   1.60498E-05 0.0017
    4.5674E+01   9.29289E-05 0.0016
    4.6996E+01   1.67571E-05 0.0017
    4.8355E+01   1.36826E-05 0.0017
    4.9754E+01   8.30411E-05 0.0016
    5.1193E+01   1.19383E-05 0.0017
    5.2674E+01   7.12201E-05 0.0016
    5.4198E+01   1.24774E-05 0.0017
    5.5766E+01   1.03836E-05 0.0017
    5.7379E+01   6.18236E-05 0.0016
    5.9039E+01   8.49272E-06 0.0017
    6.0747E+01   5.28212E-05 0.0016
    6.2505E+01   8.71720E-06 0.0017
    6.4313E+01   4.34953E-05 0.0016
    6.6174E+01   9.27165E-06 0.0016
    6.8088E+01   6.05608E-06 0.0017
    7.0058E+01   3.87410E-05 0.0016
    7.2084E+01   5.91699E-06 0.0017
    7.4170E+01   3.19863E-05 0.0016
    7.6315E+01   6.34954E-06 0.0016
    7.8523E+01   4.43056E-06 0.0017
    8.0795E+01   2.81684E-05 0.0016
    8.3132E+01   3.93988E-06 0.0017
    8.5537E+01   2.36527E-05 0.0016
    8.8012E+01   4.16655E-06 0.0016
    9.0558E+01   1.95598E-05 0.0016
    9.3178E+01   4.31413E-06 0.0016
    9.5873E+01   2.81211E-06 0.0017
    9.8647E+01   1.76053E-05 0.0016
    1.0150E+02   2.54095E-06 0.0017
    1.0444E+02   1.48327E-05 0.0016
    1.0746E+02   2.55966E-06 0.0016
    1.1057E+02   1.23094E-05 0.0016
    1.1377E+02   2.58857E-06 0.0016
    1.1706E+02   1.77543E-06 0.0017
    1.2044E+02   1.09415E-05 0.0016
    1.2393E+02   1.55128E-06 0.0017
    1.2751E+02   9.26435E-06 0.0016
    1.3120E+02   1.55778E-06 0.0017
    1.3500E+02   7.68541E-06 0.0016
    1.3890E+02   1.59387E-06 0.0016
    1.4292E+02   1.09349E-06 0.0017
    1.4706E+02   6.81504E-06 0.0016
    1.5131E+02   9.76133E-07 0.0017
    1.5569E+02   5.74078E-06 0.0016
    1.6019E+02   1.00969E-06 0.0017
    1.6483E+02   4.75885E-06 0.0016
    1.6959E+02   1.01965E-06 0.0016
    1.7450E+02   6.73849E-07 0.0017
    1.7955E+02   4.24302E-06 0.0016
    1.8474E+02   6.48258E-07 0.0017
    1.9009E+02   3.53192E-06 0.0016
    1.9559E+02   6.84181E-07 0.0016
    2.0124E+02   5.02263E-07 0.0017
    2.0707E+02   3.09480E-06 0.0016
    2.1306E+02   4.38251E-07 0.0017
    2.1922E+02   2.61759E-06 0.0016
    2.2556E+02   4.56219E-07 0.0017
    2.3209E+02   3.94104E-07 0.0017
    2.3880E+02   2.24055E-06 0.0016
    2.4571E+02   3.10692E-07 0.0017
    2.5282E+02   1.93545E-06 0.0016
    2.6013E+02   3.06117E-07 0.0017
    2.6766E+02   1.62013E-06 0.0016
    2.7540E+02   3.20799E-07 0.0016
    2.8337E+02   2.44527E-07 0.0017
    2.9157E+02   1.42592E-06 0.0016
    3.0000E+02   2.08040E-07 0.0017
      total      1.74022E-03 0.0015
 
 cell  554                                                                                                                             
 user bin          -1.00000
    s(e) (MeV/cm)
    1.0000E+00   0.00000E+00 0.0000
    1.0289E+00   0.00000E+00 0.0000
    1.0587E+00   0.00000E+00 0.0000
    1.0893E+00   0.00000E+00 0.0000
    1.1208E+00   0.00000E+00 0.0000
    1.1533E+00   0.00000E+00 0.0000
    1.1866E+00   0.00000E+00 0.0000
    1.2210E+00   0.00000E+00 0.0000
    1.2563E+00   0.00000E+00 0.0000
    1.2926E+00   0.00000E+00 0.0000
    1.3300E+00   0.00000E+00 0.0000
    1.3685E+00   0.00000E+00 0.0000
    1.4081E+00   0.00000E+00 0.0000
    1.4488E+00   0.00000E+00 0.0000
    1.4907E+00   0.00000E+00 0.0000
    1.5339E+00   0.00000E+00 0.0000
    1.5782E+00   0.00000E+00 0.0000
    1.6239E+00   0.00000E+00 0.0000
    1.6709E+00   0.00000E+00 0.0000
    1.7192E+00   0.00000E+00 0.0000
    1.7689E+00   0.00000E+00 0.0000
    1.8201E+00   0.00000E+00 0.0000
    1.8728E+00   0.00000E+00 0.0000
    1.9269E+00   0.00000E+00 0.0000
    1.9827E+00   0.00000E+00 0.0000
    2.0400E+00   0.00000E+00 0.0000
    2.0991E+00   0.00000E+00 0.0000
    2.1598E+00   0.00000E+00 0.0000
    2.2223E+00   0.00000E+00 0.0000
    2.2866E+00   0.00000E+00 0.0000
    2.3527E+00   0.00000E+00 0.0000
    2.4208E+00   0.00000E+00 0.0000
    2.4908E+00   0.00000E+00 0.0000
    2.5629E+00   0.00000E+00 0.0000
    2.6370E+00   0.00000E+00 0.0000
    2.7133E+00   0.00000E+00 0.0000
    2.7918E+00   0.00000E+00 0.0000
    2.8725E+00   0.00000E+00 0.0000
    2.9557E+00   0.00000E+00 0.0000
    3.0412E+00   0.00000E+00 0.0000
    3.1291E+00   0.00000E+00 0.0000
    3.2197E+00   0.00000E+00 0.0000
    3.3128E+00   0.00000E+00 0.0000
    3.4086E+00   0.00000E+00 0.0000
    3.5072E+00   0.00000E+00 0.0000
    3.6087E+00   0.00000E+00 0.0000
    3.7131E+00   0.00000E+00 0.0000
    3.8205E+00   0.00000E+00 0.0000
    3.9311E+00   0.00000E+00 0.0000
    4.0448E+00   0.00000E+00 0.0000
    4.1618E+00   0.00000E+00 0.0000
    4.2822E+00   0.00000E+00 0.0000
    4.4061E+00   0.00000E+00 0.0000
    4.5335E+00   0.00000E+00 0.0000
    4.6647E+00   0.00000E+00 0.0000
    4.7996E+00   0.00000E+00 0.0000
    4.9385E+00   0.00000E+00 0.0000
    5.0814E+00   0.00000E+00 0.0000
    5.2284E+00   0.00000E+00 0.0000
    5.3796E+00   0.00000E+00 0.0000
    5.5352E+00   0.00000E+00 0.0000
    5.6954E+00   0.00000E+00 0.0000
    5.8601E+00   0.00000E+00 0.0000
    6.0297E+00   0.00000E+00 0.0000
    6.2041E+00   0.00000E+00 0.0000
    6.3836E+00   0.00000E+00 0.0000
    6.5683E+00   0.00000E+00 0.0000
    6.7583E+00   0.00000E+00 0.0000
    6.9538E+00   0.00000E+00 0.0000
    7.1550E+00   0.00000E+00 0.0000
    7.3619E+00   0.00000E+00 0.0000
    7.5749E+00   0.00000E+00 0.0000
    7.7941E+00   0.00000E+00 0.0000
    8.0195E+00   0.00000E+00 0.0000
    8.2515E+00   0.00000E+00 0.0000
    8.4902E+00   0.00000E+00 0.0000
    8.7359E+00   0.00000E+00 0.0000
    8.9886E+00   0.00000E+00 0.0000
    9.2486E+00   0.00000E+00 0.0000
    9.5162E+00   0.00000E+00 0.0000
    9.7915E+00   0.00000E+00 0.0000
    1.0075E+01   0.00000E+00 0.0000
    1.0366E+01   0.00000E+00 0.0000
    1.0666E+01   0.00000E+00 0.0000
    1.0975E+01   0.00000E+00 0.0000
    1.1292E+01   0.00000E+00 0.0000
    1.1619E+01   0.00000E+00 0.0000
    1.1955E+01   0.00000E+00 0.0000
    1.2301E+01   0.00000E+00 0.0000
    1.2657E+01   0.00000E+00 0.0000
    1.3023E+01   0.00000E+00 0.0000
    1.3400E+01   0.00000E+00 0.0000
    1.3787E+01   0.00000E+00 0.0000
    1.4186E+01   0.00000E+00 0.0000
    1.4596E+01   0.00000E+00 0.0000
    1.5019E+01   0.00000E+00 0.0000
    1.5453E+01   0.00000E+00 0.0000
    1.5900E+01   0.00000E+00 0.0000
    1.6360E+01   0.00000E+00 0.0000
    1.6834E+01   0.00000E+00 0.0000
    1.7321E+01   0.00000E+00 0.0000
    1.7822E+01   0.00000E+00 0.0000
    1.8337E+01   0.00000E+00 0.0000
    1.8868E+01   0.00000E+00 0.0000
    1.9413E+01   0.00000E+00 0.0000
    1.9975E+01   0.00000E+00 0.0000
    2.0553E+01   0.00000E+00 0.0000
    2.1148E+01   2.40007E-10 0.5292
    2.1759E+01   2.88008E-10 0.4082
    2.2389E+01   3.36010E-10 0.3780
    2.3037E+01   3.60448E-09 0.1317
    2.3703E+01   1.50626E-09 0.1646
    2.4389E+01   1.99537E-08 0.0577
    2.5094E+01   5.46033E-09 0.0800
    2.5820E+01   7.54091E-09 0.0682
    2.6567E+01   6.16676E-08 0.0304
    2.7336E+01   1.74851E-08 0.0410
    2.8127E+01   1.43865E-07 0.0190
    2.8940E+01   3.46639E-08 0.0272
    2.9777E+01   2.48556E-07 0.0137
    3.0639E+01   5.35466E-08 0.0200
    3.1525E+01   5.55346E-08 0.0197
    3.2437E+01   3.68320E-07 0.0105
    3.3376E+01   7.15010E-08 0.0161
    3.4341E+01   4.46453E-07 0.0089
    3.5335E+01   9.30140E-08 0.0131
    3.6357E+01   8.47163E-08 0.0137
    3.7409E+01   5.26718E-07 0.0077
    3.8491E+01   9.10251E-08 0.0122
    3.9604E+01   5.44525E-07 0.0070
    4.0750E+01   1.05976E-07 0.0105
    4.1929E+01   9.16826E-08 0.0113
    4.3142E+01   5.56646E-07 0.0065
    4.4390E+01   8.95722E-08 0.0105
    4.5674E+01   5.23612E-07 0.0062
    4.6996E+01   9.68284E-08 0.0094
    4.8355E+01   8.21396E-08 0.0102
    4.9754E+01   4.97810E-07 0.0059
    5.1193E+01   7.41857E-08 0.0099
    5.2674E+01   4.46739E-07 0.0058
    5.4198E+01   7.94496E-08 0.0088
    5.5766E+01   6.71506E-08 0.0096
    5.7379E+01   4.03643E-07 0.0057
    5.9039E+01   5.73876E-08 0.0096
    6.0747E+01   3.56136E-07 0.0056
    6.2505E+01   5.98847E-08 0.0087
    6.4313E+01   3.00890E-07 0.0055
    6.6174E+01   6.45116E-08 0.0078
    6.8088E+01   4.23218E-08 0.0096
    7.0058E+01   2.73207E-07 0.0055
    7.2084E+01   4.21611E-08 0.0089
    7.4170E+01   2.30116E-07 0.0055
    7.6315E+01   4.57400E-08 0.0079
    7.8523E+01   3.25042E-08 0.0094
    8.0795E+01   2.06097E-07 0.0055
    8.3132E+01   2.89614E-08 0.0092
    8.5537E+01   1.75012E-07 0.0055
    8.8012E+01   3.11658E-08 0.0082
    9.0558E+01   1.45879E-07 0.0055
    9.3178E+01   3.24484E-08 0.0074
    9.5873E+01   2.11153E-08 0.0092
    9.8647E+01   1.32850E-07 0.0054
    1.0150E+02   1.92545E-08 0.0089
    1.0444E+02   1.12210E-07 0.0055
    1.0746E+02   1.95422E-08 0.0082
    1.1057E+02   9.39043E-08 0.0055
    1.1377E+02   1.97450E-08 0.0076
    1.1706E+02   1.36447E-08 0.0091
    1.2044E+02   8.38348E-08 0.0054
    1.2393E+02   1.20180E-08 0.0090
    1.2751E+02   7.12736E-08 0.0054
    1.3120E+02   1.21800E-08 0.0083
    1.3500E+02   5.94703E-08 0.0054
    1.3890E+02   1.24073E-08 0.0076
    1.4292E+02   8.48728E-09 0.0092
    1.4706E+02   5.29196E-08 0.0054
    1.5131E+02   7.61137E-09 0.0090
    1.5569E+02   4.46985E-08 0.0054
    1.6019E+02   7.86837E-09 0.0082
    1.6483E+02   3.71987E-08 0.0054
    1.6959E+02   7.96031E-09 0.0075
    1.7450E+02   5.29234E-09 0.0092
    1.7955E+02   3.31953E-08 0.0054
    1.8474E+02   5.09734E-09 0.0087
    1.9009E+02   2.76730E-08 0.0054
    1.9559E+02   5.36145E-09 0.0079
    2.0124E+02   3.93179E-09 0.0092
    2.0707E+02   2.43668E-08 0.0054
    2.1306E+02   3.42830E-09 0.0091
    2.1922E+02   2.05703E-08 0.0054
    2.2556E+02   3.56572E-09 0.0083
    2.3209E+02   3.12310E-09 0.0088
    2.3880E+02   1.76193E-08 0.0054
    2.4571E+02   2.42173E-09 0.0093
    2.5282E+02   1.52637E-08 0.0054
    2.6013E+02   2.40971E-09 0.0086
    2.6766E+02   1.27615E-08 0.0054
    2.7540E+02   2.53361E-09 0.0078
    2.8337E+02   1.93415E-09 0.0089
    2.9157E+02   1.12292E-08 0.0054
    3.0000E+02   1.65468E-09 0.0089
      total      9.17401E-06 0.0033
 
 cell  554                                                                                                                             
 user bin 10000000000.00000
    s(e) (MeV/cm)
    1.0000E+00   0.00000E+00 0.0000
    1.0289E+00   0.00000E+00 0.0000
    1.0587E+00   0.00000E+00 0.0000
    1.0893E+00   0.00000E+00 0.0000
    1.1208E+00   0.00000E+00 0.0000
    1.1533E+00   0.00000E+00 0.0000
    1.1866E+00   0.00000E+00 0.0000
    1.2210E+00   0.00000E+00 0.0000
    1.2563E+00   0.00000E+00 0.0000
    1.2926E+00   0.00000E+00 0.0000
    1.3300E+00   0.00000E+00 0.0000
    1.3685E+00   0.00000E+00 0.0000
    1.4081E+00   0.00000E+00 0.0000
    1.4488E+00   0.00000E+00 0.0000
    1.4907E+00   0.00000E+00 0.0000
    1.5339E+00   0.00000E+00 0.0000
    1.5782E+00   0.00000E+00 0.0000
    1.6239E+00   0.00000E+00 0.0000
    1.6709E+00   0.00000E+00 0.0000
    1.7192E+00   0.00000E+00 0.0000
    1.7689E+00   0.00000E+00 0.0000
    1.8201E+00   0.00000E+00 0.0000
    1.8728E+00   0.00000E+00 0.0000
    1.9269E+00   0.00000E+00 0.0000
    1.9827E+00   0.00000E+00 0.0000
    2.0400E+00   0.00000E+00 0.0000
    2.0991E+00   0.00000E+00 0.0000
    2.1598E+00   0.00000E+00 0.0000
    2.2223E+00   0.00000E+00 0.0000
    2.2866E+00   0.00000E+00 0.0000
    2.3527E+00   0.00000E+00 0.0000
    2.4208E+00   0.00000E+00 0.0000
    2.4908E+00   0.00000E+00 0.0000
    2.5629E+00   0.00000E+00 0.0000
    2.6370E+00   0.00000E+00 0.0000
    2.7133E+00   0.00000E+00 0.0000
    2.7918E+00   0.00000E+00 0.0000
    2.8725E+00   0.00000E+00 0.0000
    2.9557E+00   0.00000E+00 0.0000
    3.0412E+00   0.00000E+00 0.0000
    3.1291E+00   0.00000E+00 0.0000
    3.2197E+00   0.00000E+00 0.0000
    3.3128E+00   0.00000E+00 0.0000
    3.4086E+00   0.00000E+00 0.0000
    3.5072E+00   0.00000E+00 0.0000
    3.6087E+00   0.00000E+00 0.0000
    3.7131E+00   0.00000E+00 0.0000
    3.8205E+00   0.00000E+00 0.0000
    3.9311E+00   0.00000E+00 0.0000
    4.0448E+00   0.00000E+00 0.0000
    4.1618E+00   0.00000E+00 0.0000
    4.2822E+00   0.00000E+00 0.0000
    4.4061E+00   0.00000E+00 0.0000
    4.5335E+00   0.00000E+00 0.0000
    4.6647E+00   0.00000E+00 0.0000
    4.7996E+00   0.00000E+00 0.0000
    4.9385E+00   0.00000E+00 0.0000
    5.0814E+00   0.00000E+00 0.0000
    5.2284E+00   0.00000E+00 0.0000
    5.3796E+00   0.00000E+00 0.0000
    5.5352E+00   0.00000E+00 0.0000
    5.6954E+00   0.00000E+00 0.0000
    5.8601E+00   0.00000E+00 0.0000
    6.0297E+00   0.00000E+00 0.0000
    6.2041E+00   0.00000E+00 0.0000
    6.3836E+00   0.00000E+00 0.0000
    6.5683E+00   0.00000E+00 0.0000
    6.7583E+00   0.00000E+00 0.0000
    6.9538E+00   0.00000E+00 0.0000
    7.1550E+00   2.91057E-12 1.0000
    7.3619E+00   0.00000E+00 0.0000
    7.5749E+00   0.00000E+00 0.0000
    7.7941E+00   7.13441E-10 0.4089
    8.0195E+00   0.00000E+00 0.0000
    8.2515E+00   1.33078E-09 0.2873
    8.4902E+00   1.16394E-10 1.0000
    8.7359E+00   3.28613E-09 0.1893
    8.9886E+00   2.33060E-10 0.7074
    9.2486E+00   5.64241E-09 0.1414
    9.5162E+00   6.51308E-10 0.4493
    9.7915E+00   7.44017E-10 0.4108
    1.0075E+01   1.04346E-08 0.1074
    1.0366E+01   6.38191E-10 0.4316
    1.0666E+01   1.41933E-08 0.0926
    1.0975E+01   1.62903E-09 0.2720
    1.1292E+01   1.66653E-08 0.0870
    1.1619E+01   1.56363E-09 0.2803
    1.1955E+01   1.51713E-09 0.2692
    1.2301E+01   2.07612E-08 0.0802
    1.2657E+01   3.93224E-09 0.1779
    1.3023E+01   2.16958E-08 0.0769
    1.3400E+01   2.84697E-09 0.2094
    1.3787E+01   4.54293E-09 0.1661
    1.4186E+01   2.50121E-08 0.0705
    1.4596E+01   4.90872E-09 0.1551
    1.5019E+01   2.89153E-08 0.0662
    1.5453E+01   5.34842E-09 0.1376
    1.5900E+01   2.73724E-08 0.0646
    1.6360E+01   4.13211E-09 0.1420
    1.6834E+01   4.04862E-09 0.1436
    1.7321E+01   2.90203E-08 0.0602
    1.7822E+01   4.91402E-09 0.1212
    1.8337E+01   3.18836E-08 0.0569
    1.8868E+01   4.77216E-09 0.1136
    1.9413E+01   6.14232E-09 0.1001
    1.9975E+01   3.33253E-08 0.0544
    2.0553E+01   7.52449E-09 0.0876
    2.1148E+01   6.82374E-08 0.0372
    2.1759E+01   2.21085E-08 0.0482
    2.2389E+01   3.04461E-08 0.0424
    2.3037E+01   4.65319E-07 0.0164
    2.3703E+01   1.78747E-07 0.0176
    2.4389E+01   2.22679E-06 0.0088
    2.5094E+01   7.32345E-07 0.0090
    2.5820E+01   8.91402E-07 0.0083
    2.6567E+01   8.15464E-06 0.0053
    2.7336E+01   2.17957E-06 0.0054
    2.8127E+01   1.79999E-05 0.0039
    2.8940E+01   4.28066E-06 0.0040
    2.9777E+01   3.09749E-05 0.0031
    3.0639E+01   6.93138E-06 0.0032
    3.1525E+01   6.97054E-06 0.0031
    3.2437E+01   4.73469E-05 0.0026
    3.3376E+01   9.05143E-06 0.0026
    3.4341E+01   5.84307E-05 0.0023
    3.5335E+01   1.20957E-05 0.0023
    3.6357E+01   1.09272E-05 0.0023
    3.7409E+01   6.87427E-05 0.0020
    3.8491E+01   1.19734E-05 0.0022
    3.9604E+01   7.11233E-05 0.0019
    4.0750E+01   1.39405E-05 0.0020
    4.1929E+01   1.19837E-05 0.0020
    4.3142E+01   7.28231E-05 0.0018
    4.4390E+01   1.15769E-05 0.0019
    4.5674E+01   6.86182E-05 0.0018
    4.6996E+01   1.26958E-05 0.0018
    4.8355E+01   1.05909E-05 0.0019
    4.9754E+01   6.50597E-05 0.0017
    5.1193E+01   9.67772E-06 0.0018
    5.2674E+01   5.83729E-05 0.0017
    5.4198E+01   1.04214E-05 0.0018
    5.5766E+01   8.82031E-06 0.0018
    5.7379E+01   5.28938E-05 0.0016
    5.9039E+01   7.45018E-06 0.0018
    6.0747E+01   4.67001E-05 0.0016
    6.2505E+01   7.81203E-06 0.0017
    6.4313E+01   3.95179E-05 0.0016
    6.6174E+01   8.48870E-06 0.0017
    6.8088E+01   5.61502E-06 0.0017
    7.0058E+01   3.60815E-05 0.0016
    7.2084E+01   5.56911E-06 0.0017
    7.4170E+01   3.03873E-05 0.0016
    7.6315E+01   6.06601E-06 0.0017
    7.8523E+01   4.27983E-06 0.0017
    8.0795E+01   2.72549E-05 0.0016
    8.3132E+01   3.84875E-06 0.0017
    8.5537E+01   2.32317E-05 0.0016
    8.8012E+01   4.11567E-06 0.0017
    9.0558E+01   1.94396E-05 0.0016
    9.3178E+01   4.30387E-06 0.0016
    9.5873E+01   2.82168E-06 0.0017
    9.8647E+01   1.76933E-05 0.0016
    1.0150E+02   2.56704E-06 0.0017
    1.0444E+02   1.50452E-05 0.0016
    1.0746E+02   2.60039E-06 0.0017
    1.1057E+02   1.25762E-05 0.0016
    1.1377E+02   2.65055E-06 0.0016
    1.1706E+02   1.82287E-06 0.0017
    1.2044E+02   1.12540E-05 0.0016
    1.2393E+02   1.59883E-06 0.0017
    1.2751E+02   9.58019E-06 0.0016
    1.3120E+02   1.61674E-06 0.0017
    1.3500E+02   7.98307E-06 0.0016
    1.3890E+02   1.65947E-06 0.0016
    1.4292E+02   1.14034E-06 0.0017
    1.4706E+02   7.11096E-06 0.0016
    1.5131E+02   1.02032E-06 0.0017
    1.5569E+02   6.00937E-06 0.0016
    1.6019E+02   1.05940E-06 0.0017
    1.6483E+02   4.99493E-06 0.0016
    1.6959E+02   1.07248E-06 0.0016
    1.7450E+02   7.08632E-07 0.0017
    1.7955E+02   4.46646E-06 0.0016
    1.8474E+02   6.83913E-07 0.0017
    1.9009E+02   3.72494E-06 0.0016
    1.9559E+02   7.23081E-07 0.0016
    2.0124E+02   5.30811E-07 0.0017
    2.0707E+02   3.27087E-06 0.0016
    2.1306E+02   4.64062E-07 0.0017
    2.1922E+02   2.77080E-06 0.0016
    2.2556E+02   4.83473E-07 0.0017
    2.3209E+02   4.17511E-07 0.0017
    2.3880E+02   2.37483E-06 0.0016
    2.4571E+02   3.30190E-07 0.0017
    2.5282E+02   2.05356E-06 0.0016
    2.6013E+02   3.25011E-07 0.0017
    2.6766E+02   1.72092E-06 0.0016
    2.7540E+02   3.40978E-07 0.0016
    2.8337E+02   2.59991E-07 0.0017
    2.9157E+02   1.51577E-06 0.0016
    3.0000E+02   2.21539E-07 0.0017
      total      1.20103E-03 0.0017
 
 cell  554                                                                                                                             
 user bin total
    s(e) (MeV/cm)
    1.0000E+00   0.00000E+00 0.0000
    1.0289E+00   0.00000E+00 0.0000
    1.0587E+00   0.00000E+00 0.0000
    1.0893E+00   0.00000E+00 0.0000
    1.1208E+00   0.00000E+00 0.0000
    1.1533E+00   0.00000E+00 0.0000
    1.1866E+00   0.00000E+00 0.0000
    1.2210E+00   0.00000E+00 0.0000
    1.2563E+00   0.00000E+00 0.0000
    1.2926E+00   0.00000E+00 0.0000
    1.3300E+00   0.00000E+00 0.0000
    1.3685E+00   0.00000E+00 0.0000
    1.4081E+00   0.00000E+00 0.0000
    1.4488E+00   0.00000E+00 0.0000
    1.4907E+00   0.00000E+00 0.0000
    1.5339E+00   0.00000E+00 0.0000
    1.5782E+00   0.00000E+00 0.0000
    1.6239E+00   0.00000E+00 0.0000
    1.6709E+00   0.00000E+00 0.0000
    1.7192E+00   0.00000E+00 0.0000
    1.7689E+00   0.00000E+00 0.0000
    1.8201E+00   0.00000E+00 0.0000
    1.8728E+00   0.00000E+00 0.0000
    1.9269E+00   0.00000E+00 0.0000
    1.9827E+00   0.00000E+00 0.0000
    2.0400E+00   0.00000E+00 0.0000
    2.0991E+00   0.00000E+00 0.0000
    2.1598E+00   0.00000E+00 0.0000
    2.2223E+00   0.00000E+00 0.0000
    2.2866E+00   0.00000E+00 0.0000
    2.3527E+00   0.00000E+00 0.0000
    2.4208E+00   0.00000E+00 0.0000
    2.4908E+00   0.00000E+00 0.0000
    2.5629E+00   0.00000E+00 0.0000
    2.6370E+00   0.00000E+00 0.0000
    2.7133E+00   0.00000E+00 0.0000
    2.7918E+00   0.00000E+00 0.0000
    2.8725E+00   0.00000E+00 0.0000
    2.9557E+00   0.00000E+00 0.0000
    3.0412E+00   0.00000E+00 0.0000
    3.1291E+00   0.00000E+00 0.0000
    3.2197E+00   0.00000E+00 0.0000
    3.3128E+00   0.00000E+00 0.0000
    3.4086E+00   0.00000E+00 0.0000
    3.5072E+00   0.00000E+00 0.0000
    3.6087E+00   0.00000E+00 0.0000
    3.7131E+00   0.00000E+00 0.0000
    3.8205E+00   0.00000E+00 0.0000
    3.9311E+00   0.00000E+00 0.0000
    4.0448E+00   0.00000E+00 0.0000
    4.1618E+00   0.00000E+00 0.0000
    4.2822E+00   0.00000E+00 0.0000
    4.4061E+00   0.00000E+00 0.0000
    4.5335E+00   0.00000E+00 0.0000
    4.6647E+00   0.00000E+00 0.0000
    4.7996E+00   0.00000E+00 0.0000
    4.9385E+00   0.00000E+00 0.0000
    5.0814E+00   0.00000E+00 0.0000
    5.2284E+00   0.00000E+00 0.0000
    5.3796E+00   0.00000E+00 0.0000
    5.5352E+00   0.00000E+00 0.0000
    5.6954E+00   0.00000E+00 0.0000
    5.8601E+00   0.00000E+00 0.0000
    6.0297E+00   0.00000E+00 0.0000
    6.2041E+00   0.00000E+00 0.0000
    6.3836E+00   0.00000E+00 0.0000
    6.5683E+00   0.00000E+00 0.0000
    6.7583E+00   0.00000E+00 0.0000
    6.9538E+00   0.00000E+00 0.0000
    7.1550E+00   2.91057E-12 1.0000
    7.3619E+00   0.00000E+00 0.0000
    7.5749E+00   0.00000E+00 0.0000
    7.7941E+00   7.13441E-10 0.4089
    8.0195E+00   0.00000E+00 0.0000
    8.2515E+00   1.33078E-09 0.2873
    8.4902E+00   1.16394E-10 1.0000
    8.7359E+00   3.28613E-09 0.1893
    8.9886E+00   2.33060E-10 0.7074
    9.2486E+00   5.64241E-09 0.1414
    9.5162E+00   6.51308E-10 0.4493
    9.7915E+00   7.44017E-10 0.4108
    1.0075E+01   1.04346E-08 0.1074
    1.0366E+01   6.38191E-10 0.4316
    1.0666E+01   1.41933E-08 0.0926
    1.0975E+01   1.62903E-09 0.2720
    1.1292E+01   1.66653E-08 0.0870
    1.1619E+01   1.56363E-09 0.2803
    1.1955E+01   1.51713E-09 0.2692
    1.2301E+01   2.07612E-08 0.0802
    1.2657E+01   3.93224E-09 0.1779
    1.3023E+01   2.16958E-08 0.0769
    1.3400E+01   2.84697E-09 0.2094
    1.3787E+01   4.54293E-09 0.1661
    1.4186E+01   2.50121E-08 0.0705
    1.4596E+01   4.90872E-09 0.1551
    1.5019E+01   2.89153E-08 0.0662
    1.5453E+01   5.34842E-09 0.1376
    1.5900E+01   2.73724E-08 0.0646
    1.6360E+01   4.13211E-09 0.1420
    1.6834E+01   4.04862E-09 0.1436
    1.7321E+01   2.90203E-08 0.0602
    1.7822E+01   4.91402E-09 0.1212
    1.8337E+01   3.18836E-08 0.0569
    1.8868E+01   4.77216E-09 0.1136
    1.9413E+01   6.14232E-09 0.1001
    1.9975E+01   3.33253E-08 0.0544
    2.0553E+01   7.52449E-09 0.0876
    2.1148E+01   6.84774E-08 0.0371
    2.1759E+01   2.23965E-08 0.0478
    2.2389E+01   3.07821E-08 0.0422
    2.3037E+01   4.68923E-07 0.0164
    2.3703E+01   1.80253E-07 0.0176
    2.4389E+01   2.24674E-06 0.0087
    2.5094E+01   7.37806E-07 0.0090
    2.5820E+01   8.98943E-07 0.0083
    2.6567E+01   8.21631E-06 0.0053
    2.7336E+01   2.19706E-06 0.0054
    2.8127E+01   1.81438E-05 0.0039
    2.8940E+01   4.31532E-06 0.0040
    2.9777E+01   3.12235E-05 0.0031
    3.0639E+01   6.98493E-06 0.0031
    3.1525E+01   7.02607E-06 0.0031
    3.2437E+01   4.77152E-05 0.0026
    3.3376E+01   9.12293E-06 0.0026
    3.4341E+01   5.88772E-05 0.0023
    3.5335E+01   1.21887E-05 0.0023
    3.6357E+01   1.10119E-05 0.0023
    3.7409E+01   6.92694E-05 0.0020
    3.8491E+01   1.20644E-05 0.0022
    3.9604E+01   7.16678E-05 0.0019
    4.0750E+01   1.40465E-05 0.0020
    4.1929E+01   1.20754E-05 0.0020
    4.3142E+01   7.33798E-05 0.0018
    4.4390E+01   1.16665E-05 0.0019
    4.5674E+01   6.91418E-05 0.0018
    4.6996E+01   1.27927E-05 0.0018
    4.8355E+01   1.06731E-05 0.0019
    4.9754E+01   6.55575E-05 0.0017
    5.1193E+01   9.75190E-06 0.0018
    5.2674E+01   5.88197E-05 0.0017
    5.4198E+01   1.05008E-05 0.0018
    5.5766E+01   8.88746E-06 0.0018
    5.7379E+01   5.32974E-05 0.0016
    5.9039E+01   7.50757E-06 0.0018
    6.0747E+01   4.70562E-05 0.0016
    6.2505E+01   7.87191E-06 0.0017
    6.4313E+01   3.98187E-05 0.0016
    6.6174E+01   8.55321E-06 0.0017
    6.8088E+01   5.65734E-06 0.0017
    7.0058E+01   3.63548E-05 0.0016
    7.2084E+01   5.61127E-06 0.0017
    7.4170E+01   3.06174E-05 0.0016
    7.6315E+01   6.11175E-06 0.0017
    7.8523E+01   4.31234E-06 0.0017
    8.0795E+01   2.74609E-05 0.0016
    8.3132E+01   3.87771E-06 0.0017
    8.5537E+01   2.34067E-05 0.0016
    8.8012E+01   4.14684E-06 0.0017
    9.0558E+01   1.95855E-05 0.0016
    9.3178E+01   4.33632E-06 0.0016
    9.5873E+01   2.84279E-06 0.0017
    9.8647E+01   1.78262E-05 0.0016
    1.0150E+02   2.58629E-06 0.0017
    1.0444E+02   1.51574E-05 0.0016
    1.0746E+02   2.61993E-06 0.0017
    1.1057E+02   1.26701E-05 0.0016
    1.1377E+02   2.67030E-06 0.0016
    1.1706E+02   1.83652E-06 0.0017
    1.2044E+02   1.13379E-05 0.0016
    1.2393E+02   1.61085E-06 0.0017
    1.2751E+02   9.65146E-06 0.0016
    1.3120E+02   1.62892E-06 0.0017
    1.3500E+02   8.04254E-06 0.0016
    1.3890E+02   1.67188E-06 0.0016
    1.4292E+02   1.14883E-06 0.0017
    1.4706E+02   7.16388E-06 0.0016
    1.5131E+02   1.02793E-06 0.0017
    1.5569E+02   6.05407E-06 0.0016
    1.6019E+02   1.06727E-06 0.0017
    1.6483E+02   5.03213E-06 0.0016
    1.6959E+02   1.08044E-06 0.0016
    1.7450E+02   7.13924E-07 0.0017
    1.7955E+02   4.49966E-06 0.0016
    1.8474E+02   6.89011E-07 0.0017
    1.9009E+02   3.75262E-06 0.0016
    1.9559E+02   7.28443E-07 0.0016
    2.0124E+02   5.34743E-07 0.0017
    2.0707E+02   3.29524E-06 0.0016
    2.1306E+02   4.67490E-07 0.0017
    2.1922E+02   2.79137E-06 0.0016
    2.2556E+02   4.87039E-07 0.0017
    2.3209E+02   4.20634E-07 0.0017
    2.3880E+02   2.39245E-06 0.0016
    2.4571E+02   3.32611E-07 0.0017
    2.5282E+02   2.06883E-06 0.0016
    2.6013E+02   3.27421E-07 0.0017
    2.6766E+02   1.73368E-06 0.0016
    2.7540E+02   3.43512E-07 0.0016
    2.8337E+02   2.61925E-07 0.0017
    2.9157E+02   1.52700E-06 0.0016
    3.0000E+02   2.23194E-07 0.0017
      total      1.21020E-03 0.0017
 
 cell union total                                                                                                                      
 user bin          -1.00000
    s(e) (MeV/cm)
    1.0000E+00   0.00000E+00 0.0000
    1.0289E+00   0.00000E+00 0.0000
    1.0587E+00   0.00000E+00 0.0000
    1.0893E+00   0.00000E+00 0.0000
    1.1208E+00   0.00000E+00 0.0000
    1.1533E+00   0.00000E+00 0.0000
    1.1866E+00   0.00000E+00 0.0000
    1.2210E+00   0.00000E+00 0.0000
    1.2563E+00   0.00000E+00 0.0000
    1.2926E+00   0.00000E+00 0.0000
    1.3300E+00   0.00000E+00 0.0000
    1.3685E+00   0.00000E+00 0.0000
    1.4081E+00   0.00000E+00 0.0000
    1.4488E+00   0.00000E+00 0.0000
    1.4907E+00   0.00000E+00 0.0000
    1.5339E+00   0.00000E+00 0.0000
    1.5782E+00   0.00000E+00 0.0000
    1.6239E+00   0.00000E+00 0.0000
    1.6709E+00   0.00000E+00 0.0000
    1.7192E+00   0.00000E+00 0.0000
    1.7689E+00   0.00000E+00 0.0000
    1.8201E+00   0.00000E+00 0.0000
    1.8728E+00   0.00000E+00 0.0000
    1.9269E+00   0.00000E+00 0.0000
    1.9827E+00   0.00000E+00 0.0000
    2.0400E+00   0.00000E+00 0.0000
    2.0991E+00   0.00000E+00 0.0000
    2.1598E+00   0.00000E+00 0.0000
    2.2223E+00   0.00000E+00 0.0000
    2.2866E+00   0.00000E+00 0.0000
    2.3527E+00   0.00000E+00 0.0000
    2.4208E+00   0.00000E+00 0.0000
    2.4908E+00   0.00000E+00 0.0000
    2.5629E+00   0.00000E+00 0.0000
    2.6370E+00   0.00000E+00 0.0000
    2.7133E+00   0.00000E+00 0.0000
    2.7918E+00   0.00000E+00 0.0000
    2.8725E+00   0.00000E+00 0.0000
    2.9557E+00   0.00000E+00 0.0000
    3.0412E+00   0.00000E+00 0.0000
    3.1291E+00   0.00000E+00 0.0000
    3.2197E+00   0.00000E+00 0.0000
    3.3128E+00   0.00000E+00 0.0000
    3.4086E+00   0.00000E+00 0.0000
    3.5072E+00   0.00000E+00 0.0000
    3.6087E+00   0.00000E+00 0.0000
    3.7131E+00   0.00000E+00 0.0000
    3.8205E+00   0.00000E+00 0.0000
    3.9311E+00   0.00000E+00 0.0000
    4.0448E+00   0.00000E+00 0.0000
    4.1618E+00   0.00000E+00 0.0000
    4.2822E+00   0.00000E+00 0.0000
    4.4061E+00   0.00000E+00 0.0000
    4.5335E+00   0.00000E+00 0.0000
    4.6647E+00   0.00000E+00 0.0000
    4.7996E+00   0.00000E+00 0.0000
    4.9385E+00   0.00000E+00 0.0000
    5.0814E+00   0.00000E+00 0.0000
    5.2284E+00   0.00000E+00 0.0000
    5.3796E+00   0.00000E+00 0.0000
    5.5352E+00   0.00000E+00 0.0000
    5.6954E+00   0.00000E+00 0.0000
    5.8601E+00   0.00000E+00 0.0000
    6.0297E+00   0.00000E+00 0.0000
    6.2041E+00   0.00000E+00 0.0000
    6.3836E+00   0.00000E+00 0.0000
    6.5683E+00   0.00000E+00 0.0000
    6.7583E+00   0.00000E+00 0.0000
    6.9538E+00   0.00000E+00 0.0000
    7.1550E+00   0.00000E+00 0.0000
    7.3619E+00   0.00000E+00 0.0000
    7.5749E+00   0.00000E+00 0.0000
    7.7941E+00   0.00000E+00 0.0000
    8.0195E+00   0.00000E+00 0.0000
    8.2515E+00   0.00000E+00 0.0000
    8.4902E+00   0.00000E+00 0.0000
    8.7359E+00   0.00000E+00 0.0000
    8.9886E+00   0.00000E+00 0.0000
    9.2486E+00   0.00000E+00 0.0000
    9.5162E+00   0.00000E+00 0.0000
    9.7915E+00   0.00000E+00 0.0000
    1.0075E+01   0.00000E+00 0.0000
    1.0366E+01   0.00000E+00 0.0000
    1.0666E+01   0.00000E+00 0.0000
    1.0975E+01   0.00000E+00 0.0000
    1.1292E+01   0.00000E+00 0.0000
    1.1619E+01   0.00000E+00 0.0000
    1.1955E+01   0.00000E+00 0.0000
    1.2301E+01   0.00000E+00 0.0000
    1.2657E+01   0.00000E+00 0.0000
    1.3023E+01   0.00000E+00 0.0000
    1.3400E+01   0.00000E+00 0.0000
    1.3787E+01   0.00000E+00 0.0000
    1.4186E+01   0.00000E+00 0.0000
    1.4596E+01   0.00000E+00 0.0000
    1.5019E+01   0.00000E+00 0.0000
    1.5453E+01   0.00000E+00 0.0000
    1.5900E+01   0.00000E+00 0.0000
    1.6360E+01   0.00000E+00 0.0000
    1.6834E+01   0.00000E+00 0.0000
    1.7321E+01   0.00000E+00 0.0000
    1.7822E+01   1.53541E-11 1.0000
    1.8337E+01   8.37595E-10 0.1579
    1.8868E+01   4.83072E-10 0.1630
    1.9413E+01   9.24939E-10 0.1164
    1.9975E+01   1.56212E-08 0.0364
    2.0553E+01   7.13684E-09 0.0396
    2.1148E+01   8.94515E-08 0.0147
    2.1759E+01   2.69996E-08 0.0186
    2.2389E+01   3.55089E-08 0.0163
    2.3037E+01   3.04380E-07 0.0076
    2.3703E+01   7.76422E-08 0.0101
    2.4389E+01   5.87155E-07 0.0052
    2.5094E+01   1.29840E-07 0.0073
    2.5820E+01   1.42125E-07 0.0070
    2.6567E+01   8.93834E-07 0.0039
    2.7336E+01   1.69385E-07 0.0058
    2.8127E+01   1.07529E-06 0.0034
    2.8940E+01   1.94758E-07 0.0051
    2.9777E+01   1.12953E-06 0.0030
    3.0639E+01   2.04096E-07 0.0045
    3.1525E+01   1.90614E-07 0.0047
    3.2437E+01   1.11004E-06 0.0028
    3.3376E+01   1.76445E-07 0.0045
    3.4341E+01   1.00888E-06 0.0027
    3.5335E+01   1.84234E-07 0.0041
    3.6357E+01   1.57373E-07 0.0045
    3.7409E+01   9.07803E-07 0.0027
    3.8491E+01   1.40306E-07 0.0044
    3.9604E+01   7.78603E-07 0.0027
    4.0750E+01   1.42252E-07 0.0040
    4.1929E+01   1.16285E-07 0.0044
    4.3142E+01   6.77770E-07 0.0027
    4.4390E+01   1.00178E-07 0.0044
    4.5674E+01   5.69225E-07 0.0027
    4.6996E+01   1.00992E-07 0.0041
    4.8355E+01   8.12119E-08 0.0045
    4.9754E+01   4.88901E-07 0.0027
    5.1193E+01   6.92635E-08 0.0045
    5.2674E+01   4.08586E-07 0.0027
    5.4198E+01   7.12409E-08 0.0042
    5.5766E+01   5.83959E-08 0.0046
    5.7379E+01   3.47478E-07 0.0027
    5.9039E+01   4.72127E-08 0.0047
    6.0747E+01   2.93142E-07 0.0028
    6.2505E+01   4.82146E-08 0.0043
    6.4313E+01   2.38798E-07 0.0028
    6.6174E+01   5.07864E-08 0.0039
    6.8088E+01   3.29878E-08 0.0048
    7.0058E+01   2.10782E-07 0.0028
    7.2084E+01   3.21285E-08 0.0045
    7.4170E+01   1.73169E-07 0.0028
    7.6315E+01   3.44350E-08 0.0040
    7.8523E+01   2.37589E-08 0.0049
    8.0795E+01   1.51875E-07 0.0028
    8.3132E+01   2.11716E-08 0.0048
    8.5537E+01   1.27109E-07 0.0028
    8.8012E+01   2.23983E-08 0.0043
    9.0558E+01   1.04803E-07 0.0029
    9.3178E+01   2.32258E-08 0.0039
    9.5873E+01   1.50170E-08 0.0049
    9.8647E+01   9.42175E-08 0.0029
    1.0150E+02   1.36331E-08 0.0047
    1.0444E+02   7.91846E-08 0.0029
    1.0746E+02   1.37805E-08 0.0044
    1.1057E+02   6.56874E-08 0.0029
    1.1377E+02   1.38019E-08 0.0040
    1.1706E+02   9.50346E-09 0.0049
    1.2044E+02   5.83448E-08 0.0029
    1.2393E+02   8.32794E-09 0.0048
    1.2751E+02   4.93606E-08 0.0029
    1.3120E+02   8.32818E-09 0.0045
    1.3500E+02   4.09852E-08 0.0029
    1.3890E+02   8.51845E-09 0.0041
    1.4292E+02   5.82482E-09 0.0049
    1.4706E+02   3.63508E-08 0.0029
    1.5131E+02   5.18721E-09 0.0049
    1.5569E+02   3.05864E-08 0.0029
    1.6019E+02   5.36483E-09 0.0044
    1.6483E+02   2.53660E-08 0.0029
    1.6959E+02   5.42907E-09 0.0041
    1.7450E+02   3.58996E-09 0.0050
    1.7955E+02   2.25987E-08 0.0029
    1.8474E+02   3.44978E-09 0.0047
    1.9009E+02   1.88137E-08 0.0029
    1.9559E+02   3.63465E-09 0.0042
    2.0124E+02   2.67937E-09 0.0050
    2.0707E+02   1.64836E-08 0.0029
    2.1306E+02   2.33198E-09 0.0049
    2.1922E+02   1.39337E-08 0.0029
    2.2556E+02   2.43167E-09 0.0044
    2.3209E+02   2.08566E-09 0.0048
    2.3880E+02   1.19329E-08 0.0029
    2.4571E+02   1.64839E-09 0.0050
    2.5282E+02   1.03131E-08 0.0029
    2.6013E+02   1.62788E-09 0.0047
    2.6766E+02   8.62193E-09 0.0029
    2.7540E+02   1.71472E-09 0.0042
    2.8337E+02   1.30541E-09 0.0048
    2.9157E+02   7.58187E-09 0.0029
    3.0000E+02   1.11641E-09 0.0048
      total      1.53378E-05 0.0024
 
 cell union total                                                                                                                      
 user bin 10000000000.00000
    s(e) (MeV/cm)
    1.0000E+00   0.00000E+00 0.0000
    1.0289E+00   0.00000E+00 0.0000
    1.0587E+00   0.00000E+00 0.0000
    1.0893E+00   0.00000E+00 0.0000
    1.1208E+00   0.00000E+00 0.0000
    1.1533E+00   0.00000E+00 0.0000
    1.1866E+00   0.00000E+00 0.0000
    1.2210E+00   0.00000E+00 0.0000
    1.2563E+00   0.00000E+00 0.0000
    1.2926E+00   0.00000E+00 0.0000
    1.3300E+00   0.00000E+00 0.0000
    1.3685E+00   0.00000E+00 0.0000
    1.4081E+00   0.00000E+00 0.0000
    1.4488E+00   0.00000E+00 0.0000
    1.4907E+00   0.00000E+00 0.0000
    1.5339E+00   0.00000E+00 0.0000
    1.5782E+00   0.00000E+00 0.0000
    1.6239E+00   0.00000E+00 0.0000
    1.6709E+00   0.00000E+00 0.0000
    1.7192E+00   0.00000E+00 0.0000
    1.7689E+00   0.00000E+00 0.0000
    1.8201E+00   0.00000E+00 0.0000
    1.8728E+00   0.00000E+00 0.0000
    1.9269E+00   0.00000E+00 0.0000
    1.9827E+00   0.00000E+00 0.0000
    2.0400E+00   0.00000E+00 0.0000
    2.0991E+00   0.00000E+00 0.0000
    2.1598E+00   0.00000E+00 0.0000
    2.2223E+00   0.00000E+00 0.0000
    2.2866E+00   0.00000E+00 0.0000
    2.3527E+00   0.00000E+00 0.0000
    2.4208E+00   0.00000E+00 0.0000
    2.4908E+00   0.00000E+00 0.0000
    2.5629E+00   0.00000E+00 0.0000
    2.6370E+00   0.00000E+00 0.0000
    2.7133E+00   0.00000E+00 0.0000
    2.7918E+00   0.00000E+00 0.0000
    2.8725E+00   0.00000E+00 0.0000
    2.9557E+00   0.00000E+00 0.0000
    3.0412E+00   0.00000E+00 0.0000
    3.1291E+00   0.00000E+00 0.0000
    3.2197E+00   0.00000E+00 0.0000
    3.3128E+00   0.00000E+00 0.0000
    3.4086E+00   0.00000E+00 0.0000
    3.5072E+00   0.00000E+00 0.0000
    3.6087E+00   0.00000E+00 0.0000
    3.7131E+00   0.00000E+00 0.0000
    3.8205E+00   0.00000E+00 0.0000
    3.9311E+00   0.00000E+00 0.0000
    4.0448E+00   0.00000E+00 0.0000
    4.1618E+00   0.00000E+00 0.0000
    4.2822E+00   0.00000E+00 0.0000
    4.4061E+00   0.00000E+00 0.0000
    4.5335E+00   0.00000E+00 0.0000
    4.6647E+00   0.00000E+00 0.0000
    4.7996E+00   0.00000E+00 0.0000
    4.9385E+00   0.00000E+00 0.0000
    5.0814E+00   0.00000E+00 0.0000
    5.2284E+00   0.00000E+00 0.0000
    5.3796E+00   0.00000E+00 0.0000
    5.5352E+00   0.00000E+00 0.0000
    5.6954E+00   0.00000E+00 0.0000
    5.8601E+00   0.00000E+00 0.0000
    6.0297E+00   0.00000E+00 0.0000
    6.2041E+00   0.00000E+00 0.0000
    6.3836E+00   0.00000E+00 0.0000
    6.5683E+00   0.00000E+00 0.0000
    6.7583E+00   0.00000E+00 0.0000
    6.9538E+00   0.00000E+00 0.0000
    7.1550E+00   5.82114E-13 1.0000
    7.3619E+00   0.00000E+00 0.0000
    7.5749E+00   0.00000E+00 0.0000
    7.7941E+00   5.26944E-10 0.4274
    8.0195E+00   2.25191E-11 1.0000
    8.2515E+00   1.35093E-09 0.2537
    8.4902E+00   1.85555E-10 0.3558
    8.7359E+00   3.15645E-09 0.1739
    8.9886E+00   2.33903E-10 0.3164
    9.2486E+00   6.00636E-09 0.1183
    9.5162E+00   6.65386E-10 0.1943
    9.7915E+00   4.90398E-10 0.2202
    1.0075E+01   1.10852E-08 0.0859
    1.0366E+01   1.04160E-09 0.1530
    1.0666E+01   1.38166E-08 0.0756
    1.0975E+01   1.59975E-09 0.1267
    1.1292E+01   1.56663E-08 0.0671
    1.1619E+01   2.19055E-09 0.1083
    1.1955E+01   1.93336E-09 0.1147
    1.2301E+01   2.15756E-08 0.0556
    1.2657E+01   3.27833E-09 0.0886
    1.3023E+01   2.27096E-08 0.0504
    1.3400E+01   3.83256E-09 0.0807
    1.3787E+01   4.14581E-09 0.0774
    1.4186E+01   2.56345E-08 0.0438
    1.4596E+01   5.13392E-09 0.0679
    1.5019E+01   2.75276E-08 0.0397
    1.5453E+01   4.97172E-09 0.0638
    1.5900E+01   2.85495E-08 0.0371
    1.6360E+01   4.83290E-09 0.0587
    1.6834E+01   4.39801E-09 0.0616
    1.7321E+01   3.33803E-08 0.0321
    1.7822E+01   6.78641E-09 0.0475
    1.8337E+01   1.24031E-07 0.0178
    1.8868E+01   6.12245E-08 0.0173
    1.9413E+01   9.76431E-08 0.0142
    1.9975E+01   1.96305E-06 0.0068
    2.0553E+01   8.72405E-07 0.0060
    2.1148E+01   1.11695E-05 0.0039
    2.1759E+01   3.47123E-06 0.0035
    2.2389E+01   4.31461E-06 0.0033
    2.3037E+01   3.90791E-05 0.0026
    2.3703E+01   9.97047E-06 0.0024
    2.4389E+01   7.58299E-05 0.0021
    2.5094E+01   1.69276E-05 0.0020
    2.5820E+01   1.83567E-05 0.0020
    2.6567E+01   1.16310E-04 0.0018
    2.7336E+01   2.21160E-05 0.0018
    2.8127E+01   1.40578E-04 0.0017
    2.8940E+01   2.55910E-05 0.0016
    2.9777E+01   1.48929E-04 0.0016
    3.0639E+01   2.72028E-05 0.0016
    3.1525E+01   2.53338E-05 0.0016
    3.2437E+01   1.48189E-04 0.0015
    3.3376E+01   2.36780E-05 0.0015
    3.4341E+01   1.35923E-04 0.0015
    3.5335E+01   2.49603E-05 0.0015
    3.6357E+01   2.11819E-05 0.0015
    3.7409E+01   1.23210E-04 0.0015
    3.8491E+01   1.92468E-05 0.0015
    3.9604E+01   1.06540E-04 0.0014
    4.0750E+01   1.94882E-05 0.0015
    4.1929E+01   1.60278E-05 0.0015
    4.3142E+01   9.34115E-05 0.0014
    4.4390E+01   1.38523E-05 0.0014
    4.5674E+01   7.90881E-05 0.0014
    4.6996E+01   1.40095E-05 0.0014
    4.8355E+01   1.13178E-05 0.0014
    4.9754E+01   6.82939E-05 0.0014
    5.1193E+01   9.68412E-06 0.0014
    5.2674E+01   5.73167E-05 0.0014
    5.4198E+01   9.96781E-06 0.0014
    5.5766E+01   8.24798E-06 0.0014
    5.7379E+01   4.90051E-05 0.0014
    5.9039E+01   6.68861E-06 0.0014
    6.0747E+01   4.15051E-05 0.0014
    6.2505E+01   6.82482E-06 0.0014
    6.4313E+01   3.39608E-05 0.0014
    6.6174E+01   7.22972E-06 0.0014
    6.8088E+01   4.70599E-06 0.0014
    7.0058E+01   3.01179E-05 0.0014
    7.2084E+01   4.59459E-06 0.0014
    7.4170E+01   2.48046E-05 0.0014
    7.6315E+01   4.92189E-06 0.0014
    7.8523E+01   3.43443E-06 0.0014
    8.0795E+01   2.18256E-05 0.0014
    8.3132E+01   3.05348E-06 0.0014
    8.5537E+01   1.83263E-05 0.0014
    8.8012E+01   3.23036E-06 0.0014
    9.0558E+01   1.51557E-05 0.0014
    9.3178E+01   3.34276E-06 0.0014
    9.5873E+01   2.18035E-06 0.0014
    9.8647E+01   1.36487E-05 0.0014
    1.0150E+02   1.97134E-06 0.0014
    1.0444E+02   1.15088E-05 0.0014
    1.0746E+02   1.98578E-06 0.0014
    1.1057E+02   9.55724E-06 0.0014
    1.1377E+02   2.01027E-06 0.0014
    1.1706E+02   1.37862E-06 0.0014
    1.2044E+02   8.50101E-06 0.0014
    1.2393E+02   1.20515E-06 0.0014
    1.2751E+02   7.20285E-06 0.0014
    1.3120E+02   1.21275E-06 0.0014
    1.3500E+02   5.97908E-06 0.0014
    1.3890E+02   1.24080E-06 0.0014
    1.4292E+02   8.51740E-07 0.0014
    1.4706E+02   5.30658E-06 0.0014
    1.5131E+02   7.60505E-07 0.0014
    1.5569E+02   4.47254E-06 0.0014
    1.6019E+02   7.86823E-07 0.0014
    1.6483E+02   3.70949E-06 0.0014
    1.6959E+02   7.95196E-07 0.0014
    1.7450E+02   5.25599E-07 0.0014
    1.7955E+02   3.30905E-06 0.0014
    1.8474E+02   5.06218E-07 0.0014
    1.9009E+02   2.75550E-06 0.0014
    1.9559E+02   5.34151E-07 0.0014
    2.0124E+02   3.92292E-07 0.0014
    2.0707E+02   2.41570E-06 0.0014
    2.1306E+02   3.42181E-07 0.0014
    2.1922E+02   2.04413E-06 0.0014
    2.2556E+02   3.56240E-07 0.0014
    2.3209E+02   3.07832E-07 0.0014
    2.3880E+02   1.75018E-06 0.0014
    2.4571E+02   2.42722E-07 0.0014
    2.5282E+02   1.51222E-06 0.0014
    2.6013E+02   2.39125E-07 0.0014
    2.6766E+02   1.26616E-06 0.0014
    2.7540E+02   2.50803E-07 0.0014
    2.8337E+02   1.91114E-07 0.0014
    2.9157E+02   1.11456E-06 0.0014
    3.0000E+02   1.62720E-07 0.0014
      total      2.08140E-03 0.0014
 
 cell union total                                                                                                                      
 user bin total
    s(e) (MeV/cm)
    1.0000E+00   0.00000E+00 0.0000
    1.0289E+00   0.00000E+00 0.0000
    1.0587E+00   0.00000E+00 0.0000
    1.0893E+00   0.00000E+00 0.0000
    1.1208E+00   0.00000E+00 0.0000
    1.1533E+00   0.00000E+00 0.0000
    1.1866E+00   0.00000E+00 0.0000
    1.2210E+00   0.00000E+00 0.0000
    1.2563E+00   0.00000E+00 0.0000
    1.2926E+00   0.00000E+00 0.0000
    1.3300E+00   0.00000E+00 0.0000
    1.3685E+00   0.00000E+00 0.0000
    1.4081E+00   0.00000E+00 0.0000
    1.4488E+00   0.00000E+00 0.0000
    1.4907E+00   0.00000E+00 0.0000
    1.5339E+00   0.00000E+00 0.0000
    1.5782E+00   0.00000E+00 0.0000
    1.6239E+00   0.00000E+00 0.0000
    1.6709E+00   0.00000E+00 0.0000
    1.7192E+00   0.00000E+00 0.0000
    1.7689E+00   0.00000E+00 0.0000
    1.8201E+00   0.00000E+00 0.0000
    1.8728E+00   0.00000E+00 0.0000
    1.9269E+00   0.00000E+00 0.0000
    1.9827E+00   0.00000E+00 0.0000
    2.0400E+00   0.00000E+00 0.0000
    2.0991E+00   0.00000E+00 0.0000
    2.1598E+00   0.00000E+00 0.0000
    2.2223E+00   0.00000E+00 0.0000
    2.2866E+00   0.00000E+00 0.0000
    2.3527E+00   0.00000E+00 0.0000
    2.4208E+00   0.00000E+00 0.0000
    2.4908E+00   0.00000E+00 0.0000
    2.5629E+00   0.00000E+00 0.0000
    2.6370E+00   0.00000E+00 0.0000
    2.7133E+00   0.00000E+00 0.0000
    2.7918E+00   0.00000E+00 0.0000
    2.8725E+00   0.00000E+00 0.0000
    2.9557E+00   0.00000E+00 0.0000
    3.0412E+00   0.00000E+00 0.0000
    3.1291E+00   0.00000E+00 0.0000
    3.2197E+00   0.00000E+00 0.0000
    3.3128E+00   0.00000E+00 0.0000
    3.4086E+00   0.00000E+00 0.0000
    3.5072E+00   0.00000E+00 0.0000
    3.6087E+00   0.00000E+00 0.0000
    3.7131E+00   0.00000E+00 0.0000
    3.8205E+00   0.00000E+00 0.0000
    3.9311E+00   0.00000E+00 0.0000
    4.0448E+00   0.00000E+00 0.0000
    4.1618E+00   0.00000E+00 0.0000
    4.2822E+00   0.00000E+00 0.0000
    4.4061E+00   0.00000E+00 0.0000
    4.5335E+00   0.00000E+00 0.0000
    4.6647E+00   0.00000E+00 0.0000
    4.7996E+00   0.00000E+00 0.0000
    4.9385E+00   0.00000E+00 0.0000
    5.0814E+00   0.00000E+00 0.0000
    5.2284E+00   0.00000E+00 0.0000
    5.3796E+00   0.00000E+00 0.0000
    5.5352E+00   0.00000E+00 0.0000
    5.6954E+00   0.00000E+00 0.0000
    5.8601E+00   0.00000E+00 0.0000
    6.0297E+00   0.00000E+00 0.0000
    6.2041E+00   0.00000E+00 0.0000
    6.3836E+00   0.00000E+00 0.0000
    6.5683E+00   0.00000E+00 0.0000
    6.7583E+00   0.00000E+00 0.0000
    6.9538E+00   0.00000E+00 0.0000
    7.1550E+00   5.82114E-13 1.0000
    7.3619E+00   0.00000E+00 0.0000
    7.5749E+00   0.00000E+00 0.0000
    7.7941E+00   5.26944E-10 0.4274
    8.0195E+00   2.25191E-11 1.0000
    8.2515E+00   1.35093E-09 0.2537
    8.4902E+00   1.85555E-10 0.3558
    8.7359E+00   3.15645E-09 0.1739
    8.9886E+00   2.33903E-10 0.3164
    9.2486E+00   6.00636E-09 0.1183
    9.5162E+00   6.65386E-10 0.1943
    9.7915E+00   4.90398E-10 0.2202
    1.0075E+01   1.10852E-08 0.0859
    1.0366E+01   1.04160E-09 0.1530
    1.0666E+01   1.38166E-08 0.0756
    1.0975E+01   1.59975E-09 0.1267
    1.1292E+01   1.56663E-08 0.0671
    1.1619E+01   2.19055E-09 0.1083
    1.1955E+01   1.93336E-09 0.1147
    1.2301E+01   2.15756E-08 0.0556
    1.2657E+01   3.27833E-09 0.0886
    1.3023E+01   2.27096E-08 0.0504
    1.3400E+01   3.83256E-09 0.0807
    1.3787E+01   4.14581E-09 0.0774
    1.4186E+01   2.56345E-08 0.0438
    1.4596E+01   5.13392E-09 0.0679
    1.5019E+01   2.75276E-08 0.0397
    1.5453E+01   4.97172E-09 0.0638
    1.5900E+01   2.85495E-08 0.0371
    1.6360E+01   4.83290E-09 0.0587
    1.6834E+01   4.39801E-09 0.0616
    1.7321E+01   3.33803E-08 0.0321
    1.7822E+01   6.80177E-09 0.0474
    1.8337E+01   1.24869E-07 0.0178
    1.8868E+01   6.17076E-08 0.0173
    1.9413E+01   9.85680E-08 0.0142
    1.9975E+01   1.97867E-06 0.0068
    2.0553E+01   8.79541E-07 0.0060
    2.1148E+01   1.12589E-05 0.0039
    2.1759E+01   3.49823E-06 0.0035
    2.2389E+01   4.35012E-06 0.0033
    2.3037E+01   3.93835E-05 0.0026
    2.3703E+01   1.00481E-05 0.0024
    2.4389E+01   7.64171E-05 0.0021
    2.5094E+01   1.70574E-05 0.0020
    2.5820E+01   1.84988E-05 0.0020
    2.6567E+01   1.17204E-04 0.0018
    2.7336E+01   2.22854E-05 0.0018
    2.8127E+01   1.41653E-04 0.0017
    2.8940E+01   2.57857E-05 0.0016
    2.9777E+01   1.50058E-04 0.0016
    3.0639E+01   2.74068E-05 0.0016
    3.1525E+01   2.55244E-05 0.0016
    3.2437E+01   1.49299E-04 0.0015
    3.3376E+01   2.38545E-05 0.0015
    3.4341E+01   1.36931E-04 0.0015
    3.5335E+01   2.51446E-05 0.0015
    3.6357E+01   2.13393E-05 0.0015
    3.7409E+01   1.24118E-04 0.0015
    3.8491E+01   1.93871E-05 0.0015
    3.9604E+01   1.07318E-04 0.0014
    4.0750E+01   1.96304E-05 0.0015
    4.1929E+01   1.61441E-05 0.0015
    4.3142E+01   9.40892E-05 0.0014
    4.4390E+01   1.39525E-05 0.0014
    4.5674E+01   7.96573E-05 0.0014
    4.6996E+01   1.41105E-05 0.0014
    4.8355E+01   1.13990E-05 0.0014
    4.9754E+01   6.87828E-05 0.0014
    5.1193E+01   9.75338E-06 0.0014
    5.2674E+01   5.77252E-05 0.0014
    5.4198E+01   1.00390E-05 0.0014
    5.5766E+01   8.30637E-06 0.0014
    5.7379E+01   4.93526E-05 0.0014
    5.9039E+01   6.73582E-06 0.0014
    6.0747E+01   4.17983E-05 0.0014
    6.2505E+01   6.87304E-06 0.0014
    6.4313E+01   3.41996E-05 0.0014
    6.6174E+01   7.28051E-06 0.0014
    6.8088E+01   4.73898E-06 0.0014
    7.0058E+01   3.03287E-05 0.0014
    7.2084E+01   4.62672E-06 0.0014
    7.4170E+01   2.49778E-05 0.0014
    7.6315E+01   4.95632E-06 0.0014
    7.8523E+01   3.45819E-06 0.0014
    8.0795E+01   2.19774E-05 0.0014
    8.3132E+01   3.07465E-06 0.0014
    8.5537E+01   1.84534E-05 0.0014
    8.8012E+01   3.25276E-06 0.0014
    9.0558E+01   1.52605E-05 0.0014
    9.3178E+01   3.36599E-06 0.0014
    9.5873E+01   2.19536E-06 0.0014
    9.8647E+01   1.37429E-05 0.0014
    1.0150E+02   1.98497E-06 0.0014
    1.0444E+02   1.15880E-05 0.0014
    1.0746E+02   1.99956E-06 0.0014
    1.1057E+02   9.62293E-06 0.0014
    1.1377E+02   2.02408E-06 0.0014
    1.1706E+02   1.38812E-06 0.0014
    1.2044E+02   8.55936E-06 0.0014
    1.2393E+02   1.21348E-06 0.0014
    1.2751E+02   7.25221E-06 0.0014
    1.3120E+02   1.22108E-06 0.0014
    1.3500E+02   6.02006E-06 0.0014
    1.3890E+02   1.24932E-06 0.0014
    1.4292E+02   8.57565E-07 0.0014
    1.4706E+02   5.34293E-06 0.0014
    1.5131E+02   7.65692E-07 0.0014
    1.5569E+02   4.50313E-06 0.0014
    1.6019E+02   7.92187E-07 0.0014
    1.6483E+02   3.73485E-06 0.0014
    1.6959E+02   8.00625E-07 0.0014
    1.7450E+02   5.29189E-07 0.0014
    1.7955E+02   3.33165E-06 0.0014
    1.8474E+02   5.09668E-07 0.0014
    1.9009E+02   2.77432E-06 0.0014
    1.9559E+02   5.37786E-07 0.0014
    2.0124E+02   3.94972E-07 0.0014
    2.0707E+02   2.43219E-06 0.0014
    2.1306E+02   3.44513E-07 0.0014
    2.1922E+02   2.05806E-06 0.0014
    2.2556E+02   3.58671E-07 0.0014
    2.3209E+02   3.09918E-07 0.0014
    2.3880E+02   1.76211E-06 0.0014
    2.4571E+02   2.44370E-07 0.0014
    2.5282E+02   1.52254E-06 0.0014
    2.6013E+02   2.40752E-07 0.0014
    2.6766E+02   1.27478E-06 0.0014
    2.7540E+02   2.52518E-07 0.0014
    2.8337E+02   1.92419E-07 0.0014
    2.9157E+02   1.12214E-06 0.0014
    3.0000E+02   1.63837E-07 0.0014
      total      2.09674E-03 0.0014


 ===================================================================================================================================

           results of 10 statistical checks for the estimated answer for the tally fluctuation chart (tfc) bin of tally     9204

 tfc bin     --mean--      ---------relative error---------      ----variance of the variance----      --figure of merit--     -pdf-
 behavior    behavior      value   decrease   decrease rate      value   decrease   decrease rate       value     behavior     slope

 desired      random       <0.10      yes      1/sqrt(nps)       <0.10      yes        1/nps           constant    random      >3.00
 observed     random        0.00      yes          yes            0.00      yes         yes                                    10.00
 passed?        yes          yes      yes          yes             yes      yes         yes                                      yes

 ===================================================================================================================================


 this tally meets the statistical criteria used to form confidence intervals: check the tally fluctuation chart to verify.
 the results in other bins associated with this tally may not meet these statistical criteria.

 ----- estimated confidence intervals:  -----

 estimated asymmetric confidence interval(1,2,3 sigma): 2.8029E-03 to 2.8106E-03; 2.7991E-03 to 2.8144E-03; 2.7953E-03 to 2.8182E-03
 estimated  symmetric confidence interval(1,2,3 sigma): 2.8029E-03 to 2.8106E-03; 2.7991E-03 to 2.8144E-03; 2.7953E-03 to 2.8182E-03

1analysis of the results in the tally fluctuation chart bin (tfc) for tally 9204 with nps = 4000000          print table 160


 normed average tally per history  = 2.80675E-03          unnormed average tally per history  = 7.01687E-03
 estimated tally relative error    = 0.0014               estimated variance of the variance  = 0.0000
 relative error from zero tallies  = 0.0009               relative error from nonzero scores  = 0.0011

 number of nonzero history tallies =     1018239          efficiency for the nonzero tallies  = 0.2546
 history number of largest  tally  =     3284964          largest  unnormalized history tally = 9.34815E-02
 (largest  tally)/(average tally)  = 1.33224E+01          (largest  tally)/(avg nonzero tally)= 3.39134E+00

 (confidence interval shift)/mean  = 0.0000               shifted confidence interval center  = 2.80675E-03


 if the largest  history score sampled so far were to occur on the next history, the tfc bin quantities would change as follows:

      estimated quantities           value at nps           value at nps+1           value(nps+1)/value(nps)-1.

      mean                            2.80675E-03             2.80676E-03                     0.000003
      relative error                  1.36049E-03             1.36049E-03                    -0.000001
      variance of the variance        2.14115E-06             2.14115E-06                    -0.000001
      shifted center                  2.80675E-03             2.80675E-03                     0.000000
      figure of merit                 0.00000E+00             0.00000E+00                     0.000000

 the estimated slope of the 177 largest  tallies starting at  8.87285E-02 appears to be decreasing at least exponentially.
 the empirical history score probability density function appears to be increasing at the largest  history scores:
 please examine. see print table 161.
 the large score tail of the empirical history score probability density function appears to have no unsampled regions.

 fom = (histories/minute)*(f(x) signal-to-noise ratio)**2 = (0.000E+00)*( 3.675E-01)**2 = (0.000E+00)*(1.351E-01) = 0.000E+00

