1tally     8004        nps =    43000000
           tally type 4    track length estimate of particle flux.      units   1/cm**2        
           particle(s): protons  
 number of histories used for normalizing tallies =     43000000.00
           this tally is modified by   ft  let

           volumes 
                   cell:      500          501          502          503          504         total                
                         2.50000E+00  2.50000E+00  2.50000E+00  2.50000E+00  2.50000E+00  1.25000E+01
 
 cell  500                                                                                                                             
    s(e) (MeV/cm)
    1.0000E+00   0.00000E+00 0.0000
    1.0289E+00   0.00000E+00 0.0000
    1.0587E+00   0.00000E+00 0.0000
    1.0893E+00   0.00000E+00 0.0000
    1.1208E+00   0.00000E+00 0.0000
    1.1533E+00   0.00000E+00 0.0000
    1.1866E+00   0.00000E+00 0.0000
    1.2210E+00   0.00000E+00 0.0000
    1.2563E+00   0.00000E+00 0.0000
    1.2926E+00   0.00000E+00 0.0000
    1.3300E+00   0.00000E+00 0.0000
    1.3685E+00   0.00000E+00 0.0000
    1.4081E+00   0.00000E+00 0.0000
    1.4488E+00   0.00000E+00 0.0000
    1.4907E+00   0.00000E+00 0.0000
    1.5339E+00   0.00000E+00 0.0000
    1.5782E+00   0.00000E+00 0.0000
    1.6239E+00   0.00000E+00 0.0000
    1.6709E+00   0.00000E+00 0.0000
    1.7192E+00   0.00000E+00 0.0000
    1.7689E+00   0.00000E+00 0.0000
    1.8201E+00   0.00000E+00 0.0000
    1.8728E+00   0.00000E+00 0.0000
    1.9269E+00   0.00000E+00 0.0000
    1.9827E+00   0.00000E+00 0.0000
    2.0400E+00   0.00000E+00 0.0000
    2.0991E+00   0.00000E+00 0.0000
    2.1598E+00   0.00000E+00 0.0000
    2.2223E+00   0.00000E+00 0.0000
    2.2866E+00   0.00000E+00 0.0000
    2.3527E+00   0.00000E+00 0.0000
    2.4208E+00   0.00000E+00 0.0000
    2.4908E+00   0.00000E+00 0.0000
    2.5629E+00   0.00000E+00 0.0000
    2.6370E+00   0.00000E+00 0.0000
    2.7133E+00   0.00000E+00 0.0000
    2.7918E+00   0.00000E+00 0.0000
    2.8725E+00   0.00000E+00 0.0000
    2.9557E+00   0.00000E+00 0.0000
    3.0412E+00   0.00000E+00 0.0000
    3.1291E+00   0.00000E+00 0.0000
    3.2197E+00   0.00000E+00 0.0000
    3.3128E+00   0.00000E+00 0.0000
    3.4086E+00   0.00000E+00 0.0000
    3.5072E+00   0.00000E+00 0.0000
    3.6087E+00   0.00000E+00 0.0000
    3.7131E+00   0.00000E+00 0.0000
    3.8205E+00   0.00000E+00 0.0000
    3.9311E+00   0.00000E+00 0.0000
    4.0448E+00   0.00000E+00 0.0000
    4.1618E+00   0.00000E+00 0.0000
    4.2822E+00   0.00000E+00 0.0000
    4.4061E+00   0.00000E+00 0.0000
    4.5335E+00   0.00000E+00 0.0000
    4.6647E+00   0.00000E+00 0.0000
    4.7996E+00   0.00000E+00 0.0000
    4.9385E+00   0.00000E+00 0.0000
    5.0814E+00   0.00000E+00 0.0000
    5.2284E+00   0.00000E+00 0.0000
    5.3796E+00   0.00000E+00 0.0000
    5.5352E+00   0.00000E+00 0.0000
    5.6954E+00   0.00000E+00 0.0000
    5.8601E+00   0.00000E+00 0.0000
    6.0297E+00   0.00000E+00 0.0000
    6.2041E+00   0.00000E+00 0.0000
    6.3836E+00   0.00000E+00 0.0000
    6.5683E+00   0.00000E+00 0.0000
    6.7583E+00   0.00000E+00 0.0000
    6.9538E+00   0.00000E+00 0.0000
    7.1550E+00   8.15921E-12 0.7095
    7.3619E+00   0.00000E+00 0.0000
    7.5749E+00   0.00000E+00 0.0000
    7.7941E+00   1.89226E-10 0.2365
    8.0195E+00   0.00000E+00 0.0000
    8.2515E+00   5.21534E-10 0.1435
    8.4902E+00   0.00000E+00 0.0000
    8.7359E+00   1.33207E-09 0.0905
    8.9886E+00   1.44034E-10 0.2731
    9.2486E+00   4.89465E-08 0.0226
    9.5162E+00   7.09357E-08 0.0165
    9.7915E+00   1.66286E-07 0.0116
    1.0075E+01   1.90044E-04 0.0017
    1.0366E+01   2.06233E-05 0.0018
    1.0666E+01   2.63999E-04 0.0014
    1.0975E+01   1.76055E-05 0.0018
    1.1292E+01   2.58364E-04 0.0014
    1.1619E+01   2.14004E-05 0.0017
    1.1955E+01   2.11481E-05 0.0017
    1.2301E+01   2.50105E-04 0.0014
    1.2657E+01   2.48253E-05 0.0016
    1.3023E+01   2.01172E-04 0.0013
    1.3400E+01   3.11270E-05 0.0016
    1.3787E+01   3.08515E-05 0.0016
    1.4186E+01   1.65534E-04 0.0013
    1.4596E+01   2.80648E-05 0.0016
    1.5019E+01   1.66163E-04 0.0014
    1.5453E+01   2.35468E-05 0.0016
    1.5900E+01   1.26601E-04 0.0014
    1.6360E+01   2.04654E-05 0.0016
    1.6834E+01   2.21343E-05 0.0015
    1.7321E+01   1.33058E-04 0.0014
    1.7822E+01   1.69538E-05 0.0015
    1.8337E+01   9.90575E-05 0.0014
    1.8868E+01   1.46992E-05 0.0015
    1.9413E+01   1.55524E-05 0.0015
    1.9975E+01   9.50739E-05 0.0014
    2.0553E+01   1.68386E-05 0.0015
    2.1148E+01   8.37396E-05 0.0014
    2.1759E+01   1.18388E-05 0.0015
    2.2389E+01   1.18280E-05 0.0015
    2.3037E+01   6.17895E-05 0.0014
    2.3703E+01   9.57871E-06 0.0015
    2.4389E+01   5.33893E-05 0.0014
    2.5094E+01   9.13852E-06 0.0015
    2.5820E+01   9.25106E-06 0.0015
    2.6567E+01   5.02465E-05 0.0014
    2.7336E+01   8.12431E-06 0.0015
    2.8127E+01   4.61217E-05 0.0014
    2.8940E+01   7.35673E-06 0.0015
    2.9777E+01   3.89272E-05 0.0014
    3.0639E+01   6.43908E-06 0.0015
    3.1525E+01   5.76568E-06 0.0015
    3.2437E+01   3.14815E-05 0.0014
    3.3376E+01   4.63157E-06 0.0015
    3.4341E+01   2.53506E-05 0.0014
    3.5335E+01   4.44014E-06 0.0015
    3.6357E+01   3.68398E-06 0.0015
    3.7409E+01   2.10360E-05 0.0014
    3.8491E+01   3.19385E-06 0.0015
    3.9604E+01   1.75906E-05 0.0014
    4.0750E+01   3.20041E-06 0.0014
    4.1929E+01   2.61944E-06 0.0015
    4.3142E+01   1.53903E-05 0.0014
    4.4390E+01   2.29618E-06 0.0015
    4.5674E+01   1.32418E-05 0.0014
    4.6996E+01   2.37821E-06 0.0014
    4.8355E+01   1.93566E-06 0.0015
    4.9754E+01   1.17902E-05 0.0014
    5.1193E+01   1.70290E-06 0.0015
    5.2674E+01   1.02014E-05 0.0014
    5.4198E+01   1.80038E-06 0.0014
    5.5766E+01   1.50424E-06 0.0015
    5.7379E+01   9.02618E-06 0.0014
    5.9039E+01   1.25750E-06 0.0015
    6.0747E+01   7.86111E-06 0.0014
    6.2505E+01   1.30994E-06 0.0014
    6.4313E+01   6.59990E-06 0.0014
    6.6174E+01   1.41623E-06 0.0014
    6.8088E+01   9.32376E-07 0.0014
    7.0058E+01   6.00011E-06 0.0014
    7.2084E+01   9.25015E-07 0.0014
    7.4170E+01   5.04049E-06 0.0013
    7.6315E+01   1.00779E-06 0.0014
    7.8523E+01   7.08481E-07 0.0014
    8.0795E+01   4.51932E-06 0.0013
    8.3132E+01   6.38357E-07 0.0014
    8.5537E+01   3.85156E-06 0.0013
    8.8012E+01   6.82120E-07 0.0014
    9.0558E+01   3.22655E-06 0.0013
    9.3178E+01   7.14338E-07 0.0014
    9.5873E+01   4.69099E-07 0.0014
    9.8647E+01   2.94012E-06 0.0013
    1.0150E+02   4.27263E-07 0.0014
    1.0444E+02   2.50287E-06 0.0013
    1.0746E+02   4.33384E-07 0.0014
    1.1057E+02   2.09508E-06 0.0013
    1.1377E+02   4.42104E-07 0.0014
    1.1706E+02   3.04043E-07 0.0014
    1.2044E+02   1.87782E-06 0.0013
    1.2393E+02   2.67184E-07 0.0014
    1.2751E+02   1.60124E-06 0.0013
    1.3120E+02   2.69976E-07 0.0014
    1.3500E+02   1.33571E-06 0.0013
    1.3890E+02   2.77671E-07 0.0014
    1.4292E+02   1.90925E-07 0.0014
    1.4706E+02   1.19117E-06 0.0013
    1.5131E+02   1.71124E-07 0.0014
    1.5569E+02   1.00794E-06 0.0013
    1.6019E+02   1.77403E-07 0.0014
    1.6483E+02   8.38810E-07 0.0013
    1.6959E+02   1.79967E-07 0.0014
    1.7450E+02   1.19176E-07 0.0014
    1.7955E+02   7.50523E-07 0.0013
    1.8474E+02   1.14985E-07 0.0014
    1.9009E+02   6.26543E-07 0.0013
    1.9559E+02   1.21553E-07 0.0014
    2.0124E+02   8.93471E-08 0.0014
    2.0707E+02   5.50440E-07 0.0013
    2.1306E+02   7.81135E-08 0.0014
    2.1922E+02   4.66558E-07 0.0013
    2.2556E+02   8.13682E-08 0.0014
    2.3209E+02   7.03725E-08 0.0014
    2.3880E+02   4.00112E-07 0.0013
    2.4571E+02   5.56139E-08 0.0014
    2.5282E+02   3.46198E-07 0.0013
    2.6013E+02   5.47360E-08 0.0014
    2.6766E+02   2.90146E-07 0.0013
    2.7540E+02   5.75061E-08 0.0014
    2.8337E+02   4.38270E-08 0.0014
    2.9157E+02   2.55688E-07 0.0013
    3.0000E+02   3.73591E-08 0.0014
      total      2.94763E-03 0.0005
 
 cell  501                                                                                                                             
    s(e) (MeV/cm)
    1.0000E+00   0.00000E+00 0.0000
    1.0289E+00   0.00000E+00 0.0000
    1.0587E+00   0.00000E+00 0.0000
    1.0893E+00   0.00000E+00 0.0000
    1.1208E+00   0.00000E+00 0.0000
    1.1533E+00   0.00000E+00 0.0000
    1.1866E+00   0.00000E+00 0.0000
    1.2210E+00   0.00000E+00 0.0000
    1.2563E+00   0.00000E+00 0.0000
    1.2926E+00   0.00000E+00 0.0000
    1.3300E+00   0.00000E+00 0.0000
    1.3685E+00   0.00000E+00 0.0000
    1.4081E+00   0.00000E+00 0.0000
    1.4488E+00   0.00000E+00 0.0000
    1.4907E+00   0.00000E+00 0.0000
    1.5339E+00   0.00000E+00 0.0000
    1.5782E+00   0.00000E+00 0.0000
    1.6239E+00   0.00000E+00 0.0000
    1.6709E+00   0.00000E+00 0.0000
    1.7192E+00   0.00000E+00 0.0000
    1.7689E+00   0.00000E+00 0.0000
    1.8201E+00   0.00000E+00 0.0000
    1.8728E+00   0.00000E+00 0.0000
    1.9269E+00   0.00000E+00 0.0000
    1.9827E+00   0.00000E+00 0.0000
    2.0400E+00   0.00000E+00 0.0000
    2.0991E+00   0.00000E+00 0.0000
    2.1598E+00   0.00000E+00 0.0000
    2.2223E+00   0.00000E+00 0.0000
    2.2866E+00   0.00000E+00 0.0000
    2.3527E+00   0.00000E+00 0.0000
    2.4208E+00   0.00000E+00 0.0000
    2.4908E+00   0.00000E+00 0.0000
    2.5629E+00   0.00000E+00 0.0000
    2.6370E+00   0.00000E+00 0.0000
    2.7133E+00   0.00000E+00 0.0000
    2.7918E+00   0.00000E+00 0.0000
    2.8725E+00   0.00000E+00 0.0000
    2.9557E+00   0.00000E+00 0.0000
    3.0412E+00   0.00000E+00 0.0000
    3.1291E+00   0.00000E+00 0.0000
    3.2197E+00   0.00000E+00 0.0000
    3.3128E+00   0.00000E+00 0.0000
    3.4086E+00   0.00000E+00 0.0000
    3.5072E+00   0.00000E+00 0.0000
    3.6087E+00   0.00000E+00 0.0000
    3.7131E+00   0.00000E+00 0.0000
    3.8205E+00   0.00000E+00 0.0000
    3.9311E+00   0.00000E+00 0.0000
    4.0448E+00   0.00000E+00 0.0000
    4.1618E+00   0.00000E+00 0.0000
    4.2822E+00   0.00000E+00 0.0000
    4.4061E+00   0.00000E+00 0.0000
    4.5335E+00   0.00000E+00 0.0000
    4.6647E+00   0.00000E+00 0.0000
    4.7996E+00   0.00000E+00 0.0000
    4.9385E+00   0.00000E+00 0.0000
    5.0814E+00   0.00000E+00 0.0000
    5.2284E+00   0.00000E+00 0.0000
    5.3796E+00   0.00000E+00 0.0000
    5.5352E+00   0.00000E+00 0.0000
    5.6954E+00   0.00000E+00 0.0000
    5.8601E+00   0.00000E+00 0.0000
    6.0297E+00   0.00000E+00 0.0000
    6.2041E+00   0.00000E+00 0.0000
    6.3836E+00   0.00000E+00 0.0000
    6.5683E+00   0.00000E+00 0.0000
    6.7583E+00   0.00000E+00 0.0000
    6.9538E+00   0.00000E+00 0.0000
    7.1550E+00   0.00000E+00 0.0000
    7.3619E+00   1.16826E-11 1.0000
    7.5749E+00   0.00000E+00 0.0000
    7.7941E+00   1.30461E-10 0.2761
    8.0195E+00   0.00000E+00 0.0000
    8.2515E+00   4.63296E-10 0.1523
    8.4902E+00   4.56825E-11 0.5005
    8.7359E+00   1.26977E-09 0.0919
    8.9886E+00   6.91722E-11 0.4104
    9.2486E+00   3.61623E-07 0.0113
    9.5162E+00   4.18194E-07 0.0080
    9.7915E+00   8.44619E-07 0.0061
    1.0075E+01   2.34334E-04 0.0016
    1.0366E+01   1.69706E-05 0.0018
    1.0666E+01   2.64395E-04 0.0014
    1.0975E+01   1.81504E-05 0.0018
    1.1292E+01   2.67823E-04 0.0014
    1.1619E+01   2.11004E-05 0.0017
    1.1955E+01   2.34966E-05 0.0017
    1.2301E+01   2.54827E-04 0.0014
    1.2657E+01   2.22285E-05 0.0016
    1.3023E+01   2.21587E-04 0.0014
    1.3400E+01   2.76737E-05 0.0016
    1.3787E+01   2.62764E-05 0.0016
    1.4186E+01   1.71148E-04 0.0014
    1.4596E+01   3.17733E-05 0.0016
    1.5019E+01   1.55541E-04 0.0014
    1.5453E+01   2.20191E-05 0.0016
    1.5900E+01   1.42984E-04 0.0014
    1.6360E+01   2.24769E-05 0.0015
    1.6834E+01   2.29933E-05 0.0015
    1.7321E+01   1.22987E-04 0.0014
    1.7822E+01   1.56455E-05 0.0015
    1.8337E+01   1.04818E-04 0.0014
    1.8868E+01   1.68505E-05 0.0015
    1.9413E+01   1.76590E-05 0.0015
    1.9975E+01   9.91524E-05 0.0014
    2.0553E+01   1.57383E-05 0.0015
    2.1148E+01   7.49839E-05 0.0014
    2.1759E+01   1.08048E-05 0.0015
    2.2389E+01   1.10690E-05 0.0015
    2.3037E+01   6.25299E-05 0.0014
    2.3703E+01   1.05794E-05 0.0015
    2.4389E+01   6.02064E-05 0.0014
    2.5094E+01   1.02284E-05 0.0015
    2.5820E+01   1.02197E-05 0.0015
    2.6567E+01   5.30774E-05 0.0014
    2.7336E+01   8.04265E-06 0.0015
    2.8127E+01   4.40010E-05 0.0014
    2.8940E+01   6.72549E-06 0.0015
    2.9777E+01   3.49620E-05 0.0014
    3.0639E+01   5.74024E-06 0.0015
    3.1525E+01   5.15395E-06 0.0015
    3.2437E+01   2.85242E-05 0.0014
    3.3376E+01   4.30832E-06 0.0015
    3.4341E+01   2.41848E-05 0.0014
    3.5335E+01   4.36477E-06 0.0015
    3.6357E+01   3.68188E-06 0.0015
    3.7409E+01   2.15282E-05 0.0014
    3.8491E+01   3.37862E-06 0.0015
    3.9604E+01   1.89354E-05 0.0014
    4.0750E+01   3.50974E-06 0.0014
    4.1929E+01   2.90499E-06 0.0015
    4.3142E+01   1.71662E-05 0.0014
    4.4390E+01   2.59230E-06 0.0015
    4.5674E+01   1.49886E-05 0.0014
    4.6996E+01   2.70064E-06 0.0014
    4.8355E+01   2.19880E-06 0.0015
    4.9754E+01   1.33624E-05 0.0014
    5.1193E+01   1.92371E-06 0.0014
    5.2674E+01   1.14912E-05 0.0014
    5.4198E+01   2.01832E-06 0.0014
    5.5766E+01   1.68050E-06 0.0014
    5.7379E+01   1.00425E-05 0.0014
    5.9039E+01   1.38572E-06 0.0014
    6.0747E+01   8.63837E-06 0.0014
    6.2505E+01   1.43043E-06 0.0014
    6.4313E+01   7.16478E-06 0.0014
    6.6174E+01   1.53213E-06 0.0014
    6.8088E+01   1.00279E-06 0.0014
    7.0058E+01   6.43404E-06 0.0014
    7.2084E+01   9.86319E-07 0.0014
    7.4170E+01   5.34955E-06 0.0013
    7.6315E+01   1.06476E-06 0.0014
    7.8523E+01   7.46186E-07 0.0014
    8.0795E+01   4.74722E-06 0.0013
    8.3132E+01   6.66656E-07 0.0014
    8.5537E+01   4.01341E-06 0.0013
    8.8012E+01   7.09687E-07 0.0014
    9.0558E+01   3.33699E-06 0.0013
    9.3178E+01   7.38096E-07 0.0014
    9.5873E+01   4.82086E-07 0.0014
    9.8647E+01   3.02121E-06 0.0013
    1.0150E+02   4.37499E-07 0.0014
    1.0444E+02   2.55808E-06 0.0013
    1.0746E+02   4.42578E-07 0.0014
    1.1057E+02   2.13237E-06 0.0013
    1.1377E+02   4.49035E-07 0.0014
    1.1706E+02   3.08720E-07 0.0014
    1.2044E+02   1.90319E-06 0.0013
    1.2393E+02   2.70394E-07 0.0014
    1.2751E+02   1.61731E-06 0.0013
    1.3120E+02   2.72449E-07 0.0014
    1.3500E+02   1.34553E-06 0.0013
    1.3890E+02   2.79363E-07 0.0014
    1.4292E+02   1.92176E-07 0.0014
    1.4706E+02   1.19693E-06 0.0013
    1.5131E+02   1.71689E-07 0.0014
    1.5569E+02   1.01092E-06 0.0013
    1.6019E+02   1.77648E-07 0.0014
    1.6483E+02   8.39548E-07 0.0013
    1.6959E+02   1.80106E-07 0.0014
    1.7450E+02   1.19125E-07 0.0014
    1.7955E+02   7.49934E-07 0.0013
    1.8474E+02   1.14855E-07 0.0014
    1.9009E+02   6.25278E-07 0.0013
    1.9559E+02   1.21195E-07 0.0014
    2.0124E+02   8.91097E-08 0.0014
    2.0707E+02   5.48763E-07 0.0013
    2.1306E+02   7.77612E-08 0.0014
    2.1922E+02   4.64748E-07 0.0013
    2.2556E+02   8.09405E-08 0.0014
    2.3209E+02   7.00547E-08 0.0014
    2.3880E+02   3.98175E-07 0.0013
    2.4571E+02   5.52530E-08 0.0014
    2.5282E+02   3.44299E-07 0.0013
    2.6013E+02   5.44055E-08 0.0014
    2.6766E+02   2.88386E-07 0.0013
    2.7540E+02   5.71570E-08 0.0014
    2.8337E+02   4.35457E-08 0.0014
    2.9157E+02   2.53968E-07 0.0013
    3.0000E+02   3.71089E-08 0.0014
      total      3.03992E-03 0.0005
 
 cell  502                                                                                                                             
    s(e) (MeV/cm)
    1.0000E+00   0.00000E+00 0.0000
    1.0289E+00   0.00000E+00 0.0000
    1.0587E+00   0.00000E+00 0.0000
    1.0893E+00   0.00000E+00 0.0000
    1.1208E+00   0.00000E+00 0.0000
    1.1533E+00   0.00000E+00 0.0000
    1.1866E+00   0.00000E+00 0.0000
    1.2210E+00   0.00000E+00 0.0000
    1.2563E+00   0.00000E+00 0.0000
    1.2926E+00   0.00000E+00 0.0000
    1.3300E+00   0.00000E+00 0.0000
    1.3685E+00   0.00000E+00 0.0000
    1.4081E+00   0.00000E+00 0.0000
    1.4488E+00   0.00000E+00 0.0000
    1.4907E+00   0.00000E+00 0.0000
    1.5339E+00   0.00000E+00 0.0000
    1.5782E+00   0.00000E+00 0.0000
    1.6239E+00   0.00000E+00 0.0000
    1.6709E+00   0.00000E+00 0.0000
    1.7192E+00   0.00000E+00 0.0000
    1.7689E+00   0.00000E+00 0.0000
    1.8201E+00   0.00000E+00 0.0000
    1.8728E+00   0.00000E+00 0.0000
    1.9269E+00   0.00000E+00 0.0000
    1.9827E+00   0.00000E+00 0.0000
    2.0400E+00   0.00000E+00 0.0000
    2.0991E+00   0.00000E+00 0.0000
    2.1598E+00   0.00000E+00 0.0000
    2.2223E+00   0.00000E+00 0.0000
    2.2866E+00   0.00000E+00 0.0000
    2.3527E+00   0.00000E+00 0.0000
    2.4208E+00   0.00000E+00 0.0000
    2.4908E+00   0.00000E+00 0.0000
    2.5629E+00   0.00000E+00 0.0000
    2.6370E+00   0.00000E+00 0.0000
    2.7133E+00   0.00000E+00 0.0000
    2.7918E+00   0.00000E+00 0.0000
    2.8725E+00   0.00000E+00 0.0000
    2.9557E+00   0.00000E+00 0.0000
    3.0412E+00   0.00000E+00 0.0000
    3.1291E+00   0.00000E+00 0.0000
    3.2197E+00   0.00000E+00 0.0000
    3.3128E+00   0.00000E+00 0.0000
    3.4086E+00   0.00000E+00 0.0000
    3.5072E+00   0.00000E+00 0.0000
    3.6087E+00   0.00000E+00 0.0000
    3.7131E+00   0.00000E+00 0.0000
    3.8205E+00   0.00000E+00 0.0000
    3.9311E+00   0.00000E+00 0.0000
    4.0448E+00   0.00000E+00 0.0000
    4.1618E+00   0.00000E+00 0.0000
    4.2822E+00   0.00000E+00 0.0000
    4.4061E+00   0.00000E+00 0.0000
    4.5335E+00   0.00000E+00 0.0000
    4.6647E+00   0.00000E+00 0.0000
    4.7996E+00   0.00000E+00 0.0000
    4.9385E+00   0.00000E+00 0.0000
    5.0814E+00   0.00000E+00 0.0000
    5.2284E+00   0.00000E+00 0.0000
    5.3796E+00   0.00000E+00 0.0000
    5.5352E+00   0.00000E+00 0.0000
    5.6954E+00   0.00000E+00 0.0000
    5.8601E+00   0.00000E+00 0.0000
    6.0297E+00   0.00000E+00 0.0000
    6.2041E+00   0.00000E+00 0.0000
    6.3836E+00   0.00000E+00 0.0000
    6.5683E+00   0.00000E+00 0.0000
    6.7583E+00   0.00000E+00 0.0000
    6.9538E+00   0.00000E+00 0.0000
    7.1550E+00   1.16850E-11 1.0000
    7.3619E+00   0.00000E+00 0.0000
    7.5749E+00   1.05480E-11 1.0000
    7.7941E+00   1.19236E-10 0.3019
    8.0195E+00   1.83783E-11 0.7175
    8.2515E+00   4.13247E-10 0.1627
    8.4902E+00   5.57770E-11 0.4479
    8.7359E+00   1.26977E-09 0.0929
    8.9886E+00   1.16064E-10 0.3190
    9.2486E+00   1.98917E-06 0.0063
    9.5162E+00   1.80815E-06 0.0046
    9.7915E+00   3.15107E-06 0.0038
    1.0075E+01   2.68989E-04 0.0015
    1.0366E+01   1.80872E-05 0.0019
    1.0666E+01   2.70739E-04 0.0014
    1.0975E+01   2.34059E-05 0.0018
    1.1292E+01   2.71120E-04 0.0013
    1.1619E+01   2.61643E-05 0.0017
    1.1955E+01   2.93853E-05 0.0016
    1.2301E+01   2.45154E-04 0.0013
    1.2657E+01   2.57578E-05 0.0016
    1.3023E+01   2.28095E-04 0.0014
    1.3400E+01   2.38982E-05 0.0016
    1.3787E+01   2.43720E-05 0.0016
    1.4186E+01   1.89813E-04 0.0014
    1.4596E+01   3.02681E-05 0.0016
    1.5019E+01   1.44458E-04 0.0014
    1.5453E+01   2.54475E-05 0.0016
    1.5900E+01   1.57490E-04 0.0014
    1.6360E+01   2.07386E-05 0.0016
    1.6834E+01   2.04702E-05 0.0015
    1.7321E+01   1.15646E-04 0.0013
    1.7822E+01   1.73530E-05 0.0015
    1.8337E+01   1.17587E-04 0.0014
    1.8868E+01   1.73147E-05 0.0015
    1.9413E+01   1.74715E-05 0.0015
    1.9975E+01   9.07495E-05 0.0014
    2.0553E+01   1.40104E-05 0.0015
    2.1148E+01   7.25482E-05 0.0014
    2.1759E+01   1.16518E-05 0.0015
    2.2389E+01   1.22273E-05 0.0015
    2.3037E+01   7.04605E-05 0.0014
    2.3703E+01   1.16768E-05 0.0015
    2.4389E+01   6.30265E-05 0.0014
    2.5094E+01   9.98899E-06 0.0015
    2.5820E+01   9.78249E-06 0.0015
    2.6567E+01   4.87529E-05 0.0014
    2.7336E+01   7.17109E-06 0.0015
    2.8127E+01   3.94367E-05 0.0014
    2.8940E+01   6.15400E-06 0.0015
    2.9777E+01   3.32042E-05 0.0014
    3.0639E+01   5.70464E-06 0.0015
    3.1525E+01   5.21436E-06 0.0015
    3.2437E+01   2.98522E-05 0.0014
    3.3376E+01   4.69668E-06 0.0015
    3.4341E+01   2.68525E-05 0.0014
    3.5335E+01   4.93218E-06 0.0015
    3.6357E+01   4.18039E-06 0.0015
    3.7409E+01   2.44506E-05 0.0014
    3.8491E+01   3.82530E-06 0.0015
    3.9604E+01   2.12784E-05 0.0014
    4.0750E+01   3.90201E-06 0.0014
    4.1929E+01   3.20259E-06 0.0015
    4.3142E+01   1.87343E-05 0.0014
    4.4390E+01   2.77684E-06 0.0015
    4.5674E+01   1.58830E-05 0.0014
    4.6996E+01   2.81996E-06 0.0014
    4.8355E+01   2.27274E-06 0.0015
    4.9754E+01   1.37192E-05 0.0014
    5.1193E+01   1.94095E-06 0.0015
    5.2674E+01   1.15035E-05 0.0014
    5.4198E+01   2.00048E-06 0.0014
    5.5766E+01   1.64964E-06 0.0015
    5.7379E+01   9.82075E-06 0.0014
    5.9039E+01   1.33859E-06 0.0014
    6.0747E+01   8.31338E-06 0.0014
    6.2505E+01   1.36760E-06 0.0014
    6.4313E+01   6.80781E-06 0.0014
    6.6174E+01   1.45131E-06 0.0014
    6.8088E+01   9.43814E-07 0.0014
    7.0058E+01   6.04648E-06 0.0014
    7.2084E+01   9.23115E-07 0.0014
    7.4170E+01   4.98786E-06 0.0014
    7.6315E+01   9.90316E-07 0.0014
    7.8523E+01   6.91877E-07 0.0014
    8.0795E+01   4.39695E-06 0.0013
    8.3132E+01   6.16112E-07 0.0014
    8.5537E+01   3.70128E-06 0.0013
    8.8012E+01   6.52815E-07 0.0014
    9.0558E+01   3.06885E-06 0.0013
    9.3178E+01   6.77688E-07 0.0014
    9.5873E+01   4.42686E-07 0.0014
    9.8647E+01   2.77170E-06 0.0013
    1.0150E+02   4.01471E-07 0.0014
    1.0444E+02   2.34330E-06 0.0013
    1.0746E+02   4.05041E-07 0.0014
    1.1057E+02   1.95126E-06 0.0013
    1.1377E+02   4.10894E-07 0.0014
    1.1706E+02   2.81980E-07 0.0014
    1.2044E+02   1.74004E-06 0.0013
    1.2393E+02   2.47045E-07 0.0014
    1.2751E+02   1.47770E-06 0.0013
    1.3120E+02   2.48962E-07 0.0014
    1.3500E+02   1.22873E-06 0.0013
    1.3890E+02   2.55174E-07 0.0014
    1.4292E+02   1.75321E-07 0.0014
    1.4706E+02   1.09279E-06 0.0013
    1.5131E+02   1.56717E-07 0.0014
    1.5569E+02   9.22549E-07 0.0013
    1.6019E+02   1.62277E-07 0.0014
    1.6483E+02   7.66355E-07 0.0013
    1.6959E+02   1.64302E-07 0.0014
    1.7450E+02   1.08726E-07 0.0014
    1.7955E+02   6.84565E-07 0.0013
    1.8474E+02   1.04840E-07 0.0014
    1.9009E+02   5.70764E-07 0.0013
    1.9559E+02   1.10707E-07 0.0014
    2.0124E+02   8.13568E-08 0.0014
    2.0707E+02   5.00894E-07 0.0013
    2.1306E+02   7.10295E-08 0.0014
    2.1922E+02   4.24238E-07 0.0013
    2.2556E+02   7.39529E-08 0.0014
    2.3209E+02   6.39524E-08 0.0014
    2.3880E+02   3.63538E-07 0.0013
    2.4571E+02   5.04772E-08 0.0014
    2.5282E+02   3.14360E-07 0.0013
    2.6013E+02   4.96987E-08 0.0014
    2.6766E+02   2.63357E-07 0.0013
    2.7540E+02   5.21460E-08 0.0014
    2.8337E+02   3.97844E-08 0.0014
    2.9157E+02   2.31921E-07 0.0013
    3.0000E+02   3.38776E-08 0.0014
      total      3.12705E-03 0.0004
 
 cell  503                                                                                                                             
    s(e) (MeV/cm)
    1.0000E+00   0.00000E+00 0.0000
    1.0289E+00   0.00000E+00 0.0000
    1.0587E+00   0.00000E+00 0.0000
    1.0893E+00   0.00000E+00 0.0000
    1.1208E+00   0.00000E+00 0.0000
    1.1533E+00   0.00000E+00 0.0000
    1.1866E+00   0.00000E+00 0.0000
    1.2210E+00   0.00000E+00 0.0000
    1.2563E+00   0.00000E+00 0.0000
    1.2926E+00   0.00000E+00 0.0000
    1.3300E+00   0.00000E+00 0.0000
    1.3685E+00   0.00000E+00 0.0000
    1.4081E+00   0.00000E+00 0.0000
    1.4488E+00   0.00000E+00 0.0000
    1.4907E+00   0.00000E+00 0.0000
    1.5339E+00   0.00000E+00 0.0000
    1.5782E+00   0.00000E+00 0.0000
    1.6239E+00   0.00000E+00 0.0000
    1.6709E+00   0.00000E+00 0.0000
    1.7192E+00   0.00000E+00 0.0000
    1.7689E+00   0.00000E+00 0.0000
    1.8201E+00   0.00000E+00 0.0000
    1.8728E+00   0.00000E+00 0.0000
    1.9269E+00   0.00000E+00 0.0000
    1.9827E+00   0.00000E+00 0.0000
    2.0400E+00   0.00000E+00 0.0000
    2.0991E+00   0.00000E+00 0.0000
    2.1598E+00   0.00000E+00 0.0000
    2.2223E+00   0.00000E+00 0.0000
    2.2866E+00   0.00000E+00 0.0000
    2.3527E+00   0.00000E+00 0.0000
    2.4208E+00   0.00000E+00 0.0000
    2.4908E+00   0.00000E+00 0.0000
    2.5629E+00   0.00000E+00 0.0000
    2.6370E+00   0.00000E+00 0.0000
    2.7133E+00   0.00000E+00 0.0000
    2.7918E+00   0.00000E+00 0.0000
    2.8725E+00   0.00000E+00 0.0000
    2.9557E+00   0.00000E+00 0.0000
    3.0412E+00   0.00000E+00 0.0000
    3.1291E+00   0.00000E+00 0.0000
    3.2197E+00   0.00000E+00 0.0000
    3.3128E+00   0.00000E+00 0.0000
    3.4086E+00   0.00000E+00 0.0000
    3.5072E+00   0.00000E+00 0.0000
    3.6087E+00   0.00000E+00 0.0000
    3.7131E+00   0.00000E+00 0.0000
    3.8205E+00   0.00000E+00 0.0000
    3.9311E+00   0.00000E+00 0.0000
    4.0448E+00   0.00000E+00 0.0000
    4.1618E+00   0.00000E+00 0.0000
    4.2822E+00   0.00000E+00 0.0000
    4.4061E+00   0.00000E+00 0.0000
    4.5335E+00   0.00000E+00 0.0000
    4.6647E+00   0.00000E+00 0.0000
    4.7996E+00   0.00000E+00 0.0000
    4.9385E+00   0.00000E+00 0.0000
    5.0814E+00   0.00000E+00 0.0000
    5.2284E+00   0.00000E+00 0.0000
    5.3796E+00   0.00000E+00 0.0000
    5.5352E+00   0.00000E+00 0.0000
    5.6954E+00   0.00000E+00 0.0000
    5.8601E+00   0.00000E+00 0.0000
    6.0297E+00   0.00000E+00 0.0000
    6.2041E+00   0.00000E+00 0.0000
    6.3836E+00   0.00000E+00 0.0000
    6.5683E+00   0.00000E+00 0.0000
    6.7583E+00   0.00000E+00 0.0000
    6.9538E+00   0.00000E+00 0.0000
    7.1550E+00   2.22317E-11 0.7080
    7.3619E+00   0.00000E+00 0.0000
    7.5749E+00   1.05766E-11 1.0000
    7.7941E+00   1.43335E-10 0.2751
    8.0195E+00   1.07156E-11 1.0000
    8.2515E+00   4.26290E-10 0.1584
    8.4902E+00   5.92181E-11 0.4278
    8.7359E+00   1.25323E-09 0.0940
    8.9886E+00   1.13671E-10 0.3085
    9.2486E+00   8.21270E-06 0.0040
    9.5162E+00   5.56464E-06 0.0031
    9.7915E+00   8.47056E-06 0.0027
    1.0075E+01   2.99223E-04 0.0014
    1.0366E+01   2.26156E-05 0.0018
    1.0666E+01   2.81311E-04 0.0013
    1.0975E+01   2.80022E-05 0.0017
    1.1292E+01   2.75077E-04 0.0012
    1.1619E+01   3.06128E-05 0.0016
    1.1955E+01   3.15049E-05 0.0016
    1.2301E+01   2.37757E-04 0.0013
    1.2657E+01   3.11221E-05 0.0016
    1.3023E+01   2.16000E-04 0.0013
    1.3400E+01   2.53841E-05 0.0016
    1.3787E+01   2.80810E-05 0.0016
    1.4186E+01   1.96970E-04 0.0014
    1.4596E+01   2.62239E-05 0.0016
    1.5019E+01   1.53518E-04 0.0014
    1.5453E+01   2.94797E-05 0.0015
    1.5900E+01   1.52028E-04 0.0014
    1.6360E+01   1.84971E-05 0.0016
    1.6834E+01   1.90260E-05 0.0015
    1.7321E+01   1.25184E-04 0.0014
    1.7822E+01   1.95651E-05 0.0015
    1.8337E+01   1.18224E-04 0.0014
    1.8868E+01   1.54600E-05 0.0015
    1.9413E+01   1.54628E-05 0.0015
    1.9975E+01   8.40467E-05 0.0014
    2.0553E+01   1.45065E-05 0.0015
    2.1148E+01   8.08775E-05 0.0014
    2.1759E+01   1.31242E-05 0.0015
    2.2389E+01   1.35585E-05 0.0015
    2.3037E+01   7.32549E-05 0.0014
    2.3703E+01   1.11811E-05 0.0015
    2.4389E+01   5.75745E-05 0.0014
    2.5094E+01   8.87384E-06 0.0015
    2.5820E+01   8.69610E-06 0.0015
    2.6567E+01   4.46433E-05 0.0014
    2.7336E+01   6.93040E-06 0.0015
    2.8127E+01   3.99663E-05 0.0014
    2.8940E+01   6.60942E-06 0.0015
    2.9777E+01   3.68093E-05 0.0014
    3.0639E+01   6.47444E-06 0.0015
    3.1525E+01   5.92880E-06 0.0015
    3.2437E+01   3.38699E-05 0.0014
    3.3376E+01   5.26254E-06 0.0015
    3.4341E+01   2.95151E-05 0.0014
    3.5335E+01   5.30341E-06 0.0014
    3.6357E+01   4.43509E-06 0.0015
    3.7409E+01   2.54414E-05 0.0014
    3.8491E+01   3.87112E-06 0.0015
    3.9604E+01   2.11178E-05 0.0014
    4.0750E+01   3.79814E-06 0.0014
    4.1929E+01   3.08356E-06 0.0015
    4.3142E+01   1.78531E-05 0.0014
    4.4390E+01   2.60098E-06 0.0015
    4.5674E+01   1.47571E-05 0.0014
    4.6996E+01   2.59512E-06 0.0014
    4.8355E+01   2.07932E-06 0.0015
    4.9754E+01   1.25396E-05 0.0014
    5.1193E+01   1.76573E-06 0.0015
    5.2674E+01   1.04474E-05 0.0014
    5.4198E+01   1.81595E-06 0.0014
    5.5766E+01   1.49746E-06 0.0015
    5.7379E+01   8.93401E-06 0.0014
    5.9039E+01   1.22120E-06 0.0015
    6.0747E+01   7.59518E-06 0.0014
    6.2505E+01   1.25449E-06 0.0014
    6.4313E+01   6.25767E-06 0.0014
    6.6174E+01   1.33526E-06 0.0014
    6.8088E+01   8.73766E-07 0.0014
    7.0058E+01   5.60099E-06 0.0013
    7.2084E+01   8.58466E-07 0.0014
    7.4170E+01   4.65666E-06 0.0013
    7.6315E+01   9.27055E-07 0.0014
    7.8523E+01   6.50292E-07 0.0014
    8.0795E+01   4.14034E-06 0.0013
    8.3132E+01   5.83104E-07 0.0014
    8.5537E+01   3.51011E-06 0.0013
    8.8012E+01   6.20826E-07 0.0014
    9.0558E+01   2.92875E-06 0.0013
    9.3178E+01   6.47540E-07 0.0014
    9.5873E+01   4.24972E-07 0.0014
    9.8647E+01   2.66011E-06 0.0013
    1.0150E+02   3.86616E-07 0.0014
    1.0444E+02   2.26013E-06 0.0013
    1.0746E+02   3.90774E-07 0.0014
    1.1057E+02   1.88980E-06 0.0013
    1.1377E+02   3.98325E-07 0.0014
    1.1706E+02   2.74089E-07 0.0014
    1.2044E+02   1.69168E-06 0.0013
    1.2393E+02   2.40592E-07 0.0014
    1.2751E+02   1.44140E-06 0.0013
    1.3120E+02   2.43023E-07 0.0014
    1.3500E+02   1.20234E-06 0.0013
    1.3890E+02   2.49641E-07 0.0014
    1.4292E+02   1.71903E-07 0.0014
    1.4706E+02   1.07182E-06 0.0013
    1.5131E+02   1.53820E-07 0.0014
    1.5569E+02   9.07010E-07 0.0013
    1.6019E+02   1.59598E-07 0.0014
    1.6483E+02   7.54576E-07 0.0013
    1.6959E+02   1.61993E-07 0.0014
    1.7450E+02   1.07077E-07 0.0014
    1.7955E+02   6.75300E-07 0.0013
    1.8474E+02   1.03508E-07 0.0014
    1.9009E+02   5.63684E-07 0.0013
    1.9559E+02   1.09415E-07 0.0014
    2.0124E+02   8.03480E-08 0.0014
    2.0707E+02   4.95333E-07 0.0013
    2.1306E+02   7.02567E-08 0.0014
    2.1922E+02   4.19874E-07 0.0013
    2.2556E+02   7.32366E-08 0.0014
    2.3209E+02   6.33153E-08 0.0014
    2.3880E+02   3.60203E-07 0.0013
    2.4571E+02   4.99629E-08 0.0014
    2.5282E+02   3.11646E-07 0.0013
    2.6013E+02   4.92966E-08 0.0014
    2.6766E+02   2.61171E-07 0.0013
    2.7540E+02   5.17965E-08 0.0014
    2.8337E+02   3.94385E-08 0.0014
    2.9157E+02   2.30222E-07 0.0013
    3.0000E+02   3.36173E-08 0.0014
      total      3.20916E-03 0.0004
 
 cell  504                                                                                                                             
    s(e) (MeV/cm)
    1.0000E+00   0.00000E+00 0.0000
    1.0289E+00   0.00000E+00 0.0000
    1.0587E+00   0.00000E+00 0.0000
    1.0893E+00   0.00000E+00 0.0000
    1.1208E+00   0.00000E+00 0.0000
    1.1533E+00   0.00000E+00 0.0000
    1.1866E+00   0.00000E+00 0.0000
    1.2210E+00   0.00000E+00 0.0000
    1.2563E+00   0.00000E+00 0.0000
    1.2926E+00   0.00000E+00 0.0000
    1.3300E+00   0.00000E+00 0.0000
    1.3685E+00   0.00000E+00 0.0000
    1.4081E+00   0.00000E+00 0.0000
    1.4488E+00   0.00000E+00 0.0000
    1.4907E+00   0.00000E+00 0.0000
    1.5339E+00   0.00000E+00 0.0000
    1.5782E+00   0.00000E+00 0.0000
    1.6239E+00   0.00000E+00 0.0000
    1.6709E+00   0.00000E+00 0.0000
    1.7192E+00   0.00000E+00 0.0000
    1.7689E+00   0.00000E+00 0.0000
    1.8201E+00   0.00000E+00 0.0000
    1.8728E+00   0.00000E+00 0.0000
    1.9269E+00   0.00000E+00 0.0000
    1.9827E+00   0.00000E+00 0.0000
    2.0400E+00   0.00000E+00 0.0000
    2.0991E+00   0.00000E+00 0.0000
    2.1598E+00   0.00000E+00 0.0000
    2.2223E+00   0.00000E+00 0.0000
    2.2866E+00   0.00000E+00 0.0000
    2.3527E+00   0.00000E+00 0.0000
    2.4208E+00   0.00000E+00 0.0000
    2.4908E+00   0.00000E+00 0.0000
    2.5629E+00   0.00000E+00 0.0000
    2.6370E+00   0.00000E+00 0.0000
    2.7133E+00   0.00000E+00 0.0000
    2.7918E+00   0.00000E+00 0.0000
    2.8725E+00   0.00000E+00 0.0000
    2.9557E+00   0.00000E+00 0.0000
    3.0412E+00   0.00000E+00 0.0000
    3.1291E+00   0.00000E+00 0.0000
    3.2197E+00   0.00000E+00 0.0000
    3.3128E+00   0.00000E+00 0.0000
    3.4086E+00   0.00000E+00 0.0000
    3.5072E+00   0.00000E+00 0.0000
    3.6087E+00   0.00000E+00 0.0000
    3.7131E+00   0.00000E+00 0.0000
    3.8205E+00   0.00000E+00 0.0000
    3.9311E+00   0.00000E+00 0.0000
    4.0448E+00   0.00000E+00 0.0000
    4.1618E+00   0.00000E+00 0.0000
    4.2822E+00   0.00000E+00 0.0000
    4.4061E+00   0.00000E+00 0.0000
    4.5335E+00   0.00000E+00 0.0000
    4.6647E+00   0.00000E+00 0.0000
    4.7996E+00   0.00000E+00 0.0000
    4.9385E+00   0.00000E+00 0.0000
    5.0814E+00   0.00000E+00 0.0000
    5.2284E+00   0.00000E+00 0.0000
    5.3796E+00   0.00000E+00 0.0000
    5.5352E+00   0.00000E+00 0.0000
    5.6954E+00   0.00000E+00 0.0000
    5.8601E+00   0.00000E+00 0.0000
    6.0297E+00   0.00000E+00 0.0000
    6.2041E+00   0.00000E+00 0.0000
    6.3836E+00   0.00000E+00 0.0000
    6.5683E+00   0.00000E+00 0.0000
    6.7583E+00   0.00000E+00 0.0000
    6.9538E+00   0.00000E+00 0.0000
    7.1550E+00   2.67837E-11 0.6126
    7.3619E+00   0.00000E+00 0.0000
    7.5749E+00   0.00000E+00 0.0000
    7.7941E+00   1.55314E-10 0.2634
    8.0195E+00   1.04237E-11 1.0000
    8.2515E+00   4.73677E-10 0.1512
    8.4902E+00   2.10645E-11 0.7071
    8.7359E+00   1.28957E-09 0.0926
    8.9886E+00   1.10013E-10 0.3168
    9.2486E+00   2.54236E-05 0.0029
    9.5162E+00   1.25335E-05 0.0023
    9.7915E+00   1.65930E-05 0.0021
    1.0075E+01   3.22477E-04 0.0013
    1.0366E+01   2.48718E-05 0.0018
    1.0666E+01   2.91638E-04 0.0013
    1.0975E+01   2.69085E-05 0.0017
    1.1292E+01   2.84075E-04 0.0013
    1.1619E+01   2.88987E-05 0.0016
    1.1955E+01   2.73788E-05 0.0016
    1.2301E+01   2.46216E-04 0.0013
    1.2657E+01   3.13947E-05 0.0016
    1.3023E+01   2.05855E-04 0.0013
    1.3400E+01   3.02055E-05 0.0016
    1.3787E+01   3.24456E-05 0.0016
    1.4186E+01   1.85322E-04 0.0014
    1.4596E+01   2.63043E-05 0.0016
    1.5019E+01   1.73930E-04 0.0014
    1.5453E+01   2.86100E-05 0.0016
    1.5900E+01   1.39166E-04 0.0014
    1.6360E+01   1.97935E-05 0.0016
    1.6834E+01   2.13535E-05 0.0015
    1.7321E+01   1.38148E-04 0.0014
    1.7822E+01   1.88835E-05 0.0015
    1.8337E+01   1.06796E-04 0.0014
    1.8868E+01   1.43743E-05 0.0015
    1.9413E+01   1.49844E-05 0.0015
    1.9975E+01   9.03073E-05 0.0014
    2.0553E+01   1.65657E-05 0.0015
    2.1148E+01   8.71824E-05 0.0014
    2.1759E+01   1.28983E-05 0.0015
    2.2389E+01   1.29578E-05 0.0015
    2.3037E+01   6.67522E-05 0.0014
    2.3703E+01   9.98142E-06 0.0015
    2.4389E+01   5.30410E-05 0.0014
    2.5094E+01   8.69704E-06 0.0015
    2.5820E+01   8.76530E-06 0.0015
    2.6567E+01   4.76206E-05 0.0014
    2.7336E+01   7.79848E-06 0.0015
    2.8127E+01   4.53688E-05 0.0014
    2.8940E+01   7.48051E-06 0.0015
    2.9777E+01   4.05829E-05 0.0014
    3.0639E+01   6.91129E-06 0.0015
    3.1525E+01   6.22645E-06 0.0015
    3.2437E+01   3.45770E-05 0.0014
    3.3376E+01   5.15248E-06 0.0015
    3.4341E+01   2.83103E-05 0.0014
    3.5335E+01   4.97272E-06 0.0015
    3.6357E+01   4.11043E-06 0.0015
    3.7409E+01   2.33567E-05 0.0014
    3.8491E+01   3.51356E-06 0.0015
    3.9604E+01   1.91462E-05 0.0014
    4.0750E+01   3.44701E-06 0.0014
    4.1929E+01   2.80703E-06 0.0015
    4.3142E+01   1.63372E-05 0.0014
    4.4390E+01   2.40630E-06 0.0015
    4.5674E+01   1.37678E-05 0.0014
    4.6996E+01   2.45171E-06 0.0014
    4.8355E+01   1.98392E-06 0.0015
    4.9754E+01   1.20197E-05 0.0014
    5.1193E+01   1.72263E-06 0.0015
    5.2674E+01   1.02626E-05 0.0014
    5.4198E+01   1.80116E-06 0.0014
    5.5766E+01   1.50317E-06 0.0015
    5.7379E+01   8.99003E-06 0.0014
    5.9039E+01   1.24542E-06 0.0015
    6.0747E+01   7.77930E-06 0.0014
    6.2505E+01   1.29431E-06 0.0014
    6.4313E+01   6.50521E-06 0.0014
    6.6174E+01   1.39447E-06 0.0014
    6.8088E+01   9.17196E-07 0.0015
    7.0058E+01   5.89613E-06 0.0014
    7.2084E+01   9.07519E-07 0.0014
    7.4170E+01   4.94498E-06 0.0014
    7.6315E+01   9.87308E-07 0.0014
    7.8523E+01   6.94318E-07 0.0014
    8.0795E+01   4.42676E-06 0.0014
    8.3132E+01   6.24794E-07 0.0014
    8.5537E+01   3.76960E-06 0.0014
    8.8012E+01   6.67765E-07 0.0014
    9.0558E+01   3.15641E-06 0.0014
    9.3178E+01   6.98891E-07 0.0014
    9.5873E+01   4.58768E-07 0.0014
    9.8647E+01   2.87607E-06 0.0013
    1.0150E+02   4.18306E-07 0.0014
    1.0444E+02   2.44892E-06 0.0013
    1.0746E+02   4.24196E-07 0.0014
    1.1057E+02   2.05122E-06 0.0013
    1.1377E+02   4.32450E-07 0.0014
    1.1706E+02   2.98171E-07 0.0014
    1.2044E+02   1.83892E-06 0.0013
    1.2393E+02   2.61767E-07 0.0014
    1.2751E+02   1.56872E-06 0.0013
    1.3120E+02   2.64403E-07 0.0014
    1.3500E+02   1.30914E-06 0.0013
    1.3890E+02   2.72075E-07 0.0014
    1.4292E+02   1.87274E-07 0.0014
    1.4706E+02   1.16806E-06 0.0013
    1.5131E+02   1.67725E-07 0.0014
    1.5569E+02   9.88680E-07 0.0013
    1.6019E+02   1.73979E-07 0.0014
    1.6483E+02   8.23079E-07 0.0013
    1.6959E+02   1.76637E-07 0.0014
    1.7450E+02   1.16869E-07 0.0014
    1.7955E+02   7.36542E-07 0.0013
    1.8474E+02   1.12855E-07 0.0014
    1.9009E+02   6.15000E-07 0.0013
    1.9559E+02   1.19372E-07 0.0014
    2.0124E+02   8.77365E-08 0.0014
    2.0707E+02   5.40506E-07 0.0013
    2.1306E+02   7.66464E-08 0.0014
    2.1922E+02   4.58181E-07 0.0013
    2.2556E+02   7.99550E-08 0.0014
    2.3209E+02   6.90618E-08 0.0014
    2.3880E+02   3.93013E-07 0.0013
    2.4571E+02   5.45856E-08 0.0014
    2.5282E+02   3.40041E-07 0.0013
    2.6013E+02   5.38050E-08 0.0014
    2.6766E+02   2.85051E-07 0.0013
    2.7540E+02   5.64662E-08 0.0014
    2.8337E+02   4.30624E-08 0.0014
    2.9157E+02   2.51242E-07 0.0013
    3.0000E+02   3.67250E-08 0.0014
      total      3.29541E-03 0.0004
 
 cell union total                                                                                                                      
    s(e) (MeV/cm)
    1.0000E+00   0.00000E+00 0.0000
    1.0289E+00   0.00000E+00 0.0000
    1.0587E+00   0.00000E+00 0.0000
    1.0893E+00   0.00000E+00 0.0000
    1.1208E+00   0.00000E+00 0.0000
    1.1533E+00   0.00000E+00 0.0000
    1.1866E+00   0.00000E+00 0.0000
    1.2210E+00   0.00000E+00 0.0000
    1.2563E+00   0.00000E+00 0.0000
    1.2926E+00   0.00000E+00 0.0000
    1.3300E+00   0.00000E+00 0.0000
    1.3685E+00   0.00000E+00 0.0000
    1.4081E+00   0.00000E+00 0.0000
    1.4488E+00   0.00000E+00 0.0000
    1.4907E+00   0.00000E+00 0.0000
    1.5339E+00   0.00000E+00 0.0000
    1.5782E+00   0.00000E+00 0.0000
    1.6239E+00   0.00000E+00 0.0000
    1.6709E+00   0.00000E+00 0.0000
    1.7192E+00   0.00000E+00 0.0000
    1.7689E+00   0.00000E+00 0.0000
    1.8201E+00   0.00000E+00 0.0000
    1.8728E+00   0.00000E+00 0.0000
    1.9269E+00   0.00000E+00 0.0000
    1.9827E+00   0.00000E+00 0.0000
    2.0400E+00   0.00000E+00 0.0000
    2.0991E+00   0.00000E+00 0.0000
    2.1598E+00   0.00000E+00 0.0000
    2.2223E+00   0.00000E+00 0.0000
    2.2866E+00   0.00000E+00 0.0000
    2.3527E+00   0.00000E+00 0.0000
    2.4208E+00   0.00000E+00 0.0000
    2.4908E+00   0.00000E+00 0.0000
    2.5629E+00   0.00000E+00 0.0000
    2.6370E+00   0.00000E+00 0.0000
    2.7133E+00   0.00000E+00 0.0000
    2.7918E+00   0.00000E+00 0.0000
    2.8725E+00   0.00000E+00 0.0000
    2.9557E+00   0.00000E+00 0.0000
    3.0412E+00   0.00000E+00 0.0000
    3.1291E+00   0.00000E+00 0.0000
    3.2197E+00   0.00000E+00 0.0000
    3.3128E+00   0.00000E+00 0.0000
    3.4086E+00   0.00000E+00 0.0000
    3.5072E+00   0.00000E+00 0.0000
    3.6087E+00   0.00000E+00 0.0000
    3.7131E+00   0.00000E+00 0.0000
    3.8205E+00   0.00000E+00 0.0000
    3.9311E+00   0.00000E+00 0.0000
    4.0448E+00   0.00000E+00 0.0000
    4.1618E+00   0.00000E+00 0.0000
    4.2822E+00   0.00000E+00 0.0000
    4.4061E+00   0.00000E+00 0.0000
    4.5335E+00   0.00000E+00 0.0000
    4.6647E+00   0.00000E+00 0.0000
    4.7996E+00   0.00000E+00 0.0000
    4.9385E+00   0.00000E+00 0.0000
    5.0814E+00   0.00000E+00 0.0000
    5.2284E+00   0.00000E+00 0.0000
    5.3796E+00   0.00000E+00 0.0000
    5.5352E+00   0.00000E+00 0.0000
    5.6954E+00   0.00000E+00 0.0000
    5.8601E+00   0.00000E+00 0.0000
    6.0297E+00   0.00000E+00 0.0000
    6.2041E+00   0.00000E+00 0.0000
    6.3836E+00   0.00000E+00 0.0000
    6.5683E+00   0.00000E+00 0.0000
    6.7583E+00   0.00000E+00 0.0000
    6.9538E+00   0.00000E+00 0.0000
    7.1550E+00   1.37719E-11 0.5814
    7.3619E+00   2.33652E-12 1.0000
    7.5749E+00   4.22491E-12 0.7071
    7.7941E+00   1.47514E-10 0.2295
    8.0195E+00   7.90352E-12 0.5044
    8.2515E+00   4.59609E-10 0.1300
    8.4902E+00   3.63484E-11 0.2467
    8.7359E+00   1.28288E-09 0.0782
    8.9886E+00   1.10591E-10 0.1420
    9.2486E+00   7.20721E-06 0.0033
    9.5162E+00   4.07909E-06 0.0025
    9.7915E+00   5.84511E-06 0.0023
    1.0075E+01   2.63013E-04 0.0014
    1.0366E+01   2.06337E-05 0.0014
    1.0666E+01   2.74416E-04 0.0012
    1.0975E+01   2.28145E-05 0.0014
    1.1292E+01   2.71292E-04 0.0012
    1.1619E+01   2.56353E-05 0.0013
    1.1955E+01   2.65827E-05 0.0013
    1.2301E+01   2.46812E-04 0.0012
    1.2657E+01   2.70657E-05 0.0012
    1.3023E+01   2.14542E-04 0.0012
    1.3400E+01   2.76577E-05 0.0012
    1.3787E+01   2.84053E-05 0.0012
    1.4186E+01   1.81758E-04 0.0012
    1.4596E+01   2.85269E-05 0.0012
    1.5019E+01   1.58722E-04 0.0011
    1.5453E+01   2.58206E-05 0.0012
    1.5900E+01   1.43654E-04 0.0012
    1.6360E+01   2.03943E-05 0.0012
    1.6834E+01   2.11955E-05 0.0011
    1.7321E+01   1.27005E-04 0.0011
    1.7822E+01   1.76802E-05 0.0011
    1.8337E+01   1.09297E-04 0.0011
    1.8868E+01   1.57398E-05 0.0011
    1.9413E+01   1.62260E-05 0.0011
    1.9975E+01   9.18660E-05 0.0011
    2.0553E+01   1.55319E-05 0.0011
    2.1148E+01   7.98663E-05 0.0011
    2.1759E+01   1.20636E-05 0.0011
    2.2389E+01   1.23281E-05 0.0011
    2.3037E+01   6.69574E-05 0.0011
    2.3703E+01   1.05995E-05 0.0011
    2.4389E+01   5.74475E-05 0.0011
    2.5094E+01   9.38536E-06 0.0011
    2.5820E+01   9.34293E-06 0.0011
    2.6567E+01   4.88681E-05 0.0011
    2.7336E+01   7.61339E-06 0.0011
    2.8127E+01   4.29789E-05 0.0011
    2.8940E+01   6.86523E-06 0.0011
    2.9777E+01   3.68971E-05 0.0010
    3.0639E+01   6.25394E-06 0.0011
    3.1525E+01   5.65785E-06 0.0011
    3.2437E+01   3.16610E-05 0.0011
    3.3376E+01   4.81032E-06 0.0011
    3.4341E+01   2.68427E-05 0.0011
    3.5335E+01   4.80264E-06 0.0011
    3.6357E+01   4.01835E-06 0.0011
    3.7409E+01   2.31626E-05 0.0011
    3.8491E+01   3.55649E-06 0.0011
    3.9604E+01   1.96137E-05 0.0011
    4.0750E+01   3.57146E-06 0.0011
    4.1929E+01   2.92352E-06 0.0011
    4.3142E+01   1.70962E-05 0.0011
    4.4390E+01   2.53452E-06 0.0011
    4.5674E+01   1.45277E-05 0.0011
    4.6996E+01   2.58913E-06 0.0011
    4.8355E+01   2.09409E-06 0.0011
    4.9754E+01   1.26862E-05 0.0011
    5.1193E+01   1.81118E-06 0.0011
    5.2674E+01   1.07812E-05 0.0011
    5.4198E+01   1.88726E-06 0.0011
    5.5766E+01   1.56700E-06 0.0011
    5.7379E+01   9.36269E-06 0.0010
    5.9039E+01   1.28968E-06 0.0011
    6.0747E+01   8.03747E-06 0.0010
    6.2505E+01   1.33135E-06 0.0011
    6.4313E+01   6.66707E-06 0.0010
    6.6174E+01   1.42588E-06 0.0010
    6.8088E+01   9.33989E-07 0.0011
    7.0058E+01   5.99555E-06 0.0010
    7.2084E+01   9.20087E-07 0.0010
    7.4170E+01   4.99591E-06 0.0010
    7.6315E+01   9.95446E-07 0.0010
    7.8523E+01   6.98231E-07 0.0010
    8.0795E+01   4.44612E-06 0.0010
    8.3132E+01   6.25804E-07 0.0010
    8.5537E+01   3.76919E-06 0.0010
    8.8012E+01   6.66643E-07 0.0010
    9.0558E+01   3.14351E-06 0.0010
    9.3178E+01   6.95311E-07 0.0010
    9.5873E+01   4.55522E-07 0.0010
    9.8647E+01   2.85384E-06 0.0010
    1.0150E+02   4.14231E-07 0.0010
    1.0444E+02   2.42266E-06 0.0010
    1.0746E+02   4.19195E-07 0.0010
    1.1057E+02   2.02395E-06 0.0010
    1.1377E+02   4.26561E-07 0.0010
    1.1706E+02   2.93401E-07 0.0010
    1.2044E+02   1.81033E-06 0.0010
    1.2393E+02   2.57396E-07 0.0010
    1.2751E+02   1.54127E-06 0.0010
    1.3120E+02   2.59762E-07 0.0010
    1.3500E+02   1.28429E-06 0.0010
    1.3890E+02   2.66785E-07 0.0010
    1.4292E+02   1.83520E-07 0.0010
    1.4706E+02   1.14415E-06 0.0010
    1.5131E+02   1.64215E-07 0.0010
    1.5569E+02   9.67419E-07 0.0010
    1.6019E+02   1.70181E-07 0.0010
    1.6483E+02   8.04474E-07 0.0010
    1.6959E+02   1.72601E-07 0.0010
    1.7450E+02   1.14195E-07 0.0010
    1.7955E+02   7.19373E-07 0.0010
    1.8474E+02   1.10209E-07 0.0010
    1.9009E+02   6.00253E-07 0.0010
    1.9559E+02   1.16448E-07 0.0010
    2.0124E+02   8.55796E-08 0.0010
    2.0707E+02   5.27187E-07 0.0010
    2.1306E+02   7.47615E-08 0.0010
    2.1922E+02   4.46720E-07 0.0010
    2.2556E+02   7.78907E-08 0.0010
    2.3209E+02   6.73513E-08 0.0010
    2.3880E+02   3.83008E-07 0.0010
    2.4571E+02   5.31785E-08 0.0010
    2.5282E+02   3.31309E-07 0.0010
    2.6013E+02   5.23883E-08 0.0010
    2.6766E+02   2.77622E-07 0.0010
    2.7540E+02   5.50144E-08 0.0010
    2.8337E+02   4.19316E-08 0.0010
    2.9157E+02   2.44608E-07 0.0010
    3.0000E+02   3.57376E-08 0.0010
      total      3.12383E-03 0.0004


 ===================================================================================================================================

           results of 10 statistical checks for the estimated answer for the tally fluctuation chart (tfc) bin of tally     8004

 tfc bin     --mean--      ---------relative error---------      ----variance of the variance----      --figure of merit--     -pdf-
 behavior    behavior      value   decrease   decrease rate      value   decrease   decrease rate       value     behavior     slope

 desired      random       <0.10      yes      1/sqrt(nps)       <0.10      yes        1/nps           constant    random      >3.00
 observed     random        0.00      yes          yes            0.00      yes         yes                                    10.00
 passed?        yes          yes      yes          yes             yes      yes         yes                                      yes

 ===================================================================================================================================


 this tally meets the statistical criteria used to form confidence intervals: check the tally fluctuation chart to verify.
 the results in other bins associated with this tally may not meet these statistical criteria.

 ----- estimated confidence intervals:  -----

 estimated asymmetric confidence interval(1,2,3 sigma): 2.9463E-03 to 2.9490E-03; 2.9449E-03 to 2.9503E-03; 2.9436E-03 to 2.9517E-03
 estimated  symmetric confidence interval(1,2,3 sigma): 2.9463E-03 to 2.9490E-03; 2.9449E-03 to 2.9503E-03; 2.9436E-03 to 2.9517E-03

1analysis of the results in the tally fluctuation chart bin (tfc) for tally 8004 with nps = 43000000         print table 160


 normed average tally per history  = 2.94763E-03          unnormed average tally per history  = 7.36907E-03
 estimated tally relative error    = 0.0005               estimated variance of the variance  = 0.0000
 relative error from zero tallies  = 0.0003               relative error from nonzero scores  = 0.0004

 number of nonzero history tallies =     9340709          efficiency for the nonzero tallies  = 0.2172
 history number of largest  tally  =     7868558          largest  unnormalized history tally = 1.20128E-01
 (largest  tally)/(average tally)  = 1.63016E+01          (largest  tally)/(avg nonzero tally)= 3.54113E+00

 (confidence interval shift)/mean  = 0.0000               shifted confidence interval center  = 2.94763E-03


 if the largest  history score sampled so far were to occur on the next history, the tfc bin quantities would change as follows:

      estimated quantities           value at nps           value at nps+1           value(nps+1)/value(nps)-1.

      mean                            2.94763E-03             2.94763E-03                     0.000000
      relative error                  4.60011E-04             4.60011E-04                     0.000000
      variance of the variance        2.20172E-07             2.20172E-07                     0.000000
      shifted center                  2.94763E-03             2.94763E-03                     0.000000
      figure of merit                 0.00000E+00             0.00000E+00                     0.000000

 the estimated slope of the 197 largest  tallies starting at  1.03226E-01 appears to be decreasing at least exponentially.
 the empirical history score probability density function appears to be increasing at the largest  history scores:
 please examine. see print table 161.
 the large score tail of the empirical history score probability density function appears to have no unsampled regions.

 fom = (histories/minute)*(f(x) signal-to-noise ratio)**2 = (0.000E+00)*( 3.315E-01)**2 = (0.000E+00)*(1.099E-01) = 0.000E+00


# ===================================================
# tally 9104
# ===================================================
1tally     9104        nps =    43000000
           tally type 4    track length estimate of particle flux.      units   1/cm**2        
           particle(s): neutrons  photons   electrons protons   deuterons tritons   helions   alphas   

 number of histories used for normalizing tallies =     43000000.00
           this tally is modified by   ft  let

           volumes 
                   cell:      500          501          502          503          504         total                
                         2.50000E+00  2.50000E+00  2.50000E+00  2.50000E+00  2.50000E+00  1.25000E+01
 
 cell  500                                                                                                                             
    s(e) (MeV/cm)
    1.0000E+00   4.27609E-04 0.0003
    1.0289E+00   0.00000E+00 0.0000
    1.0587E+00   0.00000E+00 0.0000
    1.0893E+00   0.00000E+00 0.0000
    1.1208E+00   0.00000E+00 0.0000
    1.1533E+00   0.00000E+00 0.0000
    1.1866E+00   0.00000E+00 0.0000
    1.2210E+00   0.00000E+00 0.0000
    1.2563E+00   0.00000E+00 0.0000
    1.2926E+00   0.00000E+00 0.0000
    1.3300E+00   0.00000E+00 0.0000
    1.3685E+00   0.00000E+00 0.0000
    1.4081E+00   0.00000E+00 0.0000
    1.4488E+00   0.00000E+00 0.0000
    1.4907E+00   0.00000E+00 0.0000
    1.5339E+00   0.00000E+00 0.0000
    1.5782E+00   0.00000E+00 0.0000
    1.6239E+00   0.00000E+00 0.0000
    1.6709E+00   0.00000E+00 0.0000
    1.7192E+00   0.00000E+00 0.0000
    1.7689E+00   0.00000E+00 0.0000
    1.8201E+00   0.00000E+00 0.0000
    1.8728E+00   0.00000E+00 0.0000
    1.9269E+00   0.00000E+00 0.0000
    1.9827E+00   0.00000E+00 0.0000
    2.0400E+00   0.00000E+00 0.0000
    2.0991E+00   0.00000E+00 0.0000
    2.1598E+00   1.32910E-06 0.0045
    2.2223E+00   5.19002E-07 0.0058
    2.2866E+00   2.36386E-07 0.0077
    2.3527E+00   8.47970E-08 0.0111
    2.4208E+00   9.14459E-08 0.0072
    2.4908E+00   3.92825E-08 0.0076
    2.5629E+00   3.61049E-08 0.0076
    2.6370E+00   3.34902E-08 0.0070
    2.7133E+00   3.08152E-08 0.0066
    2.7918E+00   2.90343E-08 0.0080
    2.8725E+00   2.63525E-08 0.0064
    2.9557E+00   2.41595E-08 0.0069
    3.0412E+00   0.00000E+00 0.0000
    3.1291E+00   2.21287E-08 0.0060
    3.2197E+00   2.03056E-08 0.0059
    3.3128E+00   1.98023E-11 1.0000
    3.4086E+00   1.86306E-08 0.0059
    3.5072E+00   1.71008E-08 0.0058
    3.6087E+00   0.00000E+00 0.0000
    3.7131E+00   1.56841E-08 0.0056
    3.8205E+00   1.43709E-08 0.0055
    3.9311E+00   1.51893E-11 1.0000
    4.0448E+00   1.32224E-08 0.0054
    4.1618E+00   0.00000E+00 0.0000
    4.2822E+00   1.21007E-08 0.0053
    4.4061E+00   0.00000E+00 0.0000
    4.5335E+00   1.11057E-08 0.0052
    4.6647E+00   0.00000E+00 0.0000
    4.7996E+00   1.01642E-08 0.0052
    4.9385E+00   9.36434E-09 0.0051
    5.0814E+00   0.00000E+00 0.0000
    5.2284E+00   8.56618E-09 0.0050
    5.3796E+00   0.00000E+00 0.0000
    5.5352E+00   7.90908E-09 0.0049
    5.6954E+00   0.00000E+00 0.0000
    5.8601E+00   0.00000E+00 0.0000
    6.0297E+00   7.25197E-09 0.0048
    6.2041E+00   0.00000E+00 0.0000
    6.3836E+00   6.64859E-09 0.0048
    6.5683E+00   0.00000E+00 0.0000
    6.7583E+00   6.11286E-09 0.0047
    6.9538E+00   0.00000E+00 0.0000
    7.1550E+00   5.63383E-09 0.0047
    7.3619E+00   0.00000E+00 0.0000
    7.5749E+00   5.19178E-09 0.0045
    7.7941E+00   1.89226E-10 0.2365
    8.0195E+00   4.76237E-09 0.0045
    8.2515E+00   5.21534E-10 0.1435
    8.4902E+00   4.38205E-09 0.0044
    8.7359E+00   1.33207E-09 0.0905
    8.9886E+00   1.44034E-10 0.2731
    9.2486E+00   5.29825E-08 0.0209
    9.5162E+00   7.09357E-08 0.0165
    9.7915E+00   1.70006E-07 0.0114
    1.0075E+01   1.90044E-04 0.0017
    1.0366E+01   2.06267E-05 0.0018
    1.0666E+01   2.63999E-04 0.0014
    1.0975E+01   1.76055E-05 0.0018
    1.1292E+01   2.58367E-04 0.0014
    1.1619E+01   2.14004E-05 0.0017
    1.1955E+01   2.11510E-05 0.0017
    1.2301E+01   2.50105E-04 0.0014
    1.2657E+01   2.48280E-05 0.0016
    1.3023E+01   2.01172E-04 0.0013
    1.3400E+01   3.11270E-05 0.0016
    1.3787E+01   3.08540E-05 0.0016
    1.4186E+01   1.65534E-04 0.0013
    1.4596E+01   2.80671E-05 0.0016
    1.5019E+01   1.66163E-04 0.0014
    1.5453E+01   2.35490E-05 0.0016
    1.5900E+01   1.26601E-04 0.0014
    1.6360E+01   2.04654E-05 0.0016
    1.6834E+01   2.21364E-05 0.0015
    1.7321E+01   1.33058E-04 0.0014
    1.7822E+01   1.69558E-05 0.0015
    1.8337E+01   9.90582E-05 0.0014
    1.8868E+01   1.47010E-05 0.0015
    1.9413E+01   1.55525E-05 0.0015
    1.9975E+01   9.50749E-05 0.0014
    2.0553E+01   1.68405E-05 0.0015
    2.1148E+01   8.37438E-05 0.0014
    2.1759E+01   1.18413E-05 0.0015
    2.2389E+01   1.18294E-05 0.0015
    2.3037E+01   6.18052E-05 0.0014
    2.3703E+01   9.58189E-06 0.0015
    2.4389E+01   5.34163E-05 0.0014
    2.5094E+01   9.14524E-06 0.0015
    2.5820E+01   9.25657E-06 0.0015
    2.6567E+01   5.02858E-05 0.0014
    2.7336E+01   8.13216E-06 0.0015
    2.8127E+01   4.61697E-05 0.0014
    2.8940E+01   7.36606E-06 0.0015
    2.9777E+01   3.89813E-05 0.0014
    3.0639E+01   6.44991E-06 0.0015
    3.1525E+01   5.77518E-06 0.0015
    3.2437E+01   3.15405E-05 0.0014
    3.3376E+01   4.64158E-06 0.0015
    3.4341E+01   2.54110E-05 0.0014
    3.5335E+01   4.45183E-06 0.0015
    3.6357E+01   3.69443E-06 0.0015
    3.7409E+01   2.10978E-05 0.0014
    3.8491E+01   3.20401E-06 0.0015
    3.9604E+01   1.76497E-05 0.0014
    4.0750E+01   3.21105E-06 0.0014
    4.1929E+01   2.62942E-06 0.0015
    4.3142E+01   1.54488E-05 0.0014
    4.4390E+01   2.30584E-06 0.0015
    4.5674E+01   1.32985E-05 0.0014
    4.6996E+01   2.38834E-06 0.0014
    4.8355E+01   1.94568E-06 0.0015
    4.9754E+01   1.18443E-05 0.0014
    5.1193E+01   1.71241E-06 0.0015
    5.2674E+01   1.02523E-05 0.0014
    5.4198E+01   1.80928E-06 0.0014
    5.5766E+01   1.51342E-06 0.0014
    5.7379E+01   9.07486E-06 0.0014
    5.9039E+01   1.26573E-06 0.0014
    6.0747E+01   7.90709E-06 0.0014
    6.2505E+01   1.31824E-06 0.0014
    6.4313E+01   6.64183E-06 0.0013
    6.6174E+01   1.42562E-06 0.0014
    6.8088E+01   9.39653E-07 0.0014
    7.0058E+01   6.04102E-06 0.0013
    7.2084E+01   9.32325E-07 0.0014
    7.4170E+01   5.07700E-06 0.0013
    7.6315E+01   1.01588E-06 0.0014
    7.8523E+01   7.14408E-07 0.0014
    8.0795E+01   4.55513E-06 0.0013
    8.3132E+01   6.44205E-07 0.0014
    8.5537E+01   3.88381E-06 0.0013
    8.8012E+01   6.87885E-07 0.0014
    9.0558E+01   3.25591E-06 0.0013
    9.3178E+01   7.21152E-07 0.0014
    9.5873E+01   4.74258E-07 0.0014
    9.8647E+01   2.96832E-06 0.0013
    1.0150E+02   4.32279E-07 0.0014
    1.0444E+02   2.52803E-06 0.0013
    1.0746E+02   4.37839E-07 0.0014
    1.1057E+02   2.11788E-06 0.0013
    1.1377E+02   4.47180E-07 0.0014
    1.1706E+02   3.08479E-07 0.0014
    1.2044E+02   1.89859E-06 0.0013
    1.2393E+02   2.71428E-07 0.0014
    1.2751E+02   1.61957E-06 0.0013
    1.3120E+02   2.73522E-07 0.0014
    1.3500E+02   1.35234E-06 0.0013
    1.3890E+02   2.81609E-07 0.0014
    1.4292E+02   1.94123E-07 0.0014
    1.4706E+02   1.20614E-06 0.0013
    1.5131E+02   1.74188E-07 0.0014
    1.5569E+02   1.02095E-06 0.0013
    1.6019E+02   1.79909E-07 0.0014
    1.6483E+02   8.50616E-07 0.0013
    1.6959E+02   1.82883E-07 0.0014
    1.7450E+02   1.21618E-07 0.0014
    1.7955E+02   7.61068E-07 0.0013
    1.8474E+02   1.17575E-07 0.0014
    1.9009E+02   6.35511E-07 0.0013
    1.9559E+02   1.23806E-07 0.0014
    2.0124E+02   9.13646E-08 0.0014
    2.0707E+02   5.58821E-07 0.0013
    2.1306E+02   8.03186E-08 0.0014
    2.1922E+02   4.73845E-07 0.0013
    2.2556E+02   8.32847E-08 0.0014
    2.3209E+02   7.68004E-08 0.0013
    2.3880E+02   4.02536E-07 0.0013
    2.4571E+02   5.71707E-08 0.0014
    2.5282E+02   3.52093E-07 0.0013
    2.6013E+02   5.69623E-08 0.0014
    2.6766E+02   2.94843E-07 0.0013
    2.7540E+02   5.99646E-08 0.0014
    2.8337E+02   4.51969E-08 0.0014
    2.9157E+02   2.60525E-07 0.0013
    3.0000E+02   3.95890E-08 0.0015
      total      3.37949E-03 0.0004
 
 cell  501                                                                                                                             
    s(e) (MeV/cm)
    1.0000E+00   4.32769E-04 0.0003
    1.0289E+00   0.00000E+00 0.0000
    1.0587E+00   0.00000E+00 0.0000
    1.0893E+00   0.00000E+00 0.0000
    1.1208E+00   0.00000E+00 0.0000
    1.1533E+00   0.00000E+00 0.0000
    1.1866E+00   0.00000E+00 0.0000
    1.2210E+00   0.00000E+00 0.0000
    1.2563E+00   0.00000E+00 0.0000
    1.2926E+00   0.00000E+00 0.0000
    1.3300E+00   0.00000E+00 0.0000
    1.3685E+00   0.00000E+00 0.0000
    1.4081E+00   0.00000E+00 0.0000
    1.4488E+00   0.00000E+00 0.0000
    1.4907E+00   0.00000E+00 0.0000
    1.5339E+00   0.00000E+00 0.0000
    1.5782E+00   0.00000E+00 0.0000
    1.6239E+00   0.00000E+00 0.0000
    1.6709E+00   0.00000E+00 0.0000
    1.7192E+00   0.00000E+00 0.0000
    1.7689E+00   0.00000E+00 0.0000
    1.8201E+00   0.00000E+00 0.0000
    1.8728E+00   0.00000E+00 0.0000
    1.9269E+00   0.00000E+00 0.0000
    1.9827E+00   0.00000E+00 0.0000
    2.0400E+00   0.00000E+00 0.0000
    2.0991E+00   0.00000E+00 0.0000
    2.1598E+00   1.34083E-06 0.0045
    2.2223E+00   5.30952E-07 0.0058
    2.2866E+00   2.41815E-07 0.0077
    2.3527E+00   8.55169E-08 0.0112
    2.4208E+00   9.37730E-08 0.0072
    2.4908E+00   4.03004E-08 0.0072
    2.5629E+00   3.71563E-08 0.0069
    2.6370E+00   3.41897E-08 0.0069
    2.7133E+00   3.13219E-08 0.0065
    2.7918E+00   2.92652E-08 0.0070
    2.8725E+00   2.67598E-08 0.0071
    2.9557E+00   2.45462E-08 0.0063
    3.0412E+00   9.56955E-12 1.0000
    3.1291E+00   2.25787E-08 0.0060
    3.2197E+00   2.07706E-08 0.0058
    3.3128E+00   3.66675E-11 0.7074
    3.4086E+00   1.90405E-08 0.0058
    3.5072E+00   1.74920E-08 0.0058
    3.6087E+00   0.00000E+00 0.0000
    3.7131E+00   1.59887E-08 0.0056
    3.8205E+00   1.45979E-08 0.0055
    3.9311E+00   3.26380E-12 1.0000
    4.0448E+00   1.33708E-08 0.0054
    4.1618E+00   0.00000E+00 0.0000
    4.2822E+00   1.22822E-08 0.0053
    4.4061E+00   0.00000E+00 0.0000
    4.5335E+00   1.12463E-08 0.0052
    4.6647E+00   0.00000E+00 0.0000
    4.7996E+00   1.03401E-08 0.0051
    4.9385E+00   9.50484E-09 0.0050
    5.0814E+00   0.00000E+00 0.0000
    5.2284E+00   8.71141E-09 0.0050
    5.3796E+00   0.00000E+00 0.0000
    5.5352E+00   8.00137E-09 0.0049
    5.6954E+00   0.00000E+00 0.0000
    5.8601E+00   0.00000E+00 0.0000
    6.0297E+00   7.33362E-09 0.0048
    6.2041E+00   0.00000E+00 0.0000
    6.3836E+00   6.74153E-09 0.0047
    6.5683E+00   0.00000E+00 0.0000
    6.7583E+00   6.19719E-09 0.0046
    6.9538E+00   0.00000E+00 0.0000
    7.1550E+00   5.70780E-09 0.0046
    7.3619E+00   1.16826E-11 1.0000
    7.5749E+00   5.25317E-09 0.0045
    7.7941E+00   1.30461E-10 0.2761
    8.0195E+00   4.82910E-09 0.0044
    8.2515E+00   4.63296E-10 0.1523
    8.4902E+00   4.49950E-09 0.0067
    8.7359E+00   1.26977E-09 0.0919
    8.9886E+00   6.91722E-11 0.4104
    9.2486E+00   3.65729E-07 0.0111
    9.5162E+00   4.18194E-07 0.0080
    9.7915E+00   8.48407E-07 0.0061
    1.0075E+01   2.34334E-04 0.0016
    1.0366E+01   1.69741E-05 0.0018
    1.0666E+01   2.64395E-04 0.0014
    1.0975E+01   1.81504E-05 0.0018
    1.1292E+01   2.67826E-04 0.0014
    1.1619E+01   2.11004E-05 0.0017
    1.1955E+01   2.34996E-05 0.0017
    1.2301E+01   2.54827E-04 0.0014
    1.2657E+01   2.22312E-05 0.0016
    1.3023E+01   2.21587E-04 0.0014
    1.3400E+01   2.76737E-05 0.0016
    1.3787E+01   2.62789E-05 0.0016
    1.4186E+01   1.71148E-04 0.0014
    1.4596E+01   3.17756E-05 0.0016
    1.5019E+01   1.55541E-04 0.0014
    1.5453E+01   2.20213E-05 0.0016
    1.5900E+01   1.42985E-04 0.0014
    1.6360E+01   2.24769E-05 0.0015
    1.6834E+01   2.29954E-05 0.0015
    1.7321E+01   1.22988E-04 0.0014
    1.7822E+01   1.56475E-05 0.0015
    1.8337E+01   1.04818E-04 0.0014
    1.8868E+01   1.68524E-05 0.0015
    1.9413E+01   1.76591E-05 0.0015
    1.9975E+01   9.91537E-05 0.0014
    2.0553E+01   1.57404E-05 0.0015
    2.1148E+01   7.49894E-05 0.0014
    2.1759E+01   1.08077E-05 0.0015
    2.2389E+01   1.10707E-05 0.0015
    2.3037E+01   6.25483E-05 0.0014
    2.3703E+01   1.05830E-05 0.0015
    2.4389E+01   6.02352E-05 0.0014
    2.5094E+01   1.02353E-05 0.0015
    2.5820E+01   1.02258E-05 0.0015
    2.6567E+01   5.31208E-05 0.0014
    2.7336E+01   8.05077E-06 0.0015
    2.8127E+01   4.40517E-05 0.0014
    2.8940E+01   6.73542E-06 0.0015
    2.9777E+01   3.50181E-05 0.0014
    3.0639E+01   5.75123E-06 0.0015
    3.1525E+01   5.16407E-06 0.0015
    3.2437E+01   2.85865E-05 0.0014
    3.3376E+01   4.31878E-06 0.0015
    3.4341E+01   2.42465E-05 0.0014
    3.5335E+01   4.37646E-06 0.0015
    3.6357E+01   3.69227E-06 0.0015
    3.7409E+01   2.15905E-05 0.0014
    3.8491E+01   3.38902E-06 0.0015
    3.9604E+01   1.89973E-05 0.0014
    4.0750E+01   3.52080E-06 0.0014
    4.1929E+01   2.91511E-06 0.0015
    4.3142E+01   1.72274E-05 0.0014
    4.4390E+01   2.60193E-06 0.0015
    4.5674E+01   1.50469E-05 0.0014
    4.6996E+01   2.71084E-06 0.0014
    4.8355E+01   2.20926E-06 0.0014
    4.9754E+01   1.34186E-05 0.0014
    5.1193E+01   1.93325E-06 0.0014
    5.2674E+01   1.15440E-05 0.0014
    5.4198E+01   2.02764E-06 0.0014
    5.5766E+01   1.68996E-06 0.0014
    5.7379E+01   1.00934E-05 0.0014
    5.9039E+01   1.39427E-06 0.0014
    6.0747E+01   8.68585E-06 0.0014
    6.2505E+01   1.43892E-06 0.0014
    6.4313E+01   7.20794E-06 0.0013
    6.6174E+01   1.54168E-06 0.0014
    6.8088E+01   1.01041E-06 0.0014
    7.0058E+01   6.47609E-06 0.0013
    7.2084E+01   9.94067E-07 0.0014
    7.4170E+01   5.38701E-06 0.0013
    7.6315E+01   1.07306E-06 0.0014
    7.8523E+01   7.52530E-07 0.0014
    8.0795E+01   4.78380E-06 0.0013
    8.3132E+01   6.72847E-07 0.0014
    8.5537E+01   4.04652E-06 0.0013
    8.8012E+01   7.15654E-07 0.0014
    9.0558E+01   3.36714E-06 0.0013
    9.3178E+01   7.45076E-07 0.0014
    9.5873E+01   4.87465E-07 0.0014
    9.8647E+01   3.04998E-06 0.0013
    1.0150E+02   4.42751E-07 0.0014
    1.0444E+02   2.58385E-06 0.0013
    1.0746E+02   4.47154E-07 0.0014
    1.1057E+02   2.15584E-06 0.0013
    1.1377E+02   4.54236E-07 0.0014
    1.1706E+02   3.13372E-07 0.0014
    1.2044E+02   1.92459E-06 0.0013
    1.2393E+02   2.74793E-07 0.0014
    1.2751E+02   1.63626E-06 0.0013
    1.3120E+02   2.76070E-07 0.0014
    1.3500E+02   1.36271E-06 0.0013
    1.3890E+02   2.83443E-07 0.0014
    1.4292E+02   1.95469E-07 0.0014
    1.4706E+02   1.21239E-06 0.0013
    1.5131E+02   1.74840E-07 0.0014
    1.5569E+02   1.02435E-06 0.0013
    1.6019E+02   1.80253E-07 0.0014
    1.6483E+02   8.51682E-07 0.0013
    1.6959E+02   1.83178E-07 0.0014
    1.7450E+02   1.21612E-07 0.0014
    1.7955E+02   7.60822E-07 0.0013
    1.8474E+02   1.17536E-07 0.0014
    1.9009E+02   6.34514E-07 0.0013
    1.9559E+02   1.23527E-07 0.0014
    2.0124E+02   9.11760E-08 0.0014
    2.0707E+02   5.57393E-07 0.0013
    2.1306E+02   8.00944E-08 0.0014
    2.1922E+02   4.72220E-07 0.0013
    2.2556E+02   8.29544E-08 0.0014
    2.3209E+02   7.66566E-08 0.0013
    2.3880E+02   4.00748E-07 0.0013
    2.4571E+02   5.68735E-08 0.0014
    2.5282E+02   3.50364E-07 0.0013
    2.6013E+02   5.67622E-08 0.0014
    2.6766E+02   2.93232E-07 0.0013
    2.7540E+02   5.97571E-08 0.0014
    2.8337E+02   4.49855E-08 0.0014
    2.9157E+02   2.58969E-07 0.0013
    3.0000E+02   3.94633E-08 0.0015
      total      3.47704E-03 0.0004
 
 cell  502                                                                                                                             
    s(e) (MeV/cm)
    1.0000E+00   4.37517E-04 0.0003
    1.0289E+00   0.00000E+00 0.0000
    1.0587E+00   0.00000E+00 0.0000
    1.0893E+00   0.00000E+00 0.0000
    1.1208E+00   0.00000E+00 0.0000
    1.1533E+00   0.00000E+00 0.0000
    1.1866E+00   0.00000E+00 0.0000
    1.2210E+00   0.00000E+00 0.0000
    1.2563E+00   0.00000E+00 0.0000
    1.2926E+00   0.00000E+00 0.0000
    1.3300E+00   0.00000E+00 0.0000
    1.3685E+00   0.00000E+00 0.0000
    1.4081E+00   0.00000E+00 0.0000
    1.4488E+00   0.00000E+00 0.0000
    1.4907E+00   0.00000E+00 0.0000
    1.5339E+00   0.00000E+00 0.0000
    1.5782E+00   0.00000E+00 0.0000
    1.6239E+00   0.00000E+00 0.0000
    1.6709E+00   0.00000E+00 0.0000
    1.7192E+00   0.00000E+00 0.0000
    1.7689E+00   0.00000E+00 0.0000
    1.8201E+00   0.00000E+00 0.0000
    1.8728E+00   0.00000E+00 0.0000
    1.9269E+00   0.00000E+00 0.0000
    1.9827E+00   0.00000E+00 0.0000
    2.0400E+00   0.00000E+00 0.0000
    2.0991E+00   0.00000E+00 0.0000
    2.1598E+00   1.35893E-06 0.0045
    2.2223E+00   5.39183E-07 0.0057
    2.2866E+00   2.44677E-07 0.0077
    2.3527E+00   8.70296E-08 0.0113
    2.4208E+00   9.38537E-08 0.0070
    2.4908E+00   4.09783E-08 0.0077
    2.5629E+00   3.73062E-08 0.0069
    2.6370E+00   3.43798E-08 0.0070
    2.7133E+00   3.17498E-08 0.0066
    2.7918E+00   2.93905E-08 0.0066
    2.8725E+00   2.69598E-08 0.0069
    2.9557E+00   2.50314E-08 0.0079
    3.0412E+00   8.61766E-11 0.6995
    3.1291E+00   2.28169E-08 0.0059
    3.2197E+00   2.08835E-08 0.0058
    3.3128E+00   1.42199E-11 1.0000
    3.4086E+00   1.92038E-08 0.0059
    3.5072E+00   1.76306E-08 0.0057
    3.6087E+00   0.00000E+00 0.0000
    3.7131E+00   1.61480E-08 0.0055
    3.8205E+00   1.48347E-08 0.0054
    3.9311E+00   0.00000E+00 0.0000
    4.0448E+00   1.35880E-08 0.0054
    4.1618E+00   0.00000E+00 0.0000
    4.2822E+00   1.24323E-08 0.0053
    4.4061E+00   0.00000E+00 0.0000
    4.5335E+00   1.14353E-08 0.0052
    4.6647E+00   0.00000E+00 0.0000
    4.7996E+00   1.04767E-08 0.0051
    4.9385E+00   9.65309E-09 0.0050
    5.0814E+00   0.00000E+00 0.0000
    5.2284E+00   8.85934E-09 0.0049
    5.3796E+00   0.00000E+00 0.0000
    5.5352E+00   8.12576E-09 0.0048
    5.6954E+00   0.00000E+00 0.0000
    5.8601E+00   0.00000E+00 0.0000
    6.0297E+00   7.44502E-09 0.0048
    6.2041E+00   0.00000E+00 0.0000
    6.3836E+00   6.82194E-09 0.0047
    6.5683E+00   0.00000E+00 0.0000
    6.7583E+00   6.27918E-09 0.0046
    6.9538E+00   0.00000E+00 0.0000
    7.1550E+00   5.78553E-09 0.0050
    7.3619E+00   0.00000E+00 0.0000
    7.5749E+00   5.32449E-09 0.0049
    7.7941E+00   1.19236E-10 0.3019
    8.0195E+00   4.90097E-09 0.0052
    8.2515E+00   4.13247E-10 0.1627
    8.4902E+00   4.57531E-09 0.0069
    8.7359E+00   1.26977E-09 0.0929
    8.9886E+00   1.16064E-10 0.3190
    9.2486E+00   1.99335E-06 0.0063
    9.5162E+00   1.80815E-06 0.0046
    9.7915E+00   3.15490E-06 0.0038
    1.0075E+01   2.68989E-04 0.0015
    1.0366E+01   1.80907E-05 0.0019
    1.0666E+01   2.70739E-04 0.0014
    1.0975E+01   2.34059E-05 0.0018
    1.1292E+01   2.71123E-04 0.0013
    1.1619E+01   2.61643E-05 0.0017
    1.1955E+01   2.93883E-05 0.0016
    1.2301E+01   2.45154E-04 0.0013
    1.2657E+01   2.57606E-05 0.0016
    1.3023E+01   2.28095E-04 0.0014
    1.3400E+01   2.38982E-05 0.0016
    1.3787E+01   2.43746E-05 0.0016
    1.4186E+01   1.89813E-04 0.0014
    1.4596E+01   3.02705E-05 0.0016
    1.5019E+01   1.44458E-04 0.0014
    1.5453E+01   2.54497E-05 0.0016
    1.5900E+01   1.57490E-04 0.0014
    1.6360E+01   2.07386E-05 0.0016
    1.6834E+01   2.04723E-05 0.0015
    1.7321E+01   1.15646E-04 0.0013
    1.7822E+01   1.73550E-05 0.0015
    1.8337E+01   1.17588E-04 0.0014
    1.8868E+01   1.73166E-05 0.0015
    1.9413E+01   1.74716E-05 0.0015
    1.9975E+01   9.07512E-05 0.0014
    2.0553E+01   1.40127E-05 0.0015
    2.1148E+01   7.25550E-05 0.0014
    2.1759E+01   1.16551E-05 0.0015
    2.2389E+01   1.22295E-05 0.0015
    2.3037E+01   7.04812E-05 0.0014
    2.3703E+01   1.16807E-05 0.0015
    2.4389E+01   6.30588E-05 0.0014
    2.5094E+01   9.99668E-06 0.0015
    2.5820E+01   9.78872E-06 0.0015
    2.6567E+01   4.87991E-05 0.0014
    2.7336E+01   7.17954E-06 0.0015
    2.8127E+01   3.94898E-05 0.0014
    2.8940E+01   6.16431E-06 0.0015
    2.9777E+01   3.32631E-05 0.0014
    3.0639E+01   5.71634E-06 0.0015
    3.1525E+01   5.22460E-06 0.0015
    3.2437E+01   2.99147E-05 0.0014
    3.3376E+01   4.70707E-06 0.0015
    3.4341E+01   2.69151E-05 0.0014
    3.5335E+01   4.94463E-06 0.0015
    3.6357E+01   4.19101E-06 0.0015
    3.7409E+01   2.45158E-05 0.0014
    3.8491E+01   3.83605E-06 0.0015
    3.9604E+01   2.13419E-05 0.0014
    4.0750E+01   3.91341E-06 0.0014
    4.1929E+01   3.21308E-06 0.0015
    4.3142E+01   1.87974E-05 0.0014
    4.4390E+01   2.78679E-06 0.0014
    4.5674E+01   1.59429E-05 0.0014
    4.6996E+01   2.83084E-06 0.0014
    4.8355E+01   2.28317E-06 0.0014
    4.9754E+01   1.37764E-05 0.0014
    5.1193E+01   1.95088E-06 0.0014
    5.2674E+01   1.15573E-05 0.0014
    5.4198E+01   2.01001E-06 0.0014
    5.5766E+01   1.65913E-06 0.0014
    5.7379E+01   9.87198E-06 0.0014
    5.9039E+01   1.34718E-06 0.0014
    6.0747E+01   8.36168E-06 0.0014
    6.2505E+01   1.37613E-06 0.0014
    6.4313E+01   6.85165E-06 0.0014
    6.6174E+01   1.46101E-06 0.0014
    6.8088E+01   9.51650E-07 0.0014
    7.0058E+01   6.08903E-06 0.0013
    7.2084E+01   9.31104E-07 0.0014
    7.4170E+01   5.02590E-06 0.0013
    7.6315E+01   9.98708E-07 0.0014
    7.8523E+01   6.98505E-07 0.0014
    8.0795E+01   4.43420E-06 0.0013
    8.3132E+01   6.22387E-07 0.0014
    8.5537E+01   3.73508E-06 0.0013
    8.8012E+01   6.58847E-07 0.0014
    9.0558E+01   3.09961E-06 0.0013
    9.3178E+01   6.84878E-07 0.0014
    9.5873E+01   4.48147E-07 0.0014
    9.8647E+01   2.80114E-06 0.0013
    1.0150E+02   4.06830E-07 0.0014
    1.0444E+02   2.36963E-06 0.0013
    1.0746E+02   4.09771E-07 0.0014
    1.1057E+02   1.97520E-06 0.0013
    1.1377E+02   4.16198E-07 0.0014
    1.1706E+02   2.86776E-07 0.0014
    1.2044E+02   1.76181E-06 0.0013
    1.2393E+02   2.51596E-07 0.0014
    1.2751E+02   1.49696E-06 0.0013
    1.3120E+02   2.52663E-07 0.0014
    1.3500E+02   1.24632E-06 0.0013
    1.3890E+02   2.59321E-07 0.0014
    1.4292E+02   1.78756E-07 0.0014
    1.4706E+02   1.10859E-06 0.0013
    1.5131E+02   1.59985E-07 0.0014
    1.5569E+02   9.36276E-07 0.0013
    1.6019E+02   1.64938E-07 0.0014
    1.6483E+02   7.78802E-07 0.0013
    1.6959E+02   1.67443E-07 0.0013
    1.7450E+02   1.11308E-07 0.0014
    1.7955E+02   6.95697E-07 0.0013
    1.8474E+02   1.07618E-07 0.0014
    1.9009E+02   5.80282E-07 0.0013
    1.9559E+02   1.13152E-07 0.0014
    2.0124E+02   8.35136E-08 0.0014
    2.0707E+02   5.09766E-07 0.0013
    2.1306E+02   7.34300E-08 0.0014
    2.1922E+02   4.31945E-07 0.0013
    2.2556E+02   7.60628E-08 0.0014
    2.3209E+02   7.07686E-08 0.0013
    2.3880E+02   3.66231E-07 0.0013
    2.4571E+02   5.21445E-08 0.0014
    2.5282E+02   3.20651E-07 0.0013
    2.6013E+02   5.21641E-08 0.0014
    2.6766E+02   2.68341E-07 0.0013
    2.7540E+02   5.49546E-08 0.0014
    2.8337E+02   4.12615E-08 0.0014
    2.9157E+02   2.37099E-07 0.0013
    3.0000E+02   3.64178E-08 0.0016
      total      3.56900E-03 0.0004
 
 cell  503                                                                                                                             
    s(e) (MeV/cm)
    1.0000E+00   4.41804E-04 0.0003
    1.0289E+00   0.00000E+00 0.0000
    1.0587E+00   0.00000E+00 0.0000
    1.0893E+00   0.00000E+00 0.0000
    1.1208E+00   0.00000E+00 0.0000
    1.1533E+00   0.00000E+00 0.0000
    1.1866E+00   0.00000E+00 0.0000
    1.2210E+00   0.00000E+00 0.0000
    1.2563E+00   0.00000E+00 0.0000
    1.2926E+00   0.00000E+00 0.0000
    1.3300E+00   0.00000E+00 0.0000
    1.3685E+00   0.00000E+00 0.0000
    1.4081E+00   0.00000E+00 0.0000
    1.4488E+00   0.00000E+00 0.0000
    1.4907E+00   0.00000E+00 0.0000
    1.5339E+00   0.00000E+00 0.0000
    1.5782E+00   0.00000E+00 0.0000
    1.6239E+00   0.00000E+00 0.0000
    1.6709E+00   0.00000E+00 0.0000
    1.7192E+00   0.00000E+00 0.0000
    1.7689E+00   0.00000E+00 0.0000
    1.8201E+00   0.00000E+00 0.0000
    1.8728E+00   0.00000E+00 0.0000
    1.9269E+00   0.00000E+00 0.0000
    1.9827E+00   0.00000E+00 0.0000
    2.0400E+00   0.00000E+00 0.0000
    2.0991E+00   0.00000E+00 0.0000
    2.1598E+00   1.38000E-06 0.0044
    2.2223E+00   5.49440E-07 0.0057
    2.2866E+00   2.49008E-07 0.0076
    2.3527E+00   8.81591E-08 0.0110
    2.4208E+00   9.57762E-08 0.0070
    2.4908E+00   4.12813E-08 0.0070
    2.5629E+00   3.78484E-08 0.0068
    2.6370E+00   3.47988E-08 0.0067
    2.7133E+00   3.22964E-08 0.0065
    2.7918E+00   2.99670E-08 0.0070
    2.8725E+00   2.74432E-08 0.0066
    2.9557E+00   2.52283E-08 0.0070
    3.0412E+00   3.01313E-11 0.7144
    3.1291E+00   2.30731E-08 0.0059
    3.2197E+00   2.12505E-08 0.0058
    3.3128E+00   0.00000E+00 0.0000
    3.4086E+00   1.94803E-08 0.0058
    3.5072E+00   1.79291E-08 0.0057
    3.6087E+00   0.00000E+00 0.0000
    3.7131E+00   1.63727E-08 0.0055
    3.8205E+00   1.49927E-08 0.0054
    3.9311E+00   0.00000E+00 0.0000
    4.0448E+00   1.37495E-08 0.0053
    4.1618E+00   0.00000E+00 0.0000
    4.2822E+00   1.26393E-08 0.0052
    4.4061E+00   0.00000E+00 0.0000
    4.5335E+00   1.15802E-08 0.0051
    4.6647E+00   0.00000E+00 0.0000
    4.7996E+00   1.06253E-08 0.0051
    4.9385E+00   9.78276E-09 0.0050
    5.0814E+00   0.00000E+00 0.0000
    5.2284E+00   8.92986E-09 0.0049
    5.3796E+00   0.00000E+00 0.0000
    5.5352E+00   8.21083E-09 0.0048
    5.6954E+00   0.00000E+00 0.0000
    5.8601E+00   0.00000E+00 0.0000
    6.0297E+00   7.55023E-09 0.0047
    6.2041E+00   0.00000E+00 0.0000
    6.3836E+00   6.94140E-09 0.0047
    6.5683E+00   0.00000E+00 0.0000
    6.7583E+00   6.38138E-09 0.0046
    6.9538E+00   0.00000E+00 0.0000
    7.1550E+00   5.89459E-09 0.0052
    7.3619E+00   0.00000E+00 0.0000
    7.5749E+00   5.40807E-09 0.0049
    7.7941E+00   1.43335E-10 0.2751
    8.0195E+00   4.98703E-09 0.0049
    8.2515E+00   4.26290E-10 0.1584
    8.4902E+00   4.63838E-09 0.0069
    8.7359E+00   1.25323E-09 0.0940
    8.9886E+00   1.13671E-10 0.3085
    9.2486E+00   8.21691E-06 0.0040
    9.5162E+00   5.56464E-06 0.0031
    9.7915E+00   8.47446E-06 0.0027
    1.0075E+01   2.99223E-04 0.0014
    1.0366E+01   2.26192E-05 0.0018
    1.0666E+01   2.81311E-04 0.0013
    1.0975E+01   2.80022E-05 0.0017
    1.1292E+01   2.75080E-04 0.0012
    1.1619E+01   3.06128E-05 0.0016
    1.1955E+01   3.15080E-05 0.0016
    1.2301E+01   2.37757E-04 0.0013
    1.2657E+01   3.11250E-05 0.0016
    1.3023E+01   2.16000E-04 0.0013
    1.3400E+01   2.53841E-05 0.0016
    1.3787E+01   2.80836E-05 0.0016
    1.4186E+01   1.96970E-04 0.0014
    1.4596E+01   2.62263E-05 0.0016
    1.5019E+01   1.53518E-04 0.0014
    1.5453E+01   2.94820E-05 0.0015
    1.5900E+01   1.52029E-04 0.0014
    1.6360E+01   1.84971E-05 0.0016
    1.6834E+01   1.90281E-05 0.0015
    1.7321E+01   1.25184E-04 0.0014
    1.7822E+01   1.95671E-05 0.0015
    1.8337E+01   1.18225E-04 0.0014
    1.8868E+01   1.54620E-05 0.0015
    1.9413E+01   1.54629E-05 0.0015
    1.9975E+01   8.40488E-05 0.0014
    2.0553E+01   1.45091E-05 0.0015
    2.1148E+01   8.08858E-05 0.0014
    2.1759E+01   1.31278E-05 0.0015
    2.2389E+01   1.35609E-05 0.0015
    2.3037E+01   7.32784E-05 0.0014
    2.3703E+01   1.11855E-05 0.0015
    2.4389E+01   5.76091E-05 0.0014
    2.5094E+01   8.88184E-06 0.0015
    2.5820E+01   8.70327E-06 0.0015
    2.6567E+01   4.46913E-05 0.0014
    2.7336E+01   6.93903E-06 0.0015
    2.8127E+01   4.00212E-05 0.0014
    2.8940E+01   6.62047E-06 0.0015
    2.9777E+01   3.68692E-05 0.0014
    3.0639E+01   6.48578E-06 0.0015
    3.1525E+01   5.93944E-06 0.0015
    3.2437E+01   3.39340E-05 0.0014
    3.3376E+01   5.27361E-06 0.0015
    3.4341E+01   2.95799E-05 0.0014
    3.5335E+01   5.31587E-06 0.0014
    3.6357E+01   4.44610E-06 0.0015
    3.7409E+01   2.55076E-05 0.0014
    3.8491E+01   3.88237E-06 0.0015
    3.9604E+01   2.11829E-05 0.0014
    4.0750E+01   3.80965E-06 0.0014
    4.1929E+01   3.09439E-06 0.0015
    4.3142E+01   1.79165E-05 0.0014
    4.4390E+01   2.61114E-06 0.0015
    4.5674E+01   1.48169E-05 0.0014
    4.6996E+01   2.60584E-06 0.0014
    4.8355E+01   2.09013E-06 0.0015
    4.9754E+01   1.25968E-05 0.0014
    5.1193E+01   1.77562E-06 0.0014
    5.2674E+01   1.05014E-05 0.0014
    5.4198E+01   1.82538E-06 0.0014
    5.5766E+01   1.50745E-06 0.0014
    5.7379E+01   8.98580E-06 0.0014
    5.9039E+01   1.23009E-06 0.0014
    6.0747E+01   7.64384E-06 0.0013
    6.2505E+01   1.26317E-06 0.0014
    6.4313E+01   6.30246E-06 0.0013
    6.6174E+01   1.34516E-06 0.0014
    6.8088E+01   8.81782E-07 0.0014
    7.0058E+01   5.64442E-06 0.0013
    7.2084E+01   8.66531E-07 0.0014
    7.4170E+01   4.69549E-06 0.0013
    7.6315E+01   9.35565E-07 0.0014
    7.8523E+01   6.57021E-07 0.0014
    8.0795E+01   4.17837E-06 0.0013
    8.3132E+01   5.89513E-07 0.0014
    8.5537E+01   3.54464E-06 0.0013
    8.8012E+01   6.27047E-07 0.0014
    9.0558E+01   2.96026E-06 0.0013
    9.3178E+01   6.54857E-07 0.0014
    9.5873E+01   4.30606E-07 0.0014
    9.8647E+01   2.69012E-06 0.0013
    1.0150E+02   3.92128E-07 0.0014
    1.0444E+02   2.28697E-06 0.0013
    1.0746E+02   3.95568E-07 0.0014
    1.1057E+02   1.91418E-06 0.0013
    1.1377E+02   4.03749E-07 0.0014
    1.1706E+02   2.78955E-07 0.0014
    1.2044E+02   1.71390E-06 0.0013
    1.2393E+02   2.45235E-07 0.0014
    1.2751E+02   1.46105E-06 0.0013
    1.3120E+02   2.46825E-07 0.0014
    1.3500E+02   1.22029E-06 0.0013
    1.3890E+02   2.53854E-07 0.0014
    1.4292E+02   1.75438E-07 0.0014
    1.4706E+02   1.08796E-06 0.0013
    1.5131E+02   1.57165E-07 0.0014
    1.5569E+02   9.21081E-07 0.0013
    1.6019E+02   1.62374E-07 0.0014
    1.6483E+02   7.67249E-07 0.0013
    1.6959E+02   1.65276E-07 0.0013
    1.7450E+02   1.09745E-07 0.0014
    1.7955E+02   6.86676E-07 0.0013
    1.8474E+02   1.06433E-07 0.0014
    1.9009E+02   5.73408E-07 0.0013
    1.9559E+02   1.11981E-07 0.0014
    2.0124E+02   8.25590E-08 0.0014
    2.0707E+02   5.04395E-07 0.0013
    2.1306E+02   7.28267E-08 0.0014
    2.1922E+02   4.27749E-07 0.0013
    2.2556E+02   7.54693E-08 0.0014
    2.3209E+02   7.02957E-08 0.0013
    2.3880E+02   3.63016E-07 0.0013
    2.4571E+02   5.17107E-08 0.0014
    2.5282E+02   3.18048E-07 0.0013
    2.6013E+02   5.18995E-08 0.0015
    2.6766E+02   2.66256E-07 0.0013
    2.7540E+02   5.46768E-08 0.0015
    2.8337E+02   4.09744E-08 0.0014
    2.9157E+02   2.35502E-07 0.0013
    3.0000E+02   3.62378E-08 0.0016
      total      3.65549E-03 0.0004
 
 cell  504                                                                                                                             
    s(e) (MeV/cm)
    1.0000E+00   4.45946E-04 0.0003
    1.0289E+00   0.00000E+00 0.0000
    1.0587E+00   0.00000E+00 0.0000
    1.0893E+00   0.00000E+00 0.0000
    1.1208E+00   0.00000E+00 0.0000
    1.1533E+00   0.00000E+00 0.0000
    1.1866E+00   0.00000E+00 0.0000
    1.2210E+00   0.00000E+00 0.0000
    1.2563E+00   0.00000E+00 0.0000
    1.2926E+00   0.00000E+00 0.0000
    1.3300E+00   0.00000E+00 0.0000
    1.3685E+00   0.00000E+00 0.0000
    1.4081E+00   0.00000E+00 0.0000
    1.4488E+00   0.00000E+00 0.0000
    1.4907E+00   0.00000E+00 0.0000
    1.5339E+00   0.00000E+00 0.0000
    1.5782E+00   0.00000E+00 0.0000
    1.6239E+00   0.00000E+00 0.0000
    1.6709E+00   0.00000E+00 0.0000
    1.7192E+00   0.00000E+00 0.0000
    1.7689E+00   0.00000E+00 0.0000
    1.8201E+00   0.00000E+00 0.0000
    1.8728E+00   0.00000E+00 0.0000
    1.9269E+00   0.00000E+00 0.0000
    1.9827E+00   0.00000E+00 0.0000
    2.0400E+00   0.00000E+00 0.0000
    2.0991E+00   0.00000E+00 0.0000
    2.1598E+00   1.39168E-06 0.0044
    2.2223E+00   5.43508E-07 0.0057
    2.2866E+00   2.48902E-07 0.0076
    2.3527E+00   8.72810E-08 0.0108
    2.4208E+00   9.59892E-08 0.0070
    2.4908E+00   4.12768E-08 0.0069
    2.5629E+00   3.80257E-08 0.0069
    2.6370E+00   3.52333E-08 0.0067
    2.7133E+00   3.23275E-08 0.0065
    2.7918E+00   3.01975E-08 0.0069
    2.8725E+00   2.75022E-08 0.0067
    2.9557E+00   2.54685E-08 0.0070
    3.0412E+00   3.12416E-11 0.7155
    3.1291E+00   2.32110E-08 0.0059
    3.2197E+00   2.12800E-08 0.0057
    3.3128E+00   0.00000E+00 0.0000
    3.4086E+00   1.96238E-08 0.0058
    3.5072E+00   1.79286E-08 0.0056
    3.6087E+00   1.37629E-11 1.0000
    3.7131E+00   1.64179E-08 0.0055
    3.8205E+00   1.49808E-08 0.0054
    3.9311E+00   0.00000E+00 0.0000
    4.0448E+00   1.37810E-08 0.0053
    4.1618E+00   0.00000E+00 0.0000
    4.2822E+00   1.26419E-08 0.0052
    4.4061E+00   0.00000E+00 0.0000
    4.5335E+00   1.16346E-08 0.0051
    4.6647E+00   0.00000E+00 0.0000
    4.7996E+00   1.06643E-08 0.0051
    4.9385E+00   9.78513E-09 0.0050
    5.0814E+00   0.00000E+00 0.0000
    5.2284E+00   8.96113E-09 0.0049
    5.3796E+00   0.00000E+00 0.0000
    5.5352E+00   8.21747E-09 0.0048
    5.6954E+00   0.00000E+00 0.0000
    5.8601E+00   0.00000E+00 0.0000
    6.0297E+00   7.56207E-09 0.0047
    6.2041E+00   0.00000E+00 0.0000
    6.3836E+00   6.95895E-09 0.0047
    6.5683E+00   0.00000E+00 0.0000
    6.7583E+00   6.38802E-09 0.0046
    6.9538E+00   0.00000E+00 0.0000
    7.1550E+00   5.89378E-09 0.0053
    7.3619E+00   0.00000E+00 0.0000
    7.5749E+00   5.39355E-09 0.0044
    7.7941E+00   1.55314E-10 0.2634
    8.0195E+00   4.97999E-09 0.0048
    8.2515E+00   4.73677E-10 0.1512
    8.4902E+00   4.60554E-09 0.0054
    8.7359E+00   1.28957E-09 0.0926
    8.9886E+00   1.10013E-10 0.3168
    9.2486E+00   2.54278E-05 0.0029
    9.5162E+00   1.25335E-05 0.0023
    9.7915E+00   1.65969E-05 0.0021
    1.0075E+01   3.22477E-04 0.0013
    1.0366E+01   2.48753E-05 0.0018
    1.0666E+01   2.91638E-04 0.0013
    1.0975E+01   2.69085E-05 0.0017
    1.1292E+01   2.84079E-04 0.0013
    1.1619E+01   2.88987E-05 0.0016
    1.1955E+01   2.73819E-05 0.0016
    1.2301E+01   2.46216E-04 0.0013
    1.2657E+01   3.13976E-05 0.0016
    1.3023E+01   2.05855E-04 0.0013
    1.3400E+01   3.02055E-05 0.0016
    1.3787E+01   3.24482E-05 0.0016
    1.4186E+01   1.85322E-04 0.0014
    1.4596E+01   2.63068E-05 0.0016
    1.5019E+01   1.73930E-04 0.0014
    1.5453E+01   2.86123E-05 0.0016
    1.5900E+01   1.39166E-04 0.0014
    1.6360E+01   1.97935E-05 0.0016
    1.6834E+01   2.13556E-05 0.0015
    1.7321E+01   1.38148E-04 0.0014
    1.7822E+01   1.88854E-05 0.0015
    1.8337E+01   1.06797E-04 0.0014
    1.8868E+01   1.43763E-05 0.0015
    1.9413E+01   1.49846E-05 0.0015
    1.9975E+01   9.03103E-05 0.0014
    2.0553E+01   1.65683E-05 0.0015
    2.1148E+01   8.71921E-05 0.0014
    2.1759E+01   1.29021E-05 0.0015
    2.2389E+01   1.29606E-05 0.0015
    2.3037E+01   6.67779E-05 0.0014
    2.3703E+01   9.98611E-06 0.0015
    2.4389E+01   5.30772E-05 0.0014
    2.5094E+01   8.70505E-06 0.0015
    2.5820E+01   8.77268E-06 0.0015
    2.6567E+01   4.76699E-05 0.0014
    2.7336E+01   7.80768E-06 0.0015
    2.8127E+01   4.54240E-05 0.0014
    2.8940E+01   7.49109E-06 0.0015
    2.9777E+01   4.06431E-05 0.0014
    3.0639E+01   6.92324E-06 0.0015
    3.1525E+01   6.23733E-06 0.0015
    3.2437E+01   3.46429E-05 0.0014
    3.3376E+01   5.16340E-06 0.0015
    3.4341E+01   2.83762E-05 0.0014
    3.5335E+01   4.98544E-06 0.0015
    3.6357E+01   4.12180E-06 0.0015
    3.7409E+01   2.34239E-05 0.0014
    3.8491E+01   3.52429E-06 0.0015
    3.9604E+01   1.92109E-05 0.0014
    4.0750E+01   3.45850E-06 0.0014
    4.1929E+01   2.81787E-06 0.0015
    4.3142E+01   1.64008E-05 0.0014
    4.4390E+01   2.41656E-06 0.0015
    4.5674E+01   1.38283E-05 0.0014
    4.6996E+01   2.46255E-06 0.0014
    4.8355E+01   1.99482E-06 0.0015
    4.9754E+01   1.20778E-05 0.0014
    5.1193E+01   1.73290E-06 0.0015
    5.2674E+01   1.03177E-05 0.0014
    5.4198E+01   1.81082E-06 0.0014
    5.5766E+01   1.51328E-06 0.0015
    5.7379E+01   9.04279E-06 0.0014
    5.9039E+01   1.25474E-06 0.0014
    6.0747E+01   7.82918E-06 0.0014
    6.2505E+01   1.30316E-06 0.0014
    6.4313E+01   6.55079E-06 0.0014
    6.6174E+01   1.40455E-06 0.0014
    6.8088E+01   9.25278E-07 0.0014
    7.0058E+01   5.94060E-06 0.0014
    7.2084E+01   9.15894E-07 0.0014
    7.4170E+01   4.98490E-06 0.0013
    7.6315E+01   9.96151E-07 0.0014
    7.8523E+01   7.01250E-07 0.0014
    8.0795E+01   4.46583E-06 0.0013
    8.3132E+01   6.31534E-07 0.0014
    8.5537E+01   3.80499E-06 0.0013
    8.8012E+01   6.74160E-07 0.0014
    9.0558E+01   3.18878E-06 0.0013
    9.3178E+01   7.06405E-07 0.0014
    9.5873E+01   4.64680E-07 0.0014
    9.8647E+01   2.90683E-06 0.0013
    1.0150E+02   4.24058E-07 0.0014
    1.0444E+02   2.47645E-06 0.0013
    1.0746E+02   4.29114E-07 0.0014
    1.1057E+02   2.07645E-06 0.0013
    1.1377E+02   4.38029E-07 0.0014
    1.1706E+02   3.03276E-07 0.0014
    1.2044E+02   1.86181E-06 0.0013
    1.2393E+02   2.66609E-07 0.0014
    1.2751E+02   1.58904E-06 0.0013
    1.3120E+02   2.68336E-07 0.0014
    1.3500E+02   1.32773E-06 0.0013
    1.3890E+02   2.76487E-07 0.0014
    1.4292E+02   1.90972E-07 0.0014
    1.4706E+02   1.18478E-06 0.0013
    1.5131E+02   1.71254E-07 0.0014
    1.5569E+02   1.00321E-06 0.0013
    1.6019E+02   1.76846E-07 0.0014
    1.6483E+02   8.36268E-07 0.0013
    1.6959E+02   1.80012E-07 0.0014
    1.7450E+02   1.19682E-07 0.0014
    1.7955E+02   7.48323E-07 0.0013
    1.8474E+02   1.15878E-07 0.0014
    1.9009E+02   6.25078E-07 0.0013
    1.9559E+02   1.21989E-07 0.0014
    2.0124E+02   9.00619E-08 0.0014
    2.0707E+02   5.49900E-07 0.0013
    2.1306E+02   7.92725E-08 0.0014
    2.1922E+02   4.66331E-07 0.0013
    2.2556E+02   8.21994E-08 0.0014
    2.3209E+02   7.62748E-08 0.0013
    2.3880E+02   3.95912E-07 0.0013
    2.4571E+02   5.64016E-08 0.0014
    2.5282E+02   3.46692E-07 0.0013
    2.6013E+02   5.64794E-08 0.0015
    2.6766E+02   2.90332E-07 0.0013
    2.7540E+02   5.94284E-08 0.0014
    2.8337E+02   4.46787E-08 0.0014
    2.9157E+02   2.56751E-07 0.0013
    3.0000E+02   3.94536E-08 0.0016
      total      3.74592E-03 0.0004
 
 cell union total                                                                                                                      
    s(e) (MeV/cm)
    1.0000E+00   4.37129E-04 0.0003
    1.0289E+00   0.00000E+00 0.0000
    1.0587E+00   0.00000E+00 0.0000
    1.0893E+00   0.00000E+00 0.0000
    1.1208E+00   0.00000E+00 0.0000
    1.1533E+00   0.00000E+00 0.0000
    1.1866E+00   0.00000E+00 0.0000
    1.2210E+00   0.00000E+00 0.0000
    1.2563E+00   0.00000E+00 0.0000
    1.2926E+00   0.00000E+00 0.0000
    1.3300E+00   0.00000E+00 0.0000
    1.3685E+00   0.00000E+00 0.0000
    1.4081E+00   0.00000E+00 0.0000
    1.4488E+00   0.00000E+00 0.0000
    1.4907E+00   0.00000E+00 0.0000
    1.5339E+00   0.00000E+00 0.0000
    1.5782E+00   0.00000E+00 0.0000
    1.6239E+00   0.00000E+00 0.0000
    1.6709E+00   0.00000E+00 0.0000
    1.7192E+00   0.00000E+00 0.0000
    1.7689E+00   0.00000E+00 0.0000
    1.8201E+00   0.00000E+00 0.0000
    1.8728E+00   0.00000E+00 0.0000
    1.9269E+00   0.00000E+00 0.0000
    1.9827E+00   0.00000E+00 0.0000
    2.0400E+00   0.00000E+00 0.0000
    2.0991E+00   0.00000E+00 0.0000
    2.1598E+00   1.36011E-06 0.0030
    2.2223E+00   5.36417E-07 0.0036
    2.2866E+00   2.44158E-07 0.0047
    2.3527E+00   8.65567E-08 0.0067
    2.4208E+00   9.41676E-08 0.0038
    2.4908E+00   4.06239E-08 0.0039
    2.5629E+00   3.72883E-08 0.0037
    2.6370E+00   3.44184E-08 0.0036
    2.7133E+00   3.17022E-08 0.0033
    2.7918E+00   2.95709E-08 0.0039
    2.8725E+00   2.70035E-08 0.0035
    2.9557E+00   2.48868E-08 0.0038
    3.0412E+00   3.14238E-11 0.5900
    3.1291E+00   2.27617E-08 0.0029
    3.2197E+00   2.08980E-08 0.0028
    3.3128E+00   1.41379E-11 0.7101
    3.4086E+00   1.91958E-08 0.0030
    3.5072E+00   1.76162E-08 0.0029
    3.6087E+00   2.75258E-12 1.0000
    3.7131E+00   1.61223E-08 0.0028
    3.8205E+00   1.47554E-08 0.0027
    3.9311E+00   3.69062E-12 1.0000
    4.0448E+00   1.35423E-08 0.0027
    4.1618E+00   0.00000E+00 0.0000
    4.2822E+00   1.24193E-08 0.0027
    4.4061E+00   0.00000E+00 0.0000
    4.5335E+00   1.14004E-08 0.0027
    4.6647E+00   0.00000E+00 0.0000
    4.7996E+00   1.04541E-08 0.0026
    4.9385E+00   9.61803E-09 0.0026
    5.0814E+00   0.00000E+00 0.0000
    5.2284E+00   8.80558E-09 0.0026
    5.3796E+00   0.00000E+00 0.0000
    5.5352E+00   8.09290E-09 0.0026
    5.6954E+00   0.00000E+00 0.0000
    5.8601E+00   0.00000E+00 0.0000
    6.0297E+00   7.42858E-09 0.0026
    6.2041E+00   0.00000E+00 0.0000
    6.3836E+00   6.82248E-09 0.0025
    6.5683E+00   0.00000E+00 0.0000
    6.7583E+00   6.27173E-09 0.0025
    6.9538E+00   0.00000E+00 0.0000
    7.1550E+00   5.78311E-09 0.0029
    7.3619E+00   2.33652E-12 1.0000
    7.5749E+00   5.31421E-09 0.0026
    7.7941E+00   1.47514E-10 0.2295
    8.0195E+00   4.89189E-09 0.0026
    8.2515E+00   4.59609E-10 0.1300
    8.4902E+00   4.54015E-09 0.0031
    8.7359E+00   1.28288E-09 0.0782
    8.9886E+00   1.10591E-10 0.1420
    9.2486E+00   7.21136E-06 0.0033
    9.5162E+00   4.07909E-06 0.0025
    9.7915E+00   5.84894E-06 0.0023
    1.0075E+01   2.63013E-04 0.0014
    1.0366E+01   2.06372E-05 0.0014
    1.0666E+01   2.74416E-04 0.0012
    1.0975E+01   2.28145E-05 0.0014
    1.1292E+01   2.71295E-04 0.0012
    1.1619E+01   2.56353E-05 0.0013
    1.1955E+01   2.65858E-05 0.0013
    1.2301E+01   2.46812E-04 0.0012
    1.2657E+01   2.70685E-05 0.0012
    1.3023E+01   2.14542E-04 0.0012
    1.3400E+01   2.76577E-05 0.0012
    1.3787E+01   2.84079E-05 0.0012
    1.4186E+01   1.81758E-04 0.0012
    1.4596E+01   2.85292E-05 0.0012
    1.5019E+01   1.58722E-04 0.0011
    1.5453E+01   2.58228E-05 0.0012
    1.5900E+01   1.43654E-04 0.0012
    1.6360E+01   2.03943E-05 0.0012
    1.6834E+01   2.11976E-05 0.0011
    1.7321E+01   1.27005E-04 0.0011
    1.7822E+01   1.76822E-05 0.0011
    1.8337E+01   1.09297E-04 0.0011
    1.8868E+01   1.57417E-05 0.0011
    1.9413E+01   1.62261E-05 0.0011
    1.9975E+01   9.18678E-05 0.0011
    2.0553E+01   1.55342E-05 0.0011
    2.1148E+01   7.98732E-05 0.0011
    2.1759E+01   1.20668E-05 0.0011
    2.2389E+01   1.23302E-05 0.0011
    2.3037E+01   6.69782E-05 0.0011
    2.3703E+01   1.06035E-05 0.0011
    2.4389E+01   5.74793E-05 0.0011
    2.5094E+01   9.39282E-06 0.0011
    2.5820E+01   9.34941E-06 0.0011
    2.6567E+01   4.89134E-05 0.0011
    2.7336E+01   7.62183E-06 0.0011
    2.8127E+01   4.30313E-05 0.0011
    2.8940E+01   6.87547E-06 0.0011
    2.9777E+01   3.69550E-05 0.0010
    3.0639E+01   6.26530E-06 0.0011
    3.1525E+01   5.66812E-06 0.0011
    3.2437E+01   3.17237E-05 0.0010
    3.3376E+01   4.82089E-06 0.0011
    3.4341E+01   2.69058E-05 0.0011
    3.5335E+01   4.81485E-06 0.0011
    3.6357E+01   4.02912E-06 0.0011
    3.7409E+01   2.32271E-05 0.0011
    3.8491E+01   3.56715E-06 0.0011
    3.9604E+01   1.96765E-05 0.0011
    4.0750E+01   3.58268E-06 0.0011
    4.1929E+01   2.93397E-06 0.0011
    4.3142E+01   1.71582E-05 0.0011
    4.4390E+01   2.54445E-06 0.0011
    4.5674E+01   1.45867E-05 0.0011
    4.6996E+01   2.59968E-06 0.0011
    4.8355E+01   2.10461E-06 0.0011
    4.9754E+01   1.27428E-05 0.0011
    5.1193E+01   1.82101E-06 0.0011
    5.2674E+01   1.08345E-05 0.0011
    5.4198E+01   1.89663E-06 0.0011
    5.5766E+01   1.57665E-06 0.0011
    5.7379E+01   9.41376E-06 0.0010
    5.9039E+01   1.29840E-06 0.0011
    6.0747E+01   8.08553E-06 0.0010
    6.2505E+01   1.33992E-06 0.0011
    6.4313E+01   6.71093E-06 0.0010
    6.6174E+01   1.43561E-06 0.0010
    6.8088E+01   9.41755E-07 0.0011
    7.0058E+01   6.03823E-06 0.0010
    7.2084E+01   9.27984E-07 0.0010
    7.4170E+01   5.03406E-06 0.0010
    7.6315E+01   1.00387E-06 0.0010
    7.8523E+01   7.04743E-07 0.0010
    8.0795E+01   4.48347E-06 0.0010
    8.3132E+01   6.32097E-07 0.0010
    8.5537E+01   3.80301E-06 0.0010
    8.8012E+01   6.72719E-07 0.0010
    9.0558E+01   3.17434E-06 0.0010
    9.3178E+01   7.02473E-07 0.0010
    9.5873E+01   4.61031E-07 0.0010
    9.8647E+01   2.88328E-06 0.0010
    1.0150E+02   4.19609E-07 0.0010
    1.0444E+02   2.44899E-06 0.0010
    1.0746E+02   4.23889E-07 0.0010
    1.1057E+02   2.04791E-06 0.0010
    1.1377E+02   4.31878E-07 0.0010
    1.1706E+02   2.98172E-07 0.0010
    1.2044E+02   1.83214E-06 0.0010
    1.2393E+02   2.61932E-07 0.0010
    1.2751E+02   1.56057E-06 0.0010
    1.3120E+02   2.63483E-07 0.0010
    1.3500E+02   1.30188E-06 0.0010
    1.3890E+02   2.70942E-07 0.0010
    1.4292E+02   1.86952E-07 0.0010
    1.4706E+02   1.15997E-06 0.0010
    1.5131E+02   1.67486E-07 0.0010
    1.5569E+02   9.81175E-07 0.0010
    1.6019E+02   1.72864E-07 0.0010
    1.6483E+02   8.16923E-07 0.0010
    1.6959E+02   1.75758E-07 0.0010
    1.7450E+02   1.16793E-07 0.0010
    1.7955E+02   7.30517E-07 0.0010
    1.8474E+02   1.13008E-07 0.0010
    1.9009E+02   6.09758E-07 0.0010
    1.9559E+02   1.18891E-07 0.0010
    2.0124E+02   8.77350E-08 0.0010
    2.0707E+02   5.36055E-07 0.0010
    2.1306E+02   7.71884E-08 0.0010
    2.1922E+02   4.54418E-07 0.0010
    2.2556E+02   7.99941E-08 0.0010
    2.3209E+02   7.41592E-08 0.0009
    2.3880E+02   3.85688E-07 0.0010
    2.4571E+02   5.48602E-08 0.0010
    2.5282E+02   3.37570E-07 0.0010
    2.6013E+02   5.48535E-08 0.0010
    2.6766E+02   2.82601E-07 0.0010
    2.7540E+02   5.77563E-08 0.0010
    2.8337E+02   4.34194E-08 0.0010
    2.9157E+02   2.49769E-07 0.0010
    3.0000E+02   3.82323E-08 0.0010
      total      3.56539E-03 0.0004


 ===================================================================================================================================

           results of 10 statistical checks for the estimated answer for the tally fluctuation chart (tfc) bin of tally     9104

 tfc bin     --mean--      ---------relative error---------      ----variance of the variance----      --figure of merit--     -pdf-
 behavior    behavior      value   decrease   decrease rate      value   decrease   decrease rate       value     behavior     slope

 desired      random       <0.10      yes      1/sqrt(nps)       <0.10      yes        1/nps           constant    random      >3.00
 observed     random        0.00      yes          yes            0.00      yes         yes                                    10.00
 passed?        yes          yes      yes          yes             yes      yes         yes                                      yes

 ===================================================================================================================================


 this tally meets the statistical criteria used to form confidence intervals: check the tally fluctuation chart to verify.
 the results in other bins associated with this tally may not meet these statistical criteria.

 ----- estimated confidence intervals:  -----

 estimated asymmetric confidence interval(1,2,3 sigma): 3.3781E-03 to 3.3809E-03; 3.3767E-03 to 3.3823E-03; 3.3753E-03 to 3.3837E-03
 estimated  symmetric confidence interval(1,2,3 sigma): 3.3781E-03 to 3.3809E-03; 3.3767E-03 to 3.3823E-03; 3.3753E-03 to 3.3837E-03

1analysis of the results in the tally fluctuation chart bin (tfc) for tally 9104 with nps = 43000000         print table 160


 normed average tally per history  = 3.37949E-03          unnormed average tally per history  = 8.44872E-03
 estimated tally relative error    = 0.0004               estimated variance of the variance  = 0.0000
 relative error from zero tallies  = 0.0002               relative error from nonzero scores  = 0.0004

 number of nonzero history tallies =    19240617          efficiency for the nonzero tallies  = 0.4475
 history number of largest  tally  =    15901530          largest  unnormalized history tally = 1.73036E-01
 (largest  tally)/(average tally)  = 2.04808E+01          (largest  tally)/(avg nonzero tally)= 9.16425E+00

 (confidence interval shift)/mean  = 0.0000               shifted confidence interval center  = 3.37949E-03


 if the largest  history score sampled so far were to occur on the next history, the tfc bin quantities would change as follows:

      estimated quantities           value at nps           value at nps+1           value(nps+1)/value(nps)-1.

      mean                            3.37949E-03             3.37949E-03                     0.000000
      relative error                  4.15525E-04             4.15525E-04                     0.000000
      variance of the variance        2.18303E-07             2.18304E-07                     0.000004
      shifted center                  3.37949E-03             3.37949E-03                     0.000000
      figure of merit                 0.00000E+00             0.00000E+00                     0.000000

 the estimated slope of the 197 largest  tallies starting at  1.41710E-01 appears to be decreasing at least exponentially.
 the empirical history score probability density function appears to be increasing at the largest  history scores:
 please examine. see print table 161.
 the large score tail of the empirical history score probability density function appears to have no unsampled regions.

 fom = (histories/minute)*(f(x) signal-to-noise ratio)**2 = (0.000E+00)*( 3.670E-01)**2 = (0.000E+00)*(1.347E-01) = 0.000E+00

1    some tally scores were not made for various reasons:

                                  beyond last bin     not in
                   tally       user  segment   mult   angle   energy   time             
                   1004          0       0       0       0********       0
                   8004          0       0       0       0********       0
                   8204          0       0       0       0********       0
                   9204          0       0       0       0********       0
                   8104          0       0       0       0********       0
                   9104          0       0       0       0********       0

1status of the statistical checks used to form confidence intervals for the mean for each tally bin


 tally   result of statistical checks for the tfc bin (the first check not passed is listed) and error magnitude check for all bins

     1006   passed the 10 statistical checks for the tally fluctuation chart bin result               
         passed all bin error check:   205 tally bins all have relative errors less than 0.10 with no zero bins

     8006   passed the 10 statistical checks for the tally fluctuation chart bin result               
         passed all bin error check:     6 tally bins all have relative errors less than 0.10 with no zero bins

       24   passed the 10 statistical checks for the tally fluctuation chart bin result               
         missed all bin error check:   615 tally bins had    40 bins with zeros and     3 bins with relative errors exceeding 0.10

       26   passed the 10 statistical checks for the tally fluctuation chart bin result               
         missed all bin error check:   615 tally bins had    40 bins with zeros and     3 bins with relative errors exceeding 0.10

       34   passed the 10 statistical checks for the tally fluctuation chart bin result               
         passed all bin error check:   205 tally bins all have relative errors less than 0.10 with no zero bins

       36   passed the 10 statistical checks for the tally fluctuation chart bin result               
         passed all bin error check:   205 tally bins all have relative errors less than 0.10 with no zero bins

      124   passed the 10 statistical checks for the tally fluctuation chart bin result               
         passed all bin error check:    18 tally bins all have relative errors less than 0.10 with no zero bins

      126   passed the 10 statistical checks for the tally fluctuation chart bin result               
         passed all bin error check:    18 tally bins all have relative errors less than 0.10 with no zero bins

      134   passed the 10 statistical checks for the tally fluctuation chart bin result               
         passed all bin error check:     6 tally bins all have relative errors less than 0.10 with no zero bins

      136   passed the 10 statistical checks for the tally fluctuation chart bin result               
         passed all bin error check:     6 tally bins all have relative errors less than 0.10 with no zero bins

     1004   passed the 10 statistical checks for the tally fluctuation chart bin result               
         missed all bin error check: 41410 tally bins had 13688 bins with zeros and  1423 bins with relative errors exceeding 0.10

     4004   passed the 10 statistical checks for the tally fluctuation chart bin result               
         missed all bin error check:   615 tally bins had    40 bins with zeros and     3 bins with relative errors exceeding 0.10

     8004   passed the 10 statistical checks for the tally fluctuation chart bin result               
         missed all bin error check:  1212 tally bins had   425 bins with zeros and    37 bins with relative errors exceeding 0.10

     8014   passed the 10 statistical checks for the tally fluctuation chart bin result               
         passed all bin error check:    18 tally bins all have relative errors less than 0.10 with no zero bins

     8204   passed the 10 statistical checks for the tally fluctuation chart bin result               
         missed all bin error check:124230 tally bins had 48012 bins with zeros and  3460 bins with relative errors exceeding 0.10

     9204   passed the 10 statistical checks for the tally fluctuation chart bin result               
         missed all bin error check:  3636 tally bins had  1318 bins with zeros and    76 bins with relative errors exceeding 0.10

       44   passed the 10 statistical checks for the tally fluctuation chart bin result               
         passed all bin error check:   205 tally bins all have relative errors less than 0.10 with no zero bins

       46   passed the 10 statistical checks for the tally fluctuation chart bin result               
         passed all bin error check:   205 tally bins all have relative errors less than 0.10 with no zero bins

      144   passed the 10 statistical checks for the tally fluctuation chart bin result               
         passed all bin error check:     6 tally bins all have relative errors less than 0.10 with no zero bins

      146   passed the 10 statistical checks for the tally fluctuation chart bin result               
         passed all bin error check:     6 tally bins all have relative errors less than 0.10 with no zero bins

       54   missed  2 of 10 tfc bin checks: the relative error exceeds the recommended value of 0.1 for nonpoint detector tallies     
         missed all bin error check:   205 tally bins had     0 bins with zeros and    64 bins with relative errors exceeding 0.10

       56   missed  2 of 10 tfc bin checks: the relative error exceeds the recommended value of 0.1 for nonpoint detector tallies     
         missed all bin error check:   205 tally bins had     0 bins with zeros and    61 bins with relative errors exceeding 0.10

      154   passed the 10 statistical checks for the tally fluctuation chart bin result               
         passed all bin error check:     6 tally bins all have relative errors less than 0.10 with no zero bins

      156   passed the 10 statistical checks for the tally fluctuation chart bin result               
         passed all bin error check:     6 tally bins all have relative errors less than 0.10 with no zero bins

       64   no nonzero tallies were made in the tally fluctuation chart bin                           
         missed all bin error check:   205 tally bins had     6 bins with zeros and    55 bins with relative errors exceeding 0.10

       66   no nonzero tallies were made in the tally fluctuation chart bin                           
         missed all bin error check:   205 tally bins had     6 bins with zeros and    54 bins with relative errors exceeding 0.10

      164   passed the 10 statistical checks for the tally fluctuation chart bin result               
         passed all bin error check:     6 tally bins all have relative errors less than 0.10 with no zero bins

      166   passed the 10 statistical checks for the tally fluctuation chart bin result               
         passed all bin error check:     6 tally bins all have relative errors less than 0.10 with no zero bins

       74   passed the 10 statistical checks for the tally fluctuation chart bin result               
         passed all bin error check:   205 tally bins all have relative errors less than 0.10 with no zero bins

       76   passed the 10 statistical checks for the tally fluctuation chart bin result               
         passed all bin error check:   205 tally bins all have relative errors less than 0.10 with no zero bins

      174   missed  1 of 10 tfc bin checks: the estimated mean has a trend during the last half of the problem                        
         passed all bin error check:     6 tally bins all have relative errors less than 0.10 with no zero bins

      176   passed the 10 statistical checks for the tally fluctuation chart bin result               
         passed all bin error check:     6 tally bins all have relative errors less than 0.10 with no zero bins

       14   passed the 10 statistical checks for the tally fluctuation chart bin result               
         passed all bin error check:   205 tally bins all have relative errors less than 0.10 with no zero bins

       16   passed the 10 statistical checks for the tally fluctuation chart bin result               
         passed all bin error check:   205 tally bins all have relative errors less than 0.10 with no zero bins

      114   passed the 10 statistical checks for the tally fluctuation chart bin result               
         passed all bin error check:     6 tally bins all have relative errors less than 0.10 with no zero bins

      116   passed the 10 statistical checks for the tally fluctuation chart bin result               
         passed all bin error check:     6 tally bins all have relative errors less than 0.10 with no zero bins

     8104   passed the 10 statistical checks for the tally fluctuation chart bin result               
         missed all bin error check: 41410 tally bins had  6606 bins with zeros and  1498 bins with relative errors exceeding 0.10

     9104   passed the 10 statistical checks for the tally fluctuation chart bin result               
         missed all bin error check:  1212 tally bins had   230 bins with zeros and    34 bins with relative errors exceeding 0.10


 the 10 statistical checks are only for the tally fluctuation chart bin and do not apply to other tally bins.

 the tally bins with zeros may or may not be correct: compare the source, cutoffs, multipliers, et cetera with the tally bins.

 warning.       5 of the    38 tally fluctuation chart bins did not pass all 10 statistical checks.
 warning.      13 of the    38 tallies had bins with relative errors greater than recommended.

# ===================================================
# tally 9204
# ===================================================
1tally     9204        nps =    43000000
           tally type 4    track length estimate of particle flux.      units   1/cm**2        
           particle(s): protons  
 number of histories used for normalizing tallies =     43000000.00
           this tally is modified by   ft  tag  let

           volumes 
                   cell:      500          501          502          503          504         total                
                         2.50000E+00  2.50000E+00  2.50000E+00  2.50000E+00  2.50000E+00  1.25000E+01
 
 cell  500                                                                                                                             
 user bin          -1.00000
    s(e) (MeV/cm)
    1.0000E+00   0.00000E+00 0.0000
    1.0289E+00   0.00000E+00 0.0000
    1.0587E+00   0.00000E+00 0.0000
    1.0893E+00   0.00000E+00 0.0000
    1.1208E+00   0.00000E+00 0.0000
    1.1533E+00   0.00000E+00 0.0000
    1.1866E+00   0.00000E+00 0.0000
    1.2210E+00   0.00000E+00 0.0000
    1.2563E+00   0.00000E+00 0.0000
    1.2926E+00   0.00000E+00 0.0000
    1.3300E+00   0.00000E+00 0.0000
    1.3685E+00   0.00000E+00 0.0000
    1.4081E+00   0.00000E+00 0.0000
    1.4488E+00   0.00000E+00 0.0000
    1.4907E+00   0.00000E+00 0.0000
    1.5339E+00   0.00000E+00 0.0000
    1.5782E+00   0.00000E+00 0.0000
    1.6239E+00   0.00000E+00 0.0000
    1.6709E+00   0.00000E+00 0.0000
    1.7192E+00   0.00000E+00 0.0000
    1.7689E+00   0.00000E+00 0.0000
    1.8201E+00   0.00000E+00 0.0000
    1.8728E+00   0.00000E+00 0.0000
    1.9269E+00   0.00000E+00 0.0000
    1.9827E+00   0.00000E+00 0.0000
    2.0400E+00   0.00000E+00 0.0000
    2.0991E+00   0.00000E+00 0.0000
    2.1598E+00   0.00000E+00 0.0000
    2.2223E+00   0.00000E+00 0.0000
    2.2866E+00   0.00000E+00 0.0000
    2.3527E+00   0.00000E+00 0.0000
    2.4208E+00   0.00000E+00 0.0000
    2.4908E+00   0.00000E+00 0.0000
    2.5629E+00   0.00000E+00 0.0000
    2.6370E+00   0.00000E+00 0.0000
    2.7133E+00   0.00000E+00 0.0000
    2.7918E+00   0.00000E+00 0.0000
    2.8725E+00   0.00000E+00 0.0000
    2.9557E+00   0.00000E+00 0.0000
    3.0412E+00   0.00000E+00 0.0000
    3.1291E+00   0.00000E+00 0.0000
    3.2197E+00   0.00000E+00 0.0000
    3.3128E+00   0.00000E+00 0.0000
    3.4086E+00   0.00000E+00 0.0000
    3.5072E+00   0.00000E+00 0.0000
    3.6087E+00   0.00000E+00 0.0000
    3.7131E+00   0.00000E+00 0.0000
    3.8205E+00   0.00000E+00 0.0000
    3.9311E+00   0.00000E+00 0.0000
    4.0448E+00   0.00000E+00 0.0000
    4.1618E+00   0.00000E+00 0.0000
    4.2822E+00   0.00000E+00 0.0000
    4.4061E+00   0.00000E+00 0.0000
    4.5335E+00   0.00000E+00 0.0000
    4.6647E+00   0.00000E+00 0.0000
    4.7996E+00   0.00000E+00 0.0000
    4.9385E+00   0.00000E+00 0.0000
    5.0814E+00   0.00000E+00 0.0000
    5.2284E+00   0.00000E+00 0.0000
    5.3796E+00   0.00000E+00 0.0000
    5.5352E+00   0.00000E+00 0.0000
    5.6954E+00   0.00000E+00 0.0000
    5.8601E+00   0.00000E+00 0.0000
    6.0297E+00   0.00000E+00 0.0000
    6.2041E+00   0.00000E+00 0.0000
    6.3836E+00   0.00000E+00 0.0000
    6.5683E+00   0.00000E+00 0.0000
    6.7583E+00   0.00000E+00 0.0000
    6.9538E+00   0.00000E+00 0.0000
    7.1550E+00   0.00000E+00 0.0000
    7.3619E+00   0.00000E+00 0.0000
    7.5749E+00   0.00000E+00 0.0000
    7.7941E+00   0.00000E+00 0.0000
    8.0195E+00   0.00000E+00 0.0000
    8.2515E+00   0.00000E+00 0.0000
    8.4902E+00   0.00000E+00 0.0000
    8.7359E+00   0.00000E+00 0.0000
    8.9886E+00   0.00000E+00 0.0000
    9.2486E+00   3.82813E-10 0.1644
    9.5162E+00   7.43377E-10 0.1176
    9.7915E+00   1.39212E-09 0.0861
    1.0075E+01   1.55678E-06 0.0026
    1.0366E+01   1.63264E-07 0.0080
    1.0666E+01   2.08271E-06 0.0022
    1.0975E+01   1.36091E-07 0.0087
    1.1292E+01   2.04492E-06 0.0022
    1.1619E+01   1.62927E-07 0.0080
    1.1955E+01   1.61325E-07 0.0080
    1.2301E+01   1.97933E-06 0.0023
    1.2657E+01   1.90128E-07 0.0074
    1.3023E+01   1.57769E-06 0.0026
    1.3400E+01   2.46550E-07 0.0065
    1.3787E+01   2.39420E-07 0.0066
    1.4186E+01   1.28177E-06 0.0028
    1.4596E+01   2.18552E-07 0.0069
    1.5019E+01   1.31110E-06 0.0028
    1.5453E+01   1.80857E-07 0.0073
    1.5900E+01   9.71339E-07 0.0032
    1.6360E+01   1.60239E-07 0.0071
    1.6834E+01   1.76485E-07 0.0067
    1.7321E+01   1.05383E-06 0.0029
    1.7822E+01   1.30693E-07 0.0070
    1.8337E+01   7.58107E-07 0.0034
    1.8868E+01   1.12285E-07 0.0070
    1.9413E+01   1.19691E-07 0.0068
    1.9975E+01   7.41456E-07 0.0033
    2.0553E+01   1.32917E-07 0.0062
    2.1148E+01   6.48200E-07 0.0035
    2.1759E+01   9.08225E-08 0.0069
    2.2389E+01   9.03273E-08 0.0069
    2.3037E+01   4.64416E-07 0.0038
    2.3703E+01   7.17297E-08 0.0071
    2.4389E+01   4.05728E-07 0.0039
    2.5094E+01   7.04086E-08 0.0068
    2.5820E+01   7.21094E-08 0.0067
    2.6567E+01   3.92673E-07 0.0037
    2.7336E+01   6.37135E-08 0.0065
    2.8127E+01   3.59287E-07 0.0037
    2.8940E+01   5.73670E-08 0.0064
    2.9777E+01   2.99647E-07 0.0038
    3.0639E+01   4.87064E-08 0.0064
    3.1525E+01   4.40220E-08 0.0067
    3.2437E+01   2.38537E-07 0.0040
    3.3376E+01   3.43939E-08 0.0070
    3.4341E+01   1.88937E-07 0.0042
    3.5335E+01   3.30691E-08 0.0067
    3.6357E+01   2.71720E-08 0.0074
    3.7409E+01   1.55506E-07 0.0043
    3.8491E+01   2.31728E-08 0.0074
    3.9604E+01   1.29489E-07 0.0044
    4.0750E+01   2.36286E-08 0.0068
    4.1929E+01   1.93351E-08 0.0075
    4.3142E+01   1.13582E-07 0.0044
    4.4390E+01   1.71492E-08 0.0074
    4.5674E+01   9.83339E-08 0.0044
    4.6996E+01   1.77601E-08 0.0067
    4.8355E+01   1.44220E-08 0.0074
    4.9754E+01   8.81638E-08 0.0043
    5.1193E+01   1.27908E-08 0.0073
    5.2674E+01   7.61961E-08 0.0043
    5.4198E+01   1.34647E-08 0.0066
    5.5766E+01   1.13209E-08 0.0072
    5.7379E+01   6.77439E-08 0.0042
    5.9039E+01   9.36419E-09 0.0073
    6.0747E+01   5.91191E-08 0.0042
    6.2505E+01   9.81222E-09 0.0066
    6.4313E+01   4.95925E-08 0.0042
    6.6174E+01   1.05919E-08 0.0059
    6.8088E+01   7.00369E-09 0.0072
    7.0058E+01   4.49405E-08 0.0042
    7.2084E+01   6.96068E-09 0.0067
    7.4170E+01   3.77707E-08 0.0041
    7.6315E+01   7.50701E-09 0.0060
    7.8523E+01   5.35200E-09 0.0070
    8.0795E+01   3.37008E-08 0.0041
    8.3132E+01   4.78359E-09 0.0069
    8.5537E+01   2.86786E-08 0.0041
    8.8012E+01   5.05508E-09 0.0062
    9.0558E+01   2.40080E-08 0.0041
    9.3178E+01   5.31121E-09 0.0056
    9.5873E+01   3.48225E-09 0.0069
    9.8647E+01   2.18987E-08 0.0041
    1.0150E+02   3.15727E-09 0.0067
    1.0444E+02   1.86296E-08 0.0041
    1.0746E+02   3.24094E-09 0.0062
    1.1057E+02   1.55805E-08 0.0041
    1.1377E+02   3.28917E-09 0.0057
    1.1706E+02   2.26292E-09 0.0068
    1.2044E+02   1.39824E-08 0.0041
    1.2393E+02   1.98928E-09 0.0068
    1.2751E+02   1.19008E-08 0.0041
    1.3120E+02   1.99538E-09 0.0063
    1.3500E+02   9.94062E-09 0.0041
    1.3890E+02   2.05926E-09 0.0057
    1.4292E+02   1.42103E-09 0.0069
    1.4706E+02   8.84153E-09 0.0041
    1.5131E+02   1.26212E-09 0.0067
    1.5569E+02   7.48464E-09 0.0041
    1.6019E+02   1.30545E-09 0.0061
    1.6483E+02   6.20990E-09 0.0041
    1.6959E+02   1.34101E-09 0.0056
    1.7450E+02   8.72056E-10 0.0070
    1.7955E+02   5.56045E-09 0.0041
    1.8474E+02   8.42510E-10 0.0065
    1.9009E+02   4.63675E-09 0.0041
    1.9559E+02   8.97645E-10 0.0059
    2.0124E+02   6.58901E-10 0.0069
    2.0707E+02   4.06627E-09 0.0041
    2.1306E+02   5.77329E-10 0.0068
    2.1922E+02   3.44307E-09 0.0041
    2.2556E+02   6.01640E-10 0.0061
    2.3209E+02   5.20424E-10 0.0066
    2.3880E+02   2.95324E-09 0.0041
    2.4571E+02   4.10693E-10 0.0069
    2.5282E+02   2.55177E-09 0.0041
    2.6013E+02   4.07590E-10 0.0064
    2.6766E+02   2.13613E-09 0.0041
    2.7540E+02   4.24592E-10 0.0058
    2.8337E+02   3.22769E-10 0.0066
    2.9157E+02   1.88286E-09 0.0041
    3.0000E+02   2.76428E-10 0.0066
      total      2.30012E-05 0.0007
 
 cell  500                                                                                                                             
 user bin 10000000000.00000
    s(e) (MeV/cm)
    1.0000E+00   0.00000E+00 0.0000
    1.0289E+00   0.00000E+00 0.0000
    1.0587E+00   0.00000E+00 0.0000
    1.0893E+00   0.00000E+00 0.0000
    1.1208E+00   0.00000E+00 0.0000
    1.1533E+00   0.00000E+00 0.0000
    1.1866E+00   0.00000E+00 0.0000
    1.2210E+00   0.00000E+00 0.0000
    1.2563E+00   0.00000E+00 0.0000
    1.2926E+00   0.00000E+00 0.0000
    1.3300E+00   0.00000E+00 0.0000
    1.3685E+00   0.00000E+00 0.0000
    1.4081E+00   0.00000E+00 0.0000
    1.4488E+00   0.00000E+00 0.0000
    1.4907E+00   0.00000E+00 0.0000
    1.5339E+00   0.00000E+00 0.0000
    1.5782E+00   0.00000E+00 0.0000
    1.6239E+00   0.00000E+00 0.0000
    1.6709E+00   0.00000E+00 0.0000
    1.7192E+00   0.00000E+00 0.0000
    1.7689E+00   0.00000E+00 0.0000
    1.8201E+00   0.00000E+00 0.0000
    1.8728E+00   0.00000E+00 0.0000
    1.9269E+00   0.00000E+00 0.0000
    1.9827E+00   0.00000E+00 0.0000
    2.0400E+00   0.00000E+00 0.0000
    2.0991E+00   0.00000E+00 0.0000
    2.1598E+00   0.00000E+00 0.0000
    2.2223E+00   0.00000E+00 0.0000
    2.2866E+00   0.00000E+00 0.0000
    2.3527E+00   0.00000E+00 0.0000
    2.4208E+00   0.00000E+00 0.0000
    2.4908E+00   0.00000E+00 0.0000
    2.5629E+00   0.00000E+00 0.0000
    2.6370E+00   0.00000E+00 0.0000
    2.7133E+00   0.00000E+00 0.0000
    2.7918E+00   0.00000E+00 0.0000
    2.8725E+00   0.00000E+00 0.0000
    2.9557E+00   0.00000E+00 0.0000
    3.0412E+00   0.00000E+00 0.0000
    3.1291E+00   0.00000E+00 0.0000
    3.2197E+00   0.00000E+00 0.0000
    3.3128E+00   0.00000E+00 0.0000
    3.4086E+00   0.00000E+00 0.0000
    3.5072E+00   0.00000E+00 0.0000
    3.6087E+00   0.00000E+00 0.0000
    3.7131E+00   0.00000E+00 0.0000
    3.8205E+00   0.00000E+00 0.0000
    3.9311E+00   0.00000E+00 0.0000
    4.0448E+00   0.00000E+00 0.0000
    4.1618E+00   0.00000E+00 0.0000
    4.2822E+00   0.00000E+00 0.0000
    4.4061E+00   0.00000E+00 0.0000
    4.5335E+00   0.00000E+00 0.0000
    4.6647E+00   0.00000E+00 0.0000
    4.7996E+00   0.00000E+00 0.0000
    4.9385E+00   0.00000E+00 0.0000
    5.0814E+00   0.00000E+00 0.0000
    5.2284E+00   0.00000E+00 0.0000
    5.3796E+00   0.00000E+00 0.0000
    5.5352E+00   0.00000E+00 0.0000
    5.6954E+00   0.00000E+00 0.0000
    5.8601E+00   0.00000E+00 0.0000
    6.0297E+00   0.00000E+00 0.0000
    6.2041E+00   0.00000E+00 0.0000
    6.3836E+00   0.00000E+00 0.0000
    6.5683E+00   0.00000E+00 0.0000
    6.7583E+00   0.00000E+00 0.0000
    6.9538E+00   0.00000E+00 0.0000
    7.1550E+00   8.15921E-12 0.7095
    7.3619E+00   0.00000E+00 0.0000
    7.5749E+00   0.00000E+00 0.0000
    7.7941E+00   1.89226E-10 0.2365
    8.0195E+00   0.00000E+00 0.0000
    8.2515E+00   5.21534E-10 0.1435
    8.4902E+00   0.00000E+00 0.0000
    8.7359E+00   1.33207E-09 0.0905
    8.9886E+00   1.44034E-10 0.2731
    9.2486E+00   4.85637E-08 0.0227
    9.5162E+00   7.01923E-08 0.0165
    9.7915E+00   1.64894E-07 0.0116
    1.0075E+01   1.88488E-04 0.0017
    1.0366E+01   2.04600E-05 0.0018
    1.0666E+01   2.61916E-04 0.0014
    1.0975E+01   1.74694E-05 0.0018
    1.1292E+01   2.56319E-04 0.0014
    1.1619E+01   2.12375E-05 0.0017
    1.1955E+01   2.09867E-05 0.0017
    1.2301E+01   2.48126E-04 0.0014
    1.2657E+01   2.46351E-05 0.0016
    1.3023E+01   1.99594E-04 0.0013
    1.3400E+01   3.08804E-05 0.0016
    1.3787E+01   3.06121E-05 0.0016
    1.4186E+01   1.64252E-04 0.0013
    1.4596E+01   2.78462E-05 0.0016
    1.5019E+01   1.64851E-04 0.0014
    1.5453E+01   2.33660E-05 0.0016
    1.5900E+01   1.25630E-04 0.0014
    1.6360E+01   2.03052E-05 0.0016
    1.6834E+01   2.19578E-05 0.0015
    1.7321E+01   1.32004E-04 0.0014
    1.7822E+01   1.68231E-05 0.0015
    1.8337E+01   9.82994E-05 0.0014
    1.8868E+01   1.45869E-05 0.0015
    1.9413E+01   1.54327E-05 0.0015
    1.9975E+01   9.43324E-05 0.0014
    2.0553E+01   1.67057E-05 0.0015
    2.1148E+01   8.30914E-05 0.0014
    2.1759E+01   1.17479E-05 0.0015
    2.2389E+01   1.17377E-05 0.0015
    2.3037E+01   6.13251E-05 0.0014
    2.3703E+01   9.50698E-06 0.0015
    2.4389E+01   5.29835E-05 0.0014
    2.5094E+01   9.06812E-06 0.0015
    2.5820E+01   9.17896E-06 0.0015
    2.6567E+01   4.98538E-05 0.0014
    2.7336E+01   8.06060E-06 0.0015
    2.8127E+01   4.57624E-05 0.0014
    2.8940E+01   7.29936E-06 0.0015
    2.9777E+01   3.86275E-05 0.0014
    3.0639E+01   6.39037E-06 0.0015
    3.1525E+01   5.72166E-06 0.0015
    3.2437E+01   3.12429E-05 0.0014
    3.3376E+01   4.59717E-06 0.0015
    3.4341E+01   2.51616E-05 0.0014
    3.5335E+01   4.40707E-06 0.0015
    3.6357E+01   3.65680E-06 0.0015
    3.7409E+01   2.08805E-05 0.0014
    3.8491E+01   3.17068E-06 0.0015
    3.9604E+01   1.74611E-05 0.0014
    4.0750E+01   3.17678E-06 0.0014
    4.1929E+01   2.60010E-06 0.0015
    4.3142E+01   1.52767E-05 0.0014
    4.4390E+01   2.27903E-06 0.0015
    4.5674E+01   1.31435E-05 0.0014
    4.6996E+01   2.36045E-06 0.0014
    4.8355E+01   1.92124E-06 0.0015
    4.9754E+01   1.17021E-05 0.0014
    5.1193E+01   1.69011E-06 0.0015
    5.2674E+01   1.01252E-05 0.0014
    5.4198E+01   1.78692E-06 0.0014
    5.5766E+01   1.49291E-06 0.0015
    5.7379E+01   8.95844E-06 0.0014
    5.9039E+01   1.24813E-06 0.0015
    6.0747E+01   7.80199E-06 0.0014
    6.2505E+01   1.30012E-06 0.0014
    6.4313E+01   6.55030E-06 0.0014
    6.6174E+01   1.40564E-06 0.0014
    6.8088E+01   9.25372E-07 0.0014
    7.0058E+01   5.95516E-06 0.0014
    7.2084E+01   9.18054E-07 0.0014
    7.4170E+01   5.00272E-06 0.0013
    7.6315E+01   1.00029E-06 0.0014
    7.8523E+01   7.03129E-07 0.0014
    8.0795E+01   4.48562E-06 0.0013
    8.3132E+01   6.33573E-07 0.0014
    8.5537E+01   3.82288E-06 0.0013
    8.8012E+01   6.77065E-07 0.0014
    9.0558E+01   3.20255E-06 0.0013
    9.3178E+01   7.09027E-07 0.0014
    9.5873E+01   4.65616E-07 0.0014
    9.8647E+01   2.91822E-06 0.0013
    1.0150E+02   4.24105E-07 0.0014
    1.0444E+02   2.48424E-06 0.0013
    1.0746E+02   4.30143E-07 0.0014
    1.1057E+02   2.07950E-06 0.0013
    1.1377E+02   4.38815E-07 0.0014
    1.1706E+02   3.01780E-07 0.0014
    1.2044E+02   1.86383E-06 0.0013
    1.2393E+02   2.65194E-07 0.0014
    1.2751E+02   1.58934E-06 0.0013
    1.3120E+02   2.67981E-07 0.0014
    1.3500E+02   1.32576E-06 0.0013
    1.3890E+02   2.75612E-07 0.0014
    1.4292E+02   1.89504E-07 0.0014
    1.4706E+02   1.18233E-06 0.0013
    1.5131E+02   1.69862E-07 0.0014
    1.5569E+02   1.00045E-06 0.0013
    1.6019E+02   1.76098E-07 0.0014
    1.6483E+02   8.32600E-07 0.0013
    1.6959E+02   1.78626E-07 0.0014
    1.7450E+02   1.18304E-07 0.0014
    1.7955E+02   7.44962E-07 0.0013
    1.8474E+02   1.14142E-07 0.0014
    1.9009E+02   6.21906E-07 0.0013
    1.9559E+02   1.20656E-07 0.0014
    2.0124E+02   8.86882E-08 0.0014
    2.0707E+02   5.46373E-07 0.0013
    2.1306E+02   7.75362E-08 0.0014
    2.1922E+02   4.63115E-07 0.0013
    2.2556E+02   8.07666E-08 0.0014
    2.3209E+02   6.98521E-08 0.0014
    2.3880E+02   3.97159E-07 0.0013
    2.4571E+02   5.52032E-08 0.0014
    2.5282E+02   3.43646E-07 0.0013
    2.6013E+02   5.43284E-08 0.0014
    2.6766E+02   2.88010E-07 0.0013
    2.7540E+02   5.70815E-08 0.0014
    2.8337E+02   4.35042E-08 0.0014
    2.9157E+02   2.53805E-07 0.0013
    3.0000E+02   3.70826E-08 0.0014
      total      2.92463E-03 0.0005
 
 cell  500                                                                                                                             
 user bin total
    s(e) (MeV/cm)
    1.0000E+00   0.00000E+00 0.0000
    1.0289E+00   0.00000E+00 0.0000
    1.0587E+00   0.00000E+00 0.0000
    1.0893E+00   0.00000E+00 0.0000
    1.1208E+00   0.00000E+00 0.0000
    1.1533E+00   0.00000E+00 0.0000
    1.1866E+00   0.00000E+00 0.0000
    1.2210E+00   0.00000E+00 0.0000
    1.2563E+00   0.00000E+00 0.0000
    1.2926E+00   0.00000E+00 0.0000
    1.3300E+00   0.00000E+00 0.0000
    1.3685E+00   0.00000E+00 0.0000
    1.4081E+00   0.00000E+00 0.0000
    1.4488E+00   0.00000E+00 0.0000
    1.4907E+00   0.00000E+00 0.0000
    1.5339E+00   0.00000E+00 0.0000
    1.5782E+00   0.00000E+00 0.0000
    1.6239E+00   0.00000E+00 0.0000
    1.6709E+00   0.00000E+00 0.0000
    1.7192E+00   0.00000E+00 0.0000
    1.7689E+00   0.00000E+00 0.0000
    1.8201E+00   0.00000E+00 0.0000
    1.8728E+00   0.00000E+00 0.0000
    1.9269E+00   0.00000E+00 0.0000
    1.9827E+00   0.00000E+00 0.0000
    2.0400E+00   0.00000E+00 0.0000
    2.0991E+00   0.00000E+00 0.0000
    2.1598E+00   0.00000E+00 0.0000
    2.2223E+00   0.00000E+00 0.0000
    2.2866E+00   0.00000E+00 0.0000
    2.3527E+00   0.00000E+00 0.0000
    2.4208E+00   0.00000E+00 0.0000
    2.4908E+00   0.00000E+00 0.0000
    2.5629E+00   0.00000E+00 0.0000
    2.6370E+00   0.00000E+00 0.0000
    2.7133E+00   0.00000E+00 0.0000
    2.7918E+00   0.00000E+00 0.0000
    2.8725E+00   0.00000E+00 0.0000
    2.9557E+00   0.00000E+00 0.0000
    3.0412E+00   0.00000E+00 0.0000
    3.1291E+00   0.00000E+00 0.0000
    3.2197E+00   0.00000E+00 0.0000
    3.3128E+00   0.00000E+00 0.0000
    3.4086E+00   0.00000E+00 0.0000
    3.5072E+00   0.00000E+00 0.0000
    3.6087E+00   0.00000E+00 0.0000
    3.7131E+00   0.00000E+00 0.0000
    3.8205E+00   0.00000E+00 0.0000
    3.9311E+00   0.00000E+00 0.0000
    4.0448E+00   0.00000E+00 0.0000
    4.1618E+00   0.00000E+00 0.0000
    4.2822E+00   0.00000E+00 0.0000
    4.4061E+00   0.00000E+00 0.0000
    4.5335E+00   0.00000E+00 0.0000
    4.6647E+00   0.00000E+00 0.0000
    4.7996E+00   0.00000E+00 0.0000
    4.9385E+00   0.00000E+00 0.0000
    5.0814E+00   0.00000E+00 0.0000
    5.2284E+00   0.00000E+00 0.0000
    5.3796E+00   0.00000E+00 0.0000
    5.5352E+00   0.00000E+00 0.0000
    5.6954E+00   0.00000E+00 0.0000
    5.8601E+00   0.00000E+00 0.0000
    6.0297E+00   0.00000E+00 0.0000
    6.2041E+00   0.00000E+00 0.0000
    6.3836E+00   0.00000E+00 0.0000
    6.5683E+00   0.00000E+00 0.0000
    6.7583E+00   0.00000E+00 0.0000
    6.9538E+00   0.00000E+00 0.0000
    7.1550E+00   8.15921E-12 0.7095
    7.3619E+00   0.00000E+00 0.0000
    7.5749E+00   0.00000E+00 0.0000
    7.7941E+00   1.89226E-10 0.2365
    8.0195E+00   0.00000E+00 0.0000
    8.2515E+00   5.21534E-10 0.1435
    8.4902E+00   0.00000E+00 0.0000
    8.7359E+00   1.33207E-09 0.0905
    8.9886E+00   1.44034E-10 0.2731
    9.2486E+00   4.89465E-08 0.0226
    9.5162E+00   7.09357E-08 0.0165
    9.7915E+00   1.66286E-07 0.0116
    1.0075E+01   1.90044E-04 0.0017
    1.0366E+01   2.06233E-05 0.0018
    1.0666E+01   2.63999E-04 0.0014
    1.0975E+01   1.76055E-05 0.0018
    1.1292E+01   2.58364E-04 0.0014
    1.1619E+01   2.14004E-05 0.0017
    1.1955E+01   2.11481E-05 0.0017
    1.2301E+01   2.50105E-04 0.0014
    1.2657E+01   2.48253E-05 0.0016
    1.3023E+01   2.01172E-04 0.0013
    1.3400E+01   3.11270E-05 0.0016
    1.3787E+01   3.08515E-05 0.0016
    1.4186E+01   1.65534E-04 0.0013
    1.4596E+01   2.80648E-05 0.0016
    1.5019E+01   1.66163E-04 0.0014
    1.5453E+01   2.35468E-05 0.0016
    1.5900E+01   1.26601E-04 0.0014
    1.6360E+01   2.04654E-05 0.0016
    1.6834E+01   2.21343E-05 0.0015
    1.7321E+01   1.33058E-04 0.0014
    1.7822E+01   1.69538E-05 0.0015
    1.8337E+01   9.90575E-05 0.0014
    1.8868E+01   1.46992E-05 0.0015
    1.9413E+01   1.55524E-05 0.0015
    1.9975E+01   9.50739E-05 0.0014
    2.0553E+01   1.68386E-05 0.0015
    2.1148E+01   8.37396E-05 0.0014
    2.1759E+01   1.18388E-05 0.0015
    2.2389E+01   1.18280E-05 0.0015
    2.3037E+01   6.17895E-05 0.0014
    2.3703E+01   9.57871E-06 0.0015
    2.4389E+01   5.33893E-05 0.0014
    2.5094E+01   9.13852E-06 0.0015
    2.5820E+01   9.25106E-06 0.0015
    2.6567E+01   5.02465E-05 0.0014
    2.7336E+01   8.12431E-06 0.0015
    2.8127E+01   4.61217E-05 0.0014
    2.8940E+01   7.35673E-06 0.0015
    2.9777E+01   3.89272E-05 0.0014
    3.0639E+01   6.43908E-06 0.0015
    3.1525E+01   5.76568E-06 0.0015
    3.2437E+01   3.14815E-05 0.0014
    3.3376E+01   4.63157E-06 0.0015
    3.4341E+01   2.53506E-05 0.0014
    3.5335E+01   4.44014E-06 0.0015
    3.6357E+01   3.68398E-06 0.0015
    3.7409E+01   2.10360E-05 0.0014
    3.8491E+01   3.19385E-06 0.0015
    3.9604E+01   1.75906E-05 0.0014
    4.0750E+01   3.20041E-06 0.0014
    4.1929E+01   2.61944E-06 0.0015
    4.3142E+01   1.53903E-05 0.0014
    4.4390E+01   2.29618E-06 0.0015
    4.5674E+01   1.32418E-05 0.0014
    4.6996E+01   2.37821E-06 0.0014
    4.8355E+01   1.93566E-06 0.0015
    4.9754E+01   1.17902E-05 0.0014
    5.1193E+01   1.70290E-06 0.0015
    5.2674E+01   1.02014E-05 0.0014
    5.4198E+01   1.80038E-06 0.0014
    5.5766E+01   1.50424E-06 0.0015
    5.7379E+01   9.02618E-06 0.0014
    5.9039E+01   1.25750E-06 0.0015
    6.0747E+01   7.86111E-06 0.0014
    6.2505E+01   1.30994E-06 0.0014
    6.4313E+01   6.59990E-06 0.0014
    6.6174E+01   1.41623E-06 0.0014
    6.8088E+01   9.32376E-07 0.0014
    7.0058E+01   6.00011E-06 0.0014
    7.2084E+01   9.25015E-07 0.0014
    7.4170E+01   5.04049E-06 0.0013
    7.6315E+01   1.00779E-06 0.0014
    7.8523E+01   7.08481E-07 0.0014
    8.0795E+01   4.51932E-06 0.0013
    8.3132E+01   6.38357E-07 0.0014
    8.5537E+01   3.85156E-06 0.0013
    8.8012E+01   6.82120E-07 0.0014
    9.0558E+01   3.22655E-06 0.0013
    9.3178E+01   7.14338E-07 0.0014
    9.5873E+01   4.69099E-07 0.0014
    9.8647E+01   2.94012E-06 0.0013
    1.0150E+02   4.27263E-07 0.0014
    1.0444E+02   2.50287E-06 0.0013
    1.0746E+02   4.33384E-07 0.0014
    1.1057E+02   2.09508E-06 0.0013
    1.1377E+02   4.42104E-07 0.0014
    1.1706E+02   3.04043E-07 0.0014
    1.2044E+02   1.87782E-06 0.0013
    1.2393E+02   2.67184E-07 0.0014
    1.2751E+02   1.60124E-06 0.0013
    1.3120E+02   2.69976E-07 0.0014
    1.3500E+02   1.33571E-06 0.0013
    1.3890E+02   2.77671E-07 0.0014
    1.4292E+02   1.90925E-07 0.0014
    1.4706E+02   1.19117E-06 0.0013
    1.5131E+02   1.71124E-07 0.0014
    1.5569E+02   1.00794E-06 0.0013
    1.6019E+02   1.77403E-07 0.0014
    1.6483E+02   8.38810E-07 0.0013
    1.6959E+02   1.79967E-07 0.0014
    1.7450E+02   1.19176E-07 0.0014
    1.7955E+02   7.50523E-07 0.0013
    1.8474E+02   1.14985E-07 0.0014
    1.9009E+02   6.26543E-07 0.0013
    1.9559E+02   1.21553E-07 0.0014
    2.0124E+02   8.93471E-08 0.0014
    2.0707E+02   5.50440E-07 0.0013
    2.1306E+02   7.81135E-08 0.0014
    2.1922E+02   4.66558E-07 0.0013
    2.2556E+02   8.13682E-08 0.0014
    2.3209E+02   7.03725E-08 0.0014
    2.3880E+02   4.00112E-07 0.0013
    2.4571E+02   5.56139E-08 0.0014
    2.5282E+02   3.46198E-07 0.0013
    2.6013E+02   5.47360E-08 0.0014
    2.6766E+02   2.90146E-07 0.0013
    2.7540E+02   5.75061E-08 0.0014
    2.8337E+02   4.38270E-08 0.0014
    2.9157E+02   2.55688E-07 0.0013
    3.0000E+02   3.73591E-08 0.0014
      total      2.94763E-03 0.0005
 
 cell  501                                                                                                                             
 user bin          -1.00000
    s(e) (MeV/cm)
    1.0000E+00   0.00000E+00 0.0000
    1.0289E+00   0.00000E+00 0.0000
    1.0587E+00   0.00000E+00 0.0000
    1.0893E+00   0.00000E+00 0.0000
    1.1208E+00   0.00000E+00 0.0000
    1.1533E+00   0.00000E+00 0.0000
    1.1866E+00   0.00000E+00 0.0000
    1.2210E+00   0.00000E+00 0.0000
    1.2563E+00   0.00000E+00 0.0000
    1.2926E+00   0.00000E+00 0.0000
    1.3300E+00   0.00000E+00 0.0000
    1.3685E+00   0.00000E+00 0.0000
    1.4081E+00   0.00000E+00 0.0000
    1.4488E+00   0.00000E+00 0.0000
    1.4907E+00   0.00000E+00 0.0000
    1.5339E+00   0.00000E+00 0.0000
    1.5782E+00   0.00000E+00 0.0000
    1.6239E+00   0.00000E+00 0.0000
    1.6709E+00   0.00000E+00 0.0000
    1.7192E+00   0.00000E+00 0.0000
    1.7689E+00   0.00000E+00 0.0000
    1.8201E+00   0.00000E+00 0.0000
    1.8728E+00   0.00000E+00 0.0000
    1.9269E+00   0.00000E+00 0.0000
    1.9827E+00   0.00000E+00 0.0000
    2.0400E+00   0.00000E+00 0.0000
    2.0991E+00   0.00000E+00 0.0000
    2.1598E+00   0.00000E+00 0.0000
    2.2223E+00   0.00000E+00 0.0000
    2.2866E+00   0.00000E+00 0.0000
    2.3527E+00   0.00000E+00 0.0000
    2.4208E+00   0.00000E+00 0.0000
    2.4908E+00   0.00000E+00 0.0000
    2.5629E+00   0.00000E+00 0.0000
    2.6370E+00   0.00000E+00 0.0000
    2.7133E+00   0.00000E+00 0.0000
    2.7918E+00   0.00000E+00 0.0000
    2.8725E+00   0.00000E+00 0.0000
    2.9557E+00   0.00000E+00 0.0000
    3.0412E+00   0.00000E+00 0.0000
    3.1291E+00   0.00000E+00 0.0000
    3.2197E+00   0.00000E+00 0.0000
    3.3128E+00   0.00000E+00 0.0000
    3.4086E+00   0.00000E+00 0.0000
    3.5072E+00   0.00000E+00 0.0000
    3.6087E+00   0.00000E+00 0.0000
    3.7131E+00   0.00000E+00 0.0000
    3.8205E+00   0.00000E+00 0.0000
    3.9311E+00   0.00000E+00 0.0000
    4.0448E+00   0.00000E+00 0.0000
    4.1618E+00   0.00000E+00 0.0000
    4.2822E+00   0.00000E+00 0.0000
    4.4061E+00   0.00000E+00 0.0000
    4.5335E+00   0.00000E+00 0.0000
    4.6647E+00   0.00000E+00 0.0000
    4.7996E+00   0.00000E+00 0.0000
    4.9385E+00   0.00000E+00 0.0000
    5.0814E+00   0.00000E+00 0.0000
    5.2284E+00   0.00000E+00 0.0000
    5.3796E+00   0.00000E+00 0.0000
    5.5352E+00   0.00000E+00 0.0000
    5.6954E+00   0.00000E+00 0.0000
    5.8601E+00   0.00000E+00 0.0000
    6.0297E+00   0.00000E+00 0.0000
    6.2041E+00   0.00000E+00 0.0000
    6.3836E+00   0.00000E+00 0.0000
    6.5683E+00   0.00000E+00 0.0000
    6.7583E+00   0.00000E+00 0.0000
    6.9538E+00   0.00000E+00 0.0000
    7.1550E+00   0.00000E+00 0.0000
    7.3619E+00   0.00000E+00 0.0000
    7.5749E+00   0.00000E+00 0.0000
    7.7941E+00   0.00000E+00 0.0000
    8.0195E+00   0.00000E+00 0.0000
    8.2515E+00   0.00000E+00 0.0000
    8.4902E+00   0.00000E+00 0.0000
    8.7359E+00   0.00000E+00 0.0000
    8.9886E+00   0.00000E+00 0.0000
    9.2486E+00   3.09406E-09 0.0578
    9.5162E+00   3.40790E-09 0.0551
    9.7915E+00   6.78480E-09 0.0390
    1.0075E+01   1.91040E-06 0.0023
    1.0366E+01   1.31821E-07 0.0089
    1.0666E+01   2.09021E-06 0.0022
    1.0975E+01   1.41724E-07 0.0085
    1.1292E+01   2.11826E-06 0.0022
    1.1619E+01   1.66217E-07 0.0079
    1.1955E+01   1.84326E-07 0.0075
    1.2301E+01   2.01276E-06 0.0023
    1.2657E+01   1.69226E-07 0.0078
    1.3023E+01   1.75859E-06 0.0024
    1.3400E+01   2.15128E-07 0.0069
    1.3787E+01   2.00657E-07 0.0072
    1.4186E+01   1.34143E-06 0.0028
    1.4596E+01   2.49826E-07 0.0064
    1.5019E+01   1.21099E-06 0.0029
    1.5453E+01   1.70352E-07 0.0075
    1.5900E+01   1.12242E-06 0.0030
    1.6360E+01   1.80480E-07 0.0067
    1.6834E+01   1.83259E-07 0.0066
    1.7321E+01   9.58416E-07 0.0031
    1.7822E+01   1.18527E-07 0.0074
    1.8337E+01   8.12407E-07 0.0033
    1.8868E+01   1.32028E-07 0.0065
    1.9413E+01   1.38436E-07 0.0063
    1.9975E+01   7.75656E-07 0.0032
    2.0553E+01   1.22656E-07 0.0065
    2.1148E+01   5.68749E-07 0.0037
    2.1759E+01   8.11886E-08 0.0073
    2.2389E+01   8.37655E-08 0.0072
    2.3037E+01   4.78320E-07 0.0038
    2.3703E+01   8.14799E-08 0.0067
    2.4389E+01   4.73070E-07 0.0036
    2.5094E+01   8.11979E-08 0.0063
    2.5820E+01   7.95140E-08 0.0064
    2.6567E+01   4.13392E-07 0.0037
    2.7336E+01   6.19319E-08 0.0066
    2.8127E+01   3.36871E-07 0.0038
    2.8940E+01   5.08064E-08 0.0068
    2.9777E+01   2.62500E-07 0.0041
    3.0639E+01   4.29006E-08 0.0068
    3.1525E+01   3.80651E-08 0.0072
    3.2437E+01   2.12053E-07 0.0042
    3.3376E+01   3.19950E-08 0.0073
    3.4341E+01   1.79938E-07 0.0043
    3.5335E+01   3.29092E-08 0.0067
    3.6357E+01   2.73538E-08 0.0074
    3.7409E+01   1.62290E-07 0.0042
    3.8491E+01   2.57393E-08 0.0070
    3.9604E+01   1.43273E-07 0.0042
    4.0750E+01   2.68345E-08 0.0064
    4.1929E+01   2.21080E-08 0.0070
    4.3142E+01   1.30734E-07 0.0041
    4.4390E+01   1.98689E-08 0.0068
    4.5674E+01   1.14083E-07 0.0040
    4.6996E+01   2.05378E-08 0.0062
    4.8355E+01   1.67192E-08 0.0069
    4.9754E+01   1.01860E-07 0.0040
    5.1193E+01   1.46934E-08 0.0068
    5.2674E+01   8.77006E-08 0.0040
    5.4198E+01   1.54717E-08 0.0061
    5.5766E+01   1.27085E-08 0.0068
    5.7379E+01   7.64806E-08 0.0040
    5.9039E+01   1.07075E-08 0.0068
    6.0747E+01   6.58361E-08 0.0040
    6.2505E+01   1.08595E-08 0.0062
    6.4313E+01   5.45595E-08 0.0040
    6.6174E+01   1.17073E-08 0.0056
    6.8088E+01   7.61142E-09 0.0069
    7.0058E+01   4.89215E-08 0.0040
    7.2084E+01   7.52454E-09 0.0064
    7.4170E+01   4.05356E-08 0.0040
    7.6315E+01   8.12902E-09 0.0057
    7.8523E+01   5.60547E-09 0.0069
    8.0795E+01   3.59718E-08 0.0040
    8.3132E+01   5.00113E-09 0.0067
    8.5537E+01   3.02863E-08 0.0040
    8.8012E+01   5.37839E-09 0.0060
    9.0558E+01   2.51287E-08 0.0040
    9.3178E+01   5.55487E-09 0.0055
    9.5873E+01   3.61796E-09 0.0068
    9.8647E+01   2.26983E-08 0.0040
    1.0150E+02   3.29090E-09 0.0066
    1.0444E+02   1.91740E-08 0.0040
    1.0746E+02   3.29268E-09 0.0061
    1.1057E+02   1.59292E-08 0.0040
    1.1377E+02   3.33101E-09 0.0056
    1.1706E+02   2.29386E-09 0.0068
    1.2044E+02   1.41730E-08 0.0041
    1.2393E+02   2.01006E-09 0.0067
    1.2751E+02   1.20087E-08 0.0041
    1.3120E+02   2.03585E-09 0.0062
    1.3500E+02   9.96507E-09 0.0041
    1.3890E+02   2.08172E-09 0.0057
    1.4292E+02   1.42982E-09 0.0068
    1.4706E+02   8.85977E-09 0.0041
    1.5131E+02   1.27366E-09 0.0067
    1.5569E+02   7.47913E-09 0.0041
    1.6019E+02   1.30186E-09 0.0061
    1.6483E+02   6.21299E-09 0.0041
    1.6959E+02   1.31625E-09 0.0057
    1.7450E+02   8.83253E-10 0.0069
    1.7955E+02   5.53386E-09 0.0041
    1.8474E+02   8.39906E-10 0.0066
    1.9009E+02   4.61013E-09 0.0041
    1.9559E+02   8.89446E-10 0.0059
    2.0124E+02   6.58750E-10 0.0069
    2.0707E+02   4.03909E-09 0.0041
    2.1306E+02   5.72236E-10 0.0068
    2.1922E+02   3.42236E-09 0.0041
    2.2556E+02   5.93328E-10 0.0062
    2.3209E+02   5.15369E-10 0.0066
    2.3880E+02   2.92852E-09 0.0041
    2.4571E+02   4.05434E-10 0.0069
    2.5282E+02   2.53025E-09 0.0041
    2.6013E+02   3.99808E-10 0.0064
    2.6766E+02   2.11895E-09 0.0041
    2.7540E+02   4.20878E-10 0.0058
    2.8337E+02   3.18644E-10 0.0067
    2.9157E+02   1.86386E-09 0.0041
    3.0000E+02   2.73044E-10 0.0067
      total      2.37955E-05 0.0006
 
 cell  501                                                                                                                             
 user bin 10000000000.00000
    s(e) (MeV/cm)
    1.0000E+00   0.00000E+00 0.0000
    1.0289E+00   0.00000E+00 0.0000
    1.0587E+00   0.00000E+00 0.0000
    1.0893E+00   0.00000E+00 0.0000
    1.1208E+00   0.00000E+00 0.0000
    1.1533E+00   0.00000E+00 0.0000
    1.1866E+00   0.00000E+00 0.0000
    1.2210E+00   0.00000E+00 0.0000
    1.2563E+00   0.00000E+00 0.0000
    1.2926E+00   0.00000E+00 0.0000
    1.3300E+00   0.00000E+00 0.0000
    1.3685E+00   0.00000E+00 0.0000
    1.4081E+00   0.00000E+00 0.0000
    1.4488E+00   0.00000E+00 0.0000
    1.4907E+00   0.00000E+00 0.0000
    1.5339E+00   0.00000E+00 0.0000
    1.5782E+00   0.00000E+00 0.0000
    1.6239E+00   0.00000E+00 0.0000
    1.6709E+00   0.00000E+00 0.0000
    1.7192E+00   0.00000E+00 0.0000
    1.7689E+00   0.00000E+00 0.0000
    1.8201E+00   0.00000E+00 0.0000
    1.8728E+00   0.00000E+00 0.0000
    1.9269E+00   0.00000E+00 0.0000
    1.9827E+00   0.00000E+00 0.0000
    2.0400E+00   0.00000E+00 0.0000
    2.0991E+00   0.00000E+00 0.0000
    2.1598E+00   0.00000E+00 0.0000
    2.2223E+00   0.00000E+00 0.0000
    2.2866E+00   0.00000E+00 0.0000
    2.3527E+00   0.00000E+00 0.0000
    2.4208E+00   0.00000E+00 0.0000
    2.4908E+00   0.00000E+00 0.0000
    2.5629E+00   0.00000E+00 0.0000
    2.6370E+00   0.00000E+00 0.0000
    2.7133E+00   0.00000E+00 0.0000
    2.7918E+00   0.00000E+00 0.0000
    2.8725E+00   0.00000E+00 0.0000
    2.9557E+00   0.00000E+00 0.0000
    3.0412E+00   0.00000E+00 0.0000
    3.1291E+00   0.00000E+00 0.0000
    3.2197E+00   0.00000E+00 0.0000
    3.3128E+00   0.00000E+00 0.0000
    3.4086E+00   0.00000E+00 0.0000
    3.5072E+00   0.00000E+00 0.0000
    3.6087E+00   0.00000E+00 0.0000
    3.7131E+00   0.00000E+00 0.0000
    3.8205E+00   0.00000E+00 0.0000
    3.9311E+00   0.00000E+00 0.0000
    4.0448E+00   0.00000E+00 0.0000
    4.1618E+00   0.00000E+00 0.0000
    4.2822E+00   0.00000E+00 0.0000
    4.4061E+00   0.00000E+00 0.0000
    4.5335E+00   0.00000E+00 0.0000
    4.6647E+00   0.00000E+00 0.0000
    4.7996E+00   0.00000E+00 0.0000
    4.9385E+00   0.00000E+00 0.0000
    5.0814E+00   0.00000E+00 0.0000
    5.2284E+00   0.00000E+00 0.0000
    5.3796E+00   0.00000E+00 0.0000
    5.5352E+00   0.00000E+00 0.0000
    5.6954E+00   0.00000E+00 0.0000
    5.8601E+00   0.00000E+00 0.0000
    6.0297E+00   0.00000E+00 0.0000
    6.2041E+00   0.00000E+00 0.0000
    6.3836E+00   0.00000E+00 0.0000
    6.5683E+00   0.00000E+00 0.0000
    6.7583E+00   0.00000E+00 0.0000
    6.9538E+00   0.00000E+00 0.0000
    7.1550E+00   0.00000E+00 0.0000
    7.3619E+00   1.16826E-11 1.0000
    7.5749E+00   0.00000E+00 0.0000
    7.7941E+00   1.30461E-10 0.2761
    8.0195E+00   0.00000E+00 0.0000
    8.2515E+00   4.63296E-10 0.1523
    8.4902E+00   4.56825E-11 0.5005
    8.7359E+00   1.26977E-09 0.0919
    8.9886E+00   6.91722E-11 0.4104
    9.2486E+00   3.58529E-07 0.0113
    9.5162E+00   4.14786E-07 0.0080
    9.7915E+00   8.37835E-07 0.0061
    1.0075E+01   2.32423E-04 0.0016
    1.0366E+01   1.68388E-05 0.0018
    1.0666E+01   2.62305E-04 0.0014
    1.0975E+01   1.80087E-05 0.0018
    1.1292E+01   2.65704E-04 0.0014
    1.1619E+01   2.09342E-05 0.0017
    1.1955E+01   2.33122E-05 0.0017
    1.2301E+01   2.52814E-04 0.0014
    1.2657E+01   2.20592E-05 0.0016
    1.3023E+01   2.19828E-04 0.0014
    1.3400E+01   2.74586E-05 0.0016
    1.3787E+01   2.60757E-05 0.0016
    1.4186E+01   1.69807E-04 0.0014
    1.4596E+01   3.15234E-05 0.0016
    1.5019E+01   1.54330E-04 0.0014
    1.5453E+01   2.18487E-05 0.0016
    1.5900E+01   1.41862E-04 0.0014
    1.6360E+01   2.22964E-05 0.0015
    1.6834E+01   2.28101E-05 0.0015
    1.7321E+01   1.22029E-04 0.0014
    1.7822E+01   1.55270E-05 0.0015
    1.8337E+01   1.04005E-04 0.0014
    1.8868E+01   1.67185E-05 0.0015
    1.9413E+01   1.75206E-05 0.0015
    1.9975E+01   9.83767E-05 0.0014
    2.0553E+01   1.56157E-05 0.0015
    2.1148E+01   7.44152E-05 0.0014
    2.1759E+01   1.07236E-05 0.0015
    2.2389E+01   1.09852E-05 0.0015
    2.3037E+01   6.20516E-05 0.0014
    2.3703E+01   1.04979E-05 0.0015
    2.4389E+01   5.97333E-05 0.0014
    2.5094E+01   1.01472E-05 0.0015
    2.5820E+01   1.01402E-05 0.0015
    2.6567E+01   5.26640E-05 0.0014
    2.7336E+01   7.98071E-06 0.0015
    2.8127E+01   4.36641E-05 0.0014
    2.8940E+01   6.67469E-06 0.0015
    2.9777E+01   3.46995E-05 0.0014
    3.0639E+01   5.69734E-06 0.0015
    3.1525E+01   5.11588E-06 0.0015
    3.2437E+01   2.83121E-05 0.0014
    3.3376E+01   4.27633E-06 0.0015
    3.4341E+01   2.40049E-05 0.0014
    3.5335E+01   4.33187E-06 0.0015
    3.6357E+01   3.65452E-06 0.0015
    3.7409E+01   2.13659E-05 0.0014
    3.8491E+01   3.35288E-06 0.0015
    3.9604E+01   1.87921E-05 0.0014
    4.0750E+01   3.48291E-06 0.0014
    4.1929E+01   2.88288E-06 0.0015
    4.3142E+01   1.70355E-05 0.0014
    4.4390E+01   2.57243E-06 0.0015
    4.5674E+01   1.48745E-05 0.0014
    4.6996E+01   2.68011E-06 0.0014
    4.8355E+01   2.18208E-06 0.0015
    4.9754E+01   1.32605E-05 0.0014
    5.1193E+01   1.90902E-06 0.0014
    5.2674E+01   1.14035E-05 0.0014
    5.4198E+01   2.00285E-06 0.0014
    5.5766E+01   1.66779E-06 0.0014
    5.7379E+01   9.96601E-06 0.0014
    5.9039E+01   1.37501E-06 0.0014
    6.0747E+01   8.57253E-06 0.0014
    6.2505E+01   1.41957E-06 0.0014
    6.4313E+01   7.11022E-06 0.0014
    6.6174E+01   1.52042E-06 0.0014
    6.8088E+01   9.95183E-07 0.0014
    7.0058E+01   6.38512E-06 0.0014
    7.2084E+01   9.78794E-07 0.0014
    7.4170E+01   5.30901E-06 0.0013
    7.6315E+01   1.05663E-06 0.0014
    7.8523E+01   7.40580E-07 0.0014
    8.0795E+01   4.71125E-06 0.0013
    8.3132E+01   6.61655E-07 0.0014
    8.5537E+01   3.98312E-06 0.0013
    8.8012E+01   7.04308E-07 0.0014
    9.0558E+01   3.31187E-06 0.0013
    9.3178E+01   7.32542E-07 0.0014
    9.5873E+01   4.78468E-07 0.0014
    9.8647E+01   2.99851E-06 0.0013
    1.0150E+02   4.34208E-07 0.0014
    1.0444E+02   2.53891E-06 0.0013
    1.0746E+02   4.39285E-07 0.0014
    1.1057E+02   2.11644E-06 0.0013
    1.1377E+02   4.45704E-07 0.0014
    1.1706E+02   3.06426E-07 0.0014
    1.2044E+02   1.88902E-06 0.0013
    1.2393E+02   2.68384E-07 0.0014
    1.2751E+02   1.60530E-06 0.0013
    1.3120E+02   2.70413E-07 0.0014
    1.3500E+02   1.33556E-06 0.0013
    1.3890E+02   2.77282E-07 0.0014
    1.4292E+02   1.90747E-07 0.0014
    1.4706E+02   1.18807E-06 0.0013
    1.5131E+02   1.70415E-07 0.0014
    1.5569E+02   1.00344E-06 0.0013
    1.6019E+02   1.76346E-07 0.0014
    1.6483E+02   8.33335E-07 0.0013
    1.6959E+02   1.78789E-07 0.0014
    1.7450E+02   1.18242E-07 0.0014
    1.7955E+02   7.44400E-07 0.0013
    1.8474E+02   1.14016E-07 0.0014
    1.9009E+02   6.20668E-07 0.0013
    1.9559E+02   1.20306E-07 0.0014
    2.0124E+02   8.84510E-08 0.0014
    2.0707E+02   5.44724E-07 0.0013
    2.1306E+02   7.71890E-08 0.0014
    2.1922E+02   4.61326E-07 0.0013
    2.2556E+02   8.03472E-08 0.0014
    2.3209E+02   6.95393E-08 0.0014
    2.3880E+02   3.95247E-07 0.0013
    2.4571E+02   5.48475E-08 0.0014
    2.5282E+02   3.41769E-07 0.0013
    2.6013E+02   5.40057E-08 0.0014
    2.6766E+02   2.86267E-07 0.0013
    2.7540E+02   5.67361E-08 0.0014
    2.8337E+02   4.32271E-08 0.0014
    2.9157E+02   2.52105E-07 0.0013
    3.0000E+02   3.68358E-08 0.0014
      total      3.01612E-03 0.0005
 
 cell  501                                                                                                                             
 user bin total
    s(e) (MeV/cm)
    1.0000E+00   0.00000E+00 0.0000
    1.0289E+00   0.00000E+00 0.0000
    1.0587E+00   0.00000E+00 0.0000
    1.0893E+00   0.00000E+00 0.0000
    1.1208E+00   0.00000E+00 0.0000
    1.1533E+00   0.00000E+00 0.0000
    1.1866E+00   0.00000E+00 0.0000
    1.2210E+00   0.00000E+00 0.0000
    1.2563E+00   0.00000E+00 0.0000
    1.2926E+00   0.00000E+00 0.0000
    1.3300E+00   0.00000E+00 0.0000
    1.3685E+00   0.00000E+00 0.0000
    1.4081E+00   0.00000E+00 0.0000
    1.4488E+00   0.00000E+00 0.0000
    1.4907E+00   0.00000E+00 0.0000
    1.5339E+00   0.00000E+00 0.0000
    1.5782E+00   0.00000E+00 0.0000
    1.6239E+00   0.00000E+00 0.0000
    1.6709E+00   0.00000E+00 0.0000
    1.7192E+00   0.00000E+00 0.0000
    1.7689E+00   0.00000E+00 0.0000
    1.8201E+00   0.00000E+00 0.0000
    1.8728E+00   0.00000E+00 0.0000
    1.9269E+00   0.00000E+00 0.0000
    1.9827E+00   0.00000E+00 0.0000
    2.0400E+00   0.00000E+00 0.0000
    2.0991E+00   0.00000E+00 0.0000
    2.1598E+00   0.00000E+00 0.0000
    2.2223E+00   0.00000E+00 0.0000
    2.2866E+00   0.00000E+00 0.0000
    2.3527E+00   0.00000E+00 0.0000
    2.4208E+00   0.00000E+00 0.0000
    2.4908E+00   0.00000E+00 0.0000
    2.5629E+00   0.00000E+00 0.0000
    2.6370E+00   0.00000E+00 0.0000
    2.7133E+00   0.00000E+00 0.0000
    2.7918E+00   0.00000E+00 0.0000
    2.8725E+00   0.00000E+00 0.0000
    2.9557E+00   0.00000E+00 0.0000
    3.0412E+00   0.00000E+00 0.0000
    3.1291E+00   0.00000E+00 0.0000
    3.2197E+00   0.00000E+00 0.0000
    3.3128E+00   0.00000E+00 0.0000
    3.4086E+00   0.00000E+00 0.0000
    3.5072E+00   0.00000E+00 0.0000
    3.6087E+00   0.00000E+00 0.0000
    3.7131E+00   0.00000E+00 0.0000
    3.8205E+00   0.00000E+00 0.0000
    3.9311E+00   0.00000E+00 0.0000
    4.0448E+00   0.00000E+00 0.0000
    4.1618E+00   0.00000E+00 0.0000
    4.2822E+00   0.00000E+00 0.0000
    4.4061E+00   0.00000E+00 0.0000
    4.5335E+00   0.00000E+00 0.0000
    4.6647E+00   0.00000E+00 0.0000
    4.7996E+00   0.00000E+00 0.0000
    4.9385E+00   0.00000E+00 0.0000
    5.0814E+00   0.00000E+00 0.0000
    5.2284E+00   0.00000E+00 0.0000
    5.3796E+00   0.00000E+00 0.0000
    5.5352E+00   0.00000E+00 0.0000
    5.6954E+00   0.00000E+00 0.0000
    5.8601E+00   0.00000E+00 0.0000
    6.0297E+00   0.00000E+00 0.0000
    6.2041E+00   0.00000E+00 0.0000
    6.3836E+00   0.00000E+00 0.0000
    6.5683E+00   0.00000E+00 0.0000
    6.7583E+00   0.00000E+00 0.0000
    6.9538E+00   0.00000E+00 0.0000
    7.1550E+00   0.00000E+00 0.0000
    7.3619E+00   1.16826E-11 1.0000
    7.5749E+00   0.00000E+00 0.0000
    7.7941E+00   1.30461E-10 0.2761
    8.0195E+00   0.00000E+00 0.0000
    8.2515E+00   4.63296E-10 0.1523
    8.4902E+00   4.56825E-11 0.5005
    8.7359E+00   1.26977E-09 0.0919
    8.9886E+00   6.91722E-11 0.4104
    9.2486E+00   3.61623E-07 0.0113
    9.5162E+00   4.18194E-07 0.0080
    9.7915E+00   8.44619E-07 0.0061
    1.0075E+01   2.34334E-04 0.0016
    1.0366E+01   1.69706E-05 0.0018
    1.0666E+01   2.64395E-04 0.0014
    1.0975E+01   1.81504E-05 0.0018
    1.1292E+01   2.67823E-04 0.0014
    1.1619E+01   2.11004E-05 0.0017
    1.1955E+01   2.34966E-05 0.0017
    1.2301E+01   2.54827E-04 0.0014
    1.2657E+01   2.22285E-05 0.0016
    1.3023E+01   2.21587E-04 0.0014
    1.3400E+01   2.76737E-05 0.0016
    1.3787E+01   2.62764E-05 0.0016
    1.4186E+01   1.71148E-04 0.0014
    1.4596E+01   3.17733E-05 0.0016
    1.5019E+01   1.55541E-04 0.0014
    1.5453E+01   2.20191E-05 0.0016
    1.5900E+01   1.42984E-04 0.0014
    1.6360E+01   2.24769E-05 0.0015
    1.6834E+01   2.29933E-05 0.0015
    1.7321E+01   1.22987E-04 0.0014
    1.7822E+01   1.56455E-05 0.0015
    1.8337E+01   1.04818E-04 0.0014
    1.8868E+01   1.68505E-05 0.0015
    1.9413E+01   1.76590E-05 0.0015
    1.9975E+01   9.91524E-05 0.0014
    2.0553E+01   1.57383E-05 0.0015
    2.1148E+01   7.49839E-05 0.0014
    2.1759E+01   1.08048E-05 0.0015
    2.2389E+01   1.10690E-05 0.0015
    2.3037E+01   6.25299E-05 0.0014
    2.3703E+01   1.05794E-05 0.0015
    2.4389E+01   6.02064E-05 0.0014
    2.5094E+01   1.02284E-05 0.0015
    2.5820E+01   1.02197E-05 0.0015
    2.6567E+01   5.30774E-05 0.0014
    2.7336E+01   8.04265E-06 0.0015
    2.8127E+01   4.40010E-05 0.0014
    2.8940E+01   6.72549E-06 0.0015
    2.9777E+01   3.49620E-05 0.0014
    3.0639E+01   5.74024E-06 0.0015
    3.1525E+01   5.15395E-06 0.0015
    3.2437E+01   2.85242E-05 0.0014
    3.3376E+01   4.30832E-06 0.0015
    3.4341E+01   2.41848E-05 0.0014
    3.5335E+01   4.36477E-06 0.0015
    3.6357E+01   3.68188E-06 0.0015
    3.7409E+01   2.15282E-05 0.0014
    3.8491E+01   3.37862E-06 0.0015
    3.9604E+01   1.89354E-05 0.0014
    4.0750E+01   3.50974E-06 0.0014
    4.1929E+01   2.90499E-06 0.0015
    4.3142E+01   1.71662E-05 0.0014
    4.4390E+01   2.59230E-06 0.0015
    4.5674E+01   1.49886E-05 0.0014
    4.6996E+01   2.70064E-06 0.0014
    4.8355E+01   2.19880E-06 0.0015
    4.9754E+01   1.33624E-05 0.0014
    5.1193E+01   1.92371E-06 0.0014
    5.2674E+01   1.14912E-05 0.0014
    5.4198E+01   2.01832E-06 0.0014
    5.5766E+01   1.68050E-06 0.0014
    5.7379E+01   1.00425E-05 0.0014
    5.9039E+01   1.38572E-06 0.0014
    6.0747E+01   8.63837E-06 0.0014
    6.2505E+01   1.43043E-06 0.0014
    6.4313E+01   7.16478E-06 0.0014
    6.6174E+01   1.53213E-06 0.0014
    6.8088E+01   1.00279E-06 0.0014
    7.0058E+01   6.43404E-06 0.0014
    7.2084E+01   9.86319E-07 0.0014
    7.4170E+01   5.34955E-06 0.0013
    7.6315E+01   1.06476E-06 0.0014
    7.8523E+01   7.46186E-07 0.0014
    8.0795E+01   4.74722E-06 0.0013
    8.3132E+01   6.66656E-07 0.0014
    8.5537E+01   4.01341E-06 0.0013
    8.8012E+01   7.09687E-07 0.0014
    9.0558E+01   3.33699E-06 0.0013
    9.3178E+01   7.38096E-07 0.0014
    9.5873E+01   4.82086E-07 0.0014
    9.8647E+01   3.02121E-06 0.0013
    1.0150E+02   4.37499E-07 0.0014
    1.0444E+02   2.55808E-06 0.0013
    1.0746E+02   4.42578E-07 0.0014
    1.1057E+02   2.13237E-06 0.0013
    1.1377E+02   4.49035E-07 0.0014
    1.1706E+02   3.08720E-07 0.0014
    1.2044E+02   1.90319E-06 0.0013
    1.2393E+02   2.70394E-07 0.0014
    1.2751E+02   1.61731E-06 0.0013
    1.3120E+02   2.72449E-07 0.0014
    1.3500E+02   1.34553E-06 0.0013
    1.3890E+02   2.79363E-07 0.0014
    1.4292E+02   1.92176E-07 0.0014
    1.4706E+02   1.19693E-06 0.0013
    1.5131E+02   1.71689E-07 0.0014
    1.5569E+02   1.01092E-06 0.0013
    1.6019E+02   1.77648E-07 0.0014
    1.6483E+02   8.39548E-07 0.0013
    1.6959E+02   1.80106E-07 0.0014
    1.7450E+02   1.19125E-07 0.0014
    1.7955E+02   7.49934E-07 0.0013
    1.8474E+02   1.14855E-07 0.0014
    1.9009E+02   6.25278E-07 0.0013
    1.9559E+02   1.21195E-07 0.0014
    2.0124E+02   8.91097E-08 0.0014
    2.0707E+02   5.48763E-07 0.0013
    2.1306E+02   7.77612E-08 0.0014
    2.1922E+02   4.64748E-07 0.0013
    2.2556E+02   8.09405E-08 0.0014
    2.3209E+02   7.00547E-08 0.0014
    2.3880E+02   3.98175E-07 0.0013
    2.4571E+02   5.52530E-08 0.0014
    2.5282E+02   3.44299E-07 0.0013
    2.6013E+02   5.44055E-08 0.0014
    2.6766E+02   2.88386E-07 0.0013
    2.7540E+02   5.71570E-08 0.0014
    2.8337E+02   4.35457E-08 0.0014
    2.9157E+02   2.53968E-07 0.0013
    3.0000E+02   3.71089E-08 0.0014
      total      3.03992E-03 0.0005
 
 cell  502                                                                                                                             
 user bin          -1.00000
    s(e) (MeV/cm)
    1.0000E+00   0.00000E+00 0.0000
    1.0289E+00   0.00000E+00 0.0000
    1.0587E+00   0.00000E+00 0.0000
    1.0893E+00   0.00000E+00 0.0000
    1.1208E+00   0.00000E+00 0.0000
    1.1533E+00   0.00000E+00 0.0000
    1.1866E+00   0.00000E+00 0.0000
    1.2210E+00   0.00000E+00 0.0000
    1.2563E+00   0.00000E+00 0.0000
    1.2926E+00   0.00000E+00 0.0000
    1.3300E+00   0.00000E+00 0.0000
    1.3685E+00   0.00000E+00 0.0000
    1.4081E+00   0.00000E+00 0.0000
    1.4488E+00   0.00000E+00 0.0000
    1.4907E+00   0.00000E+00 0.0000
    1.5339E+00   0.00000E+00 0.0000
    1.5782E+00   0.00000E+00 0.0000
    1.6239E+00   0.00000E+00 0.0000
    1.6709E+00   0.00000E+00 0.0000
    1.7192E+00   0.00000E+00 0.0000
    1.7689E+00   0.00000E+00 0.0000
    1.8201E+00   0.00000E+00 0.0000
    1.8728E+00   0.00000E+00 0.0000
    1.9269E+00   0.00000E+00 0.0000
    1.9827E+00   0.00000E+00 0.0000
    2.0400E+00   0.00000E+00 0.0000
    2.0991E+00   0.00000E+00 0.0000
    2.1598E+00   0.00000E+00 0.0000
    2.2223E+00   0.00000E+00 0.0000
    2.2866E+00   0.00000E+00 0.0000
    2.3527E+00   0.00000E+00 0.0000
    2.4208E+00   0.00000E+00 0.0000
    2.4908E+00   0.00000E+00 0.0000
    2.5629E+00   0.00000E+00 0.0000
    2.6370E+00   0.00000E+00 0.0000
    2.7133E+00   0.00000E+00 0.0000
    2.7918E+00   0.00000E+00 0.0000
    2.8725E+00   0.00000E+00 0.0000
    2.9557E+00   0.00000E+00 0.0000
    3.0412E+00   0.00000E+00 0.0000
    3.1291E+00   0.00000E+00 0.0000
    3.2197E+00   0.00000E+00 0.0000
    3.3128E+00   0.00000E+00 0.0000
    3.4086E+00   0.00000E+00 0.0000
    3.5072E+00   0.00000E+00 0.0000
    3.6087E+00   0.00000E+00 0.0000
    3.7131E+00   0.00000E+00 0.0000
    3.8205E+00   0.00000E+00 0.0000
    3.9311E+00   0.00000E+00 0.0000
    4.0448E+00   0.00000E+00 0.0000
    4.1618E+00   0.00000E+00 0.0000
    4.2822E+00   0.00000E+00 0.0000
    4.4061E+00   0.00000E+00 0.0000
    4.5335E+00   0.00000E+00 0.0000
    4.6647E+00   0.00000E+00 0.0000
    4.7996E+00   0.00000E+00 0.0000
    4.9385E+00   0.00000E+00 0.0000
    5.0814E+00   0.00000E+00 0.0000
    5.2284E+00   0.00000E+00 0.0000
    5.3796E+00   0.00000E+00 0.0000
    5.5352E+00   0.00000E+00 0.0000
    5.6954E+00   0.00000E+00 0.0000
    5.8601E+00   0.00000E+00 0.0000
    6.0297E+00   0.00000E+00 0.0000
    6.2041E+00   0.00000E+00 0.0000
    6.3836E+00   0.00000E+00 0.0000
    6.5683E+00   0.00000E+00 0.0000
    6.7583E+00   0.00000E+00 0.0000
    6.9538E+00   0.00000E+00 0.0000
    7.1550E+00   0.00000E+00 0.0000
    7.3619E+00   0.00000E+00 0.0000
    7.5749E+00   0.00000E+00 0.0000
    7.7941E+00   0.00000E+00 0.0000
    8.0195E+00   0.00000E+00 0.0000
    8.2515E+00   0.00000E+00 0.0000
    8.4902E+00   0.00000E+00 0.0000
    8.7359E+00   0.00000E+00 0.0000
    8.9886E+00   0.00000E+00 0.0000
    9.2486E+00   1.60574E-08 0.0253
    9.5162E+00   1.52514E-08 0.0260
    9.7915E+00   2.59905E-08 0.0199
    1.0075E+01   2.18266E-06 0.0022
    1.0366E+01   1.44166E-07 0.0085
    1.0666E+01   2.14794E-06 0.0022
    1.0975E+01   1.88234E-07 0.0074
    1.1292E+01   2.14929E-06 0.0022
    1.1619E+01   2.09258E-07 0.0070
    1.1955E+01   2.36484E-07 0.0066
    1.2301E+01   1.92488E-06 0.0023
    1.2657E+01   2.03386E-07 0.0071
    1.3023E+01   1.81208E-06 0.0024
    1.3400E+01   1.82158E-07 0.0075
    1.3787E+01   1.88335E-07 0.0074
    1.4186E+01   1.50546E-06 0.0026
    1.4596E+01   2.37509E-07 0.0066
    1.5019E+01   1.11302E-06 0.0030
    1.5453E+01   2.01670E-07 0.0069
    1.5900E+01   1.25496E-06 0.0028
    1.6360E+01   1.65113E-07 0.0069
    1.6834E+01   1.58152E-07 0.0071
    1.7321E+01   8.92918E-07 0.0032
    1.7822E+01   1.35580E-07 0.0069
    1.8337E+01   9.26106E-07 0.0031
    1.8868E+01   1.34265E-07 0.0064
    1.9413E+01   1.35853E-07 0.0064
    1.9975E+01   6.98435E-07 0.0034
    2.0553E+01   1.07078E-07 0.0070
    2.1148E+01   5.52640E-07 0.0038
    2.1759E+01   9.15630E-08 0.0069
    2.2389E+01   9.43911E-08 0.0068
    2.3037E+01   5.56184E-07 0.0035
    2.3703E+01   9.19662E-08 0.0063
    2.4389E+01   4.91888E-07 0.0036
    2.5094E+01   7.75459E-08 0.0065
    2.5820E+01   7.58150E-08 0.0065
    2.6567E+01   3.70663E-07 0.0038
    2.7336E+01   5.36972E-08 0.0070
    2.8127E+01   2.95317E-07 0.0041
    2.8940E+01   4.63898E-08 0.0072
    2.9777E+01   2.48590E-07 0.0042
    3.0639E+01   4.29211E-08 0.0068
    3.1525E+01   3.93349E-08 0.0071
    3.2437E+01   2.27244E-07 0.0041
    3.3376E+01   3.57108E-08 0.0069
    3.4341E+01   2.06034E-07 0.0040
    3.5335E+01   3.81422E-08 0.0062
    3.6357E+01   3.22015E-08 0.0068
    3.7409E+01   1.87813E-07 0.0039
    3.8491E+01   2.93851E-08 0.0066
    3.9604E+01   1.64070E-07 0.0039
    4.0750E+01   3.01617E-08 0.0060
    4.1929E+01   2.47271E-08 0.0066
    4.3142E+01   1.44496E-07 0.0039
    4.4390E+01   2.14606E-08 0.0066
    4.5674E+01   1.22529E-07 0.0039
    4.6996E+01   2.16005E-08 0.0061
    4.8355E+01   1.74220E-08 0.0067
    4.9754E+01   1.05310E-07 0.0039
    5.1193E+01   1.47761E-08 0.0068
    5.2674E+01   8.75895E-08 0.0040
    5.4198E+01   1.52981E-08 0.0062
    5.5766E+01   1.25660E-08 0.0068
    5.7379E+01   7.42358E-08 0.0040
    5.9039E+01   9.94201E-09 0.0070
    6.0747E+01   6.24791E-08 0.0041
    6.2505E+01   1.02096E-08 0.0064
    6.4313E+01   5.08202E-08 0.0041
    6.6174E+01   1.08075E-08 0.0058
    6.8088E+01   7.03024E-09 0.0072
    7.0058E+01   4.48231E-08 0.0042
    7.2084E+01   6.87275E-09 0.0067
    7.4170E+01   3.67221E-08 0.0042
    7.6315E+01   7.33439E-09 0.0060
    7.8523E+01   5.05831E-09 0.0072
    8.0795E+01   3.22510E-08 0.0042
    8.3132E+01   4.53314E-09 0.0071
    8.5537E+01   2.70555E-08 0.0042
    8.8012E+01   4.75038E-09 0.0064
    9.0558E+01   2.23882E-08 0.0043
    9.3178E+01   4.93122E-09 0.0058
    9.5873E+01   3.20927E-09 0.0072
    9.8647E+01   2.01649E-08 0.0043
    1.0150E+02   2.88685E-09 0.0071
    1.0444E+02   1.70032E-08 0.0043
    1.0746E+02   2.95917E-09 0.0065
    1.1057E+02   1.41306E-08 0.0043
    1.1377E+02   2.97715E-09 0.0060
    1.1706E+02   2.06149E-09 0.0072
    1.2044E+02   1.25767E-08 0.0043
    1.2393E+02   1.78724E-09 0.0071
    1.2751E+02   1.06620E-08 0.0043
    1.3120E+02   1.79644E-09 0.0066
    1.3500E+02   8.86046E-09 0.0043
    1.3890E+02   1.84134E-09 0.0060
    1.4292E+02   1.26692E-09 0.0073
    1.4706E+02   7.88027E-09 0.0043
    1.5131E+02   1.13166E-09 0.0071
    1.5569E+02   6.64524E-09 0.0043
    1.6019E+02   1.16601E-09 0.0065
    1.6483E+02   5.52559E-09 0.0043
    1.6959E+02   1.17832E-09 0.0060
    1.7450E+02   7.87085E-10 0.0073
    1.7955E+02   4.91811E-09 0.0043
    1.8474E+02   7.52977E-10 0.0069
    1.9009E+02   4.10793E-09 0.0043
    1.9559E+02   7.91453E-10 0.0063
    2.0124E+02   5.88453E-10 0.0072
    2.0707E+02   3.59411E-09 0.0043
    2.1306E+02   5.12403E-10 0.0072
    2.1922E+02   3.04282E-09 0.0043
    2.2556E+02   5.32271E-10 0.0065
    2.3209E+02   4.57899E-10 0.0070
    2.3880E+02   2.61433E-09 0.0043
    2.4571E+02   3.57920E-10 0.0074
    2.5282E+02   2.25665E-09 0.0043
    2.6013E+02   3.56225E-10 0.0068
    2.6766E+02   1.88713E-09 0.0043
    2.7540E+02   3.76688E-10 0.0061
    2.8337E+02   2.84262E-10 0.0071
    2.9157E+02   1.66301E-09 0.0043
    3.0000E+02   2.44248E-10 0.0071
      total      2.45398E-05 0.0006
 
 cell  502                                                                                                                             
 user bin 10000000000.00000
    s(e) (MeV/cm)
    1.0000E+00   0.00000E+00 0.0000
    1.0289E+00   0.00000E+00 0.0000
    1.0587E+00   0.00000E+00 0.0000
    1.0893E+00   0.00000E+00 0.0000
    1.1208E+00   0.00000E+00 0.0000
    1.1533E+00   0.00000E+00 0.0000
    1.1866E+00   0.00000E+00 0.0000
    1.2210E+00   0.00000E+00 0.0000
    1.2563E+00   0.00000E+00 0.0000
    1.2926E+00   0.00000E+00 0.0000
    1.3300E+00   0.00000E+00 0.0000
    1.3685E+00   0.00000E+00 0.0000
    1.4081E+00   0.00000E+00 0.0000
    1.4488E+00   0.00000E+00 0.0000
    1.4907E+00   0.00000E+00 0.0000
    1.5339E+00   0.00000E+00 0.0000
    1.5782E+00   0.00000E+00 0.0000
    1.6239E+00   0.00000E+00 0.0000
    1.6709E+00   0.00000E+00 0.0000
    1.7192E+00   0.00000E+00 0.0000
    1.7689E+00   0.00000E+00 0.0000
    1.8201E+00   0.00000E+00 0.0000
    1.8728E+00   0.00000E+00 0.0000
    1.9269E+00   0.00000E+00 0.0000
    1.9827E+00   0.00000E+00 0.0000
    2.0400E+00   0.00000E+00 0.0000
    2.0991E+00   0.00000E+00 0.0000
    2.1598E+00   0.00000E+00 0.0000
    2.2223E+00   0.00000E+00 0.0000
    2.2866E+00   0.00000E+00 0.0000
    2.3527E+00   0.00000E+00 0.0000
    2.4208E+00   0.00000E+00 0.0000
    2.4908E+00   0.00000E+00 0.0000
    2.5629E+00   0.00000E+00 0.0000
    2.6370E+00   0.00000E+00 0.0000
    2.7133E+00   0.00000E+00 0.0000
    2.7918E+00   0.00000E+00 0.0000
    2.8725E+00   0.00000E+00 0.0000
    2.9557E+00   0.00000E+00 0.0000
    3.0412E+00   0.00000E+00 0.0000
    3.1291E+00   0.00000E+00 0.0000
    3.2197E+00   0.00000E+00 0.0000
    3.3128E+00   0.00000E+00 0.0000
    3.4086E+00   0.00000E+00 0.0000
    3.5072E+00   0.00000E+00 0.0000
    3.6087E+00   0.00000E+00 0.0000
    3.7131E+00   0.00000E+00 0.0000
    3.8205E+00   0.00000E+00 0.0000
    3.9311E+00   0.00000E+00 0.0000
    4.0448E+00   0.00000E+00 0.0000
    4.1618E+00   0.00000E+00 0.0000
    4.2822E+00   0.00000E+00 0.0000
    4.4061E+00   0.00000E+00 0.0000
    4.5335E+00   0.00000E+00 0.0000
    4.6647E+00   0.00000E+00 0.0000
    4.7996E+00   0.00000E+00 0.0000
    4.9385E+00   0.00000E+00 0.0000
    5.0814E+00   0.00000E+00 0.0000
    5.2284E+00   0.00000E+00 0.0000
    5.3796E+00   0.00000E+00 0.0000
    5.5352E+00   0.00000E+00 0.0000
    5.6954E+00   0.00000E+00 0.0000
    5.8601E+00   0.00000E+00 0.0000
    6.0297E+00   0.00000E+00 0.0000
    6.2041E+00   0.00000E+00 0.0000
    6.3836E+00   0.00000E+00 0.0000
    6.5683E+00   0.00000E+00 0.0000
    6.7583E+00   0.00000E+00 0.0000
    6.9538E+00   0.00000E+00 0.0000
    7.1550E+00   1.16850E-11 1.0000
    7.3619E+00   0.00000E+00 0.0000
    7.5749E+00   1.05480E-11 1.0000
    7.7941E+00   1.19236E-10 0.3019
    8.0195E+00   1.83783E-11 0.7175
    8.2515E+00   4.13247E-10 0.1627
    8.4902E+00   5.57770E-11 0.4479
    8.7359E+00   1.26977E-09 0.0929
    8.9886E+00   1.16064E-10 0.3190
    9.2486E+00   1.97311E-06 0.0063
    9.5162E+00   1.79290E-06 0.0046
    9.7915E+00   3.12507E-06 0.0038
    1.0075E+01   2.66806E-04 0.0015
    1.0366E+01   1.79430E-05 0.0019
    1.0666E+01   2.68591E-04 0.0014
    1.0975E+01   2.32177E-05 0.0018
    1.1292E+01   2.68970E-04 0.0013
    1.1619E+01   2.59551E-05 0.0017
    1.1955E+01   2.91488E-05 0.0016
    1.2301E+01   2.43230E-04 0.0013
    1.2657E+01   2.55544E-05 0.0016
    1.3023E+01   2.26283E-04 0.0014
    1.3400E+01   2.37161E-05 0.0016
    1.3787E+01   2.41837E-05 0.0016
    1.4186E+01   1.88308E-04 0.0014
    1.4596E+01   3.00306E-05 0.0016
    1.5019E+01   1.43345E-04 0.0014
    1.5453E+01   2.52458E-05 0.0016
    1.5900E+01   1.56235E-04 0.0014
    1.6360E+01   2.05735E-05 0.0016
    1.6834E+01   2.03121E-05 0.0015
    1.7321E+01   1.14753E-04 0.0013
    1.7822E+01   1.72174E-05 0.0015
    1.8337E+01   1.16661E-04 0.0014
    1.8868E+01   1.71805E-05 0.0015
    1.9413E+01   1.73356E-05 0.0015
    1.9975E+01   9.00510E-05 0.0014
    2.0553E+01   1.39033E-05 0.0015
    2.1148E+01   7.19956E-05 0.0014
    2.1759E+01   1.15602E-05 0.0015
    2.2389E+01   1.21329E-05 0.0015
    2.3037E+01   6.99043E-05 0.0014
    2.3703E+01   1.15849E-05 0.0015
    2.4389E+01   6.25346E-05 0.0014
    2.5094E+01   9.91144E-06 0.0015
    2.5820E+01   9.70668E-06 0.0015
    2.6567E+01   4.83823E-05 0.0014
    2.7336E+01   7.11740E-06 0.0015
    2.8127E+01   3.91414E-05 0.0014
    2.8940E+01   6.10761E-06 0.0015
    2.9777E+01   3.29556E-05 0.0014
    3.0639E+01   5.66172E-06 0.0015
    3.1525E+01   5.17503E-06 0.0015
    3.2437E+01   2.96249E-05 0.0014
    3.3376E+01   4.66097E-06 0.0015
    3.4341E+01   2.66465E-05 0.0014
    3.5335E+01   4.89404E-06 0.0015
    3.6357E+01   4.14819E-06 0.0015
    3.7409E+01   2.42628E-05 0.0014
    3.8491E+01   3.79591E-06 0.0015
    3.9604E+01   2.11143E-05 0.0014
    4.0750E+01   3.87185E-06 0.0014
    4.1929E+01   3.17786E-06 0.0015
    4.3142E+01   1.85898E-05 0.0014
    4.4390E+01   2.75538E-06 0.0015
    4.5674E+01   1.57605E-05 0.0014
    4.6996E+01   2.79836E-06 0.0014
    4.8355E+01   2.25532E-06 0.0015
    4.9754E+01   1.36139E-05 0.0014
    5.1193E+01   1.92617E-06 0.0015
    5.2674E+01   1.14160E-05 0.0014
    5.4198E+01   1.98518E-06 0.0014
    5.5766E+01   1.63707E-06 0.0014
    5.7379E+01   9.74651E-06 0.0014
    5.9039E+01   1.32865E-06 0.0014
    6.0747E+01   8.25090E-06 0.0014
    6.2505E+01   1.35739E-06 0.0014
    6.4313E+01   6.75699E-06 0.0014
    6.6174E+01   1.44050E-06 0.0014
    6.8088E+01   9.36784E-07 0.0014
    7.0058E+01   6.00166E-06 0.0014
    7.2084E+01   9.16242E-07 0.0014
    7.4170E+01   4.95113E-06 0.0013
    7.6315E+01   9.82981E-07 0.0014
    7.8523E+01   6.86818E-07 0.0014
    8.0795E+01   4.36470E-06 0.0013
    8.3132E+01   6.11579E-07 0.0014
    8.5537E+01   3.67423E-06 0.0013
    8.8012E+01   6.48065E-07 0.0014
    9.0558E+01   3.04646E-06 0.0013
    9.3178E+01   6.72757E-07 0.0014
    9.5873E+01   4.39477E-07 0.0014
    9.8647E+01   2.75154E-06 0.0013
    1.0150E+02   3.98584E-07 0.0014
    1.0444E+02   2.32629E-06 0.0013
    1.0746E+02   4.02081E-07 0.0014
    1.1057E+02   1.93712E-06 0.0013
    1.1377E+02   4.07916E-07 0.0014
    1.1706E+02   2.79919E-07 0.0014
    1.2044E+02   1.72746E-06 0.0013
    1.2393E+02   2.45258E-07 0.0014
    1.2751E+02   1.46703E-06 0.0013
    1.3120E+02   2.47165E-07 0.0014
    1.3500E+02   1.21987E-06 0.0013
    1.3890E+02   2.53333E-07 0.0014
    1.4292E+02   1.74054E-07 0.0014
    1.4706E+02   1.08491E-06 0.0013
    1.5131E+02   1.55585E-07 0.0014
    1.5569E+02   9.15904E-07 0.0013
    1.6019E+02   1.61111E-07 0.0014
    1.6483E+02   7.60830E-07 0.0013
    1.6959E+02   1.63124E-07 0.0014
    1.7450E+02   1.07939E-07 0.0014
    1.7955E+02   6.79647E-07 0.0013
    1.8474E+02   1.04087E-07 0.0014
    1.9009E+02   5.66656E-07 0.0013
    1.9559E+02   1.09915E-07 0.0014
    2.0124E+02   8.07683E-08 0.0014
    2.0707E+02   4.97300E-07 0.0013
    2.1306E+02   7.05171E-08 0.0014
    2.1922E+02   4.21195E-07 0.0013
    2.2556E+02   7.34206E-08 0.0014
    2.3209E+02   6.34945E-08 0.0014
    2.3880E+02   3.60923E-07 0.0013
    2.4571E+02   5.01193E-08 0.0014
    2.5282E+02   3.12103E-07 0.0013
    2.6013E+02   4.93424E-08 0.0014
    2.6766E+02   2.61470E-07 0.0013
    2.7540E+02   5.17694E-08 0.0014
    2.8337E+02   3.95001E-08 0.0014
    2.9157E+02   2.30258E-07 0.0013
    3.0000E+02   3.36333E-08 0.0014
      total      3.10251E-03 0.0004
 
 cell  502                                                                                                                             
 user bin total
    s(e) (MeV/cm)
    1.0000E+00   0.00000E+00 0.0000
    1.0289E+00   0.00000E+00 0.0000
    1.0587E+00   0.00000E+00 0.0000
    1.0893E+00   0.00000E+00 0.0000
    1.1208E+00   0.00000E+00 0.0000
    1.1533E+00   0.00000E+00 0.0000
    1.1866E+00   0.00000E+00 0.0000
    1.2210E+00   0.00000E+00 0.0000
    1.2563E+00   0.00000E+00 0.0000
    1.2926E+00   0.00000E+00 0.0000
    1.3300E+00   0.00000E+00 0.0000
    1.3685E+00   0.00000E+00 0.0000
    1.4081E+00   0.00000E+00 0.0000
    1.4488E+00   0.00000E+00 0.0000
    1.4907E+00   0.00000E+00 0.0000
    1.5339E+00   0.00000E+00 0.0000
    1.5782E+00   0.00000E+00 0.0000
    1.6239E+00   0.00000E+00 0.0000
    1.6709E+00   0.00000E+00 0.0000
    1.7192E+00   0.00000E+00 0.0000
    1.7689E+00   0.00000E+00 0.0000
    1.8201E+00   0.00000E+00 0.0000
    1.8728E+00   0.00000E+00 0.0000
    1.9269E+00   0.00000E+00 0.0000
    1.9827E+00   0.00000E+00 0.0000
    2.0400E+00   0.00000E+00 0.0000
    2.0991E+00   0.00000E+00 0.0000
    2.1598E+00   0.00000E+00 0.0000
    2.2223E+00   0.00000E+00 0.0000
    2.2866E+00   0.00000E+00 0.0000
    2.3527E+00   0.00000E+00 0.0000
    2.4208E+00   0.00000E+00 0.0000
    2.4908E+00   0.00000E+00 0.0000
    2.5629E+00   0.00000E+00 0.0000
    2.6370E+00   0.00000E+00 0.0000
    2.7133E+00   0.00000E+00 0.0000
    2.7918E+00   0.00000E+00 0.0000
    2.8725E+00   0.00000E+00 0.0000
    2.9557E+00   0.00000E+00 0.0000
    3.0412E+00   0.00000E+00 0.0000
    3.1291E+00   0.00000E+00 0.0000
    3.2197E+00   0.00000E+00 0.0000
    3.3128E+00   0.00000E+00 0.0000
    3.4086E+00   0.00000E+00 0.0000
    3.5072E+00   0.00000E+00 0.0000
    3.6087E+00   0.00000E+00 0.0000
    3.7131E+00   0.00000E+00 0.0000
    3.8205E+00   0.00000E+00 0.0000
    3.9311E+00   0.00000E+00 0.0000
    4.0448E+00   0.00000E+00 0.0000
    4.1618E+00   0.00000E+00 0.0000
    4.2822E+00   0.00000E+00 0.0000
    4.4061E+00   0.00000E+00 0.0000
    4.5335E+00   0.00000E+00 0.0000
    4.6647E+00   0.00000E+00 0.0000
    4.7996E+00   0.00000E+00 0.0000
    4.9385E+00   0.00000E+00 0.0000
    5.0814E+00   0.00000E+00 0.0000
    5.2284E+00   0.00000E+00 0.0000
    5.3796E+00   0.00000E+00 0.0000
    5.5352E+00   0.00000E+00 0.0000
    5.6954E+00   0.00000E+00 0.0000
    5.8601E+00   0.00000E+00 0.0000
    6.0297E+00   0.00000E+00 0.0000
    6.2041E+00   0.00000E+00 0.0000
    6.3836E+00   0.00000E+00 0.0000
    6.5683E+00   0.00000E+00 0.0000
    6.7583E+00   0.00000E+00 0.0000
    6.9538E+00   0.00000E+00 0.0000
    7.1550E+00   1.16850E-11 1.0000
    7.3619E+00   0.00000E+00 0.0000
    7.5749E+00   1.05480E-11 1.0000
    7.7941E+00   1.19236E-10 0.3019
    8.0195E+00   1.83783E-11 0.7175
    8.2515E+00   4.13247E-10 0.1627
    8.4902E+00   5.57770E-11 0.4479
    8.7359E+00   1.26977E-09 0.0929
    8.9886E+00   1.16064E-10 0.3190
    9.2486E+00   1.98917E-06 0.0063
    9.5162E+00   1.80815E-06 0.0046
    9.7915E+00   3.15107E-06 0.0038
    1.0075E+01   2.68989E-04 0.0015
    1.0366E+01   1.80872E-05 0.0019
    1.0666E+01   2.70739E-04 0.0014
    1.0975E+01   2.34059E-05 0.0018
    1.1292E+01   2.71120E-04 0.0013
    1.1619E+01   2.61643E-05 0.0017
    1.1955E+01   2.93853E-05 0.0016
    1.2301E+01   2.45154E-04 0.0013
    1.2657E+01   2.57578E-05 0.0016
    1.3023E+01   2.28095E-04 0.0014
    1.3400E+01   2.38982E-05 0.0016
    1.3787E+01   2.43720E-05 0.0016
    1.4186E+01   1.89813E-04 0.0014
    1.4596E+01   3.02681E-05 0.0016
    1.5019E+01   1.44458E-04 0.0014
    1.5453E+01   2.54475E-05 0.0016
    1.5900E+01   1.57490E-04 0.0014
    1.6360E+01   2.07386E-05 0.0016
    1.6834E+01   2.04702E-05 0.0015
    1.7321E+01   1.15646E-04 0.0013
    1.7822E+01   1.73530E-05 0.0015
    1.8337E+01   1.17587E-04 0.0014
    1.8868E+01   1.73147E-05 0.0015
    1.9413E+01   1.74715E-05 0.0015
    1.9975E+01   9.07495E-05 0.0014
    2.0553E+01   1.40104E-05 0.0015
    2.1148E+01   7.25482E-05 0.0014
    2.1759E+01   1.16518E-05 0.0015
    2.2389E+01   1.22273E-05 0.0015
    2.3037E+01   7.04605E-05 0.0014
    2.3703E+01   1.16768E-05 0.0015
    2.4389E+01   6.30265E-05 0.0014
    2.5094E+01   9.98899E-06 0.0015
    2.5820E+01   9.78249E-06 0.0015
    2.6567E+01   4.87529E-05 0.0014
    2.7336E+01   7.17109E-06 0.0015
    2.8127E+01   3.94367E-05 0.0014
    2.8940E+01   6.15400E-06 0.0015
    2.9777E+01   3.32042E-05 0.0014
    3.0639E+01   5.70464E-06 0.0015
    3.1525E+01   5.21436E-06 0.0015
    3.2437E+01   2.98522E-05 0.0014
    3.3376E+01   4.69668E-06 0.0015
    3.4341E+01   2.68525E-05 0.0014
    3.5335E+01   4.93218E-06 0.0015
    3.6357E+01   4.18039E-06 0.0015
    3.7409E+01   2.44506E-05 0.0014
    3.8491E+01   3.82530E-06 0.0015
    3.9604E+01   2.12784E-05 0.0014
    4.0750E+01   3.90201E-06 0.0014
    4.1929E+01   3.20259E-06 0.0015
    4.3142E+01   1.87343E-05 0.0014
    4.4390E+01   2.77684E-06 0.0015
    4.5674E+01   1.58830E-05 0.0014
    4.6996E+01   2.81996E-06 0.0014
    4.8355E+01   2.27274E-06 0.0015
    4.9754E+01   1.37192E-05 0.0014
    5.1193E+01   1.94095E-06 0.0015
    5.2674E+01   1.15035E-05 0.0014
    5.4198E+01   2.00048E-06 0.0014
    5.5766E+01   1.64964E-06 0.0015
    5.7379E+01   9.82075E-06 0.0014
    5.9039E+01   1.33859E-06 0.0014
    6.0747E+01   8.31338E-06 0.0014
    6.2505E+01   1.36760E-06 0.0014
    6.4313E+01   6.80781E-06 0.0014
    6.6174E+01   1.45131E-06 0.0014
    6.8088E+01   9.43814E-07 0.0014
    7.0058E+01   6.04648E-06 0.0014
    7.2084E+01   9.23115E-07 0.0014
    7.4170E+01   4.98786E-06 0.0014
    7.6315E+01   9.90316E-07 0.0014
    7.8523E+01   6.91877E-07 0.0014
    8.0795E+01   4.39695E-06 0.0013
    8.3132E+01   6.16112E-07 0.0014
    8.5537E+01   3.70128E-06 0.0013
    8.8012E+01   6.52815E-07 0.0014
    9.0558E+01   3.06885E-06 0.0013
    9.3178E+01   6.77688E-07 0.0014
    9.5873E+01   4.42686E-07 0.0014
    9.8647E+01   2.77170E-06 0.0013
    1.0150E+02   4.01471E-07 0.0014
    1.0444E+02   2.34330E-06 0.0013
    1.0746E+02   4.05041E-07 0.0014
    1.1057E+02   1.95126E-06 0.0013
    1.1377E+02   4.10894E-07 0.0014
    1.1706E+02   2.81980E-07 0.0014
    1.2044E+02   1.74004E-06 0.0013
    1.2393E+02   2.47045E-07 0.0014
    1.2751E+02   1.47770E-06 0.0013
    1.3120E+02   2.48962E-07 0.0014
    1.3500E+02   1.22873E-06 0.0013
    1.3890E+02   2.55174E-07 0.0014
    1.4292E+02   1.75321E-07 0.0014
    1.4706E+02   1.09279E-06 0.0013
    1.5131E+02   1.56717E-07 0.0014
    1.5569E+02   9.22549E-07 0.0013
    1.6019E+02   1.62277E-07 0.0014
    1.6483E+02   7.66355E-07 0.0013
    1.6959E+02   1.64302E-07 0.0014
    1.7450E+02   1.08726E-07 0.0014
    1.7955E+02   6.84565E-07 0.0013
    1.8474E+02   1.04840E-07 0.0014
    1.9009E+02   5.70764E-07 0.0013
    1.9559E+02   1.10707E-07 0.0014
    2.0124E+02   8.13568E-08 0.0014
    2.0707E+02   5.00894E-07 0.0013
    2.1306E+02   7.10295E-08 0.0014
    2.1922E+02   4.24238E-07 0.0013
    2.2556E+02   7.39529E-08 0.0014
    2.3209E+02   6.39524E-08 0.0014
    2.3880E+02   3.63538E-07 0.0013
    2.4571E+02   5.04772E-08 0.0014
    2.5282E+02   3.14360E-07 0.0013
    2.6013E+02   4.96987E-08 0.0014
    2.6766E+02   2.63357E-07 0.0013
    2.7540E+02   5.21460E-08 0.0014
    2.8337E+02   3.97844E-08 0.0014
    2.9157E+02   2.31921E-07 0.0013
    3.0000E+02   3.38776E-08 0.0014
      total      3.12705E-03 0.0004
 
 cell  503                                                                                                                             
 user bin          -1.00000
    s(e) (MeV/cm)
    1.0000E+00   0.00000E+00 0.0000
    1.0289E+00   0.00000E+00 0.0000
    1.0587E+00   0.00000E+00 0.0000
    1.0893E+00   0.00000E+00 0.0000
    1.1208E+00   0.00000E+00 0.0000
    1.1533E+00   0.00000E+00 0.0000
    1.1866E+00   0.00000E+00 0.0000
    1.2210E+00   0.00000E+00 0.0000
    1.2563E+00   0.00000E+00 0.0000
    1.2926E+00   0.00000E+00 0.0000
    1.3300E+00   0.00000E+00 0.0000
    1.3685E+00   0.00000E+00 0.0000
    1.4081E+00   0.00000E+00 0.0000
    1.4488E+00   0.00000E+00 0.0000
    1.4907E+00   0.00000E+00 0.0000
    1.5339E+00   0.00000E+00 0.0000
    1.5782E+00   0.00000E+00 0.0000
    1.6239E+00   0.00000E+00 0.0000
    1.6709E+00   0.00000E+00 0.0000
    1.7192E+00   0.00000E+00 0.0000
    1.7689E+00   0.00000E+00 0.0000
    1.8201E+00   0.00000E+00 0.0000
    1.8728E+00   0.00000E+00 0.0000
    1.9269E+00   0.00000E+00 0.0000
    1.9827E+00   0.00000E+00 0.0000
    2.0400E+00   0.00000E+00 0.0000
    2.0991E+00   0.00000E+00 0.0000
    2.1598E+00   0.00000E+00 0.0000
    2.2223E+00   0.00000E+00 0.0000
    2.2866E+00   0.00000E+00 0.0000
    2.3527E+00   0.00000E+00 0.0000
    2.4208E+00   0.00000E+00 0.0000
    2.4908E+00   0.00000E+00 0.0000
    2.5629E+00   0.00000E+00 0.0000
    2.6370E+00   0.00000E+00 0.0000
    2.7133E+00   0.00000E+00 0.0000
    2.7918E+00   0.00000E+00 0.0000
    2.8725E+00   0.00000E+00 0.0000
    2.9557E+00   0.00000E+00 0.0000
    3.0412E+00   0.00000E+00 0.0000
    3.1291E+00   0.00000E+00 0.0000
    3.2197E+00   0.00000E+00 0.0000
    3.3128E+00   0.00000E+00 0.0000
    3.4086E+00   0.00000E+00 0.0000
    3.5072E+00   0.00000E+00 0.0000
    3.6087E+00   0.00000E+00 0.0000
    3.7131E+00   0.00000E+00 0.0000
    3.8205E+00   0.00000E+00 0.0000
    3.9311E+00   0.00000E+00 0.0000
    4.0448E+00   0.00000E+00 0.0000
    4.1618E+00   0.00000E+00 0.0000
    4.2822E+00   0.00000E+00 0.0000
    4.4061E+00   0.00000E+00 0.0000
    4.5335E+00   0.00000E+00 0.0000
    4.6647E+00   0.00000E+00 0.0000
    4.7996E+00   0.00000E+00 0.0000
    4.9385E+00   0.00000E+00 0.0000
    5.0814E+00   0.00000E+00 0.0000
    5.2284E+00   0.00000E+00 0.0000
    5.3796E+00   0.00000E+00 0.0000
    5.5352E+00   0.00000E+00 0.0000
    5.6954E+00   0.00000E+00 0.0000
    5.8601E+00   0.00000E+00 0.0000
    6.0297E+00   0.00000E+00 0.0000
    6.2041E+00   0.00000E+00 0.0000
    6.3836E+00   0.00000E+00 0.0000
    6.5683E+00   0.00000E+00 0.0000
    6.7583E+00   0.00000E+00 0.0000
    6.9538E+00   0.00000E+00 0.0000
    7.1550E+00   0.00000E+00 0.0000
    7.3619E+00   0.00000E+00 0.0000
    7.5749E+00   0.00000E+00 0.0000
    7.7941E+00   0.00000E+00 0.0000
    8.0195E+00   0.00000E+00 0.0000
    8.2515E+00   0.00000E+00 0.0000
    8.4902E+00   0.00000E+00 0.0000
    8.7359E+00   0.00000E+00 0.0000
    8.9886E+00   0.00000E+00 0.0000
    9.2486E+00   6.79508E-08 0.0123
    9.5162E+00   4.65691E-08 0.0149
    9.7915E+00   7.11515E-08 0.0121
    1.0075E+01   2.42484E-06 0.0021
    1.0366E+01   1.81187E-07 0.0076
    1.0666E+01   2.24607E-06 0.0021
    1.0975E+01   2.24303E-07 0.0068
    1.1292E+01   2.18477E-06 0.0022
    1.1619E+01   2.47363E-07 0.0065
    1.1955E+01   2.50207E-07 0.0064
    1.2301E+01   1.87166E-06 0.0023
    1.2657E+01   2.50538E-07 0.0064
    1.3023E+01   1.70220E-06 0.0025
    1.3400E+01   1.97746E-07 0.0072
    1.3787E+01   2.18171E-07 0.0069
    1.4186E+01   1.56565E-06 0.0026
    1.4596E+01   1.98920E-07 0.0072
    1.5019E+01   1.20457E-06 0.0029
    1.5453E+01   2.38292E-07 0.0064
    1.5900E+01   1.20051E-06 0.0029
    1.6360E+01   1.45412E-07 0.0074
    1.6834E+01   1.45727E-07 0.0074
    1.7321E+01   9.80159E-07 0.0030
    1.7822E+01   1.55631E-07 0.0065
    1.8337E+01   9.28938E-07 0.0031
    1.8868E+01   1.18504E-07 0.0068
    1.9413E+01   1.17553E-07 0.0068
    1.9975E+01   6.40939E-07 0.0035
    2.0553E+01   1.12445E-07 0.0068
    2.1148E+01   6.37637E-07 0.0035
    2.1759E+01   1.04780E-07 0.0064
    2.2389E+01   1.07313E-07 0.0063
    2.3037E+01   5.73580E-07 0.0035
    2.3703E+01   8.64636E-08 0.0064
    2.4389E+01   4.39486E-07 0.0038
    2.5094E+01   6.66815E-08 0.0070
    2.5820E+01   6.63089E-08 0.0070
    2.6567E+01   3.34847E-07 0.0040
    2.7336E+01   5.22906E-08 0.0071
    2.8127E+01   3.04139E-07 0.0040
    2.8940E+01   5.08081E-08 0.0068
    2.9777E+01   2.84150E-07 0.0039
    3.0639E+01   4.99220E-08 0.0063
    3.1525E+01   4.57406E-08 0.0066
    3.2437E+01   2.62674E-07 0.0038
    3.3376E+01   4.09388E-08 0.0065
    3.4341E+01   2.29152E-07 0.0038
    3.5335E+01   4.12893E-08 0.0060
    3.6357E+01   3.46122E-08 0.0065
    3.7409E+01   1.97675E-07 0.0038
    3.8491E+01   2.99396E-08 0.0065
    3.9604E+01   1.62369E-07 0.0039
    4.0750E+01   2.90137E-08 0.0061
    4.1929E+01   2.35820E-08 0.0068
    4.3142E+01   1.35657E-07 0.0040
    4.4390E+01   1.96098E-08 0.0069
    4.5674E+01   1.10870E-07 0.0041
    4.6996E+01   1.93747E-08 0.0064
    4.8355E+01   1.53816E-08 0.0072
    4.9754E+01   9.36346E-08 0.0042
    5.1193E+01   1.31562E-08 0.0072
    5.2674E+01   7.76295E-08 0.0042
    5.4198E+01   1.35357E-08 0.0065
    5.5766E+01   1.11624E-08 0.0072
    5.7379E+01   6.60492E-08 0.0043
    5.9039E+01   9.03989E-09 0.0074
    6.0747E+01   5.60304E-08 0.0043
    6.2505E+01   9.26803E-09 0.0068
    6.4313E+01   4.61323E-08 0.0043
    6.6174E+01   9.77153E-09 0.0061
    6.8088E+01   6.46030E-09 0.0075
    7.0058E+01   4.10898E-08 0.0044
    7.2084E+01   6.30755E-09 0.0070
    7.4170E+01   3.40924E-08 0.0044
    7.6315E+01   6.74538E-09 0.0063
    7.8523E+01   4.76949E-09 0.0075
    8.0795E+01   3.02081E-08 0.0044
    8.3132E+01   4.23811E-09 0.0073
    8.5537E+01   2.56526E-08 0.0044
    8.8012E+01   4.44740E-09 0.0066
    9.0558E+01   2.13230E-08 0.0044
    9.3178E+01   4.71304E-09 0.0060
    9.5873E+01   3.05758E-09 0.0074
    9.8647E+01   1.93568E-08 0.0044
    1.0150E+02   2.77786E-09 0.0072
    1.0444E+02   1.64295E-08 0.0044
    1.0746E+02   2.82125E-09 0.0066
    1.1057E+02   1.36676E-08 0.0044
    1.1377E+02   2.89342E-09 0.0061
    1.1706E+02   1.97166E-09 0.0073
    1.2044E+02   1.22133E-08 0.0044
    1.2393E+02   1.72720E-09 0.0073
    1.2751E+02   1.03867E-08 0.0044
    1.3120E+02   1.75650E-09 0.0067
    1.3500E+02   8.65221E-09 0.0044
    1.3890E+02   1.79032E-09 0.0061
    1.4292E+02   1.24141E-09 0.0073
    1.4706E+02   7.67936E-09 0.0044
    1.5131E+02   1.10372E-09 0.0072
    1.5569E+02   6.49151E-09 0.0044
    1.6019E+02   1.14748E-09 0.0065
    1.6483E+02   5.40321E-09 0.0044
    1.6959E+02   1.15114E-09 0.0061
    1.7450E+02   7.71038E-10 0.0074
    1.7955E+02   4.82827E-09 0.0044
    1.8474E+02   7.39872E-10 0.0070
    1.9009E+02   4.03088E-09 0.0044
    1.9559E+02   7.83558E-10 0.0063
    2.0124E+02   5.72042E-10 0.0074
    2.0707E+02   3.54263E-09 0.0044
    2.1306E+02   4.98181E-10 0.0073
    2.1922E+02   2.99841E-09 0.0044
    2.2556E+02   5.27949E-10 0.0066
    2.3209E+02   4.53521E-10 0.0071
    2.3880E+02   2.56793E-09 0.0044
    2.4571E+02   3.58316E-10 0.0074
    2.5282E+02   2.22345E-09 0.0044
    2.6013E+02   3.53257E-10 0.0069
    2.6766E+02   1.86264E-09 0.0044
    2.7540E+02   3.68309E-10 0.0062
    2.8337E+02   2.84566E-10 0.0071
    2.9157E+02   1.63905E-09 0.0044
    3.0000E+02   2.42289E-10 0.0071
      total      2.52431E-05 0.0006
 
 cell  503                                                                                                                             
 user bin 10000000000.00000
    s(e) (MeV/cm)
    1.0000E+00   0.00000E+00 0.0000
    1.0289E+00   0.00000E+00 0.0000
    1.0587E+00   0.00000E+00 0.0000
    1.0893E+00   0.00000E+00 0.0000
    1.1208E+00   0.00000E+00 0.0000
    1.1533E+00   0.00000E+00 0.0000
    1.1866E+00   0.00000E+00 0.0000
    1.2210E+00   0.00000E+00 0.0000
    1.2563E+00   0.00000E+00 0.0000
    1.2926E+00   0.00000E+00 0.0000
    1.3300E+00   0.00000E+00 0.0000
    1.3685E+00   0.00000E+00 0.0000
    1.4081E+00   0.00000E+00 0.0000
    1.4488E+00   0.00000E+00 0.0000
    1.4907E+00   0.00000E+00 0.0000
    1.5339E+00   0.00000E+00 0.0000
    1.5782E+00   0.00000E+00 0.0000
    1.6239E+00   0.00000E+00 0.0000
    1.6709E+00   0.00000E+00 0.0000
    1.7192E+00   0.00000E+00 0.0000
    1.7689E+00   0.00000E+00 0.0000
    1.8201E+00   0.00000E+00 0.0000
    1.8728E+00   0.00000E+00 0.0000
    1.9269E+00   0.00000E+00 0.0000
    1.9827E+00   0.00000E+00 0.0000
    2.0400E+00   0.00000E+00 0.0000
    2.0991E+00   0.00000E+00 0.0000
    2.1598E+00   0.00000E+00 0.0000
    2.2223E+00   0.00000E+00 0.0000
    2.2866E+00   0.00000E+00 0.0000
    2.3527E+00   0.00000E+00 0.0000
    2.4208E+00   0.00000E+00 0.0000
    2.4908E+00   0.00000E+00 0.0000
    2.5629E+00   0.00000E+00 0.0000
    2.6370E+00   0.00000E+00 0.0000
    2.7133E+00   0.00000E+00 0.0000
    2.7918E+00   0.00000E+00 0.0000
    2.8725E+00   0.00000E+00 0.0000
    2.9557E+00   0.00000E+00 0.0000
    3.0412E+00   0.00000E+00 0.0000
    3.1291E+00   0.00000E+00 0.0000
    3.2197E+00   0.00000E+00 0.0000
    3.3128E+00   0.00000E+00 0.0000
    3.4086E+00   0.00000E+00 0.0000
    3.5072E+00   0.00000E+00 0.0000
    3.6087E+00   0.00000E+00 0.0000
    3.7131E+00   0.00000E+00 0.0000
    3.8205E+00   0.00000E+00 0.0000
    3.9311E+00   0.00000E+00 0.0000
    4.0448E+00   0.00000E+00 0.0000
    4.1618E+00   0.00000E+00 0.0000
    4.2822E+00   0.00000E+00 0.0000
    4.4061E+00   0.00000E+00 0.0000
    4.5335E+00   0.00000E+00 0.0000
    4.6647E+00   0.00000E+00 0.0000
    4.7996E+00   0.00000E+00 0.0000
    4.9385E+00   0.00000E+00 0.0000
    5.0814E+00   0.00000E+00 0.0000
    5.2284E+00   0.00000E+00 0.0000
    5.3796E+00   0.00000E+00 0.0000
    5.5352E+00   0.00000E+00 0.0000
    5.6954E+00   0.00000E+00 0.0000
    5.8601E+00   0.00000E+00 0.0000
    6.0297E+00   0.00000E+00 0.0000
    6.2041E+00   0.00000E+00 0.0000
    6.3836E+00   0.00000E+00 0.0000
    6.5683E+00   0.00000E+00 0.0000
    6.7583E+00   0.00000E+00 0.0000
    6.9538E+00   0.00000E+00 0.0000
    7.1550E+00   2.22317E-11 0.7080
    7.3619E+00   0.00000E+00 0.0000
    7.5749E+00   1.05766E-11 1.0000
    7.7941E+00   1.43335E-10 0.2751
    8.0195E+00   1.07156E-11 1.0000
    8.2515E+00   4.26290E-10 0.1584
    8.4902E+00   5.92181E-11 0.4278
    8.7359E+00   1.25323E-09 0.0940
    8.9886E+00   1.13671E-10 0.3085
    9.2486E+00   8.14475E-06 0.0040
    9.5162E+00   5.51807E-06 0.0031
    9.7915E+00   8.39941E-06 0.0027
    1.0075E+01   2.96798E-04 0.0014
    1.0366E+01   2.24344E-05 0.0018
    1.0666E+01   2.79065E-04 0.0013
    1.0975E+01   2.77779E-05 0.0017
    1.1292E+01   2.72892E-04 0.0012
    1.1619E+01   3.03654E-05 0.0016
    1.1955E+01   3.12547E-05 0.0016
    1.2301E+01   2.35885E-04 0.0013
    1.2657E+01   3.08716E-05 0.0016
    1.3023E+01   2.14298E-04 0.0013
    1.3400E+01   2.51863E-05 0.0016
    1.3787E+01   2.78628E-05 0.0016
    1.4186E+01   1.95405E-04 0.0014
    1.4596E+01   2.60249E-05 0.0016
    1.5019E+01   1.52313E-04 0.0014
    1.5453E+01   2.92414E-05 0.0015
    1.5900E+01   1.50828E-04 0.0014
    1.6360E+01   1.83517E-05 0.0016
    1.6834E+01   1.88802E-05 0.0015
    1.7321E+01   1.24204E-04 0.0014
    1.7822E+01   1.94094E-05 0.0015
    1.8337E+01   1.17295E-04 0.0014
    1.8868E+01   1.53415E-05 0.0015
    1.9413E+01   1.53452E-05 0.0015
    1.9975E+01   8.34058E-05 0.0014
    2.0553E+01   1.43941E-05 0.0015
    2.1148E+01   8.02399E-05 0.0014
    2.1759E+01   1.30194E-05 0.0015
    2.2389E+01   1.34512E-05 0.0015
    2.3037E+01   7.26813E-05 0.0014
    2.3703E+01   1.10946E-05 0.0015
    2.4389E+01   5.71350E-05 0.0014
    2.5094E+01   8.80716E-06 0.0015
    2.5820E+01   8.62979E-06 0.0015
    2.6567E+01   4.43084E-05 0.0014
    2.7336E+01   6.87811E-06 0.0015
    2.8127E+01   3.96621E-05 0.0014
    2.8940E+01   6.55861E-06 0.0015
    2.9777E+01   3.65252E-05 0.0014
    3.0639E+01   6.42452E-06 0.0015
    3.1525E+01   5.88306E-06 0.0015
    3.2437E+01   3.36073E-05 0.0014
    3.3376E+01   5.22160E-06 0.0015
    3.4341E+01   2.92859E-05 0.0014
    3.5335E+01   5.26212E-06 0.0014
    3.6357E+01   4.40047E-06 0.0015
    3.7409E+01   2.52438E-05 0.0014
    3.8491E+01   3.84118E-06 0.0015
    3.9604E+01   2.09555E-05 0.0014
    4.0750E+01   3.76913E-06 0.0014
    4.1929E+01   3.05998E-06 0.0015
    4.3142E+01   1.77174E-05 0.0014
    4.4390E+01   2.58137E-06 0.0015
    4.5674E+01   1.46463E-05 0.0014
    4.6996E+01   2.57574E-06 0.0014
    4.8355E+01   2.06394E-06 0.0015
    4.9754E+01   1.24460E-05 0.0014
    5.1193E+01   1.75257E-06 0.0015
    5.2674E+01   1.03697E-05 0.0014
    5.4198E+01   1.80241E-06 0.0014
    5.5766E+01   1.48630E-06 0.0015
    5.7379E+01   8.86796E-06 0.0014
    5.9039E+01   1.21216E-06 0.0015
    6.0747E+01   7.53915E-06 0.0014
    6.2505E+01   1.24522E-06 0.0014
    6.4313E+01   6.21154E-06 0.0013
    6.6174E+01   1.32548E-06 0.0014
    6.8088E+01   8.67306E-07 0.0014
    7.0058E+01   5.55990E-06 0.0013
    7.2084E+01   8.52158E-07 0.0014
    7.4170E+01   4.62257E-06 0.0013
    7.6315E+01   9.20309E-07 0.0014
    7.8523E+01   6.45523E-07 0.0014
    8.0795E+01   4.11013E-06 0.0013
    8.3132E+01   5.78865E-07 0.0014
    8.5537E+01   3.48446E-06 0.0013
    8.8012E+01   6.16379E-07 0.0014
    9.0558E+01   2.90742E-06 0.0013
    9.3178E+01   6.42827E-07 0.0014
    9.5873E+01   4.21914E-07 0.0014
    9.8647E+01   2.64076E-06 0.0013
    1.0150E+02   3.83838E-07 0.0014
    1.0444E+02   2.24370E-06 0.0013
    1.0746E+02   3.87953E-07 0.0014
    1.1057E+02   1.87613E-06 0.0013
    1.1377E+02   3.95432E-07 0.0014
    1.1706E+02   2.72117E-07 0.0014
    1.2044E+02   1.67947E-06 0.0013
    1.2393E+02   2.38865E-07 0.0014
    1.2751E+02   1.43102E-06 0.0013
    1.3120E+02   2.41266E-07 0.0014
    1.3500E+02   1.19369E-06 0.0013
    1.3890E+02   2.47851E-07 0.0014
    1.4292E+02   1.70661E-07 0.0014
    1.4706E+02   1.06414E-06 0.0013
    1.5131E+02   1.52716E-07 0.0014
    1.5569E+02   9.00518E-07 0.0013
    1.6019E+02   1.58450E-07 0.0014
    1.6483E+02   7.49172E-07 0.0013
    1.6959E+02   1.60842E-07 0.0014
    1.7450E+02   1.06306E-07 0.0014
    1.7955E+02   6.70472E-07 0.0013
    1.8474E+02   1.02768E-07 0.0014
    1.9009E+02   5.59653E-07 0.0013
    1.9559E+02   1.08631E-07 0.0014
    2.0124E+02   7.97759E-08 0.0014
    2.0707E+02   4.91791E-07 0.0013
    2.1306E+02   6.97585E-08 0.0014
    2.1922E+02   4.16876E-07 0.0013
    2.2556E+02   7.27087E-08 0.0014
    2.3209E+02   6.28618E-08 0.0014
    2.3880E+02   3.57635E-07 0.0013
    2.4571E+02   4.96046E-08 0.0014
    2.5282E+02   3.09423E-07 0.0013
    2.6013E+02   4.89433E-08 0.0014
    2.6766E+02   2.59309E-07 0.0013
    2.7540E+02   5.14282E-08 0.0014
    2.8337E+02   3.91539E-08 0.0014
    2.9157E+02   2.28583E-07 0.0013
    3.0000E+02   3.33751E-08 0.0014
      total      3.18392E-03 0.0004
 
 cell  503                                                                                                                             
 user bin total
    s(e) (MeV/cm)
    1.0000E+00   0.00000E+00 0.0000
    1.0289E+00   0.00000E+00 0.0000
    1.0587E+00   0.00000E+00 0.0000
    1.0893E+00   0.00000E+00 0.0000
    1.1208E+00   0.00000E+00 0.0000
    1.1533E+00   0.00000E+00 0.0000
    1.1866E+00   0.00000E+00 0.0000
    1.2210E+00   0.00000E+00 0.0000
    1.2563E+00   0.00000E+00 0.0000
    1.2926E+00   0.00000E+00 0.0000
    1.3300E+00   0.00000E+00 0.0000
    1.3685E+00   0.00000E+00 0.0000
    1.4081E+00   0.00000E+00 0.0000
    1.4488E+00   0.00000E+00 0.0000
    1.4907E+00   0.00000E+00 0.0000
    1.5339E+00   0.00000E+00 0.0000
    1.5782E+00   0.00000E+00 0.0000
    1.6239E+00   0.00000E+00 0.0000
    1.6709E+00   0.00000E+00 0.0000
    1.7192E+00   0.00000E+00 0.0000
    1.7689E+00   0.00000E+00 0.0000
    1.8201E+00   0.00000E+00 0.0000
    1.8728E+00   0.00000E+00 0.0000
    1.9269E+00   0.00000E+00 0.0000
    1.9827E+00   0.00000E+00 0.0000
    2.0400E+00   0.00000E+00 0.0000
    2.0991E+00   0.00000E+00 0.0000
    2.1598E+00   0.00000E+00 0.0000
    2.2223E+00   0.00000E+00 0.0000
    2.2866E+00   0.00000E+00 0.0000
    2.3527E+00   0.00000E+00 0.0000
    2.4208E+00   0.00000E+00 0.0000
    2.4908E+00   0.00000E+00 0.0000
    2.5629E+00   0.00000E+00 0.0000
    2.6370E+00   0.00000E+00 0.0000
    2.7133E+00   0.00000E+00 0.0000
    2.7918E+00   0.00000E+00 0.0000
    2.8725E+00   0.00000E+00 0.0000
    2.9557E+00   0.00000E+00 0.0000
    3.0412E+00   0.00000E+00 0.0000
    3.1291E+00   0.00000E+00 0.0000
    3.2197E+00   0.00000E+00 0.0000
    3.3128E+00   0.00000E+00 0.0000
    3.4086E+00   0.00000E+00 0.0000
    3.5072E+00   0.00000E+00 0.0000
    3.6087E+00   0.00000E+00 0.0000
    3.7131E+00   0.00000E+00 0.0000
    3.8205E+00   0.00000E+00 0.0000
    3.9311E+00   0.00000E+00 0.0000
    4.0448E+00   0.00000E+00 0.0000
    4.1618E+00   0.00000E+00 0.0000
    4.2822E+00   0.00000E+00 0.0000
    4.4061E+00   0.00000E+00 0.0000
    4.5335E+00   0.00000E+00 0.0000
    4.6647E+00   0.00000E+00 0.0000
    4.7996E+00   0.00000E+00 0.0000
    4.9385E+00   0.00000E+00 0.0000
    5.0814E+00   0.00000E+00 0.0000
    5.2284E+00   0.00000E+00 0.0000
    5.3796E+00   0.00000E+00 0.0000
    5.5352E+00   0.00000E+00 0.0000
    5.6954E+00   0.00000E+00 0.0000
    5.8601E+00   0.00000E+00 0.0000
    6.0297E+00   0.00000E+00 0.0000
    6.2041E+00   0.00000E+00 0.0000
    6.3836E+00   0.00000E+00 0.0000
    6.5683E+00   0.00000E+00 0.0000
    6.7583E+00   0.00000E+00 0.0000
    6.9538E+00   0.00000E+00 0.0000
    7.1550E+00   2.22317E-11 0.7080
    7.3619E+00   0.00000E+00 0.0000
    7.5749E+00   1.05766E-11 1.0000
    7.7941E+00   1.43335E-10 0.2751
    8.0195E+00   1.07156E-11 1.0000
    8.2515E+00   4.26290E-10 0.1584
    8.4902E+00   5.92181E-11 0.4278
    8.7359E+00   1.25323E-09 0.0940
    8.9886E+00   1.13671E-10 0.3085
    9.2486E+00   8.21270E-06 0.0040
    9.5162E+00   5.56464E-06 0.0031
    9.7915E+00   8.47056E-06 0.0027
    1.0075E+01   2.99223E-04 0.0014
    1.0366E+01   2.26156E-05 0.0018
    1.0666E+01   2.81311E-04 0.0013
    1.0975E+01   2.80022E-05 0.0017
    1.1292E+01   2.75077E-04 0.0012
    1.1619E+01   3.06128E-05 0.0016
    1.1955E+01   3.15049E-05 0.0016
    1.2301E+01   2.37757E-04 0.0013
    1.2657E+01   3.11221E-05 0.0016
    1.3023E+01   2.16000E-04 0.0013
    1.3400E+01   2.53841E-05 0.0016
    1.3787E+01   2.80810E-05 0.0016
    1.4186E+01   1.96970E-04 0.0014
    1.4596E+01   2.62239E-05 0.0016
    1.5019E+01   1.53518E-04 0.0014
    1.5453E+01   2.94797E-05 0.0015
    1.5900E+01   1.52028E-04 0.0014
    1.6360E+01   1.84971E-05 0.0016
    1.6834E+01   1.90260E-05 0.0015
    1.7321E+01   1.25184E-04 0.0014
    1.7822E+01   1.95651E-05 0.0015
    1.8337E+01   1.18224E-04 0.0014
    1.8868E+01   1.54600E-05 0.0015
    1.9413E+01   1.54628E-05 0.0015
    1.9975E+01   8.40467E-05 0.0014
    2.0553E+01   1.45065E-05 0.0015
    2.1148E+01   8.08775E-05 0.0014
    2.1759E+01   1.31242E-05 0.0015
    2.2389E+01   1.35585E-05 0.0015
    2.3037E+01   7.32549E-05 0.0014
    2.3703E+01   1.11811E-05 0.0015
    2.4389E+01   5.75745E-05 0.0014
    2.5094E+01   8.87384E-06 0.0015
    2.5820E+01   8.69610E-06 0.0015
    2.6567E+01   4.46433E-05 0.0014
    2.7336E+01   6.93040E-06 0.0015
    2.8127E+01   3.99663E-05 0.0014
    2.8940E+01   6.60942E-06 0.0015
    2.9777E+01   3.68093E-05 0.0014
    3.0639E+01   6.47444E-06 0.0015
    3.1525E+01   5.92880E-06 0.0015
    3.2437E+01   3.38699E-05 0.0014
    3.3376E+01   5.26254E-06 0.0015
    3.4341E+01   2.95151E-05 0.0014
    3.5335E+01   5.30341E-06 0.0014
    3.6357E+01   4.43509E-06 0.0015
    3.7409E+01   2.54414E-05 0.0014
    3.8491E+01   3.87112E-06 0.0015
    3.9604E+01   2.11178E-05 0.0014
    4.0750E+01   3.79814E-06 0.0014
    4.1929E+01   3.08356E-06 0.0015
    4.3142E+01   1.78531E-05 0.0014
    4.4390E+01   2.60098E-06 0.0015
    4.5674E+01   1.47571E-05 0.0014
    4.6996E+01   2.59512E-06 0.0014
    4.8355E+01   2.07932E-06 0.0015
    4.9754E+01   1.25396E-05 0.0014
    5.1193E+01   1.76573E-06 0.0015
    5.2674E+01   1.04474E-05 0.0014
    5.4198E+01   1.81595E-06 0.0014
    5.5766E+01   1.49746E-06 0.0015
    5.7379E+01   8.93401E-06 0.0014
    5.9039E+01   1.22120E-06 0.0015
    6.0747E+01   7.59518E-06 0.0014
    6.2505E+01   1.25449E-06 0.0014
    6.4313E+01   6.25767E-06 0.0014
    6.6174E+01   1.33526E-06 0.0014
    6.8088E+01   8.73766E-07 0.0014
    7.0058E+01   5.60099E-06 0.0013
    7.2084E+01   8.58466E-07 0.0014
    7.4170E+01   4.65666E-06 0.0013
    7.6315E+01   9.27055E-07 0.0014
    7.8523E+01   6.50292E-07 0.0014
    8.0795E+01   4.14034E-06 0.0013
    8.3132E+01   5.83104E-07 0.0014
    8.5537E+01   3.51011E-06 0.0013
    8.8012E+01   6.20826E-07 0.0014
    9.0558E+01   2.92875E-06 0.0013
    9.3178E+01   6.47540E-07 0.0014
    9.5873E+01   4.24972E-07 0.0014
    9.8647E+01   2.66011E-06 0.0013
    1.0150E+02   3.86616E-07 0.0014
    1.0444E+02   2.26013E-06 0.0013
    1.0746E+02   3.90774E-07 0.0014
    1.1057E+02   1.88980E-06 0.0013
    1.1377E+02   3.98325E-07 0.0014
    1.1706E+02   2.74089E-07 0.0014
    1.2044E+02   1.69168E-06 0.0013
    1.2393E+02   2.40592E-07 0.0014
    1.2751E+02   1.44140E-06 0.0013
    1.3120E+02   2.43023E-07 0.0014
    1.3500E+02   1.20234E-06 0.0013
    1.3890E+02   2.49641E-07 0.0014
    1.4292E+02   1.71903E-07 0.0014
    1.4706E+02   1.07182E-06 0.0013
    1.5131E+02   1.53820E-07 0.0014
    1.5569E+02   9.07010E-07 0.0013
    1.6019E+02   1.59598E-07 0.0014
    1.6483E+02   7.54576E-07 0.0013
    1.6959E+02   1.61993E-07 0.0014
    1.7450E+02   1.07077E-07 0.0014
    1.7955E+02   6.75300E-07 0.0013
    1.8474E+02   1.03508E-07 0.0014
    1.9009E+02   5.63684E-07 0.0013
    1.9559E+02   1.09415E-07 0.0014
    2.0124E+02   8.03480E-08 0.0014
    2.0707E+02   4.95333E-07 0.0013
    2.1306E+02   7.02567E-08 0.0014
    2.1922E+02   4.19874E-07 0.0013
    2.2556E+02   7.32366E-08 0.0014
    2.3209E+02   6.33153E-08 0.0014
    2.3880E+02   3.60203E-07 0.0013
    2.4571E+02   4.99629E-08 0.0014
    2.5282E+02   3.11646E-07 0.0013
    2.6013E+02   4.92966E-08 0.0014
    2.6766E+02   2.61171E-07 0.0013
    2.7540E+02   5.17965E-08 0.0014
    2.8337E+02   3.94385E-08 0.0014
    2.9157E+02   2.30222E-07 0.0013
    3.0000E+02   3.36173E-08 0.0014
      total      3.20916E-03 0.0004
 
 cell  504                                                                                                                             
 user bin          -1.00000
    s(e) (MeV/cm)
    1.0000E+00   0.00000E+00 0.0000
    1.0289E+00   0.00000E+00 0.0000
    1.0587E+00   0.00000E+00 0.0000
    1.0893E+00   0.00000E+00 0.0000
    1.1208E+00   0.00000E+00 0.0000
    1.1533E+00   0.00000E+00 0.0000
    1.1866E+00   0.00000E+00 0.0000
    1.2210E+00   0.00000E+00 0.0000
    1.2563E+00   0.00000E+00 0.0000
    1.2926E+00   0.00000E+00 0.0000
    1.3300E+00   0.00000E+00 0.0000
    1.3685E+00   0.00000E+00 0.0000
    1.4081E+00   0.00000E+00 0.0000
    1.4488E+00   0.00000E+00 0.0000
    1.4907E+00   0.00000E+00 0.0000
    1.5339E+00   0.00000E+00 0.0000
    1.5782E+00   0.00000E+00 0.0000
    1.6239E+00   0.00000E+00 0.0000
    1.6709E+00   0.00000E+00 0.0000
    1.7192E+00   0.00000E+00 0.0000
    1.7689E+00   0.00000E+00 0.0000
    1.8201E+00   0.00000E+00 0.0000
    1.8728E+00   0.00000E+00 0.0000
    1.9269E+00   0.00000E+00 0.0000
    1.9827E+00   0.00000E+00 0.0000
    2.0400E+00   0.00000E+00 0.0000
    2.0991E+00   0.00000E+00 0.0000
    2.1598E+00   0.00000E+00 0.0000
    2.2223E+00   0.00000E+00 0.0000
    2.2866E+00   0.00000E+00 0.0000
    2.3527E+00   0.00000E+00 0.0000
    2.4208E+00   0.00000E+00 0.0000
    2.4908E+00   0.00000E+00 0.0000
    2.5629E+00   0.00000E+00 0.0000
    2.6370E+00   0.00000E+00 0.0000
    2.7133E+00   0.00000E+00 0.0000
    2.7918E+00   0.00000E+00 0.0000
    2.8725E+00   0.00000E+00 0.0000
    2.9557E+00   0.00000E+00 0.0000
    3.0412E+00   0.00000E+00 0.0000
    3.1291E+00   0.00000E+00 0.0000
    3.2197E+00   0.00000E+00 0.0000
    3.3128E+00   0.00000E+00 0.0000
    3.4086E+00   0.00000E+00 0.0000
    3.5072E+00   0.00000E+00 0.0000
    3.6087E+00   0.00000E+00 0.0000
    3.7131E+00   0.00000E+00 0.0000
    3.8205E+00   0.00000E+00 0.0000
    3.9311E+00   0.00000E+00 0.0000
    4.0448E+00   0.00000E+00 0.0000
    4.1618E+00   0.00000E+00 0.0000
    4.2822E+00   0.00000E+00 0.0000
    4.4061E+00   0.00000E+00 0.0000
    4.5335E+00   0.00000E+00 0.0000
    4.6647E+00   0.00000E+00 0.0000
    4.7996E+00   0.00000E+00 0.0000
    4.9385E+00   0.00000E+00 0.0000
    5.0814E+00   0.00000E+00 0.0000
    5.2284E+00   0.00000E+00 0.0000
    5.3796E+00   0.00000E+00 0.0000
    5.5352E+00   0.00000E+00 0.0000
    5.6954E+00   0.00000E+00 0.0000
    5.8601E+00   0.00000E+00 0.0000
    6.0297E+00   0.00000E+00 0.0000
    6.2041E+00   0.00000E+00 0.0000
    6.3836E+00   0.00000E+00 0.0000
    6.5683E+00   0.00000E+00 0.0000
    6.7583E+00   0.00000E+00 0.0000
    6.9538E+00   0.00000E+00 0.0000
    7.1550E+00   0.00000E+00 0.0000
    7.3619E+00   0.00000E+00 0.0000
    7.5749E+00   0.00000E+00 0.0000
    7.7941E+00   0.00000E+00 0.0000
    8.0195E+00   0.00000E+00 0.0000
    8.2515E+00   0.00000E+00 0.0000
    8.4902E+00   0.00000E+00 0.0000
    8.7359E+00   0.00000E+00 0.0000
    8.9886E+00   0.00000E+00 0.0000
    9.2486E+00   2.12950E-07 0.0070
    9.5162E+00   1.04441E-07 0.0099
    9.7915E+00   1.39645E-07 0.0086
    1.0075E+01   2.61034E-06 0.0020
    1.0366E+01   1.99955E-07 0.0072
    1.0666E+01   2.33726E-06 0.0021
    1.0975E+01   2.14772E-07 0.0069
    1.1292E+01   2.26330E-06 0.0021
    1.1619E+01   2.29021E-07 0.0067
    1.1955E+01   2.13920E-07 0.0070
    1.2301E+01   1.95637E-06 0.0023
    1.2657E+01   2.47833E-07 0.0065
    1.3023E+01   1.61787E-06 0.0025
    1.3400E+01   2.43869E-07 0.0065
    1.3787E+01   2.58474E-07 0.0063
    1.4186E+01   1.45832E-06 0.0027
    1.4596E+01   2.00955E-07 0.0072
    1.5019E+01   1.39197E-06 0.0027
    1.5453E+01   2.30408E-07 0.0065
    1.5900E+01   1.08305E-06 0.0030
    1.6360E+01   1.55753E-07 0.0072
    1.6834E+01   1.68553E-07 0.0069
    1.7321E+01   1.09328E-06 0.0029
    1.7822E+01   1.49975E-07 0.0066
    1.8337E+01   8.24448E-07 0.0032
    1.8868E+01   1.08643E-07 0.0071
    1.9413E+01   1.14399E-07 0.0069
    1.9975E+01   7.09785E-07 0.0034
    2.0553E+01   1.32469E-07 0.0063
    2.1148E+01   6.88741E-07 0.0034
    2.1759E+01   1.00594E-07 0.0065
    2.2389E+01   1.00560E-07 0.0065
    2.3037E+01   5.11757E-07 0.0036
    2.3703E+01   7.53302E-08 0.0069
    2.4389E+01   4.00745E-07 0.0039
    2.5094E+01   6.67082E-08 0.0070
    2.5820E+01   6.70824E-08 0.0070
    2.6567E+01   3.66902E-07 0.0039
    2.7336E+01   6.04129E-08 0.0067
    2.8127E+01   3.53439E-07 0.0037
    2.8940E+01   5.85514E-08 0.0064
    2.9777E+01   3.17807E-07 0.0037
    3.0639E+01   5.36337E-08 0.0061
    3.1525E+01   4.87501E-08 0.0064
    3.2437E+01   2.69600E-07 0.0038
    3.3376E+01   3.95925E-08 0.0066
    3.4341E+01   2.17452E-07 0.0039
    3.5335E+01   3.78076E-08 0.0063
    3.6357E+01   3.12230E-08 0.0069
    3.7409E+01   1.76341E-07 0.0040
    3.8491E+01   2.66762E-08 0.0069
    3.9604E+01   1.43997E-07 0.0042
    4.0750E+01   2.56467E-08 0.0065
    4.1929E+01   2.12564E-08 0.0071
    4.3142E+01   1.22155E-07 0.0042
    4.4390E+01   1.81671E-08 0.0071
    4.5674E+01   1.02742E-07 0.0043
    4.6996E+01   1.80570E-08 0.0066
    4.8355E+01   1.49088E-08 0.0073
    4.9754E+01   8.95160E-08 0.0043
    5.1193E+01   1.28457E-08 0.0072
    5.2674E+01   7.63879E-08 0.0043
    5.4198E+01   1.33484E-08 0.0066
    5.5766E+01   1.12925E-08 0.0072
    5.7379E+01   6.70306E-08 0.0042
    5.9039E+01   9.46218E-09 0.0072
    6.0747E+01   5.82569E-08 0.0042
    6.2505E+01   9.62733E-09 0.0066
    6.4313E+01   4.87845E-08 0.0042
    6.6174E+01   1.03530E-08 0.0059
    6.8088E+01   6.94325E-09 0.0072
    7.0058E+01   4.41106E-08 0.0042
    7.2084E+01   6.76356E-09 0.0068
    7.4170E+01   3.70416E-08 0.0042
    7.6315E+01   7.33507E-09 0.0060
    7.8523E+01   5.19642E-09 0.0072
    8.0795E+01   3.31386E-08 0.0042
    8.3132E+01   4.67526E-09 0.0070
    8.5537E+01   2.81893E-08 0.0042
    8.8012E+01   4.97580E-09 0.0063
    9.0558E+01   2.35477E-08 0.0042
    9.3178E+01   5.20251E-09 0.0057
    9.5873E+01   3.44103E-09 0.0070
    9.8647E+01   2.13930E-08 0.0041
    1.0150E+02   3.11242E-09 0.0068
    1.0444E+02   1.81904E-08 0.0041
    1.0746E+02   3.14509E-09 0.0063
    1.1057E+02   1.52148E-08 0.0041
    1.1377E+02   3.20655E-09 0.0057
    1.1706E+02   2.22408E-09 0.0069
    1.2044E+02   1.36340E-08 0.0041
    1.2393E+02   1.93774E-09 0.0069
    1.2751E+02   1.16315E-08 0.0041
    1.3120E+02   1.94739E-09 0.0063
    1.3500E+02   9.69672E-09 0.0041
    1.3890E+02   2.02931E-09 0.0057
    1.4292E+02   1.37313E-09 0.0070
    1.4706E+02   8.66348E-09 0.0041
    1.5131E+02   1.23147E-09 0.0068
    1.5569E+02   7.31374E-09 0.0041
    1.6019E+02   1.29046E-09 0.0062
    1.6483E+02   6.07740E-09 0.0041
    1.6959E+02   1.31676E-09 0.0057
    1.7450E+02   8.49274E-10 0.0070
    1.7955E+02   5.45044E-09 0.0041
    1.8474E+02   8.27698E-10 0.0066
    1.9009E+02   4.54270E-09 0.0041
    1.9559E+02   8.75527E-10 0.0059
    2.0124E+02   6.46772E-10 0.0069
    2.0707E+02   3.99316E-09 0.0041
    2.1306E+02   5.60445E-10 0.0069
    2.1922E+02   3.38041E-09 0.0041
    2.2556E+02   5.88535E-10 0.0062
    2.3209E+02   5.10760E-10 0.0067
    2.3880E+02   2.89830E-09 0.0041
    2.4571E+02   4.00934E-10 0.0070
    2.5282E+02   2.50621E-09 0.0041
    2.6013E+02   3.98804E-10 0.0065
    2.6766E+02   2.10323E-09 0.0041
    2.7540E+02   4.12081E-10 0.0059
    2.8337E+02   3.18712E-10 0.0067
    2.9157E+02   1.85210E-09 0.0041
    3.0000E+02   2.69725E-10 0.0067
      total      2.59942E-05 0.0006
 
 cell  504                                                                                                                             
 user bin 10000000000.00000
    s(e) (MeV/cm)
    1.0000E+00   0.00000E+00 0.0000
    1.0289E+00   0.00000E+00 0.0000
    1.0587E+00   0.00000E+00 0.0000
    1.0893E+00   0.00000E+00 0.0000
    1.1208E+00   0.00000E+00 0.0000
    1.1533E+00   0.00000E+00 0.0000
    1.1866E+00   0.00000E+00 0.0000
    1.2210E+00   0.00000E+00 0.0000
    1.2563E+00   0.00000E+00 0.0000
    1.2926E+00   0.00000E+00 0.0000
    1.3300E+00   0.00000E+00 0.0000
    1.3685E+00   0.00000E+00 0.0000
    1.4081E+00   0.00000E+00 0.0000
    1.4488E+00   0.00000E+00 0.0000
    1.4907E+00   0.00000E+00 0.0000
    1.5339E+00   0.00000E+00 0.0000
    1.5782E+00   0.00000E+00 0.0000
    1.6239E+00   0.00000E+00 0.0000
    1.6709E+00   0.00000E+00 0.0000
    1.7192E+00   0.00000E+00 0.0000
    1.7689E+00   0.00000E+00 0.0000
    1.8201E+00   0.00000E+00 0.0000
    1.8728E+00   0.00000E+00 0.0000
    1.9269E+00   0.00000E+00 0.0000
    1.9827E+00   0.00000E+00 0.0000
    2.0400E+00   0.00000E+00 0.0000
    2.0991E+00   0.00000E+00 0.0000
    2.1598E+00   0.00000E+00 0.0000
    2.2223E+00   0.00000E+00 0.0000
    2.2866E+00   0.00000E+00 0.0000
    2.3527E+00   0.00000E+00 0.0000
    2.4208E+00   0.00000E+00 0.0000
    2.4908E+00   0.00000E+00 0.0000
    2.5629E+00   0.00000E+00 0.0000
    2.6370E+00   0.00000E+00 0.0000
    2.7133E+00   0.00000E+00 0.0000
    2.7918E+00   0.00000E+00 0.0000
    2.8725E+00   0.00000E+00 0.0000
    2.9557E+00   0.00000E+00 0.0000
    3.0412E+00   0.00000E+00 0.0000
    3.1291E+00   0.00000E+00 0.0000
    3.2197E+00   0.00000E+00 0.0000
    3.3128E+00   0.00000E+00 0.0000
    3.4086E+00   0.00000E+00 0.0000
    3.5072E+00   0.00000E+00 0.0000
    3.6087E+00   0.00000E+00 0.0000
    3.7131E+00   0.00000E+00 0.0000
    3.8205E+00   0.00000E+00 0.0000
    3.9311E+00   0.00000E+00 0.0000
    4.0448E+00   0.00000E+00 0.0000
    4.1618E+00   0.00000E+00 0.0000
    4.2822E+00   0.00000E+00 0.0000
    4.4061E+00   0.00000E+00 0.0000
    4.5335E+00   0.00000E+00 0.0000
    4.6647E+00   0.00000E+00 0.0000
    4.7996E+00   0.00000E+00 0.0000
    4.9385E+00   0.00000E+00 0.0000
    5.0814E+00   0.00000E+00 0.0000
    5.2284E+00   0.00000E+00 0.0000
    5.3796E+00   0.00000E+00 0.0000
    5.5352E+00   0.00000E+00 0.0000
    5.6954E+00   0.00000E+00 0.0000
    5.8601E+00   0.00000E+00 0.0000
    6.0297E+00   0.00000E+00 0.0000
    6.2041E+00   0.00000E+00 0.0000
    6.3836E+00   0.00000E+00 0.0000
    6.5683E+00   0.00000E+00 0.0000
    6.7583E+00   0.00000E+00 0.0000
    6.9538E+00   0.00000E+00 0.0000
    7.1550E+00   2.67837E-11 0.6126
    7.3619E+00   0.00000E+00 0.0000
    7.5749E+00   0.00000E+00 0.0000
    7.7941E+00   1.55314E-10 0.2634
    8.0195E+00   1.04237E-11 1.0000
    8.2515E+00   4.73677E-10 0.1512
    8.4902E+00   2.10645E-11 0.7071
    8.7359E+00   1.28957E-09 0.0926
    8.9886E+00   1.10013E-10 0.3168
    9.2486E+00   2.52107E-05 0.0029
    9.5162E+00   1.24291E-05 0.0023
    9.7915E+00   1.64534E-05 0.0021
    1.0075E+01   3.19866E-04 0.0013
    1.0366E+01   2.46718E-05 0.0018
    1.0666E+01   2.89301E-04 0.0013
    1.0975E+01   2.66937E-05 0.0017
    1.1292E+01   2.81812E-04 0.0013
    1.1619E+01   2.86697E-05 0.0016
    1.1955E+01   2.71649E-05 0.0016
    1.2301E+01   2.44260E-04 0.0013
    1.2657E+01   3.11469E-05 0.0016
    1.3023E+01   2.04238E-04 0.0013
    1.3400E+01   2.99617E-05 0.0016
    1.3787E+01   3.21871E-05 0.0016
    1.4186E+01   1.83864E-04 0.0014
    1.4596E+01   2.61034E-05 0.0016
    1.5019E+01   1.72538E-04 0.0014
    1.5453E+01   2.83796E-05 0.0016
    1.5900E+01   1.38083E-04 0.0014
    1.6360E+01   1.96377E-05 0.0016
    1.6834E+01   2.11849E-05 0.0015
    1.7321E+01   1.37055E-04 0.0014
    1.7822E+01   1.87335E-05 0.0015
    1.8337E+01   1.05972E-04 0.0014
    1.8868E+01   1.42657E-05 0.0015
    1.9413E+01   1.48700E-05 0.0015
    1.9975E+01   8.95976E-05 0.0014
    2.0553E+01   1.64333E-05 0.0015
    2.1148E+01   8.64937E-05 0.0014
    2.1759E+01   1.27977E-05 0.0015
    2.2389E+01   1.28572E-05 0.0015
    2.3037E+01   6.62404E-05 0.0014
    2.3703E+01   9.90609E-06 0.0015
    2.4389E+01   5.26402E-05 0.0014
    2.5094E+01   8.63033E-06 0.0015
    2.5820E+01   8.69822E-06 0.0015
    2.6567E+01   4.72537E-05 0.0014
    2.7336E+01   7.73806E-06 0.0015
    2.8127E+01   4.50153E-05 0.0014
    2.8940E+01   7.42195E-06 0.0015
    2.9777E+01   4.02651E-05 0.0014
    3.0639E+01   6.85766E-06 0.0015
    3.1525E+01   6.17770E-06 0.0015
    3.2437E+01   3.43074E-05 0.0014
    3.3376E+01   5.11289E-06 0.0015
    3.4341E+01   2.80928E-05 0.0014
    3.5335E+01   4.93491E-06 0.0015
    3.6357E+01   4.07920E-06 0.0015
    3.7409E+01   2.31804E-05 0.0014
    3.8491E+01   3.48689E-06 0.0015
    3.9604E+01   1.90022E-05 0.0014
    4.0750E+01   3.42136E-06 0.0014
    4.1929E+01   2.78578E-06 0.0015
    4.3142E+01   1.62151E-05 0.0014
    4.4390E+01   2.38813E-06 0.0015
    4.5674E+01   1.36650E-05 0.0014
    4.6996E+01   2.43365E-06 0.0014
    4.8355E+01   1.96901E-06 0.0015
    4.9754E+01   1.19301E-05 0.0014
    5.1193E+01   1.70978E-06 0.0015
    5.2674E+01   1.01863E-05 0.0014
    5.4198E+01   1.78781E-06 0.0014
    5.5766E+01   1.49188E-06 0.0015
    5.7379E+01   8.92300E-06 0.0014
    5.9039E+01   1.23596E-06 0.0015
    6.0747E+01   7.72104E-06 0.0014
    6.2505E+01   1.28468E-06 0.0014
    6.4313E+01   6.45642E-06 0.0014
    6.6174E+01   1.38412E-06 0.0014
    6.8088E+01   9.10252E-07 0.0015
    7.0058E+01   5.85202E-06 0.0014
    7.2084E+01   9.00756E-07 0.0014
    7.4170E+01   4.90793E-06 0.0014
    7.6315E+01   9.79973E-07 0.0014
    7.8523E+01   6.89122E-07 0.0014
    8.0795E+01   4.39363E-06 0.0014
    8.3132E+01   6.20118E-07 0.0014
    8.5537E+01   3.74141E-06 0.0014
    8.8012E+01   6.62789E-07 0.0014
    9.0558E+01   3.13286E-06 0.0013
    9.3178E+01   6.93689E-07 0.0014
    9.5873E+01   4.55327E-07 0.0014
    9.8647E+01   2.85468E-06 0.0013
    1.0150E+02   4.15194E-07 0.0014
    1.0444E+02   2.43073E-06 0.0013
    1.0746E+02   4.21051E-07 0.0014
    1.1057E+02   2.03601E-06 0.0013
    1.1377E+02   4.29243E-07 0.0014
    1.1706E+02   2.95947E-07 0.0014
    1.2044E+02   1.82529E-06 0.0013
    1.2393E+02   2.59829E-07 0.0014
    1.2751E+02   1.55708E-06 0.0013
    1.3120E+02   2.62455E-07 0.0014
    1.3500E+02   1.29945E-06 0.0013
    1.3890E+02   2.70046E-07 0.0014
    1.4292E+02   1.85901E-07 0.0014
    1.4706E+02   1.15940E-06 0.0013
    1.5131E+02   1.66493E-07 0.0014
    1.5569E+02   9.81366E-07 0.0013
    1.6019E+02   1.72689E-07 0.0014
    1.6483E+02   8.17002E-07 0.0013
    1.6959E+02   1.75320E-07 0.0014
    1.7450E+02   1.16020E-07 0.0014
    1.7955E+02   7.31092E-07 0.0013
    1.8474E+02   1.12028E-07 0.0014
    1.9009E+02   6.10457E-07 0.0013
    1.9559E+02   1.18496E-07 0.0014
    2.0124E+02   8.70898E-08 0.0014
    2.0707E+02   5.36513E-07 0.0013
    2.1306E+02   7.60860E-08 0.0014
    2.1922E+02   4.54800E-07 0.0013
    2.2556E+02   7.93665E-08 0.0014
    2.3209E+02   6.85510E-08 0.0014
    2.3880E+02   3.90115E-07 0.0013
    2.4571E+02   5.41847E-08 0.0014
    2.5282E+02   3.37535E-07 0.0013
    2.6013E+02   5.34062E-08 0.0014
    2.6766E+02   2.82948E-07 0.0013
    2.7540E+02   5.60541E-08 0.0014
    2.8337E+02   4.27437E-08 0.0014
    2.9157E+02   2.49389E-07 0.0013
    3.0000E+02   3.64553E-08 0.0014
      total      3.26941E-03 0.0004
 
 cell  504                                                                                                                             
 user bin total
    s(e) (MeV/cm)
    1.0000E+00   0.00000E+00 0.0000
    1.0289E+00   0.00000E+00 0.0000
    1.0587E+00   0.00000E+00 0.0000
    1.0893E+00   0.00000E+00 0.0000
    1.1208E+00   0.00000E+00 0.0000
    1.1533E+00   0.00000E+00 0.0000
    1.1866E+00   0.00000E+00 0.0000
    1.2210E+00   0.00000E+00 0.0000
    1.2563E+00   0.00000E+00 0.0000
    1.2926E+00   0.00000E+00 0.0000
    1.3300E+00   0.00000E+00 0.0000
    1.3685E+00   0.00000E+00 0.0000
    1.4081E+00   0.00000E+00 0.0000
    1.4488E+00   0.00000E+00 0.0000
    1.4907E+00   0.00000E+00 0.0000
    1.5339E+00   0.00000E+00 0.0000
    1.5782E+00   0.00000E+00 0.0000
    1.6239E+00   0.00000E+00 0.0000
    1.6709E+00   0.00000E+00 0.0000
    1.7192E+00   0.00000E+00 0.0000
    1.7689E+00   0.00000E+00 0.0000
    1.8201E+00   0.00000E+00 0.0000
    1.8728E+00   0.00000E+00 0.0000
    1.9269E+00   0.00000E+00 0.0000
    1.9827E+00   0.00000E+00 0.0000
    2.0400E+00   0.00000E+00 0.0000
    2.0991E+00   0.00000E+00 0.0000
    2.1598E+00   0.00000E+00 0.0000
    2.2223E+00   0.00000E+00 0.0000
    2.2866E+00   0.00000E+00 0.0000
    2.3527E+00   0.00000E+00 0.0000
    2.4208E+00   0.00000E+00 0.0000
    2.4908E+00   0.00000E+00 0.0000
    2.5629E+00   0.00000E+00 0.0000
    2.6370E+00   0.00000E+00 0.0000
    2.7133E+00   0.00000E+00 0.0000
    2.7918E+00   0.00000E+00 0.0000
    2.8725E+00   0.00000E+00 0.0000
    2.9557E+00   0.00000E+00 0.0000
    3.0412E+00   0.00000E+00 0.0000
    3.1291E+00   0.00000E+00 0.0000
    3.2197E+00   0.00000E+00 0.0000
    3.3128E+00   0.00000E+00 0.0000
    3.4086E+00   0.00000E+00 0.0000
    3.5072E+00   0.00000E+00 0.0000
    3.6087E+00   0.00000E+00 0.0000
    3.7131E+00   0.00000E+00 0.0000
    3.8205E+00   0.00000E+00 0.0000
    3.9311E+00   0.00000E+00 0.0000
    4.0448E+00   0.00000E+00 0.0000
    4.1618E+00   0.00000E+00 0.0000
    4.2822E+00   0.00000E+00 0.0000
    4.4061E+00   0.00000E+00 0.0000
    4.5335E+00   0.00000E+00 0.0000
    4.6647E+00   0.00000E+00 0.0000
    4.7996E+00   0.00000E+00 0.0000
    4.9385E+00   0.00000E+00 0.0000
    5.0814E+00   0.00000E+00 0.0000
    5.2284E+00   0.00000E+00 0.0000
    5.3796E+00   0.00000E+00 0.0000
    5.5352E+00   0.00000E+00 0.0000
    5.6954E+00   0.00000E+00 0.0000
    5.8601E+00   0.00000E+00 0.0000
    6.0297E+00   0.00000E+00 0.0000
    6.2041E+00   0.00000E+00 0.0000
    6.3836E+00   0.00000E+00 0.0000
    6.5683E+00   0.00000E+00 0.0000
    6.7583E+00   0.00000E+00 0.0000
    6.9538E+00   0.00000E+00 0.0000
    7.1550E+00   2.67837E-11 0.6126
    7.3619E+00   0.00000E+00 0.0000
    7.5749E+00   0.00000E+00 0.0000
    7.7941E+00   1.55314E-10 0.2634
    8.0195E+00   1.04237E-11 1.0000
    8.2515E+00   4.73677E-10 0.1512
    8.4902E+00   2.10645E-11 0.7071
    8.7359E+00   1.28957E-09 0.0926
    8.9886E+00   1.10013E-10 0.3168
    9.2486E+00   2.54236E-05 0.0029
    9.5162E+00   1.25335E-05 0.0023
    9.7915E+00   1.65930E-05 0.0021
    1.0075E+01   3.22477E-04 0.0013
    1.0366E+01   2.48718E-05 0.0018
    1.0666E+01   2.91638E-04 0.0013
    1.0975E+01   2.69085E-05 0.0017
    1.1292E+01   2.84075E-04 0.0013
    1.1619E+01   2.88987E-05 0.0016
    1.1955E+01   2.73788E-05 0.0016
    1.2301E+01   2.46216E-04 0.0013
    1.2657E+01   3.13947E-05 0.0016
    1.3023E+01   2.05855E-04 0.0013
    1.3400E+01   3.02055E-05 0.0016
    1.3787E+01   3.24456E-05 0.0016
    1.4186E+01   1.85322E-04 0.0014
    1.4596E+01   2.63043E-05 0.0016
    1.5019E+01   1.73930E-04 0.0014
    1.5453E+01   2.86100E-05 0.0016
    1.5900E+01   1.39166E-04 0.0014
    1.6360E+01   1.97935E-05 0.0016
    1.6834E+01   2.13535E-05 0.0015
    1.7321E+01   1.38148E-04 0.0014
    1.7822E+01   1.88835E-05 0.0015
    1.8337E+01   1.06796E-04 0.0014
    1.8868E+01   1.43743E-05 0.0015
    1.9413E+01   1.49844E-05 0.0015
    1.9975E+01   9.03073E-05 0.0014
    2.0553E+01   1.65657E-05 0.0015
    2.1148E+01   8.71824E-05 0.0014
    2.1759E+01   1.28983E-05 0.0015
    2.2389E+01   1.29578E-05 0.0015
    2.3037E+01   6.67522E-05 0.0014
    2.3703E+01   9.98142E-06 0.0015
    2.4389E+01   5.30410E-05 0.0014
    2.5094E+01   8.69704E-06 0.0015
    2.5820E+01   8.76530E-06 0.0015
    2.6567E+01   4.76206E-05 0.0014
    2.7336E+01   7.79848E-06 0.0015
    2.8127E+01   4.53688E-05 0.0014
    2.8940E+01   7.48051E-06 0.0015
    2.9777E+01   4.05829E-05 0.0014
    3.0639E+01   6.91129E-06 0.0015
    3.1525E+01   6.22645E-06 0.0015
    3.2437E+01   3.45770E-05 0.0014
    3.3376E+01   5.15248E-06 0.0015
    3.4341E+01   2.83103E-05 0.0014
    3.5335E+01   4.97272E-06 0.0015
    3.6357E+01   4.11043E-06 0.0015
    3.7409E+01   2.33567E-05 0.0014
    3.8491E+01   3.51356E-06 0.0015
    3.9604E+01   1.91462E-05 0.0014
    4.0750E+01   3.44701E-06 0.0014
    4.1929E+01   2.80703E-06 0.0015
    4.3142E+01   1.63372E-05 0.0014
    4.4390E+01   2.40630E-06 0.0015
    4.5674E+01   1.37678E-05 0.0014
    4.6996E+01   2.45171E-06 0.0014
    4.8355E+01   1.98392E-06 0.0015
    4.9754E+01   1.20197E-05 0.0014
    5.1193E+01   1.72263E-06 0.0015
    5.2674E+01   1.02626E-05 0.0014
    5.4198E+01   1.80116E-06 0.0014
    5.5766E+01   1.50317E-06 0.0015
    5.7379E+01   8.99003E-06 0.0014
    5.9039E+01   1.24542E-06 0.0015
    6.0747E+01   7.77930E-06 0.0014
    6.2505E+01   1.29431E-06 0.0014
    6.4313E+01   6.50521E-06 0.0014
    6.6174E+01   1.39447E-06 0.0014
    6.8088E+01   9.17196E-07 0.0015
    7.0058E+01   5.89613E-06 0.0014
    7.2084E+01   9.07519E-07 0.0014
    7.4170E+01   4.94498E-06 0.0014
    7.6315E+01   9.87308E-07 0.0014
    7.8523E+01   6.94318E-07 0.0014
    8.0795E+01   4.42676E-06 0.0014
    8.3132E+01   6.24794E-07 0.0014
    8.5537E+01   3.76960E-06 0.0014
    8.8012E+01   6.67765E-07 0.0014
    9.0558E+01   3.15641E-06 0.0014
    9.3178E+01   6.98891E-07 0.0014
    9.5873E+01   4.58768E-07 0.0014
    9.8647E+01   2.87607E-06 0.0013
    1.0150E+02   4.18306E-07 0.0014
    1.0444E+02   2.44892E-06 0.0013
    1.0746E+02   4.24196E-07 0.0014
    1.1057E+02   2.05122E-06 0.0013
    1.1377E+02   4.32450E-07 0.0014
    1.1706E+02   2.98171E-07 0.0014
    1.2044E+02   1.83892E-06 0.0013
    1.2393E+02   2.61767E-07 0.0014
    1.2751E+02   1.56872E-06 0.0013
    1.3120E+02   2.64403E-07 0.0014
    1.3500E+02   1.30914E-06 0.0013
    1.3890E+02   2.72075E-07 0.0014
    1.4292E+02   1.87274E-07 0.0014
    1.4706E+02   1.16806E-06 0.0013
    1.5131E+02   1.67725E-07 0.0014
    1.5569E+02   9.88680E-07 0.0013
    1.6019E+02   1.73979E-07 0.0014
    1.6483E+02   8.23079E-07 0.0013
    1.6959E+02   1.76637E-07 0.0014
    1.7450E+02   1.16869E-07 0.0014
    1.7955E+02   7.36542E-07 0.0013
    1.8474E+02   1.12855E-07 0.0014
    1.9009E+02   6.15000E-07 0.0013
    1.9559E+02   1.19372E-07 0.0014
    2.0124E+02   8.77365E-08 0.0014
    2.0707E+02   5.40506E-07 0.0013
    2.1306E+02   7.66464E-08 0.0014
    2.1922E+02   4.58181E-07 0.0013
    2.2556E+02   7.99550E-08 0.0014
    2.3209E+02   6.90618E-08 0.0014
    2.3880E+02   3.93013E-07 0.0013
    2.4571E+02   5.45856E-08 0.0014
    2.5282E+02   3.40041E-07 0.0013
    2.6013E+02   5.38050E-08 0.0014
    2.6766E+02   2.85051E-07 0.0013
    2.7540E+02   5.64662E-08 0.0014
    2.8337E+02   4.30624E-08 0.0014
    2.9157E+02   2.51242E-07 0.0013
    3.0000E+02   3.67250E-08 0.0014
      total      3.29541E-03 0.0004
 
 cell union total                                                                                                                      
 user bin          -1.00000
    s(e) (MeV/cm)
    1.0000E+00   0.00000E+00 0.0000
    1.0289E+00   0.00000E+00 0.0000
    1.0587E+00   0.00000E+00 0.0000
    1.0893E+00   0.00000E+00 0.0000
    1.1208E+00   0.00000E+00 0.0000
    1.1533E+00   0.00000E+00 0.0000
    1.1866E+00   0.00000E+00 0.0000
    1.2210E+00   0.00000E+00 0.0000
    1.2563E+00   0.00000E+00 0.0000
    1.2926E+00   0.00000E+00 0.0000
    1.3300E+00   0.00000E+00 0.0000
    1.3685E+00   0.00000E+00 0.0000
    1.4081E+00   0.00000E+00 0.0000
    1.4488E+00   0.00000E+00 0.0000
    1.4907E+00   0.00000E+00 0.0000
    1.5339E+00   0.00000E+00 0.0000
    1.5782E+00   0.00000E+00 0.0000
    1.6239E+00   0.00000E+00 0.0000
    1.6709E+00   0.00000E+00 0.0000
    1.7192E+00   0.00000E+00 0.0000
    1.7689E+00   0.00000E+00 0.0000
    1.8201E+00   0.00000E+00 0.0000
    1.8728E+00   0.00000E+00 0.0000
    1.9269E+00   0.00000E+00 0.0000
    1.9827E+00   0.00000E+00 0.0000
    2.0400E+00   0.00000E+00 0.0000
    2.0991E+00   0.00000E+00 0.0000
    2.1598E+00   0.00000E+00 0.0000
    2.2223E+00   0.00000E+00 0.0000
    2.2866E+00   0.00000E+00 0.0000
    2.3527E+00   0.00000E+00 0.0000
    2.4208E+00   0.00000E+00 0.0000
    2.4908E+00   0.00000E+00 0.0000
    2.5629E+00   0.00000E+00 0.0000
    2.6370E+00   0.00000E+00 0.0000
    2.7133E+00   0.00000E+00 0.0000
    2.7918E+00   0.00000E+00 0.0000
    2.8725E+00   0.00000E+00 0.0000
    2.9557E+00   0.00000E+00 0.0000
    3.0412E+00   0.00000E+00 0.0000
    3.1291E+00   0.00000E+00 0.0000
    3.2197E+00   0.00000E+00 0.0000
    3.3128E+00   0.00000E+00 0.0000
    3.4086E+00   0.00000E+00 0.0000
    3.5072E+00   0.00000E+00 0.0000
    3.6087E+00   0.00000E+00 0.0000
    3.7131E+00   0.00000E+00 0.0000
    3.8205E+00   0.00000E+00 0.0000
    3.9311E+00   0.00000E+00 0.0000
    4.0448E+00   0.00000E+00 0.0000
    4.1618E+00   0.00000E+00 0.0000
    4.2822E+00   0.00000E+00 0.0000
    4.4061E+00   0.00000E+00 0.0000
    4.5335E+00   0.00000E+00 0.0000
    4.6647E+00   0.00000E+00 0.0000
    4.7996E+00   0.00000E+00 0.0000
    4.9385E+00   0.00000E+00 0.0000
    5.0814E+00   0.00000E+00 0.0000
    5.2284E+00   0.00000E+00 0.0000
    5.3796E+00   0.00000E+00 0.0000
    5.5352E+00   0.00000E+00 0.0000
    5.6954E+00   0.00000E+00 0.0000
    5.8601E+00   0.00000E+00 0.0000
    6.0297E+00   0.00000E+00 0.0000
    6.2041E+00   0.00000E+00 0.0000
    6.3836E+00   0.00000E+00 0.0000
    6.5683E+00   0.00000E+00 0.0000
    6.7583E+00   0.00000E+00 0.0000
    6.9538E+00   0.00000E+00 0.0000
    7.1550E+00   0.00000E+00 0.0000
    7.3619E+00   0.00000E+00 0.0000
    7.5749E+00   0.00000E+00 0.0000
    7.7941E+00   0.00000E+00 0.0000
    8.0195E+00   0.00000E+00 0.0000
    8.2515E+00   0.00000E+00 0.0000
    8.4902E+00   0.00000E+00 0.0000
    8.7359E+00   0.00000E+00 0.0000
    8.9886E+00   0.00000E+00 0.0000
    9.2486E+00   6.00870E-08 0.0077
    9.5162E+00   3.40826E-08 0.0078
    9.7915E+00   4.89927E-08 0.0065
    1.0075E+01   2.13700E-06 0.0020
    1.0366E+01   1.64079E-07 0.0035
    1.0666E+01   2.18084E-06 0.0018
    1.0975E+01   1.81025E-07 0.0034
    1.1292E+01   2.15211E-06 0.0018
    1.1619E+01   2.02957E-07 0.0032
    1.1955E+01   2.09252E-07 0.0031
    1.2301E+01   1.94900E-06 0.0018
    1.2657E+01   2.12222E-07 0.0031
    1.3023E+01   1.69368E-06 0.0018
    1.3400E+01   2.17090E-07 0.0031
    1.3787E+01   2.21011E-07 0.0031
    1.4186E+01   1.43052E-06 0.0018
    1.4596E+01   2.21153E-07 0.0031
    1.5019E+01   1.24633E-06 0.0018
    1.5453E+01   2.04316E-07 0.0031
    1.5900E+01   1.12646E-06 0.0018
    1.6360E+01   1.61400E-07 0.0031
    1.6834E+01   1.66435E-07 0.0031
    1.7321E+01   9.95721E-07 0.0018
    1.7822E+01   1.38081E-07 0.0031
    1.8337E+01   8.50001E-07 0.0018
    1.8868E+01   1.21145E-07 0.0030
    1.9413E+01   1.25187E-07 0.0030
    1.9975E+01   7.13254E-07 0.0018
    2.0553E+01   1.21513E-07 0.0029
    2.1148E+01   6.19194E-07 0.0018
    2.1759E+01   9.37897E-08 0.0030
    2.2389E+01   9.52712E-08 0.0030
    2.3037E+01   5.16851E-07 0.0019
    2.3703E+01   8.13939E-08 0.0030
    2.4389E+01   4.42183E-07 0.0019
    2.5094E+01   7.25084E-08 0.0030
    2.5820E+01   7.21660E-08 0.0030
    2.6567E+01   3.75696E-07 0.0019
    2.7336E+01   5.84092E-08 0.0030
    2.8127E+01   3.29811E-07 0.0019
    2.8940E+01   5.27845E-08 0.0030
    2.9777E+01   2.82539E-07 0.0019
    3.0639E+01   4.76168E-08 0.0029
    3.1525E+01   4.31826E-08 0.0030
    3.2437E+01   2.42022E-07 0.0019
    3.3376E+01   3.65262E-08 0.0031
    3.4341E+01   2.04302E-07 0.0019
    3.5335E+01   3.66435E-08 0.0028
    3.6357E+01   3.05125E-08 0.0031
    3.7409E+01   1.75925E-07 0.0019
    3.8491E+01   2.69826E-08 0.0031
    3.9604E+01   1.48640E-07 0.0019
    4.0750E+01   2.70570E-08 0.0028
    4.1929E+01   2.22017E-08 0.0031
    4.3142E+01   1.29325E-07 0.0019
    4.4390E+01   1.92511E-08 0.0031
    4.5674E+01   1.09712E-07 0.0019
    4.6996E+01   1.94660E-08 0.0028
    4.8355E+01   1.57707E-08 0.0032
    4.9754E+01   9.56969E-08 0.0019
    5.1193E+01   1.36524E-08 0.0031
    5.2674E+01   8.11007E-08 0.0019
    5.4198E+01   1.42237E-08 0.0029
    5.5766E+01   1.18100E-08 0.0031
    5.7379E+01   7.03080E-08 0.0019
    5.9039E+01   9.70315E-09 0.0032
    6.0747E+01   6.03443E-08 0.0019
    6.2505E+01   9.95534E-09 0.0029
    6.4313E+01   4.99778E-08 0.0019
    6.6174E+01   1.06463E-08 0.0026
    6.8088E+01   7.00978E-09 0.0032
    7.0058E+01   4.47771E-08 0.0019
    7.2084E+01   6.88582E-09 0.0030
    7.4170E+01   3.72325E-08 0.0019
    7.6315E+01   7.41018E-09 0.0027
    7.8523E+01   5.19634E-09 0.0032
    8.0795E+01   3.30541E-08 0.0019
    8.3132E+01   4.64625E-09 0.0031
    8.5537E+01   2.79725E-08 0.0019
    8.8012E+01   4.92141E-09 0.0028
    9.0558E+01   2.32791E-08 0.0019
    9.3178E+01   5.14257E-09 0.0025
    9.5873E+01   3.36162E-09 0.0032
    9.8647E+01   2.11023E-08 0.0019
    1.0150E+02   3.04506E-09 0.0031
    1.0444E+02   1.78853E-08 0.0019
    1.0746E+02   3.09183E-09 0.0028
    1.1057E+02   1.49045E-08 0.0019
    1.1377E+02   3.13946E-09 0.0026
    1.1706E+02   2.16280E-09 0.0031
    1.2044E+02   1.33159E-08 0.0019
    1.2393E+02   1.89030E-09 0.0031
    1.2751E+02   1.13179E-08 0.0019
    1.3120E+02   1.90631E-09 0.0029
    1.3500E+02   9.42301E-09 0.0019
    1.3890E+02   1.96039E-09 0.0026
    1.4292E+02   1.34646E-09 0.0032
    1.4706E+02   8.38488E-09 0.0019
    1.5131E+02   1.20053E-09 0.0031
    1.5569E+02   7.08285E-09 0.0019
    1.6019E+02   1.24225E-09 0.0028
    1.6483E+02   5.88582E-09 0.0019
    1.6959E+02   1.26070E-09 0.0026
    1.7450E+02   8.32541E-10 0.0032
    1.7955E+02   5.25823E-09 0.0019
    1.8474E+02   8.00593E-10 0.0030
    1.9009E+02   4.38568E-09 0.0019
    1.9559E+02   8.47526E-10 0.0027
    2.0124E+02   6.24984E-10 0.0031
    2.0707E+02   3.84705E-09 0.0019
    2.1306E+02   5.44119E-10 0.0031
    2.1922E+02   3.25741E-09 0.0019
    2.2556E+02   5.68745E-10 0.0028
    2.3209E+02   4.91595E-10 0.0030
    2.3880E+02   2.79246E-09 0.0019
    2.4571E+02   3.86660E-10 0.0032
    2.5282E+02   2.41366E-09 0.0019
    2.6013E+02   3.83137E-10 0.0029
    2.6766E+02   2.02162E-09 0.0019
    2.7540E+02   4.00509E-10 0.0027
    2.8337E+02   3.05791E-10 0.0030
    2.9157E+02   1.78018E-09 0.0019
    3.0000E+02   2.61147E-10 0.0031
      total      2.45147E-05 0.0006
 
 cell union total                                                                                                                      
 user bin 10000000000.00000
    s(e) (MeV/cm)
    1.0000E+00   0.00000E+00 0.0000
    1.0289E+00   0.00000E+00 0.0000
    1.0587E+00   0.00000E+00 0.0000
    1.0893E+00   0.00000E+00 0.0000
    1.1208E+00   0.00000E+00 0.0000
    1.1533E+00   0.00000E+00 0.0000
    1.1866E+00   0.00000E+00 0.0000
    1.2210E+00   0.00000E+00 0.0000
    1.2563E+00   0.00000E+00 0.0000
    1.2926E+00   0.00000E+00 0.0000
    1.3300E+00   0.00000E+00 0.0000
    1.3685E+00   0.00000E+00 0.0000
    1.4081E+00   0.00000E+00 0.0000
    1.4488E+00   0.00000E+00 0.0000
    1.4907E+00   0.00000E+00 0.0000
    1.5339E+00   0.00000E+00 0.0000
    1.5782E+00   0.00000E+00 0.0000
    1.6239E+00   0.00000E+00 0.0000
    1.6709E+00   0.00000E+00 0.0000
    1.7192E+00   0.00000E+00 0.0000
    1.7689E+00   0.00000E+00 0.0000
    1.8201E+00   0.00000E+00 0.0000
    1.8728E+00   0.00000E+00 0.0000
    1.9269E+00   0.00000E+00 0.0000
    1.9827E+00   0.00000E+00 0.0000
    2.0400E+00   0.00000E+00 0.0000
    2.0991E+00   0.00000E+00 0.0000
    2.1598E+00   0.00000E+00 0.0000
    2.2223E+00   0.00000E+00 0.0000
    2.2866E+00   0.00000E+00 0.0000
    2.3527E+00   0.00000E+00 0.0000
    2.4208E+00   0.00000E+00 0.0000
    2.4908E+00   0.00000E+00 0.0000
    2.5629E+00   0.00000E+00 0.0000
    2.6370E+00   0.00000E+00 0.0000
    2.7133E+00   0.00000E+00 0.0000
    2.7918E+00   0.00000E+00 0.0000
    2.8725E+00   0.00000E+00 0.0000
    2.9557E+00   0.00000E+00 0.0000
    3.0412E+00   0.00000E+00 0.0000
    3.1291E+00   0.00000E+00 0.0000
    3.2197E+00   0.00000E+00 0.0000
    3.3128E+00   0.00000E+00 0.0000
    3.4086E+00   0.00000E+00 0.0000
    3.5072E+00   0.00000E+00 0.0000
    3.6087E+00   0.00000E+00 0.0000
    3.7131E+00   0.00000E+00 0.0000
    3.8205E+00   0.00000E+00 0.0000
    3.9311E+00   0.00000E+00 0.0000
    4.0448E+00   0.00000E+00 0.0000
    4.1618E+00   0.00000E+00 0.0000
    4.2822E+00   0.00000E+00 0.0000
    4.4061E+00   0.00000E+00 0.0000
    4.5335E+00   0.00000E+00 0.0000
    4.6647E+00   0.00000E+00 0.0000
    4.7996E+00   0.00000E+00 0.0000
    4.9385E+00   0.00000E+00 0.0000
    5.0814E+00   0.00000E+00 0.0000
    5.2284E+00   0.00000E+00 0.0000
    5.3796E+00   0.00000E+00 0.0000
    5.5352E+00   0.00000E+00 0.0000
    5.6954E+00   0.00000E+00 0.0000
    5.8601E+00   0.00000E+00 0.0000
    6.0297E+00   0.00000E+00 0.0000
    6.2041E+00   0.00000E+00 0.0000
    6.3836E+00   0.00000E+00 0.0000
    6.5683E+00   0.00000E+00 0.0000
    6.7583E+00   0.00000E+00 0.0000
    6.9538E+00   0.00000E+00 0.0000
    7.1550E+00   1.37719E-11 0.5814
    7.3619E+00   2.33652E-12 1.0000
    7.5749E+00   4.22491E-12 0.7071
    7.7941E+00   1.47514E-10 0.2295
    8.0195E+00   7.90352E-12 0.5044
    8.2515E+00   4.59609E-10 0.1300
    8.4902E+00   3.63484E-11 0.2467
    8.7359E+00   1.28288E-09 0.0782
    8.9886E+00   1.10591E-10 0.1420
    9.2486E+00   7.14712E-06 0.0033
    9.5162E+00   4.04501E-06 0.0025
    9.7915E+00   5.79612E-06 0.0023
    1.0075E+01   2.60876E-04 0.0014
    1.0366E+01   2.04696E-05 0.0014
    1.0666E+01   2.72236E-04 0.0012
    1.0975E+01   2.26335E-05 0.0014
    1.1292E+01   2.69139E-04 0.0012
    1.1619E+01   2.54324E-05 0.0013
    1.1955E+01   2.63735E-05 0.0013
    1.2301E+01   2.44863E-04 0.0012
    1.2657E+01   2.68535E-05 0.0012
    1.3023E+01   2.12848E-04 0.0012
    1.3400E+01   2.74406E-05 0.0012
    1.3787E+01   2.81843E-05 0.0012
    1.4186E+01   1.80327E-04 0.0012
    1.4596E+01   2.83057E-05 0.0012
    1.5019E+01   1.57476E-04 0.0011
    1.5453E+01   2.56163E-05 0.0012
    1.5900E+01   1.42528E-04 0.0012
    1.6360E+01   2.02329E-05 0.0012
    1.6834E+01   2.10290E-05 0.0011
    1.7321E+01   1.26009E-04 0.0011
    1.7822E+01   1.75421E-05 0.0011
    1.8337E+01   1.08447E-04 0.0011
    1.8868E+01   1.56186E-05 0.0011
    1.9413E+01   1.61008E-05 0.0011
    1.9975E+01   9.11527E-05 0.0011
    2.0553E+01   1.54104E-05 0.0011
    2.1148E+01   7.92472E-05 0.0011
    2.1759E+01   1.19698E-05 0.0011
    2.2389E+01   1.22329E-05 0.0011
    2.3037E+01   6.64405E-05 0.0011
    2.3703E+01   1.05181E-05 0.0011
    2.4389E+01   5.70053E-05 0.0011
    2.5094E+01   9.31285E-06 0.0011
    2.5820E+01   9.27077E-06 0.0011
    2.6567E+01   4.84924E-05 0.0011
    2.7336E+01   7.55498E-06 0.0011
    2.8127E+01   4.26491E-05 0.0011
    2.8940E+01   6.81244E-06 0.0011
    2.9777E+01   3.66146E-05 0.0010
    3.0639E+01   6.20632E-06 0.0011
    3.1525E+01   5.61466E-06 0.0011
    3.2437E+01   3.14189E-05 0.0011
    3.3376E+01   4.77379E-06 0.0011
    3.4341E+01   2.66384E-05 0.0011
    3.5335E+01   4.76600E-06 0.0011
    3.6357E+01   3.98784E-06 0.0011
    3.7409E+01   2.29867E-05 0.0011
    3.8491E+01   3.52951E-06 0.0011
    3.9604E+01   1.94650E-05 0.0011
    4.0750E+01   3.54440E-06 0.0011
    4.1929E+01   2.90132E-06 0.0011
    4.3142E+01   1.69669E-05 0.0011
    4.4390E+01   2.51527E-06 0.0011
    4.5674E+01   1.44179E-05 0.0011
    4.6996E+01   2.56966E-06 0.0011
    4.8355E+01   2.07832E-06 0.0011
    4.9754E+01   1.25905E-05 0.0011
    5.1193E+01   1.79753E-06 0.0011
    5.2674E+01   1.07001E-05 0.0011
    5.4198E+01   1.87304E-06 0.0011
    5.5766E+01   1.55519E-06 0.0011
    5.7379E+01   9.29238E-06 0.0010
    5.9039E+01   1.27998E-06 0.0011
    6.0747E+01   7.97712E-06 0.0010
    6.2505E+01   1.32140E-06 0.0011
    6.4313E+01   6.61710E-06 0.0010
    6.6174E+01   1.41523E-06 0.0010
    6.8088E+01   9.26979E-07 0.0011
    7.0058E+01   5.95077E-06 0.0010
    7.2084E+01   9.13201E-07 0.0010
    7.4170E+01   4.95867E-06 0.0010
    7.6315E+01   9.88036E-07 0.0010
    7.8523E+01   6.93034E-07 0.0010
    8.0795E+01   4.41307E-06 0.0010
    8.3132E+01   6.21158E-07 0.0010
    8.5537E+01   3.74122E-06 0.0010
    8.8012E+01   6.61721E-07 0.0010
    9.0558E+01   3.12023E-06 0.0010
    9.3178E+01   6.90168E-07 0.0010
    9.5873E+01   4.52161E-07 0.0010
    9.8647E+01   2.83274E-06 0.0010
    1.0150E+02   4.11186E-07 0.0010
    1.0444E+02   2.40477E-06 0.0010
    1.0746E+02   4.16103E-07 0.0010
    1.1057E+02   2.00904E-06 0.0010
    1.1377E+02   4.23422E-07 0.0010
    1.1706E+02   2.91238E-07 0.0010
    1.2044E+02   1.79701E-06 0.0010
    1.2393E+02   2.55506E-07 0.0010
    1.2751E+02   1.52995E-06 0.0010
    1.3120E+02   2.57856E-07 0.0010
    1.3500E+02   1.27487E-06 0.0010
    1.3890E+02   2.64825E-07 0.0010
    1.4292E+02   1.82173E-07 0.0010
    1.4706E+02   1.13577E-06 0.0010
    1.5131E+02   1.63014E-07 0.0010
    1.5569E+02   9.60336E-07 0.0010
    1.6019E+02   1.68939E-07 0.0010
    1.6483E+02   7.98588E-07 0.0010
    1.6959E+02   1.71340E-07 0.0010
    1.7450E+02   1.13362E-07 0.0010
    1.7955E+02   7.14115E-07 0.0010
    1.8474E+02   1.09408E-07 0.0010
    1.9009E+02   5.95868E-07 0.0010
    1.9559E+02   1.15601E-07 0.0010
    2.0124E+02   8.49546E-08 0.0010
    2.0707E+02   5.23340E-07 0.0010
    2.1306E+02   7.42173E-08 0.0010
    2.1922E+02   4.43463E-07 0.0010
    2.2556E+02   7.73219E-08 0.0010
    2.3209E+02   6.68597E-08 0.0010
    2.3880E+02   3.80216E-07 0.0010
    2.4571E+02   5.27919E-08 0.0010
    2.5282E+02   3.28895E-07 0.0010
    2.6013E+02   5.20052E-08 0.0010
    2.6766E+02   2.75601E-07 0.0010
    2.7540E+02   5.46138E-08 0.0010
    2.8337E+02   4.16258E-08 0.0010
    2.9157E+02   2.42828E-07 0.0010
    3.0000E+02   3.54764E-08 0.0010
      total      3.09932E-03 0.0004
 
 cell union total                                                                                                                      
 user bin total
    s(e) (MeV/cm)
    1.0000E+00   0.00000E+00 0.0000
    1.0289E+00   0.00000E+00 0.0000
    1.0587E+00   0.00000E+00 0.0000
    1.0893E+00   0.00000E+00 0.0000
    1.1208E+00   0.00000E+00 0.0000
    1.1533E+00   0.00000E+00 0.0000
    1.1866E+00   0.00000E+00 0.0000
    1.2210E+00   0.00000E+00 0.0000
    1.2563E+00   0.00000E+00 0.0000
    1.2926E+00   0.00000E+00 0.0000
    1.3300E+00   0.00000E+00 0.0000
    1.3685E+00   0.00000E+00 0.0000
    1.4081E+00   0.00000E+00 0.0000
    1.4488E+00   0.00000E+00 0.0000
    1.4907E+00   0.00000E+00 0.0000
    1.5339E+00   0.00000E+00 0.0000
    1.5782E+00   0.00000E+00 0.0000
    1.6239E+00   0.00000E+00 0.0000
    1.6709E+00   0.00000E+00 0.0000
    1.7192E+00   0.00000E+00 0.0000
    1.7689E+00   0.00000E+00 0.0000
    1.8201E+00   0.00000E+00 0.0000
    1.8728E+00   0.00000E+00 0.0000
    1.9269E+00   0.00000E+00 0.0000
    1.9827E+00   0.00000E+00 0.0000
    2.0400E+00   0.00000E+00 0.0000
    2.0991E+00   0.00000E+00 0.0000
    2.1598E+00   0.00000E+00 0.0000
    2.2223E+00   0.00000E+00 0.0000
    2.2866E+00   0.00000E+00 0.0000
    2.3527E+00   0.00000E+00 0.0000
    2.4208E+00   0.00000E+00 0.0000
    2.4908E+00   0.00000E+00 0.0000
    2.5629E+00   0.00000E+00 0.0000
    2.6370E+00   0.00000E+00 0.0000
    2.7133E+00   0.00000E+00 0.0000
    2.7918E+00   0.00000E+00 0.0000
    2.8725E+00   0.00000E+00 0.0000
    2.9557E+00   0.00000E+00 0.0000
    3.0412E+00   0.00000E+00 0.0000
    3.1291E+00   0.00000E+00 0.0000
    3.2197E+00   0.00000E+00 0.0000
    3.3128E+00   0.00000E+00 0.0000
    3.4086E+00   0.00000E+00 0.0000
    3.5072E+00   0.00000E+00 0.0000
    3.6087E+00   0.00000E+00 0.0000
    3.7131E+00   0.00000E+00 0.0000
    3.8205E+00   0.00000E+00 0.0000
    3.9311E+00   0.00000E+00 0.0000
    4.0448E+00   0.00000E+00 0.0000
    4.1618E+00   0.00000E+00 0.0000
    4.2822E+00   0.00000E+00 0.0000
    4.4061E+00   0.00000E+00 0.0000
    4.5335E+00   0.00000E+00 0.0000
    4.6647E+00   0.00000E+00 0.0000
    4.7996E+00   0.00000E+00 0.0000
    4.9385E+00   0.00000E+00 0.0000
    5.0814E+00   0.00000E+00 0.0000
    5.2284E+00   0.00000E+00 0.0000
    5.3796E+00   0.00000E+00 0.0000
    5.5352E+00   0.00000E+00 0.0000
    5.6954E+00   0.00000E+00 0.0000
    5.8601E+00   0.00000E+00 0.0000
    6.0297E+00   0.00000E+00 0.0000
    6.2041E+00   0.00000E+00 0.0000
    6.3836E+00   0.00000E+00 0.0000
    6.5683E+00   0.00000E+00 0.0000
    6.7583E+00   0.00000E+00 0.0000
    6.9538E+00   0.00000E+00 0.0000
    7.1550E+00   1.37719E-11 0.5814
    7.3619E+00   2.33652E-12 1.0000
    7.5749E+00   4.22491E-12 0.7071
    7.7941E+00   1.47514E-10 0.2295
    8.0195E+00   7.90352E-12 0.5044
    8.2515E+00   4.59609E-10 0.1300
    8.4902E+00   3.63484E-11 0.2467
    8.7359E+00   1.28288E-09 0.0782
    8.9886E+00   1.10591E-10 0.1420
    9.2486E+00   7.20721E-06 0.0033
    9.5162E+00   4.07909E-06 0.0025
    9.7915E+00   5.84511E-06 0.0023
    1.0075E+01   2.63013E-04 0.0014
    1.0366E+01   2.06337E-05 0.0014
    1.0666E+01   2.74416E-04 0.0012
    1.0975E+01   2.28145E-05 0.0014
    1.1292E+01   2.71292E-04 0.0012
    1.1619E+01   2.56353E-05 0.0013
    1.1955E+01   2.65827E-05 0.0013
    1.2301E+01   2.46812E-04 0.0012
    1.2657E+01   2.70657E-05 0.0012
    1.3023E+01   2.14542E-04 0.0012
    1.3400E+01   2.76577E-05 0.0012
    1.3787E+01   2.84053E-05 0.0012
    1.4186E+01   1.81758E-04 0.0012
    1.4596E+01   2.85269E-05 0.0012
    1.5019E+01   1.58722E-04 0.0011
    1.5453E+01   2.58206E-05 0.0012
    1.5900E+01   1.43654E-04 0.0012
    1.6360E+01   2.03943E-05 0.0012
    1.6834E+01   2.11955E-05 0.0011
    1.7321E+01   1.27005E-04 0.0011
    1.7822E+01   1.76802E-05 0.0011
    1.8337E+01   1.09297E-04 0.0011
    1.8868E+01   1.57398E-05 0.0011
    1.9413E+01   1.62260E-05 0.0011
    1.9975E+01   9.18660E-05 0.0011
    2.0553E+01   1.55319E-05 0.0011
    2.1148E+01   7.98663E-05 0.0011
    2.1759E+01   1.20636E-05 0.0011
    2.2389E+01   1.23281E-05 0.0011
    2.3037E+01   6.69574E-05 0.0011
    2.3703E+01   1.05995E-05 0.0011
    2.4389E+01   5.74475E-05 0.0011
    2.5094E+01   9.38536E-06 0.0011
    2.5820E+01   9.34293E-06 0.0011
    2.6567E+01   4.88681E-05 0.0011
    2.7336E+01   7.61339E-06 0.0011
    2.8127E+01   4.29789E-05 0.0011
    2.8940E+01   6.86523E-06 0.0011
    2.9777E+01   3.68971E-05 0.0010
    3.0639E+01   6.25394E-06 0.0011
    3.1525E+01   5.65785E-06 0.0011
    3.2437E+01   3.16610E-05 0.0011
    3.3376E+01   4.81032E-06 0.0011
    3.4341E+01   2.68427E-05 0.0011
    3.5335E+01   4.80264E-06 0.0011
    3.6357E+01   4.01835E-06 0.0011
    3.7409E+01   2.31626E-05 0.0011
    3.8491E+01   3.55649E-06 0.0011
    3.9604E+01   1.96137E-05 0.0011
    4.0750E+01   3.57146E-06 0.0011
    4.1929E+01   2.92352E-06 0.0011
    4.3142E+01   1.70962E-05 0.0011
    4.4390E+01   2.53452E-06 0.0011
    4.5674E+01   1.45277E-05 0.0011
    4.6996E+01   2.58913E-06 0.0011
    4.8355E+01   2.09409E-06 0.0011
    4.9754E+01   1.26862E-05 0.0011
    5.1193E+01   1.81118E-06 0.0011
    5.2674E+01   1.07812E-05 0.0011
    5.4198E+01   1.88726E-06 0.0011
    5.5766E+01   1.56700E-06 0.0011
    5.7379E+01   9.36269E-06 0.0010
    5.9039E+01   1.28968E-06 0.0011
    6.0747E+01   8.03747E-06 0.0010
    6.2505E+01   1.33135E-06 0.0011
    6.4313E+01   6.66707E-06 0.0010
    6.6174E+01   1.42588E-06 0.0010
    6.8088E+01   9.33989E-07 0.0011
    7.0058E+01   5.99555E-06 0.0010
    7.2084E+01   9.20087E-07 0.0010
    7.4170E+01   4.99591E-06 0.0010
    7.6315E+01   9.95446E-07 0.0010
    7.8523E+01   6.98231E-07 0.0010
    8.0795E+01   4.44612E-06 0.0010
    8.3132E+01   6.25804E-07 0.0010
    8.5537E+01   3.76919E-06 0.0010
    8.8012E+01   6.66643E-07 0.0010
    9.0558E+01   3.14351E-06 0.0010
    9.3178E+01   6.95311E-07 0.0010
    9.5873E+01   4.55522E-07 0.0010
    9.8647E+01   2.85384E-06 0.0010
    1.0150E+02   4.14231E-07 0.0010
    1.0444E+02   2.42266E-06 0.0010
    1.0746E+02   4.19195E-07 0.0010
    1.1057E+02   2.02395E-06 0.0010
    1.1377E+02   4.26561E-07 0.0010
    1.1706E+02   2.93401E-07 0.0010
    1.2044E+02   1.81033E-06 0.0010
    1.2393E+02   2.57396E-07 0.0010
    1.2751E+02   1.54127E-06 0.0010
    1.3120E+02   2.59762E-07 0.0010
    1.3500E+02   1.28429E-06 0.0010
    1.3890E+02   2.66785E-07 0.0010
    1.4292E+02   1.83520E-07 0.0010
    1.4706E+02   1.14415E-06 0.0010
    1.5131E+02   1.64215E-07 0.0010
    1.5569E+02   9.67419E-07 0.0010
    1.6019E+02   1.70181E-07 0.0010
    1.6483E+02   8.04474E-07 0.0010
    1.6959E+02   1.72601E-07 0.0010
    1.7450E+02   1.14195E-07 0.0010
    1.7955E+02   7.19373E-07 0.0010
    1.8474E+02   1.10209E-07 0.0010
    1.9009E+02   6.00253E-07 0.0010
    1.9559E+02   1.16448E-07 0.0010
    2.0124E+02   8.55796E-08 0.0010
    2.0707E+02   5.27187E-07 0.0010
    2.1306E+02   7.47615E-08 0.0010
    2.1922E+02   4.46720E-07 0.0010
    2.2556E+02   7.78907E-08 0.0010
    2.3209E+02   6.73513E-08 0.0010
    2.3880E+02   3.83008E-07 0.0010
    2.4571E+02   5.31785E-08 0.0010
    2.5282E+02   3.31309E-07 0.0010
    2.6013E+02   5.23883E-08 0.0010
    2.6766E+02   2.77622E-07 0.0010
    2.7540E+02   5.50144E-08 0.0010
    2.8337E+02   4.19316E-08 0.0010
    2.9157E+02   2.44608E-07 0.0010
    3.0000E+02   3.57376E-08 0.0010
      total      3.12383E-03 0.0004


 ===================================================================================================================================

           results of 10 statistical checks for the estimated answer for the tally fluctuation chart (tfc) bin of tally     9204

 tfc bin     --mean--      ---------relative error---------      ----variance of the variance----      --figure of merit--     -pdf-
 behavior    behavior      value   decrease   decrease rate      value   decrease   decrease rate       value     behavior     slope

 desired      random       <0.10      yes      1/sqrt(nps)       <0.10      yes        1/nps           constant    random      >3.00
 observed     random        0.00      yes          yes            0.00      yes         yes                                    10.00
 passed?        yes          yes      yes          yes             yes      yes         yes                                      yes

 ===================================================================================================================================


 this tally meets the statistical criteria used to form confidence intervals: check the tally fluctuation chart to verify.
 the results in other bins associated with this tally may not meet these statistical criteria.

 ----- estimated confidence intervals:  -----

 estimated asymmetric confidence interval(1,2,3 sigma): 2.9463E-03 to 2.9490E-03; 2.9449E-03 to 2.9503E-03; 2.9436E-03 to 2.9517E-03
 estimated  symmetric confidence interval(1,2,3 sigma): 2.9463E-03 to 2.9490E-03; 2.9449E-03 to 2.9503E-03; 2.9436E-03 to 2.9517E-03

1analysis of the results in the tally fluctuation chart bin (tfc) for tally 9204 with nps = 43000000         print table 160


 normed average tally per history  = 2.94763E-03          unnormed average tally per history  = 7.36907E-03
 estimated tally relative error    = 0.0005               estimated variance of the variance  = 0.0000
 relative error from zero tallies  = 0.0003               relative error from nonzero scores  = 0.0004

 number of nonzero history tallies =     9340709          efficiency for the nonzero tallies  = 0.2172
 history number of largest  tally  =     7868558          largest  unnormalized history tally = 1.20128E-01
 (largest  tally)/(average tally)  = 1.63016E+01          (largest  tally)/(avg nonzero tally)= 3.54113E+00

 (confidence interval shift)/mean  = 0.0000               shifted confidence interval center  = 2.94763E-03


 if the largest  history score sampled so far were to occur on the next history, the tfc bin quantities would change as follows:

      estimated quantities           value at nps           value at nps+1           value(nps+1)/value(nps)-1.

      mean                            2.94763E-03             2.94763E-03                     0.000000
      relative error                  4.60011E-04             4.60011E-04                     0.000000
      variance of the variance        2.20172E-07             2.20172E-07                     0.000000
      shifted center                  2.94763E-03             2.94763E-03                     0.000000
      figure of merit                 0.00000E+00             0.00000E+00                     0.000000

 the estimated slope of the 197 largest  tallies starting at  1.03226E-01 appears to be decreasing at least exponentially.
 the empirical history score probability density function appears to be increasing at the largest  history scores:
 please examine. see print table 161.
 the large score tail of the empirical history score probability density function appears to have no unsampled regions.

 fom = (histories/minute)*(f(x) signal-to-noise ratio)**2 = (0.000E+00)*( 3.315E-01)**2 = (0.000E+00)*(1.099E-01) = 0.000E+00

