1tally     8004        nps =    90000000
           tally type 4    track length estimate of particle flux.      units   1/cm**2        
           particle(s): protons  
 number of histories used for normalizing tallies =     90000000.00
           this tally is modified by   ft  let

           volumes 
                   cell:      500          501          502          503          504         total                
                         2.50000E+00  2.50000E+00  2.50000E+00  2.50000E+00  2.50000E+00  1.25000E+01
 
 cell  500                                                                                                                             
    s(e) (MeV/cm)
    1.0000E+00   0.00000E+00 0.0000
    1.0289E+00   0.00000E+00 0.0000
    1.0587E+00   0.00000E+00 0.0000
    1.0893E+00   0.00000E+00 0.0000
    1.1208E+00   0.00000E+00 0.0000
    1.1533E+00   0.00000E+00 0.0000
    1.1866E+00   0.00000E+00 0.0000
    1.2210E+00   0.00000E+00 0.0000
    1.2563E+00   0.00000E+00 0.0000
    1.2926E+00   0.00000E+00 0.0000
    1.3300E+00   0.00000E+00 0.0000
    1.3685E+00   0.00000E+00 0.0000
    1.4081E+00   0.00000E+00 0.0000
    1.4488E+00   0.00000E+00 0.0000
    1.4907E+00   0.00000E+00 0.0000
    1.5339E+00   0.00000E+00 0.0000
    1.5782E+00   0.00000E+00 0.0000
    1.6239E+00   0.00000E+00 0.0000
    1.6709E+00   0.00000E+00 0.0000
    1.7192E+00   0.00000E+00 0.0000
    1.7689E+00   0.00000E+00 0.0000
    1.8201E+00   0.00000E+00 0.0000
    1.8728E+00   0.00000E+00 0.0000
    1.9269E+00   0.00000E+00 0.0000
    1.9827E+00   0.00000E+00 0.0000
    2.0400E+00   0.00000E+00 0.0000
    2.0991E+00   0.00000E+00 0.0000
    2.1598E+00   0.00000E+00 0.0000
    2.2223E+00   0.00000E+00 0.0000
    2.2866E+00   0.00000E+00 0.0000
    2.3527E+00   0.00000E+00 0.0000
    2.4208E+00   0.00000E+00 0.0000
    2.4908E+00   0.00000E+00 0.0000
    2.5629E+00   0.00000E+00 0.0000
    2.6370E+00   0.00000E+00 0.0000
    2.7133E+00   0.00000E+00 0.0000
    2.7918E+00   0.00000E+00 0.0000
    2.8725E+00   0.00000E+00 0.0000
    2.9557E+00   0.00000E+00 0.0000
    3.0412E+00   0.00000E+00 0.0000
    3.1291E+00   0.00000E+00 0.0000
    3.2197E+00   0.00000E+00 0.0000
    3.3128E+00   0.00000E+00 0.0000
    3.4086E+00   0.00000E+00 0.0000
    3.5072E+00   0.00000E+00 0.0000
    3.6087E+00   0.00000E+00 0.0000
    3.7131E+00   0.00000E+00 0.0000
    3.8205E+00   0.00000E+00 0.0000
    3.9311E+00   0.00000E+00 0.0000
    4.0448E+00   0.00000E+00 0.0000
    4.1618E+00   0.00000E+00 0.0000
    4.2822E+00   0.00000E+00 0.0000
    4.4061E+00   0.00000E+00 0.0000
    4.5335E+00   0.00000E+00 0.0000
    4.6647E+00   0.00000E+00 0.0000
    4.7996E+00   0.00000E+00 0.0000
    4.9385E+00   0.00000E+00 0.0000
    5.0814E+00   0.00000E+00 0.0000
    5.2284E+00   0.00000E+00 0.0000
    5.3796E+00   0.00000E+00 0.0000
    5.5352E+00   0.00000E+00 0.0000
    5.6954E+00   0.00000E+00 0.0000
    5.8601E+00   0.00000E+00 0.0000
    6.0297E+00   0.00000E+00 0.0000
    6.2041E+00   0.00000E+00 0.0000
    6.3836E+00   0.00000E+00 0.0000
    6.5683E+00   0.00000E+00 0.0000
    6.7583E+00   0.00000E+00 0.0000
    6.9538E+00   0.00000E+00 0.0000
    7.1550E+00   0.00000E+00 0.0000
    7.3619E+00   0.00000E+00 0.0000
    7.5749E+00   0.00000E+00 0.0000
    7.7941E+00   0.00000E+00 0.0000
    8.0195E+00   0.00000E+00 0.0000
    8.2515E+00   4.45777E-11 0.3287
    8.4902E+00   1.01141E-11 0.7072
    8.7359E+00   2.19767E-10 0.1531
    8.9886E+00   1.61713E-11 0.5782
    9.2486E+00   6.73727E-10 0.0874
    9.5162E+00   9.43571E-11 0.2360
    9.7915E+00   6.21917E-11 0.3039
    1.0075E+01   1.55960E-09 0.0581
    1.0366E+01   1.76819E-10 0.1747
    1.0666E+01   2.79283E-09 0.0438
    1.0975E+01   2.90858E-10 0.1423
    1.1292E+01   4.50117E-09 0.0347
    1.1619E+01   5.30427E-10 0.1015
    1.1955E+01   5.72108E-10 0.0994
    1.2301E+01   1.07573E-07 0.0139
    1.2657E+01   1.39182E-07 0.0095
    1.3023E+01   2.84348E-05 0.0020
    1.3400E+01   1.32170E-05 0.0016
    1.3787E+01   1.70174E-05 0.0015
    1.4186E+01   1.50442E-04 0.0011
    1.4596E+01   2.13921E-05 0.0012
    1.5019E+01   1.25957E-04 0.0010
    1.5453E+01   2.55763E-05 0.0011
    1.5900E+01   1.43301E-04 0.0010
    1.6360E+01   1.86660E-05 0.0011
    1.6834E+01   1.94471E-05 0.0011
    1.7321E+01   1.33878E-04 0.0009
    1.7822E+01   2.26628E-05 0.0010
    1.8337E+01   1.45661E-04 0.0009
    1.8868E+01   1.99373E-05 0.0009
    1.9413E+01   1.99330E-05 0.0009
    1.9975E+01   1.06040E-04 0.0009
    2.0553E+01   1.78060E-05 0.0009
    2.1148E+01   9.92776E-05 0.0009
    2.1759E+01   1.65251E-05 0.0009
    2.2389E+01   1.72362E-05 0.0009
    2.3037E+01   9.63281E-05 0.0008
    2.3703E+01   1.52097E-05 0.0009
    2.4389E+01   7.93464E-05 0.0008
    2.5094E+01   1.22893E-05 0.0009
    2.5820E+01   1.20017E-05 0.0009
    2.6567E+01   6.07522E-05 0.0008
    2.7336E+01   9.27300E-06 0.0009
    2.8127E+01   5.29715E-05 0.0008
    2.8940E+01   8.69838E-06 0.0009
    2.9777E+01   4.84263E-05 0.0008
    3.0639E+01   8.54228E-06 0.0009
    3.1525E+01   7.86790E-06 0.0009
    3.2437E+01   4.52237E-05 0.0008
    3.3376E+01   7.11197E-06 0.0009
    3.4341E+01   4.02980E-05 0.0008
    3.5335E+01   7.31064E-06 0.0009
    3.6357E+01   6.15610E-06 0.0009
    3.7409E+01   3.54698E-05 0.0008
    3.8491E+01   5.45024E-06 0.0009
    3.9604E+01   2.98765E-05 0.0008
    4.0750E+01   5.40014E-06 0.0008
    4.1929E+01   4.40061E-06 0.0009
    4.3142E+01   2.54688E-05 0.0008
    4.4390E+01   3.71787E-06 0.0009
    4.5674E+01   2.10781E-05 0.0008
    4.6996E+01   3.70431E-06 0.0008
    4.8355E+01   2.96921E-06 0.0009
    4.9754E+01   1.78720E-05 0.0008
    5.1193E+01   2.51041E-06 0.0009
    5.2674E+01   1.48186E-05 0.0008
    5.4198E+01   2.56840E-06 0.0008
    5.5766E+01   2.11580E-06 0.0009
    5.7379E+01   1.25774E-05 0.0008
    5.9039E+01   1.71124E-06 0.0009
    6.0747E+01   1.06195E-05 0.0008
    6.2505E+01   1.74576E-06 0.0008
    6.4313E+01   8.68549E-06 0.0008
    6.6174E+01   1.84925E-06 0.0008
    6.8088E+01   1.20629E-06 0.0009
    7.0058E+01   7.72213E-06 0.0008
    7.2084E+01   1.17993E-06 0.0008
    7.4170E+01   6.38573E-06 0.0008
    7.6315E+01   1.26915E-06 0.0008
    7.8523E+01   8.87578E-07 0.0009
    8.0795E+01   5.64891E-06 0.0008
    8.3132E+01   7.93117E-07 0.0009
    8.5537E+01   4.76852E-06 0.0008
    8.8012E+01   8.42453E-07 0.0008
    9.0558E+01   3.96421E-06 0.0008
    9.3178E+01   8.75783E-07 0.0008
    9.5873E+01   5.73138E-07 0.0008
    9.8647E+01   3.58892E-06 0.0008
    1.0150E+02   5.20158E-07 0.0008
    1.0444E+02   3.04045E-06 0.0008
    1.0746E+02   5.25872E-07 0.0008
    1.1057E+02   2.53649E-06 0.0008
    1.1377E+02   5.34168E-07 0.0008
    1.1706E+02   3.67397E-07 0.0008
    1.2044E+02   2.26581E-06 0.0008
    1.2393E+02   3.22064E-07 0.0008
    1.2751E+02   1.92750E-06 0.0008
    1.3120E+02   3.24732E-07 0.0008
    1.3500E+02   1.60504E-06 0.0008
    1.3890E+02   3.33333E-07 0.0008
    1.4292E+02   2.29320E-07 0.0008
    1.4706E+02   1.42885E-06 0.0008
    1.5131E+02   2.05131E-07 0.0008
    1.5569E+02   1.20770E-06 0.0008
    1.6019E+02   2.12504E-07 0.0008
    1.6483E+02   1.00396E-06 0.0008
    1.6959E+02   2.15343E-07 0.0008
    1.7450E+02   1.42533E-07 0.0008
    1.7955E+02   8.97524E-07 0.0008
    1.8474E+02   1.37467E-07 0.0008
    1.9009E+02   7.48697E-07 0.0008
    1.9559E+02   1.45306E-07 0.0008
    2.0124E+02   1.06731E-07 0.0008
    2.0707E+02   6.57511E-07 0.0008
    2.1306E+02   9.32327E-08 0.0008
    2.1922E+02   5.57120E-07 0.0008
    2.2556E+02   9.71011E-08 0.0008
    2.3209E+02   8.40146E-08 0.0008
    2.3880E+02   4.77601E-07 0.0008
    2.4571E+02   6.63078E-08 0.0008
    2.5282E+02   4.13107E-07 0.0008
    2.6013E+02   6.52922E-08 0.0008
    2.6766E+02   3.46233E-07 0.0008
    2.7540E+02   6.85244E-08 0.0008
    2.8337E+02   5.22967E-08 0.0008
    2.9157E+02   3.04972E-07 0.0008
    3.0000E+02   4.45118E-08 0.0008
      total      1.95910E-03 0.0004
 
 cell  501                                                                                                                             
    s(e) (MeV/cm)
    1.0000E+00   0.00000E+00 0.0000
    1.0289E+00   0.00000E+00 0.0000
    1.0587E+00   0.00000E+00 0.0000
    1.0893E+00   0.00000E+00 0.0000
    1.1208E+00   0.00000E+00 0.0000
    1.1533E+00   0.00000E+00 0.0000
    1.1866E+00   0.00000E+00 0.0000
    1.2210E+00   0.00000E+00 0.0000
    1.2563E+00   0.00000E+00 0.0000
    1.2926E+00   0.00000E+00 0.0000
    1.3300E+00   0.00000E+00 0.0000
    1.3685E+00   0.00000E+00 0.0000
    1.4081E+00   0.00000E+00 0.0000
    1.4488E+00   0.00000E+00 0.0000
    1.4907E+00   0.00000E+00 0.0000
    1.5339E+00   0.00000E+00 0.0000
    1.5782E+00   0.00000E+00 0.0000
    1.6239E+00   0.00000E+00 0.0000
    1.6709E+00   0.00000E+00 0.0000
    1.7192E+00   0.00000E+00 0.0000
    1.7689E+00   0.00000E+00 0.0000
    1.8201E+00   0.00000E+00 0.0000
    1.8728E+00   0.00000E+00 0.0000
    1.9269E+00   0.00000E+00 0.0000
    1.9827E+00   0.00000E+00 0.0000
    2.0400E+00   0.00000E+00 0.0000
    2.0991E+00   0.00000E+00 0.0000
    2.1598E+00   0.00000E+00 0.0000
    2.2223E+00   0.00000E+00 0.0000
    2.2866E+00   0.00000E+00 0.0000
    2.3527E+00   0.00000E+00 0.0000
    2.4208E+00   0.00000E+00 0.0000
    2.4908E+00   0.00000E+00 0.0000
    2.5629E+00   0.00000E+00 0.0000
    2.6370E+00   0.00000E+00 0.0000
    2.7133E+00   0.00000E+00 0.0000
    2.7918E+00   0.00000E+00 0.0000
    2.8725E+00   0.00000E+00 0.0000
    2.9557E+00   0.00000E+00 0.0000
    3.0412E+00   0.00000E+00 0.0000
    3.1291E+00   0.00000E+00 0.0000
    3.2197E+00   0.00000E+00 0.0000
    3.3128E+00   0.00000E+00 0.0000
    3.4086E+00   0.00000E+00 0.0000
    3.5072E+00   0.00000E+00 0.0000
    3.6087E+00   0.00000E+00 0.0000
    3.7131E+00   0.00000E+00 0.0000
    3.8205E+00   0.00000E+00 0.0000
    3.9311E+00   0.00000E+00 0.0000
    4.0448E+00   0.00000E+00 0.0000
    4.1618E+00   0.00000E+00 0.0000
    4.2822E+00   0.00000E+00 0.0000
    4.4061E+00   0.00000E+00 0.0000
    4.5335E+00   0.00000E+00 0.0000
    4.6647E+00   0.00000E+00 0.0000
    4.7996E+00   0.00000E+00 0.0000
    4.9385E+00   0.00000E+00 0.0000
    5.0814E+00   0.00000E+00 0.0000
    5.2284E+00   0.00000E+00 0.0000
    5.3796E+00   0.00000E+00 0.0000
    5.5352E+00   0.00000E+00 0.0000
    5.6954E+00   0.00000E+00 0.0000
    5.8601E+00   0.00000E+00 0.0000
    6.0297E+00   0.00000E+00 0.0000
    6.2041E+00   0.00000E+00 0.0000
    6.3836E+00   0.00000E+00 0.0000
    6.5683E+00   0.00000E+00 0.0000
    6.7583E+00   0.00000E+00 0.0000
    6.9538E+00   0.00000E+00 0.0000
    7.1550E+00   0.00000E+00 0.0000
    7.3619E+00   0.00000E+00 0.0000
    7.5749E+00   0.00000E+00 0.0000
    7.7941E+00   0.00000E+00 0.0000
    8.0195E+00   0.00000E+00 0.0000
    8.2515E+00   4.56025E-11 0.3334
    8.4902E+00   6.81933E-12 1.0000
    8.7359E+00   2.17165E-10 0.1540
    8.9886E+00   1.13465E-11 0.7072
    9.2486E+00   7.23521E-10 0.0842
    9.5162E+00   9.62675E-11 0.2366
    9.7915E+00   6.41717E-11 0.2907
    1.0075E+01   1.51278E-09 0.0593
    1.0366E+01   1.29223E-10 0.2024
    1.0666E+01   2.92564E-09 0.0429
    1.0975E+01   3.41855E-10 0.1277
    1.1292E+01   4.36295E-09 0.0352
    1.1619E+01   5.40839E-10 0.1023
    1.1955E+01   6.37504E-10 0.0950
    1.2301E+01   7.18676E-07 0.0071
    1.2657E+01   7.59089E-07 0.0049
    1.3023E+01   6.52459E-05 0.0016
    1.3400E+01   2.10709E-05 0.0014
    1.3787E+01   2.38435E-05 0.0013
    1.4186E+01   1.48954E-04 0.0011
    1.4596E+01   2.12715E-05 0.0012
    1.5019E+01   1.48732E-04 0.0010
    1.5453E+01   2.69277E-05 0.0011
    1.5900E+01   1.39074E-04 0.0009
    1.6360E+01   2.07237E-05 0.0010
    1.6834E+01   2.29403E-05 0.0010
    1.7321E+01   1.59724E-04 0.0009
    1.7822E+01   2.38275E-05 0.0009
    1.8337E+01   1.37145E-04 0.0009
    1.8868E+01   1.80663E-05 0.0009
    1.9413E+01   1.85588E-05 0.0009
    1.9975E+01   1.10853E-04 0.0008
    2.0553E+01   2.06025E-05 0.0009
    2.1148E+01   1.12702E-04 0.0008
    2.1759E+01   1.74324E-05 0.0009
    2.2389E+01   1.76549E-05 0.0009
    2.3037E+01   9.22012E-05 0.0008
    2.3703E+01   1.37453E-05 0.0009
    2.4389E+01   7.21993E-05 0.0008
    2.5094E+01   1.16481E-05 0.0009
    2.5820E+01   1.16511E-05 0.0009
    2.6567E+01   6.28181E-05 0.0008
    2.7336E+01   1.02857E-05 0.0009
    2.8127E+01   6.03307E-05 0.0008
    2.8940E+01   1.00790E-05 0.0009
    2.9777E+01   5.54934E-05 0.0008
    3.0639E+01   9.57121E-06 0.0009
    3.1525E+01   8.70369E-06 0.0009
    3.2437E+01   4.86592E-05 0.0008
    3.3376E+01   7.34195E-06 0.0009
    3.4341E+01   4.05268E-05 0.0008
    3.5335E+01   7.12891E-06 0.0009
    3.6357E+01   5.90642E-06 0.0009
    3.7409E+01   3.35057E-05 0.0008
    3.8491E+01   5.03019E-06 0.0009
    3.9604E+01   2.72684E-05 0.0008
    4.0750E+01   4.87933E-06 0.0009
    4.1929E+01   3.96412E-06 0.0009
    4.3142E+01   2.29033E-05 0.0008
    4.4390E+01   3.34403E-06 0.0009
    4.5674E+01   1.90409E-05 0.0008
    4.6996E+01   3.36438E-06 0.0008
    4.8355E+01   2.71322E-06 0.0009
    4.9754E+01   1.63963E-05 0.0008
    5.1193E+01   2.33121E-06 0.0009
    5.2674E+01   1.38665E-05 0.0008
    5.4198E+01   2.42638E-06 0.0008
    5.5766E+01   2.01594E-06 0.0009
    5.7379E+01   1.20408E-05 0.0008
    5.9039E+01   1.66230E-06 0.0009
    6.0747E+01   1.03680E-05 0.0008
    6.2505E+01   1.72095E-06 0.0008
    6.4313E+01   8.64562E-06 0.0008
    6.6174E+01   1.85112E-06 0.0008
    6.8088E+01   1.21871E-06 0.0009
    7.0058E+01   7.82584E-06 0.0008
    7.2084E+01   1.20497E-06 0.0008
    7.4170E+01   6.56332E-06 0.0008
    7.6315E+01   1.30928E-06 0.0008
    7.8523E+01   9.22576E-07 0.0009
    8.0795E+01   5.87488E-06 0.0008
    8.3132E+01   8.29565E-07 0.0008
    8.5537E+01   5.00642E-06 0.0008
    8.8012E+01   8.87121E-07 0.0008
    9.0558E+01   4.19519E-06 0.0008
    9.3178E+01   9.28587E-07 0.0008
    9.5873E+01   6.10522E-07 0.0008
    9.8647E+01   3.82511E-06 0.0008
    1.0150E+02   5.56304E-07 0.0008
    1.0444E+02   3.25898E-06 0.0008
    1.0746E+02   5.64785E-07 0.0008
    1.1057E+02   2.73115E-06 0.0008
    1.1377E+02   5.76027E-07 0.0008
    1.1706E+02   3.97162E-07 0.0008
    1.2044E+02   2.44972E-06 0.0008
    1.2393E+02   3.48932E-07 0.0008
    1.2751E+02   2.09046E-06 0.0008
    1.3120E+02   3.52752E-07 0.0008
    1.3500E+02   1.74539E-06 0.0008
    1.3890E+02   3.62845E-07 0.0008
    1.4292E+02   2.49807E-07 0.0008
    1.4706E+02   1.55762E-06 0.0008
    1.5131E+02   2.23870E-07 0.0008
    1.5569E+02   1.31875E-06 0.0008
    1.6019E+02   2.32208E-07 0.0008
    1.6483E+02   1.09787E-06 0.0008
    1.6959E+02   2.35568E-07 0.0008
    1.7450E+02   1.56012E-07 0.0008
    1.7955E+02   9.82548E-07 0.0008
    1.8474E+02   1.50624E-07 0.0008
    1.9009E+02   8.20528E-07 0.0008
    1.9559E+02   1.59195E-07 0.0008
    2.0124E+02   1.17084E-07 0.0008
    2.0707E+02   7.21087E-07 0.0008
    2.1306E+02   1.02327E-07 0.0008
    2.1922E+02   6.11394E-07 0.0008
    2.2556E+02   1.06614E-07 0.0008
    2.3209E+02   9.22215E-08 0.0008
    2.3880E+02   5.24493E-07 0.0008
    2.4571E+02   7.28284E-08 0.0008
    2.5282E+02   4.53831E-07 0.0008
    2.6013E+02   7.17694E-08 0.0008
    2.6766E+02   3.80495E-07 0.0008
    2.7540E+02   7.53430E-08 0.0008
    2.8337E+02   5.74859E-08 0.0008
    2.9157E+02   3.35284E-07 0.0008
    3.0000E+02   4.89902E-08 0.0008
      total      2.07206E-03 0.0004
 
 cell  502                                                                                                                             
    s(e) (MeV/cm)
    1.0000E+00   0.00000E+00 0.0000
    1.0289E+00   0.00000E+00 0.0000
    1.0587E+00   0.00000E+00 0.0000
    1.0893E+00   0.00000E+00 0.0000
    1.1208E+00   0.00000E+00 0.0000
    1.1533E+00   0.00000E+00 0.0000
    1.1866E+00   0.00000E+00 0.0000
    1.2210E+00   0.00000E+00 0.0000
    1.2563E+00   0.00000E+00 0.0000
    1.2926E+00   0.00000E+00 0.0000
    1.3300E+00   0.00000E+00 0.0000
    1.3685E+00   0.00000E+00 0.0000
    1.4081E+00   0.00000E+00 0.0000
    1.4488E+00   0.00000E+00 0.0000
    1.4907E+00   0.00000E+00 0.0000
    1.5339E+00   0.00000E+00 0.0000
    1.5782E+00   0.00000E+00 0.0000
    1.6239E+00   0.00000E+00 0.0000
    1.6709E+00   0.00000E+00 0.0000
    1.7192E+00   0.00000E+00 0.0000
    1.7689E+00   0.00000E+00 0.0000
    1.8201E+00   0.00000E+00 0.0000
    1.8728E+00   0.00000E+00 0.0000
    1.9269E+00   0.00000E+00 0.0000
    1.9827E+00   0.00000E+00 0.0000
    2.0400E+00   0.00000E+00 0.0000
    2.0991E+00   0.00000E+00 0.0000
    2.1598E+00   0.00000E+00 0.0000
    2.2223E+00   0.00000E+00 0.0000
    2.2866E+00   0.00000E+00 0.0000
    2.3527E+00   0.00000E+00 0.0000
    2.4208E+00   0.00000E+00 0.0000
    2.4908E+00   0.00000E+00 0.0000
    2.5629E+00   0.00000E+00 0.0000
    2.6370E+00   0.00000E+00 0.0000
    2.7133E+00   0.00000E+00 0.0000
    2.7918E+00   0.00000E+00 0.0000
    2.8725E+00   0.00000E+00 0.0000
    2.9557E+00   0.00000E+00 0.0000
    3.0412E+00   0.00000E+00 0.0000
    3.1291E+00   0.00000E+00 0.0000
    3.2197E+00   0.00000E+00 0.0000
    3.3128E+00   0.00000E+00 0.0000
    3.4086E+00   0.00000E+00 0.0000
    3.5072E+00   0.00000E+00 0.0000
    3.6087E+00   0.00000E+00 0.0000
    3.7131E+00   0.00000E+00 0.0000
    3.8205E+00   0.00000E+00 0.0000
    3.9311E+00   0.00000E+00 0.0000
    4.0448E+00   0.00000E+00 0.0000
    4.1618E+00   0.00000E+00 0.0000
    4.2822E+00   0.00000E+00 0.0000
    4.4061E+00   0.00000E+00 0.0000
    4.5335E+00   0.00000E+00 0.0000
    4.6647E+00   0.00000E+00 0.0000
    4.7996E+00   0.00000E+00 0.0000
    4.9385E+00   0.00000E+00 0.0000
    5.0814E+00   0.00000E+00 0.0000
    5.2284E+00   0.00000E+00 0.0000
    5.3796E+00   0.00000E+00 0.0000
    5.5352E+00   0.00000E+00 0.0000
    5.6954E+00   0.00000E+00 0.0000
    5.8601E+00   0.00000E+00 0.0000
    6.0297E+00   0.00000E+00 0.0000
    6.2041E+00   0.00000E+00 0.0000
    6.3836E+00   0.00000E+00 0.0000
    6.5683E+00   0.00000E+00 0.0000
    6.7583E+00   0.00000E+00 0.0000
    6.9538E+00   0.00000E+00 0.0000
    7.1550E+00   0.00000E+00 0.0000
    7.3619E+00   0.00000E+00 0.0000
    7.5749E+00   0.00000E+00 0.0000
    7.7941E+00   0.00000E+00 0.0000
    8.0195E+00   0.00000E+00 0.0000
    8.2515E+00   5.89738E-11 0.2964
    8.4902E+00   4.95771E-12 1.0000
    8.7359E+00   2.22518E-10 0.1516
    8.9886E+00   1.77171E-11 0.5190
    9.2486E+00   7.46640E-10 0.0831
    9.5162E+00   7.23654E-11 0.2636
    9.7915E+00   7.33760E-11 0.2685
    1.0075E+01   1.46953E-09 0.0600
    1.0366E+01   1.51120E-10 0.1876
    1.0666E+01   2.91886E-09 0.0429
    1.0975E+01   3.78700E-10 0.1218
    1.1292E+01   4.40483E-09 0.0353
    1.1619E+01   8.48921E-10 0.0821
    1.1955E+01   1.24741E-09 0.0690
    1.2301E+01   3.63933E-06 0.0041
    1.2657E+01   2.93763E-06 0.0029
    1.3023E+01   1.15261E-04 0.0013
    1.3400E+01   2.48147E-05 0.0013
    1.3787E+01   2.51076E-05 0.0013
    1.4186E+01   1.43635E-04 0.0010
    1.4596E+01   2.60402E-05 0.0012
    1.5019E+01   1.63751E-04 0.0010
    1.5453E+01   2.50758E-05 0.0011
    1.5900E+01   1.49430E-04 0.0009
    1.6360E+01   2.58488E-05 0.0010
    1.6834E+01   2.80956E-05 0.0010
    1.7321E+01   1.68756E-04 0.0009
    1.7822E+01   2.14746E-05 0.0010
    1.8337E+01   1.28197E-04 0.0008
    1.8868E+01   1.94055E-05 0.0009
    1.9413E+01   2.06490E-05 0.0009
    1.9975E+01   1.27248E-04 0.0008
    2.0553E+01   2.25512E-05 0.0009
    2.1148E+01   1.12135E-04 0.0008
    2.1759E+01   1.58507E-05 0.0009
    2.2389E+01   1.59299E-05 0.0009
    2.3037E+01   8.42403E-05 0.0008
    2.3703E+01   1.33127E-05 0.0009
    2.4389E+01   7.54543E-05 0.0008
    2.5094E+01   1.31033E-05 0.0009
    2.5820E+01   1.33145E-05 0.0009
    2.6567E+01   7.24792E-05 0.0008
    2.7336E+01   1.17132E-05 0.0009
    2.8127E+01   6.65806E-05 0.0008
    2.8940E+01   1.06169E-05 0.0009
    2.9777E+01   5.60012E-05 0.0008
    3.0639E+01   9.23270E-06 0.0009
    3.1525E+01   8.27486E-06 0.0009
    3.2437E+01   4.52153E-05 0.0008
    3.3376E+01   6.64710E-06 0.0009
    3.4341E+01   3.64595E-05 0.0008
    3.5335E+01   6.40111E-06 0.0009
    3.6357E+01   5.31728E-06 0.0009
    3.7409E+01   3.04759E-05 0.0008
    3.8491E+01   4.65179E-06 0.0009
    3.9604E+01   2.56762E-05 0.0008
    4.0750E+01   4.68291E-06 0.0009
    4.1929E+01   3.85620E-06 0.0009
    4.3142E+01   2.26307E-05 0.0008
    4.4390E+01   3.39583E-06 0.0009
    4.5674E+01   1.96108E-05 0.0008
    4.6996E+01   3.52539E-06 0.0008
    4.8355E+01   2.88023E-06 0.0009
    4.9754E+01   1.75084E-05 0.0008
    5.1193E+01   2.53512E-06 0.0009
    5.2674E+01   1.51743E-05 0.0008
    5.4198E+01   2.67469E-06 0.0008
    5.5766E+01   2.23894E-06 0.0009
    5.7379E+01   1.34034E-05 0.0008
    5.9039E+01   1.86488E-06 0.0009
    6.0747E+01   1.16608E-05 0.0008
    6.2505E+01   1.94216E-06 0.0008
    6.4313E+01   9.78270E-06 0.0008
    6.6174E+01   2.09780E-06 0.0008
    6.8088E+01   1.38147E-06 0.0009
    7.0058E+01   8.87588E-06 0.0008
    7.2084E+01   1.36630E-06 0.0008
    7.4170E+01   7.44262E-06 0.0008
    7.6315E+01   1.48430E-06 0.0008
    7.8523E+01   1.04527E-06 0.0008
    8.0795E+01   6.65480E-06 0.0008
    8.3132E+01   9.38440E-07 0.0008
    8.5537E+01   5.66144E-06 0.0008
    8.8012E+01   1.00250E-06 0.0008
    9.0558E+01   4.73485E-06 0.0008
    9.3178E+01   1.04799E-06 0.0008
    9.5873E+01   6.87342E-07 0.0008
    9.8647E+01   4.30755E-06 0.0008
    1.0150E+02   6.25833E-07 0.0008
    1.0444E+02   3.66180E-06 0.0008
    1.0746E+02   6.34523E-07 0.0008
    1.1057E+02   3.06233E-06 0.0008
    1.1377E+02   6.45753E-07 0.0008
    1.1706E+02   4.44107E-07 0.0008
    1.2044E+02   2.74099E-06 0.0008
    1.2393E+02   3.89816E-07 0.0008
    1.2751E+02   2.33406E-06 0.0008
    1.3120E+02   3.93657E-07 0.0008
    1.3500E+02   1.94544E-06 0.0008
    1.3890E+02   4.04055E-07 0.0008
    1.4292E+02   2.78084E-07 0.0008
    1.4706E+02   1.73307E-06 0.0008
    1.5131E+02   2.48815E-07 0.0008
    1.5569E+02   1.46537E-06 0.0008
    1.6019E+02   2.57867E-07 0.0008
    1.6483E+02   1.21849E-06 0.0008
    1.6959E+02   2.61531E-07 0.0008
    1.7450E+02   1.73010E-07 0.0008
    1.7955E+02   1.08962E-06 0.0008
    1.8474E+02   1.66946E-07 0.0008
    1.9009E+02   9.09064E-07 0.0008
    1.9559E+02   1.76397E-07 0.0008
    2.0124E+02   1.29574E-07 0.0008
    2.0707E+02   7.98549E-07 0.0008
    2.1306E+02   1.13198E-07 0.0008
    2.1922E+02   6.76623E-07 0.0008
    2.2556E+02   1.17973E-07 0.0008
    2.3209E+02   1.02025E-07 0.0008
    2.3880E+02   5.80108E-07 0.0008
    2.4571E+02   8.05253E-08 0.0008
    2.5282E+02   5.01763E-07 0.0008
    2.6013E+02   7.93804E-08 0.0008
    2.6766E+02   4.20460E-07 0.0008
    2.7540E+02   8.33206E-08 0.0008
    2.8337E+02   6.34859E-08 0.0008
    2.9157E+02   3.70453E-07 0.0008
    3.0000E+02   5.40983E-08 0.0008
      total      2.19854E-03 0.0004
 
 cell  503                                                                                                                             
    s(e) (MeV/cm)
    1.0000E+00   0.00000E+00 0.0000
    1.0289E+00   0.00000E+00 0.0000
    1.0587E+00   0.00000E+00 0.0000
    1.0893E+00   0.00000E+00 0.0000
    1.1208E+00   0.00000E+00 0.0000
    1.1533E+00   0.00000E+00 0.0000
    1.1866E+00   0.00000E+00 0.0000
    1.2210E+00   0.00000E+00 0.0000
    1.2563E+00   0.00000E+00 0.0000
    1.2926E+00   0.00000E+00 0.0000
    1.3300E+00   0.00000E+00 0.0000
    1.3685E+00   0.00000E+00 0.0000
    1.4081E+00   0.00000E+00 0.0000
    1.4488E+00   0.00000E+00 0.0000
    1.4907E+00   0.00000E+00 0.0000
    1.5339E+00   0.00000E+00 0.0000
    1.5782E+00   0.00000E+00 0.0000
    1.6239E+00   0.00000E+00 0.0000
    1.6709E+00   0.00000E+00 0.0000
    1.7192E+00   0.00000E+00 0.0000
    1.7689E+00   0.00000E+00 0.0000
    1.8201E+00   0.00000E+00 0.0000
    1.8728E+00   0.00000E+00 0.0000
    1.9269E+00   0.00000E+00 0.0000
    1.9827E+00   0.00000E+00 0.0000
    2.0400E+00   0.00000E+00 0.0000
    2.0991E+00   0.00000E+00 0.0000
    2.1598E+00   0.00000E+00 0.0000
    2.2223E+00   0.00000E+00 0.0000
    2.2866E+00   0.00000E+00 0.0000
    2.3527E+00   0.00000E+00 0.0000
    2.4208E+00   0.00000E+00 0.0000
    2.4908E+00   0.00000E+00 0.0000
    2.5629E+00   0.00000E+00 0.0000
    2.6370E+00   0.00000E+00 0.0000
    2.7133E+00   0.00000E+00 0.0000
    2.7918E+00   0.00000E+00 0.0000
    2.8725E+00   0.00000E+00 0.0000
    2.9557E+00   0.00000E+00 0.0000
    3.0412E+00   0.00000E+00 0.0000
    3.1291E+00   0.00000E+00 0.0000
    3.2197E+00   0.00000E+00 0.0000
    3.3128E+00   0.00000E+00 0.0000
    3.4086E+00   0.00000E+00 0.0000
    3.5072E+00   0.00000E+00 0.0000
    3.6087E+00   0.00000E+00 0.0000
    3.7131E+00   0.00000E+00 0.0000
    3.8205E+00   0.00000E+00 0.0000
    3.9311E+00   0.00000E+00 0.0000
    4.0448E+00   0.00000E+00 0.0000
    4.1618E+00   0.00000E+00 0.0000
    4.2822E+00   0.00000E+00 0.0000
    4.4061E+00   0.00000E+00 0.0000
    4.5335E+00   0.00000E+00 0.0000
    4.6647E+00   0.00000E+00 0.0000
    4.7996E+00   0.00000E+00 0.0000
    4.9385E+00   0.00000E+00 0.0000
    5.0814E+00   0.00000E+00 0.0000
    5.2284E+00   0.00000E+00 0.0000
    5.3796E+00   0.00000E+00 0.0000
    5.5352E+00   0.00000E+00 0.0000
    5.6954E+00   0.00000E+00 0.0000
    5.8601E+00   0.00000E+00 0.0000
    6.0297E+00   0.00000E+00 0.0000
    6.2041E+00   0.00000E+00 0.0000
    6.3836E+00   0.00000E+00 0.0000
    6.5683E+00   0.00000E+00 0.0000
    6.7583E+00   0.00000E+00 0.0000
    6.9538E+00   0.00000E+00 0.0000
    7.1550E+00   0.00000E+00 0.0000
    7.3619E+00   0.00000E+00 0.0000
    7.5749E+00   0.00000E+00 0.0000
    7.7941E+00   5.00559E-12 1.0000
    8.0195E+00   0.00000E+00 0.0000
    8.2515E+00   6.49780E-11 0.2824
    8.4902E+00   5.03092E-12 1.0000
    8.7359E+00   1.91132E-10 0.1633
    8.9886E+00   3.59051E-11 0.3780
    9.2486E+00   7.28674E-10 0.0841
    9.5162E+00   4.35006E-11 0.3566
    9.7915E+00   7.30709E-11 0.2704
    1.0075E+01   1.42975E-09 0.0609
    1.0366E+01   1.59544E-10 0.1841
    1.0666E+01   3.00858E-09 0.0422
    1.0975E+01   3.83090E-10 0.1201
    1.1292E+01   5.73865E-09 0.0336
    1.1619E+01   3.28553E-09 0.0497
    1.1955E+01   8.35662E-09 0.0311
    1.2301E+01   1.36308E-05 0.0026
    1.2657E+01   8.14458E-06 0.0020
    1.3023E+01   1.60214E-04 0.0012
    1.3400E+01   2.30283E-05 0.0013
    1.3787E+01   2.22706E-05 0.0012
    1.4186E+01   1.55635E-04 0.0010
    1.4596E+01   3.08128E-05 0.0011
    1.5019E+01   1.62139E-04 0.0010
    1.5453E+01   2.58480E-05 0.0010
    1.5900E+01   1.78679E-04 0.0009
    1.6360E+01   2.86171E-05 0.0010
    1.6834E+01   2.91156E-05 0.0010
    1.7321E+01   1.56934E-04 0.0009
    1.7822E+01   2.03244E-05 0.0009
    1.8337E+01   1.39147E-04 0.0008
    1.8868E+01   2.25788E-05 0.0009
    1.9413E+01   2.36101E-05 0.0009
    1.9975E+01   1.32951E-04 0.0008
    2.0553E+01   2.11353E-05 0.0009
    2.1148E+01   1.01577E-04 0.0008
    2.1759E+01   1.49115E-05 0.0009
    2.2389E+01   1.54350E-05 0.0009
    2.3037E+01   8.86349E-05 0.0008
    2.3703E+01   1.51905E-05 0.0009
    2.4389E+01   8.70128E-05 0.0008
    2.5094E+01   1.48327E-05 0.0009
    2.5820E+01   1.48020E-05 0.0009
    2.6567E+01   7.65871E-05 0.0008
    2.7336E+01   1.15786E-05 0.0009
    2.8127E+01   6.33349E-05 0.0008
    2.8940E+01   9.66977E-06 0.0009
    2.9777E+01   5.03947E-05 0.0008
    3.0639E+01   8.30043E-06 0.0009
    3.1525E+01   7.47124E-06 0.0009
    3.2437E+01   4.15752E-05 0.0008
    3.3376E+01   6.32835E-06 0.0009
    3.4341E+01   3.56444E-05 0.0008
    3.5335E+01   6.47162E-06 0.0009
    3.6357E+01   5.48463E-06 0.0009
    3.7409E+01   3.20706E-05 0.0008
    3.8491E+01   5.04713E-06 0.0009
    3.9604E+01   2.82889E-05 0.0008
    4.0750E+01   5.23675E-06 0.0008
    4.1929E+01   4.33880E-06 0.0009
    4.3142E+01   2.55959E-05 0.0008
    4.4390E+01   3.86065E-06 0.0009
    4.5674E+01   2.22736E-05 0.0008
    4.6996E+01   3.99727E-06 0.0008
    4.8355E+01   3.25603E-06 0.0009
    4.9754E+01   1.97443E-05 0.0008
    5.1193E+01   2.83520E-06 0.0008
    5.2674E+01   1.68909E-05 0.0008
    5.4198E+01   2.96179E-06 0.0008
    5.5766E+01   2.46243E-06 0.0008
    5.7379E+01   1.46987E-05 0.0008
    5.9039E+01   2.02505E-06 0.0008
    6.0747E+01   1.26107E-05 0.0008
    6.2505E+01   2.08586E-06 0.0008
    6.4313E+01   1.04259E-05 0.0008
    6.6174E+01   2.22657E-06 0.0008
    6.8088E+01   1.45558E-06 0.0008
    7.0058E+01   9.32730E-06 0.0008
    7.2084E+01   1.42813E-06 0.0008
    7.4170E+01   7.73537E-06 0.0008
    7.6315E+01   1.53889E-06 0.0008
    7.8523E+01   1.07613E-06 0.0008
    8.0795E+01   6.85007E-06 0.0008
    8.3132E+01   9.61080E-07 0.0008
    8.5537E+01   5.78071E-06 0.0008
    8.8012E+01   1.02121E-06 0.0008
    9.0558E+01   4.80085E-06 0.0008
    9.3178E+01   1.06082E-06 0.0008
    9.5873E+01   6.92825E-07 0.0008
    9.8647E+01   4.34016E-06 0.0008
    1.0150E+02   6.28044E-07 0.0008
    1.0444E+02   3.67016E-06 0.0008
    1.0746E+02   6.34607E-07 0.0008
    1.1057E+02   3.05594E-06 0.0008
    1.1377E+02   6.43721E-07 0.0008
    1.1706E+02   4.41932E-07 0.0008
    1.2044E+02   2.72563E-06 0.0008
    1.2393E+02   3.86942E-07 0.0008
    1.2751E+02   2.31463E-06 0.0008
    1.3120E+02   3.89758E-07 0.0008
    1.3500E+02   1.92458E-06 0.0008
    1.3890E+02   3.99681E-07 0.0008
    1.4292E+02   2.74476E-07 0.0008
    1.4706E+02   1.71123E-06 0.0008
    1.5131E+02   2.45310E-07 0.0008
    1.5569E+02   1.44451E-06 0.0008
    1.6019E+02   2.54087E-07 0.0008
    1.6483E+02   1.19934E-06 0.0008
    1.6959E+02   2.57262E-07 0.0008
    1.7450E+02   1.70094E-07 0.0008
    1.7955E+02   1.07113E-06 0.0008
    1.8474E+02   1.64004E-07 0.0008
    1.9009E+02   8.92707E-07 0.0008
    1.9559E+02   1.73144E-07 0.0008
    2.0124E+02   1.27227E-07 0.0008
    2.0707E+02   7.83297E-07 0.0008
    2.1306E+02   1.11048E-07 0.0008
    2.1922E+02   6.63240E-07 0.0008
    2.2556E+02   1.15618E-07 0.0008
    2.3209E+02   9.99414E-08 0.0008
    2.3880E+02   5.68222E-07 0.0008
    2.4571E+02   7.88512E-08 0.0008
    2.5282E+02   4.91280E-07 0.0008
    2.6013E+02   7.76408E-08 0.0008
    2.6766E+02   4.11495E-07 0.0008
    2.7540E+02   8.14802E-08 0.0008
    2.8337E+02   6.21405E-08 0.0008
    2.9157E+02   3.62357E-07 0.0008
    3.0000E+02   5.29020E-08 0.0008
      total      2.33024E-03 0.0004
 
 cell  504                                                                                                                             
    s(e) (MeV/cm)
    1.0000E+00   0.00000E+00 0.0000
    1.0289E+00   0.00000E+00 0.0000
    1.0587E+00   0.00000E+00 0.0000
    1.0893E+00   0.00000E+00 0.0000
    1.1208E+00   0.00000E+00 0.0000
    1.1533E+00   0.00000E+00 0.0000
    1.1866E+00   0.00000E+00 0.0000
    1.2210E+00   0.00000E+00 0.0000
    1.2563E+00   0.00000E+00 0.0000
    1.2926E+00   0.00000E+00 0.0000
    1.3300E+00   0.00000E+00 0.0000
    1.3685E+00   0.00000E+00 0.0000
    1.4081E+00   0.00000E+00 0.0000
    1.4488E+00   0.00000E+00 0.0000
    1.4907E+00   0.00000E+00 0.0000
    1.5339E+00   0.00000E+00 0.0000
    1.5782E+00   0.00000E+00 0.0000
    1.6239E+00   0.00000E+00 0.0000
    1.6709E+00   0.00000E+00 0.0000
    1.7192E+00   0.00000E+00 0.0000
    1.7689E+00   0.00000E+00 0.0000
    1.8201E+00   0.00000E+00 0.0000
    1.8728E+00   0.00000E+00 0.0000
    1.9269E+00   0.00000E+00 0.0000
    1.9827E+00   0.00000E+00 0.0000
    2.0400E+00   0.00000E+00 0.0000
    2.0991E+00   0.00000E+00 0.0000
    2.1598E+00   0.00000E+00 0.0000
    2.2223E+00   0.00000E+00 0.0000
    2.2866E+00   0.00000E+00 0.0000
    2.3527E+00   0.00000E+00 0.0000
    2.4208E+00   0.00000E+00 0.0000
    2.4908E+00   0.00000E+00 0.0000
    2.5629E+00   0.00000E+00 0.0000
    2.6370E+00   0.00000E+00 0.0000
    2.7133E+00   0.00000E+00 0.0000
    2.7918E+00   0.00000E+00 0.0000
    2.8725E+00   0.00000E+00 0.0000
    2.9557E+00   0.00000E+00 0.0000
    3.0412E+00   0.00000E+00 0.0000
    3.1291E+00   0.00000E+00 0.0000
    3.2197E+00   0.00000E+00 0.0000
    3.3128E+00   0.00000E+00 0.0000
    3.4086E+00   0.00000E+00 0.0000
    3.5072E+00   0.00000E+00 0.0000
    3.6087E+00   0.00000E+00 0.0000
    3.7131E+00   0.00000E+00 0.0000
    3.8205E+00   0.00000E+00 0.0000
    3.9311E+00   0.00000E+00 0.0000
    4.0448E+00   0.00000E+00 0.0000
    4.1618E+00   0.00000E+00 0.0000
    4.2822E+00   0.00000E+00 0.0000
    4.4061E+00   0.00000E+00 0.0000
    4.5335E+00   0.00000E+00 0.0000
    4.6647E+00   0.00000E+00 0.0000
    4.7996E+00   0.00000E+00 0.0000
    4.9385E+00   0.00000E+00 0.0000
    5.0814E+00   0.00000E+00 0.0000
    5.2284E+00   0.00000E+00 0.0000
    5.3796E+00   0.00000E+00 0.0000
    5.5352E+00   0.00000E+00 0.0000
    5.6954E+00   0.00000E+00 0.0000
    5.8601E+00   0.00000E+00 0.0000
    6.0297E+00   0.00000E+00 0.0000
    6.2041E+00   0.00000E+00 0.0000
    6.3836E+00   0.00000E+00 0.0000
    6.5683E+00   0.00000E+00 0.0000
    6.7583E+00   0.00000E+00 0.0000
    6.9538E+00   0.00000E+00 0.0000
    7.1550E+00   0.00000E+00 0.0000
    7.3619E+00   0.00000E+00 0.0000
    7.5749E+00   0.00000E+00 0.0000
    7.7941E+00   5.00544E-12 1.0000
    8.0195E+00   0.00000E+00 0.0000
    8.2515E+00   6.79523E-11 0.2757
    8.4902E+00   0.00000E+00 0.0000
    8.7359E+00   2.09899E-10 0.1539
    8.9886E+00   3.81053E-11 0.3572
    9.2486E+00   7.05010E-10 0.0857
    9.5162E+00   7.77040E-11 0.2552
    9.7915E+00   4.93686E-11 0.3343
    1.0075E+01   1.46883E-09 0.0596
    1.0366E+01   2.84903E-10 0.1398
    1.0666E+01   2.83568E-09 0.0433
    1.0975E+01   3.22131E-10 0.1329
    1.1292E+01   2.14538E-08 0.0255
    1.1619E+01   2.85088E-08 0.0189
    1.1955E+01   7.07943E-08 0.0129
    1.2301E+01   3.83497E-05 0.0019
    1.2657E+01   1.62843E-05 0.0015
    1.3023E+01   1.81736E-04 0.0011
    1.3400E+01   2.06201E-05 0.0012
    1.3787E+01   2.14873E-05 0.0012
    1.4186E+01   1.80487E-04 0.0010
    1.4596E+01   3.07613E-05 0.0011
    1.5019E+01   1.63776E-04 0.0009
    1.5453E+01   3.19335E-05 0.0010
    1.5900E+01   1.99917E-04 0.0009
    1.6360E+01   2.64134E-05 0.0010
    1.6834E+01   2.59776E-05 0.0010
    1.7321E+01   1.50764E-04 0.0008
    1.7822E+01   2.31435E-05 0.0009
    1.8337E+01   1.57796E-04 0.0008
    1.8868E+01   2.31511E-05 0.0009
    1.9413E+01   2.34304E-05 0.0009
    1.9975E+01   1.22288E-04 0.0008
    2.0553E+01   1.92812E-05 0.0009
    2.1148E+01   1.01964E-04 0.0008
    2.1759E+01   1.67282E-05 0.0009
    2.2389E+01   1.75981E-05 0.0009
    2.3037E+01   1.01985E-04 0.0008
    2.3703E+01   1.69636E-05 0.0009
    2.4389E+01   9.10601E-05 0.0008
    2.5094E+01   1.43972E-05 0.0009
    2.5820E+01   1.41084E-05 0.0009
    2.6567E+01   7.02990E-05 0.0008
    2.7336E+01   1.03492E-05 0.0009
    2.8127E+01   5.73287E-05 0.0008
    2.8940E+01   9.03644E-06 0.0009
    2.9777E+01   4.90500E-05 0.0008
    3.0639E+01   8.49986E-06 0.0009
    3.1525E+01   7.77978E-06 0.0009
    3.2437E+01   4.46852E-05 0.0008
    3.3376E+01   7.03347E-06 0.0009
    3.4341E+01   4.01913E-05 0.0008
    3.5335E+01   7.36458E-06 0.0008
    3.6357E+01   6.24699E-06 0.0009
    3.7409E+01   3.63370E-05 0.0008
    3.8491E+01   5.66526E-06 0.0009
    3.9604E+01   3.13634E-05 0.0008
    4.0750E+01   5.73209E-06 0.0008
    4.1929E+01   4.70314E-06 0.0009
    4.3142E+01   2.74262E-05 0.0008
    4.4390E+01   4.05113E-06 0.0008
    4.5674E+01   2.31016E-05 0.0008
    4.6996E+01   4.08943E-06 0.0008
    4.8355E+01   3.29366E-06 0.0008
    4.9754E+01   1.98555E-05 0.0008
    5.1193E+01   2.80525E-06 0.0008
    5.2674E+01   1.66075E-05 0.0008
    5.4198E+01   2.88752E-06 0.0008
    5.5766E+01   2.38480E-06 0.0008
    5.7379E+01   1.41871E-05 0.0008
    5.9039E+01   1.93500E-06 0.0008
    6.0747E+01   1.20147E-05 0.0008
    6.2505E+01   1.97634E-06 0.0008
    6.4313E+01   9.84117E-06 0.0008
    6.6174E+01   2.09670E-06 0.0008
    6.8088E+01   1.36587E-06 0.0008
    7.0058E+01   8.75020E-06 0.0008
    7.2084E+01   1.33544E-06 0.0008
    7.4170E+01   7.22731E-06 0.0008
    7.6315E+01   1.43652E-06 0.0008
    7.8523E+01   1.00315E-06 0.0008
    8.0795E+01   6.38294E-06 0.0008
    8.3132E+01   8.94438E-07 0.0008
    8.5537E+01   5.37740E-06 0.0008
    8.8012E+01   9.49190E-07 0.0008
    9.0558E+01   4.46312E-06 0.0008
    9.3178E+01   9.85778E-07 0.0008
    9.5873E+01   6.44175E-07 0.0008
    9.8647E+01   4.03558E-06 0.0008
    1.0150E+02   5.84045E-07 0.0008
    1.0444E+02   3.41470E-06 0.0008
    1.0746E+02   5.90401E-07 0.0008
    1.1057E+02   2.84524E-06 0.0008
    1.1377E+02   5.99268E-07 0.0008
    1.1706E+02   4.11611E-07 0.0008
    1.2044E+02   2.53927E-06 0.0008
    1.2393E+02   3.60657E-07 0.0008
    1.2751E+02   2.15819E-06 0.0008
    1.3120E+02   3.63497E-07 0.0008
    1.3500E+02   1.79591E-06 0.0008
    1.3890E+02   3.72883E-07 0.0008
    1.4292E+02   2.56296E-07 0.0008
    1.4706E+02   1.59807E-06 0.0008
    1.5131E+02   2.29191E-07 0.0008
    1.5569E+02   1.34961E-06 0.0008
    1.6019E+02   2.37506E-07 0.0008
    1.6483E+02   1.12132E-06 0.0008
    1.6959E+02   2.40482E-07 0.0008
    1.7450E+02   1.59164E-07 0.0008
    1.7955E+02   1.00190E-06 0.0008
    1.8474E+02   1.53450E-07 0.0008
    1.9009E+02   8.35462E-07 0.0008
    1.9559E+02   1.62016E-07 0.0008
    2.0124E+02   1.19084E-07 0.0008
    2.0707E+02   7.33342E-07 0.0008
    2.1306E+02   1.03958E-07 0.0008
    2.1922E+02   6.21155E-07 0.0008
    2.2556E+02   1.08269E-07 0.0008
    2.3209E+02   9.36609E-08 0.0008
    2.3880E+02   5.32313E-07 0.0008
    2.4571E+02   7.39294E-08 0.0008
    2.5282E+02   4.60321E-07 0.0008
    2.6013E+02   7.28011E-08 0.0008
    2.6766E+02   3.85659E-07 0.0008
    2.7540E+02   7.64128E-08 0.0008
    2.8337E+02   5.82359E-08 0.0008
    2.9157E+02   3.39759E-07 0.0008
    3.0000E+02   4.96058E-08 0.0008
      total      2.45481E-03 0.0003
 
 cell union total                                                                                                                      
    s(e) (MeV/cm)
    1.0000E+00   0.00000E+00 0.0000
    1.0289E+00   0.00000E+00 0.0000
    1.0587E+00   0.00000E+00 0.0000
    1.0893E+00   0.00000E+00 0.0000
    1.1208E+00   0.00000E+00 0.0000
    1.1533E+00   0.00000E+00 0.0000
    1.1866E+00   0.00000E+00 0.0000
    1.2210E+00   0.00000E+00 0.0000
    1.2563E+00   0.00000E+00 0.0000
    1.2926E+00   0.00000E+00 0.0000
    1.3300E+00   0.00000E+00 0.0000
    1.3685E+00   0.00000E+00 0.0000
    1.4081E+00   0.00000E+00 0.0000
    1.4488E+00   0.00000E+00 0.0000
    1.4907E+00   0.00000E+00 0.0000
    1.5339E+00   0.00000E+00 0.0000
    1.5782E+00   0.00000E+00 0.0000
    1.6239E+00   0.00000E+00 0.0000
    1.6709E+00   0.00000E+00 0.0000
    1.7192E+00   0.00000E+00 0.0000
    1.7689E+00   0.00000E+00 0.0000
    1.8201E+00   0.00000E+00 0.0000
    1.8728E+00   0.00000E+00 0.0000
    1.9269E+00   0.00000E+00 0.0000
    1.9827E+00   0.00000E+00 0.0000
    2.0400E+00   0.00000E+00 0.0000
    2.0991E+00   0.00000E+00 0.0000
    2.1598E+00   0.00000E+00 0.0000
    2.2223E+00   0.00000E+00 0.0000
    2.2866E+00   0.00000E+00 0.0000
    2.3527E+00   0.00000E+00 0.0000
    2.4208E+00   0.00000E+00 0.0000
    2.4908E+00   0.00000E+00 0.0000
    2.5629E+00   0.00000E+00 0.0000
    2.6370E+00   0.00000E+00 0.0000
    2.7133E+00   0.00000E+00 0.0000
    2.7918E+00   0.00000E+00 0.0000
    2.8725E+00   0.00000E+00 0.0000
    2.9557E+00   0.00000E+00 0.0000
    3.0412E+00   0.00000E+00 0.0000
    3.1291E+00   0.00000E+00 0.0000
    3.2197E+00   0.00000E+00 0.0000
    3.3128E+00   0.00000E+00 0.0000
    3.4086E+00   0.00000E+00 0.0000
    3.5072E+00   0.00000E+00 0.0000
    3.6087E+00   0.00000E+00 0.0000
    3.7131E+00   0.00000E+00 0.0000
    3.8205E+00   0.00000E+00 0.0000
    3.9311E+00   0.00000E+00 0.0000
    4.0448E+00   0.00000E+00 0.0000
    4.1618E+00   0.00000E+00 0.0000
    4.2822E+00   0.00000E+00 0.0000
    4.4061E+00   0.00000E+00 0.0000
    4.5335E+00   0.00000E+00 0.0000
    4.6647E+00   0.00000E+00 0.0000
    4.7996E+00   0.00000E+00 0.0000
    4.9385E+00   0.00000E+00 0.0000
    5.0814E+00   0.00000E+00 0.0000
    5.2284E+00   0.00000E+00 0.0000
    5.3796E+00   0.00000E+00 0.0000
    5.5352E+00   0.00000E+00 0.0000
    5.6954E+00   0.00000E+00 0.0000
    5.8601E+00   0.00000E+00 0.0000
    6.0297E+00   0.00000E+00 0.0000
    6.2041E+00   0.00000E+00 0.0000
    6.3836E+00   0.00000E+00 0.0000
    6.5683E+00   0.00000E+00 0.0000
    6.7583E+00   0.00000E+00 0.0000
    6.9538E+00   0.00000E+00 0.0000
    7.1550E+00   0.00000E+00 0.0000
    7.3619E+00   0.00000E+00 0.0000
    7.5749E+00   0.00000E+00 0.0000
    7.7941E+00   2.00221E-12 1.0000
    8.0195E+00   0.00000E+00 0.0000
    8.2515E+00   5.64168E-11 0.2542
    8.4902E+00   5.38442E-12 0.4512
    8.7359E+00   2.12096E-10 0.1342
    8.9886E+00   2.38491E-11 0.2064
    9.2486E+00   7.15514E-10 0.0718
    9.5162E+00   7.68389E-11 0.1168
    9.7915E+00   6.44358E-11 0.1301
    1.0075E+01   1.48810E-09 0.0490
    1.0366E+01   1.80322E-10 0.0776
    1.0666E+01   2.89632E-09 0.0344
    1.0975E+01   3.43327E-10 0.0574
    1.1292E+01   8.09227E-09 0.0210
    1.1619E+01   6.74290E-09 0.0189
    1.1955E+01   1.63216E-08 0.0131
    1.2301E+01   1.12892E-05 0.0022
    1.2657E+01   5.65296E-06 0.0016
    1.3023E+01   1.10178E-04 0.0012
    1.3400E+01   2.05502E-05 0.0011
    1.3787E+01   2.19453E-05 0.0010
    1.4186E+01   1.55831E-04 0.0009
    1.4596E+01   2.60556E-05 0.0009
    1.5019E+01   1.52871E-04 0.0008
    1.5453E+01   2.70723E-05 0.0008
    1.5900E+01   1.62080E-04 0.0007
    1.6360E+01   2.40538E-05 0.0008
    1.6834E+01   2.51152E-05 0.0008
    1.7321E+01   1.54011E-04 0.0007
    1.7822E+01   2.22866E-05 0.0007
    1.8337E+01   1.41589E-04 0.0007
    1.8868E+01   2.06278E-05 0.0007
    1.9413E+01   2.12362E-05 0.0007
    1.9975E+01   1.19876E-04 0.0007
    2.0553E+01   2.02752E-05 0.0007
    2.1148E+01   1.05531E-04 0.0007
    2.1759E+01   1.62896E-05 0.0007
    2.2389E+01   1.67708E-05 0.0007
    2.3037E+01   9.26778E-05 0.0006
    2.3703E+01   1.48844E-05 0.0006
    2.4389E+01   8.10146E-05 0.0006
    2.5094E+01   1.32541E-05 0.0007
    2.5820E+01   1.31755E-05 0.0007
    2.6567E+01   6.85871E-05 0.0006
    2.7336E+01   1.06399E-05 0.0007
    2.8127E+01   6.01093E-05 0.0006
    2.8940E+01   9.62011E-06 0.0007
    2.9777E+01   5.18731E-05 0.0006
    3.0639E+01   8.82930E-06 0.0006
    3.1525E+01   8.01949E-06 0.0006
    3.2437E+01   4.50717E-05 0.0006
    3.3376E+01   6.89257E-06 0.0006
    3.4341E+01   3.86240E-05 0.0006
    3.5335E+01   6.93537E-06 0.0006
    3.6357E+01   5.82229E-06 0.0006
    3.7409E+01   3.35718E-05 0.0006
    3.8491E+01   5.16892E-06 0.0006
    3.9604E+01   2.84947E-05 0.0006
    4.0750E+01   5.18624E-06 0.0006
    4.1929E+01   4.25258E-06 0.0006
    4.3142E+01   2.48050E-05 0.0006
    4.4390E+01   3.67390E-06 0.0006
    4.5674E+01   2.10210E-05 0.0006
    4.6996E+01   3.73616E-06 0.0006
    4.8355E+01   3.02247E-06 0.0006
    4.9754E+01   1.82753E-05 0.0006
    5.1193E+01   2.60344E-06 0.0006
    5.2674E+01   1.54716E-05 0.0006
    5.4198E+01   2.70376E-06 0.0006
    5.5766E+01   2.24358E-06 0.0006
    5.7379E+01   1.33815E-05 0.0006
    5.9039E+01   1.83969E-06 0.0006
    6.0747E+01   1.14547E-05 0.0006
    6.2505E+01   1.89421E-06 0.0006
    6.4313E+01   9.47618E-06 0.0006
    6.6174E+01   2.02429E-06 0.0006
    6.8088E+01   1.32558E-06 0.0006
    7.0058E+01   8.50027E-06 0.0006
    7.2084E+01   1.30295E-06 0.0006
    7.4170E+01   7.07087E-06 0.0006
    7.6315E+01   1.40763E-06 0.0006
    7.8523E+01   9.86940E-07 0.0006
    8.0795E+01   6.28232E-06 0.0006
    8.3132E+01   8.83328E-07 0.0006
    8.5537E+01   5.31890E-06 0.0006
    8.8012E+01   9.40494E-07 0.0006
    9.0558E+01   4.43164E-06 0.0006
    9.3178E+01   9.79791E-07 0.0006
    9.5873E+01   6.41601E-07 0.0006
    9.8647E+01   4.01947E-06 0.0006
    1.0150E+02   5.82877E-07 0.0006
    1.0444E+02   3.40922E-06 0.0006
    1.0746E+02   5.90037E-07 0.0006
    1.1057E+02   2.84623E-06 0.0006
    1.1377E+02   5.99787E-07 0.0006
    1.1706E+02   4.12442E-07 0.0006
    1.2044E+02   2.54429E-06 0.0006
    1.2393E+02   3.61682E-07 0.0006
    1.2751E+02   2.16497E-06 0.0006
    1.3120E+02   3.64879E-07 0.0006
    1.3500E+02   1.80327E-06 0.0006
    1.3890E+02   3.74559E-07 0.0006
    1.4292E+02   2.57597E-07 0.0006
    1.4706E+02   1.60577E-06 0.0006
    1.5131E+02   2.30463E-07 0.0006
    1.5569E+02   1.35719E-06 0.0006
    1.6019E+02   2.38834E-07 0.0006
    1.6483E+02   1.12820E-06 0.0006
    1.6959E+02   2.42037E-07 0.0006
    1.7450E+02   1.60163E-07 0.0006
    1.7955E+02   1.00855E-06 0.0006
    1.8474E+02   1.54498E-07 0.0006
    1.9009E+02   8.41291E-07 0.0006
    1.9559E+02   1.63211E-07 0.0006
    2.0124E+02   1.19940E-07 0.0006
    2.0707E+02   7.38757E-07 0.0006
    2.1306E+02   1.04753E-07 0.0006
    2.1922E+02   6.25906E-07 0.0006
    2.2556E+02   1.09115E-07 0.0006
    2.3209E+02   9.43727E-08 0.0006
    2.3880E+02   5.36547E-07 0.0006
    2.4571E+02   7.44884E-08 0.0006
    2.5282E+02   4.64060E-07 0.0006
    2.6013E+02   7.33768E-08 0.0006
    2.6766E+02   3.88868E-07 0.0006
    2.7540E+02   7.70162E-08 0.0006
    2.8337E+02   5.87290E-08 0.0006
    2.9157E+02   3.42565E-07 0.0006
    3.0000E+02   5.00216E-08 0.0006
      total      2.20295E-03 0.0004


 ===================================================================================================================================

           results of 10 statistical checks for the estimated answer for the tally fluctuation chart (tfc) bin of tally     8004

 tfc bin     --mean--      ---------relative error---------      ----variance of the variance----      --figure of merit--     -pdf-
 behavior    behavior      value   decrease   decrease rate      value   decrease   decrease rate       value     behavior     slope

 desired      random       <0.10      yes      1/sqrt(nps)       <0.10      yes        1/nps           constant    random      >3.00
 observed     random        0.00      yes          yes            0.00      yes         yes                                    10.00
 passed?        yes          yes      yes          yes             yes      yes         yes                                      yes

 ===================================================================================================================================


 this tally meets the statistical criteria used to form confidence intervals: check the tally fluctuation chart to verify.
 the results in other bins associated with this tally may not meet these statistical criteria.

 ----- estimated confidence intervals:  -----

 estimated asymmetric confidence interval(1,2,3 sigma): 1.9583E-03 to 1.9599E-03; 1.9576E-03 to 1.9606E-03; 1.9568E-03 to 1.9614E-03
 estimated  symmetric confidence interval(1,2,3 sigma): 1.9583E-03 to 1.9599E-03; 1.9576E-03 to 1.9606E-03; 1.9568E-03 to 1.9614E-03

1analysis of the results in the tally fluctuation chart bin (tfc) for tally 8004 with nps = 90000000         print table 160


 normed average tally per history  = 1.95910E-03          unnormed average tally per history  = 4.89775E-03
 estimated tally relative error    = 0.0004               estimated variance of the variance  = 0.0000
 relative error from zero tallies  = 0.0003               relative error from nonzero scores  = 0.0003

 number of nonzero history tallies =    13509045          efficiency for the nonzero tallies  = 0.1501
 history number of largest  tally  =    67960756          largest  unnormalized history tally = 1.11352E-01
 (largest  tally)/(average tally)  = 2.27353E+01          (largest  tally)/(avg nonzero tally)= 3.41257E+00

 (confidence interval shift)/mean  = 0.0000               shifted confidence interval center  = 1.95910E-03


 if the largest  history score sampled so far were to occur on the next history, the tfc bin quantities would change as follows:

      estimated quantities           value at nps           value at nps+1           value(nps+1)/value(nps)-1.

      mean                            1.95910E-03             1.95910E-03                     0.000000
      relative error                  3.88412E-04             3.88412E-04                     0.000000
      variance of the variance        1.69058E-07             1.69058E-07                     0.000000
      shifted center                  1.95910E-03             1.95910E-03                     0.000000
      figure of merit                 0.00000E+00             0.00000E+00                     0.000000

 the estimated slope of the 195 largest  tallies starting at  1.00926E-01 appears to be decreasing at least exponentially.
 the empirical history score probability density function appears to be increasing at the largest  history scores:
 please examine. see print table 161.
 the large score tail of the empirical history score probability density function appears to have no unsampled regions.

 fom = (histories/minute)*(f(x) signal-to-noise ratio)**2 = (0.000E+00)*( 2.714E-01)**2 = (0.000E+00)*(7.365E-02) = 0.000E+00


# ===================================================
# tally 9104
# ===================================================
1tally     9104        nps =    90000000
           tally type 4    track length estimate of particle flux.      units   1/cm**2        
           particle(s): neutrons  photons   electrons protons   deuterons tritons   helions   alphas   

 number of histories used for normalizing tallies =     90000000.00
           this tally is modified by   ft  let

           volumes 
                   cell:      500          501          502          503          504         total                
                         2.50000E+00  2.50000E+00  2.50000E+00  2.50000E+00  2.50000E+00  1.25000E+01
 
 cell  500                                                                                                                             
    s(e) (MeV/cm)
    1.0000E+00   3.64005E-04 0.0002
    1.0289E+00   0.00000E+00 0.0000
    1.0587E+00   0.00000E+00 0.0000
    1.0893E+00   0.00000E+00 0.0000
    1.1208E+00   0.00000E+00 0.0000
    1.1533E+00   0.00000E+00 0.0000
    1.1866E+00   0.00000E+00 0.0000
    1.2210E+00   0.00000E+00 0.0000
    1.2563E+00   0.00000E+00 0.0000
    1.2926E+00   0.00000E+00 0.0000
    1.3300E+00   0.00000E+00 0.0000
    1.3685E+00   0.00000E+00 0.0000
    1.4081E+00   0.00000E+00 0.0000
    1.4488E+00   0.00000E+00 0.0000
    1.4907E+00   0.00000E+00 0.0000
    1.5339E+00   0.00000E+00 0.0000
    1.5782E+00   0.00000E+00 0.0000
    1.6239E+00   0.00000E+00 0.0000
    1.6709E+00   0.00000E+00 0.0000
    1.7192E+00   0.00000E+00 0.0000
    1.7689E+00   0.00000E+00 0.0000
    1.8201E+00   0.00000E+00 0.0000
    1.8728E+00   0.00000E+00 0.0000
    1.9269E+00   0.00000E+00 0.0000
    1.9827E+00   0.00000E+00 0.0000
    2.0400E+00   0.00000E+00 0.0000
    2.0991E+00   0.00000E+00 0.0000
    2.1598E+00   1.17651E-06 0.0033
    2.2223E+00   4.63135E-07 0.0042
    2.2866E+00   2.09133E-07 0.0056
    2.3527E+00   7.42143E-08 0.0079
    2.4208E+00   8.17980E-08 0.0052
    2.4908E+00   3.50530E-08 0.0052
    2.5629E+00   3.23628E-08 0.0051
    2.6370E+00   2.98195E-08 0.0052
    2.7133E+00   2.74551E-08 0.0049
    2.7918E+00   2.55377E-08 0.0051
    2.8725E+00   2.33965E-08 0.0047
    2.9557E+00   2.15566E-08 0.0047
    3.0412E+00   7.64132E-11 0.3314
    3.1291E+00   1.97074E-08 0.0044
    3.2197E+00   1.80600E-08 0.0044
    3.3128E+00   7.58970E-12 0.7689
    3.4086E+00   1.65751E-08 0.0042
    3.5072E+00   1.52408E-08 0.0042
    3.6087E+00   1.63404E-11 0.7430
    3.7131E+00   1.39374E-08 0.0041
    3.8205E+00   1.28158E-08 0.0041
    3.9311E+00   0.00000E+00 0.0000
    4.0448E+00   1.17469E-08 0.0040
    4.1618E+00   0.00000E+00 0.0000
    4.2822E+00   1.07740E-08 0.0039
    4.4061E+00   0.00000E+00 0.0000
    4.5335E+00   9.89406E-09 0.0038
    4.6647E+00   0.00000E+00 0.0000
    4.7996E+00   9.07226E-09 0.0038
    4.9385E+00   8.31504E-09 0.0037
    5.0814E+00   0.00000E+00 0.0000
    5.2284E+00   7.62807E-09 0.0037
    5.3796E+00   0.00000E+00 0.0000
    5.5352E+00   6.99584E-09 0.0036
    5.6954E+00   0.00000E+00 0.0000
    5.8601E+00   0.00000E+00 0.0000
    6.0297E+00   6.42398E-09 0.0035
    6.2041E+00   0.00000E+00 0.0000
    6.3836E+00   5.91046E-09 0.0035
    6.5683E+00   0.00000E+00 0.0000
    6.7583E+00   5.44339E-09 0.0034
    6.9538E+00   0.00000E+00 0.0000
    7.1550E+00   4.99721E-09 0.0034
    7.3619E+00   0.00000E+00 0.0000
    7.5749E+00   4.59805E-09 0.0033
    7.7941E+00   0.00000E+00 0.0000
    8.0195E+00   4.22922E-09 0.0033
    8.2515E+00   4.45777E-11 0.3287
    8.4902E+00   3.91687E-09 0.0037
    8.7359E+00   2.19767E-10 0.1531
    8.9886E+00   1.61713E-11 0.5782
    9.2486E+00   4.26997E-09 0.0141
    9.5162E+00   9.43571E-11 0.2360
    9.7915E+00   3.37817E-09 0.0064
    1.0075E+01   1.55960E-09 0.0581
    1.0366E+01   3.23900E-09 0.0100
    1.0666E+01   2.79283E-09 0.0438
    1.0975E+01   2.90858E-10 0.1423
    1.1292E+01   7.33008E-09 0.0213
    1.1619E+01   5.30427E-10 0.1015
    1.1955E+01   3.18959E-09 0.0180
    1.2301E+01   1.07573E-07 0.0139
    1.2657E+01   1.41603E-07 0.0094
    1.3023E+01   2.84348E-05 0.0020
    1.3400E+01   1.32170E-05 0.0016
    1.3787E+01   1.70196E-05 0.0015
    1.4186E+01   1.50442E-04 0.0011
    1.4596E+01   2.13942E-05 0.0012
    1.5019E+01   1.25957E-04 0.0010
    1.5453E+01   2.55782E-05 0.0011
    1.5900E+01   1.43301E-04 0.0010
    1.6360E+01   1.86660E-05 0.0011
    1.6834E+01   1.94489E-05 0.0011
    1.7321E+01   1.33878E-04 0.0009
    1.7822E+01   2.26645E-05 0.0010
    1.8337E+01   1.45661E-04 0.0009
    1.8868E+01   1.99388E-05 0.0009
    1.9413E+01   1.99330E-05 0.0009
    1.9975E+01   1.06040E-04 0.0009
    2.0553E+01   1.78075E-05 0.0009
    2.1148E+01   9.92780E-05 0.0009
    2.1759E+01   1.65265E-05 0.0009
    2.2389E+01   1.72363E-05 0.0009
    2.3037E+01   9.63300E-05 0.0008
    2.3703E+01   1.52098E-05 0.0009
    2.4389E+01   7.93472E-05 0.0008
    2.5094E+01   1.22907E-05 0.0009
    2.5820E+01   1.20019E-05 0.0009
    2.6567E+01   6.07542E-05 0.0008
    2.7336E+01   9.27315E-06 0.0009
    2.8127E+01   5.29727E-05 0.0008
    2.8940E+01   8.69962E-06 0.0009
    2.9777E+01   4.84279E-05 0.0008
    3.0639E+01   8.54356E-06 0.0009
    3.1525E+01   7.86826E-06 0.0009
    3.2437E+01   4.52273E-05 0.0008
    3.3376E+01   7.11261E-06 0.0009
    3.4341E+01   4.03028E-05 0.0008
    3.5335E+01   7.31250E-06 0.0009
    3.6357E+01   6.15708E-06 0.0009
    3.7409E+01   3.54780E-05 0.0008
    3.8491E+01   5.45167E-06 0.0009
    3.9604E+01   2.98870E-05 0.0008
    4.0750E+01   5.40206E-06 0.0008
    4.1929E+01   4.40257E-06 0.0009
    4.3142E+01   2.54818E-05 0.0008
    4.4390E+01   3.72010E-06 0.0009
    4.5674E+01   2.10927E-05 0.0008
    4.6996E+01   3.70702E-06 0.0008
    4.8355E+01   2.97230E-06 0.0009
    4.9754E+01   1.78875E-05 0.0008
    5.1193E+01   2.51352E-06 0.0009
    5.2674E+01   1.48348E-05 0.0008
    5.4198E+01   2.57133E-06 0.0008
    5.5766E+01   2.11903E-06 0.0009
    5.7379E+01   1.25942E-05 0.0008
    5.9039E+01   1.71438E-06 0.0009
    6.0747E+01   1.06365E-05 0.0008
    6.2505E+01   1.74911E-06 0.0008
    6.4313E+01   8.70180E-06 0.0008
    6.6174E+01   1.85284E-06 0.0008
    6.8088E+01   1.20930E-06 0.0009
    7.0058E+01   7.73895E-06 0.0008
    7.2084E+01   1.18300E-06 0.0008
    7.4170E+01   6.40136E-06 0.0008
    7.6315E+01   1.27279E-06 0.0008
    7.8523E+01   8.89926E-07 0.0009
    8.0795E+01   5.66499E-06 0.0008
    8.3132E+01   7.95382E-07 0.0009
    8.5537E+01   4.78346E-06 0.0008
    8.8012E+01   8.45047E-07 0.0008
    9.0558E+01   3.97770E-06 0.0008
    9.3178E+01   8.78898E-07 0.0008
    9.5873E+01   5.75203E-07 0.0008
    9.8647E+01   3.60237E-06 0.0008
    1.0150E+02   5.22194E-07 0.0008
    1.0444E+02   3.05269E-06 0.0008
    1.0746E+02   5.27979E-07 0.0008
    1.1057E+02   2.54745E-06 0.0008
    1.1377E+02   5.36592E-07 0.0008
    1.1706E+02   3.69331E-07 0.0008
    1.2044E+02   2.27611E-06 0.0008
    1.2393E+02   3.23917E-07 0.0008
    1.2751E+02   1.93667E-06 0.0008
    1.3120E+02   3.26552E-07 0.0008
    1.3500E+02   1.61314E-06 0.0008
    1.3890E+02   3.35390E-07 0.0008
    1.4292E+02   2.30603E-07 0.0008
    1.4706E+02   1.43647E-06 0.0008
    1.5131E+02   2.06407E-07 0.0008
    1.5569E+02   1.21432E-06 0.0008
    1.6019E+02   2.13737E-07 0.0008
    1.6483E+02   1.00976E-06 0.0008
    1.6959E+02   2.16715E-07 0.0008
    1.7450E+02   1.43515E-07 0.0008
    1.7955E+02   9.02863E-07 0.0008
    1.8474E+02   1.38487E-07 0.0008
    1.9009E+02   7.53209E-07 0.0008
    1.9559E+02   1.46289E-07 0.0008
    2.0124E+02   1.07521E-07 0.0008
    2.0707E+02   6.61712E-07 0.0008
    2.1306E+02   9.39980E-08 0.0008
    2.1922E+02   5.60720E-07 0.0008
    2.2556E+02   9.78172E-08 0.0008
    2.3209E+02   8.71551E-08 0.0008
    2.3880E+02   4.78427E-07 0.0008
    2.4571E+02   6.68809E-08 0.0008
    2.5282E+02   4.15960E-07 0.0008
    2.6013E+02   6.59889E-08 0.0008
    2.6766E+02   3.48601E-07 0.0008
    2.7540E+02   6.92633E-08 0.0008
    2.8337E+02   5.28000E-08 0.0008
    2.9157E+02   3.07233E-07 0.0008
    3.0000E+02   4.51792E-08 0.0009
      total      2.32596E-03 0.0003
 
 cell  501                                                                                                                             
    s(e) (MeV/cm)
    1.0000E+00   3.69870E-04 0.0002
    1.0289E+00   0.00000E+00 0.0000
    1.0587E+00   0.00000E+00 0.0000
    1.0893E+00   0.00000E+00 0.0000
    1.1208E+00   0.00000E+00 0.0000
    1.1533E+00   0.00000E+00 0.0000
    1.1866E+00   0.00000E+00 0.0000
    1.2210E+00   0.00000E+00 0.0000
    1.2563E+00   0.00000E+00 0.0000
    1.2926E+00   0.00000E+00 0.0000
    1.3300E+00   0.00000E+00 0.0000
    1.3685E+00   0.00000E+00 0.0000
    1.4081E+00   0.00000E+00 0.0000
    1.4488E+00   0.00000E+00 0.0000
    1.4907E+00   0.00000E+00 0.0000
    1.5339E+00   0.00000E+00 0.0000
    1.5782E+00   0.00000E+00 0.0000
    1.6239E+00   0.00000E+00 0.0000
    1.6709E+00   0.00000E+00 0.0000
    1.7192E+00   0.00000E+00 0.0000
    1.7689E+00   0.00000E+00 0.0000
    1.8201E+00   0.00000E+00 0.0000
    1.8728E+00   0.00000E+00 0.0000
    1.9269E+00   0.00000E+00 0.0000
    1.9827E+00   0.00000E+00 0.0000
    2.0400E+00   0.00000E+00 0.0000
    2.0991E+00   0.00000E+00 0.0000
    2.1598E+00   1.20015E-06 0.0033
    2.2223E+00   4.75114E-07 0.0042
    2.2866E+00   2.15345E-07 0.0056
    2.3527E+00   7.58420E-08 0.0081
    2.4208E+00   8.35085E-08 0.0053
    2.4908E+00   3.57882E-08 0.0052
    2.5629E+00   3.28401E-08 0.0052
    2.6370E+00   3.02863E-08 0.0052
    2.7133E+00   2.78676E-08 0.0048
    2.7918E+00   2.57563E-08 0.0049
    2.8725E+00   2.37008E-08 0.0047
    2.9557E+00   2.17083E-08 0.0046
    3.0412E+00   7.79019E-11 0.3382
    3.1291E+00   1.99010E-08 0.0044
    3.2197E+00   1.82881E-08 0.0043
    3.3128E+00   5.43427E-12 1.0000
    3.4086E+00   1.67892E-08 0.0042
    3.5072E+00   1.54099E-08 0.0042
    3.6087E+00   1.13078E-11 1.0000
    3.7131E+00   1.41445E-08 0.0041
    3.8205E+00   1.29988E-08 0.0041
    3.9311E+00   0.00000E+00 0.0000
    4.0448E+00   1.18935E-08 0.0040
    4.1618E+00   0.00000E+00 0.0000
    4.2822E+00   1.09434E-08 0.0039
    4.4061E+00   0.00000E+00 0.0000
    4.5335E+00   1.00334E-08 0.0038
    4.6647E+00   0.00000E+00 0.0000
    4.7996E+00   9.20505E-09 0.0038
    4.9385E+00   8.46352E-09 0.0037
    5.0814E+00   0.00000E+00 0.0000
    5.2284E+00   7.74838E-09 0.0036
    5.3796E+00   0.00000E+00 0.0000
    5.5352E+00   7.12096E-09 0.0036
    5.6954E+00   0.00000E+00 0.0000
    5.8601E+00   0.00000E+00 0.0000
    6.0297E+00   6.53275E-09 0.0035
    6.2041E+00   0.00000E+00 0.0000
    6.3836E+00   5.99308E-09 0.0035
    6.5683E+00   0.00000E+00 0.0000
    6.7583E+00   5.50463E-09 0.0034
    6.9538E+00   0.00000E+00 0.0000
    7.1550E+00   5.07243E-09 0.0034
    7.3619E+00   0.00000E+00 0.0000
    7.5749E+00   4.66508E-09 0.0033
    7.7941E+00   0.00000E+00 0.0000
    8.0195E+00   4.28420E-09 0.0032
    8.2515E+00   4.56025E-11 0.3334
    8.4902E+00   3.96237E-09 0.0036
    8.7359E+00   2.17165E-10 0.1540
    8.9886E+00   1.13465E-11 0.7072
    9.2486E+00   4.36441E-09 0.0142
    9.5162E+00   9.62675E-11 0.2366
    9.7915E+00   3.42248E-09 0.0062
    1.0075E+01   1.51278E-09 0.0593
    1.0366E+01   3.23577E-09 0.0086
    1.0666E+01   2.92564E-09 0.0429
    1.0975E+01   3.41855E-10 0.1277
    1.1292E+01   7.23556E-09 0.0213
    1.1619E+01   5.40839E-10 0.1023
    1.1955E+01   3.28703E-09 0.0186
    1.2301E+01   7.18676E-07 0.0071
    1.2657E+01   7.61542E-07 0.0049
    1.3023E+01   6.52459E-05 0.0016
    1.3400E+01   2.10709E-05 0.0014
    1.3787E+01   2.38458E-05 0.0013
    1.4186E+01   1.48954E-04 0.0011
    1.4596E+01   2.12736E-05 0.0012
    1.5019E+01   1.48732E-04 0.0010
    1.5453E+01   2.69297E-05 0.0011
    1.5900E+01   1.39074E-04 0.0009
    1.6360E+01   2.07238E-05 0.0010
    1.6834E+01   2.29421E-05 0.0010
    1.7321E+01   1.59724E-04 0.0009
    1.7822E+01   2.38292E-05 0.0009
    1.8337E+01   1.37145E-04 0.0009
    1.8868E+01   1.80679E-05 0.0009
    1.9413E+01   1.85588E-05 0.0009
    1.9975E+01   1.10853E-04 0.0008
    2.0553E+01   2.06040E-05 0.0009
    2.1148E+01   1.12702E-04 0.0008
    2.1759E+01   1.74338E-05 0.0009
    2.2389E+01   1.76549E-05 0.0009
    2.3037E+01   9.22031E-05 0.0008
    2.3703E+01   1.37454E-05 0.0009
    2.4389E+01   7.22001E-05 0.0008
    2.5094E+01   1.16494E-05 0.0009
    2.5820E+01   1.16512E-05 0.0009
    2.6567E+01   6.28203E-05 0.0008
    2.7336E+01   1.02859E-05 0.0009
    2.8127E+01   6.03318E-05 0.0008
    2.8940E+01   1.00803E-05 0.0009
    2.9777E+01   5.54953E-05 0.0008
    3.0639E+01   9.57262E-06 0.0009
    3.1525E+01   8.70420E-06 0.0009
    3.2437E+01   4.86640E-05 0.0008
    3.3376E+01   7.34274E-06 0.0009
    3.4341E+01   4.05327E-05 0.0008
    3.5335E+01   7.13112E-06 0.0009
    3.6357E+01   5.90774E-06 0.0009
    3.7409E+01   3.35157E-05 0.0008
    3.8491E+01   5.03198E-06 0.0009
    3.9604E+01   2.72807E-05 0.0008
    4.0750E+01   4.88160E-06 0.0009
    4.1929E+01   3.96635E-06 0.0009
    4.3142E+01   2.29181E-05 0.0008
    4.4390E+01   3.34659E-06 0.0009
    4.5674E+01   1.90574E-05 0.0008
    4.6996E+01   3.36736E-06 0.0008
    4.8355E+01   2.71663E-06 0.0009
    4.9754E+01   1.64136E-05 0.0008
    5.1193E+01   2.33472E-06 0.0009
    5.2674E+01   1.38846E-05 0.0008
    5.4198E+01   2.42980E-06 0.0008
    5.5766E+01   2.01954E-06 0.0009
    5.7379E+01   1.20599E-05 0.0008
    5.9039E+01   1.66582E-06 0.0009
    6.0747E+01   1.03870E-05 0.0008
    6.2505E+01   1.72465E-06 0.0008
    6.4313E+01   8.66379E-06 0.0008
    6.6174E+01   1.85516E-06 0.0008
    6.8088E+01   1.22201E-06 0.0009
    7.0058E+01   7.84454E-06 0.0008
    7.2084E+01   1.20832E-06 0.0008
    7.4170E+01   6.58060E-06 0.0008
    7.6315E+01   1.31323E-06 0.0008
    7.8523E+01   9.25206E-07 0.0009
    8.0795E+01   5.89243E-06 0.0008
    8.3132E+01   8.32116E-07 0.0008
    8.5537E+01   5.02268E-06 0.0008
    8.8012E+01   8.89972E-07 0.0008
    9.0558E+01   4.20989E-06 0.0008
    9.3178E+01   9.32011E-07 0.0008
    9.5873E+01   6.12766E-07 0.0008
    9.8647E+01   3.83976E-06 0.0008
    1.0150E+02   5.58503E-07 0.0008
    1.0444E+02   3.27230E-06 0.0008
    1.0746E+02   5.67041E-07 0.0008
    1.1057E+02   2.74303E-06 0.0008
    1.1377E+02   5.78665E-07 0.0008
    1.1706E+02   3.99279E-07 0.0008
    1.2044E+02   2.46091E-06 0.0008
    1.2393E+02   3.50953E-07 0.0008
    1.2751E+02   2.10044E-06 0.0008
    1.3120E+02   3.54719E-07 0.0008
    1.3500E+02   1.75419E-06 0.0008
    1.3890E+02   3.65065E-07 0.0008
    1.4292E+02   2.51220E-07 0.0008
    1.4706E+02   1.56585E-06 0.0008
    1.5131E+02   2.25257E-07 0.0008
    1.5569E+02   1.32588E-06 0.0008
    1.6019E+02   2.33549E-07 0.0008
    1.6483E+02   1.10414E-06 0.0008
    1.6959E+02   2.37046E-07 0.0008
    1.7450E+02   1.57077E-07 0.0008
    1.7955E+02   9.88324E-07 0.0008
    1.8474E+02   1.51723E-07 0.0008
    1.9009E+02   8.25415E-07 0.0008
    1.9559E+02   1.60253E-07 0.0008
    2.0124E+02   1.17948E-07 0.0008
    2.0707E+02   7.25614E-07 0.0008
    2.1306E+02   1.03160E-07 0.0008
    2.1922E+02   6.15288E-07 0.0008
    2.2556E+02   1.07384E-07 0.0008
    2.3209E+02   9.56236E-08 0.0008
    2.3880E+02   5.25385E-07 0.0008
    2.4571E+02   7.34541E-08 0.0008
    2.5282E+02   4.56921E-07 0.0008
    2.6013E+02   7.25208E-08 0.0008
    2.6766E+02   3.83060E-07 0.0008
    2.7540E+02   7.61519E-08 0.0008
    2.8337E+02   5.80298E-08 0.0008
    2.9157E+02   3.37742E-07 0.0008
    3.0000E+02   4.97120E-08 0.0008
      total      2.44488E-03 0.0003
 
 cell  502                                                                                                                             
    s(e) (MeV/cm)
    1.0000E+00   3.75492E-04 0.0002
    1.0289E+00   0.00000E+00 0.0000
    1.0587E+00   0.00000E+00 0.0000
    1.0893E+00   0.00000E+00 0.0000
    1.1208E+00   0.00000E+00 0.0000
    1.1533E+00   0.00000E+00 0.0000
    1.1866E+00   0.00000E+00 0.0000
    1.2210E+00   0.00000E+00 0.0000
    1.2563E+00   0.00000E+00 0.0000
    1.2926E+00   0.00000E+00 0.0000
    1.3300E+00   0.00000E+00 0.0000
    1.3685E+00   0.00000E+00 0.0000
    1.4081E+00   0.00000E+00 0.0000
    1.4488E+00   0.00000E+00 0.0000
    1.4907E+00   0.00000E+00 0.0000
    1.5339E+00   0.00000E+00 0.0000
    1.5782E+00   0.00000E+00 0.0000
    1.6239E+00   0.00000E+00 0.0000
    1.6709E+00   0.00000E+00 0.0000
    1.7192E+00   0.00000E+00 0.0000
    1.7689E+00   0.00000E+00 0.0000
    1.8201E+00   0.00000E+00 0.0000
    1.8728E+00   0.00000E+00 0.0000
    1.9269E+00   0.00000E+00 0.0000
    1.9827E+00   0.00000E+00 0.0000
    2.0400E+00   0.00000E+00 0.0000
    2.0991E+00   0.00000E+00 0.0000
    2.1598E+00   1.22853E-06 0.0032
    2.2223E+00   4.81835E-07 0.0042
    2.2866E+00   2.20287E-07 0.0055
    2.3527E+00   7.64349E-08 0.0079
    2.4208E+00   8.41187E-08 0.0051
    2.4908E+00   3.61865E-08 0.0051
    2.5629E+00   3.32648E-08 0.0051
    2.6370E+00   3.07924E-08 0.0053
    2.7133E+00   2.84352E-08 0.0050
    2.7918E+00   2.64266E-08 0.0051
    2.8725E+00   2.41700E-08 0.0048
    2.9557E+00   2.22221E-08 0.0046
    3.0412E+00   8.31133E-11 0.3649
    3.1291E+00   2.03300E-08 0.0043
    3.2197E+00   1.87450E-08 0.0043
    3.3128E+00   5.45836E-12 1.0000
    3.4086E+00   1.71421E-08 0.0042
    3.5072E+00   1.57721E-08 0.0041
    3.6087E+00   1.02840E-11 1.0000
    3.7131E+00   1.44320E-08 0.0040
    3.8205E+00   1.32514E-08 0.0040
    3.9311E+00   0.00000E+00 0.0000
    4.0448E+00   1.21615E-08 0.0039
    4.1618E+00   0.00000E+00 0.0000
    4.2822E+00   1.11539E-08 0.0038
    4.4061E+00   0.00000E+00 0.0000
    4.5335E+00   1.02463E-08 0.0038
    4.6647E+00   0.00000E+00 0.0000
    4.7996E+00   9.38338E-09 0.0037
    4.9385E+00   8.60439E-09 0.0037
    5.0814E+00   0.00000E+00 0.0000
    5.2284E+00   7.88835E-09 0.0036
    5.3796E+00   0.00000E+00 0.0000
    5.5352E+00   7.26491E-09 0.0035
    5.6954E+00   0.00000E+00 0.0000
    5.8601E+00   0.00000E+00 0.0000
    6.0297E+00   6.66497E-09 0.0035
    6.2041E+00   0.00000E+00 0.0000
    6.3836E+00   6.12402E-09 0.0034
    6.5683E+00   0.00000E+00 0.0000
    6.7583E+00   5.63409E-09 0.0034
    6.9538E+00   0.00000E+00 0.0000
    7.1550E+00   5.18205E-09 0.0033
    7.3619E+00   0.00000E+00 0.0000
    7.5749E+00   4.77513E-09 0.0033
    7.7941E+00   0.00000E+00 0.0000
    8.0195E+00   4.39346E-09 0.0032
    8.2515E+00   5.89738E-11 0.2964
    8.4902E+00   4.04939E-09 0.0034
    8.7359E+00   2.22518E-10 0.1516
    8.9886E+00   1.77171E-11 0.5190
    9.2486E+00   4.47046E-09 0.0141
    9.5162E+00   7.23654E-11 0.2636
    9.7915E+00   3.50884E-09 0.0064
    1.0075E+01   1.46953E-09 0.0600
    1.0366E+01   3.32042E-09 0.0090
    1.0666E+01   2.91886E-09 0.0429
    1.0975E+01   3.78700E-10 0.1218
    1.1292E+01   7.33460E-09 0.0212
    1.1619E+01   8.48921E-10 0.0821
    1.1955E+01   3.95967E-09 0.0218
    1.2301E+01   3.63933E-06 0.0041
    1.2657E+01   2.94014E-06 0.0029
    1.3023E+01   1.15261E-04 0.0013
    1.3400E+01   2.48147E-05 0.0013
    1.3787E+01   2.51099E-05 0.0013
    1.4186E+01   1.43635E-04 0.0010
    1.4596E+01   2.60424E-05 0.0012
    1.5019E+01   1.63751E-04 0.0010
    1.5453E+01   2.50778E-05 0.0011
    1.5900E+01   1.49430E-04 0.0009
    1.6360E+01   2.58488E-05 0.0010
    1.6834E+01   2.80975E-05 0.0010
    1.7321E+01   1.68756E-04 0.0009
    1.7822E+01   2.14763E-05 0.0010
    1.8337E+01   1.28197E-04 0.0008
    1.8868E+01   1.94072E-05 0.0009
    1.9413E+01   2.06490E-05 0.0009
    1.9975E+01   1.27248E-04 0.0008
    2.0553E+01   2.25527E-05 0.0009
    2.1148E+01   1.12135E-04 0.0008
    2.1759E+01   1.58522E-05 0.0009
    2.2389E+01   1.59300E-05 0.0009
    2.3037E+01   8.42422E-05 0.0008
    2.3703E+01   1.33128E-05 0.0009
    2.4389E+01   7.54550E-05 0.0008
    2.5094E+01   1.31046E-05 0.0009
    2.5820E+01   1.33146E-05 0.0009
    2.6567E+01   7.24813E-05 0.0008
    2.7336E+01   1.17134E-05 0.0009
    2.8127E+01   6.65819E-05 0.0008
    2.8940E+01   1.06183E-05 0.0009
    2.9777E+01   5.60038E-05 0.0008
    3.0639E+01   9.23431E-06 0.0009
    3.1525E+01   8.27543E-06 0.0009
    3.2437E+01   4.52210E-05 0.0008
    3.3376E+01   6.64815E-06 0.0009
    3.4341E+01   3.64672E-05 0.0008
    3.5335E+01   6.40361E-06 0.0009
    3.6357E+01   5.31888E-06 0.0009
    3.7409E+01   3.04876E-05 0.0008
    3.8491E+01   4.65395E-06 0.0009
    3.9604E+01   2.56904E-05 0.0008
    4.0750E+01   4.68554E-06 0.0009
    4.1929E+01   3.85889E-06 0.0009
    4.3142E+01   2.26477E-05 0.0008
    4.4390E+01   3.39869E-06 0.0009
    4.5674E+01   1.96293E-05 0.0008
    4.6996E+01   3.52879E-06 0.0008
    4.8355E+01   2.88407E-06 0.0009
    4.9754E+01   1.75281E-05 0.0008
    5.1193E+01   2.53891E-06 0.0009
    5.2674E+01   1.51946E-05 0.0008
    5.4198E+01   2.67836E-06 0.0008
    5.5766E+01   2.24291E-06 0.0009
    5.7379E+01   1.34245E-05 0.0008
    5.9039E+01   1.86862E-06 0.0009
    6.0747E+01   1.16816E-05 0.0008
    6.2505E+01   1.94619E-06 0.0008
    6.4313E+01   9.80232E-06 0.0008
    6.6174E+01   2.10216E-06 0.0008
    6.8088E+01   1.38496E-06 0.0008
    7.0058E+01   8.89597E-06 0.0008
    7.2084E+01   1.36989E-06 0.0008
    7.4170E+01   7.46113E-06 0.0008
    7.6315E+01   1.48855E-06 0.0008
    7.8523E+01   1.04805E-06 0.0008
    8.0795E+01   6.67360E-06 0.0008
    8.3132E+01   9.41174E-07 0.0008
    8.5537E+01   5.67875E-06 0.0008
    8.8012E+01   1.00556E-06 0.0008
    9.0558E+01   4.75055E-06 0.0008
    9.3178E+01   1.05165E-06 0.0008
    9.5873E+01   6.89781E-07 0.0008
    9.8647E+01   4.32324E-06 0.0008
    1.0150E+02   6.28258E-07 0.0008
    1.0444E+02   3.67609E-06 0.0008
    1.0746E+02   6.36994E-07 0.0008
    1.1057E+02   3.07511E-06 0.0008
    1.1377E+02   6.48593E-07 0.0008
    1.1706E+02   4.46382E-07 0.0008
    1.2044E+02   2.75299E-06 0.0008
    1.2393E+02   3.92003E-07 0.0008
    1.2751E+02   2.34475E-06 0.0008
    1.3120E+02   3.95756E-07 0.0008
    1.3500E+02   1.95492E-06 0.0008
    1.3890E+02   4.06400E-07 0.0008
    1.4292E+02   2.79626E-07 0.0008
    1.4706E+02   1.74192E-06 0.0008
    1.5131E+02   2.50323E-07 0.0008
    1.5569E+02   1.47305E-06 0.0008
    1.6019E+02   2.59309E-07 0.0008
    1.6483E+02   1.22523E-06 0.0008
    1.6959E+02   2.63136E-07 0.0008
    1.7450E+02   1.74173E-07 0.0008
    1.7955E+02   1.09583E-06 0.0008
    1.8474E+02   1.68157E-07 0.0008
    1.9009E+02   9.14304E-07 0.0008
    1.9559E+02   1.77553E-07 0.0008
    2.0124E+02   1.30515E-07 0.0008
    2.0707E+02   8.03428E-07 0.0008
    2.1306E+02   1.14114E-07 0.0008
    2.1922E+02   6.80810E-07 0.0008
    2.2556E+02   1.18809E-07 0.0008
    2.3209E+02   1.05699E-07 0.0008
    2.3880E+02   5.81091E-07 0.0008
    2.4571E+02   8.12259E-08 0.0008
    2.5282E+02   5.05085E-07 0.0008
    2.6013E+02   8.02285E-08 0.0008
    2.6766E+02   4.23216E-07 0.0008
    2.7540E+02   8.42103E-08 0.0008
    2.8337E+02   6.40892E-08 0.0008
    2.9157E+02   3.73098E-07 0.0008
    3.0000E+02   5.49064E-08 0.0008
      total      2.57708E-03 0.0003
 
 cell  503                                                                                                                             
    s(e) (MeV/cm)
    1.0000E+00   3.80995E-04 0.0002
    1.0289E+00   0.00000E+00 0.0000
    1.0587E+00   0.00000E+00 0.0000
    1.0893E+00   0.00000E+00 0.0000
    1.1208E+00   0.00000E+00 0.0000
    1.1533E+00   0.00000E+00 0.0000
    1.1866E+00   0.00000E+00 0.0000
    1.2210E+00   0.00000E+00 0.0000
    1.2563E+00   0.00000E+00 0.0000
    1.2926E+00   0.00000E+00 0.0000
    1.3300E+00   0.00000E+00 0.0000
    1.3685E+00   0.00000E+00 0.0000
    1.4081E+00   0.00000E+00 0.0000
    1.4488E+00   0.00000E+00 0.0000
    1.4907E+00   0.00000E+00 0.0000
    1.5339E+00   0.00000E+00 0.0000
    1.5782E+00   0.00000E+00 0.0000
    1.6239E+00   0.00000E+00 0.0000
    1.6709E+00   0.00000E+00 0.0000
    1.7192E+00   0.00000E+00 0.0000
    1.7689E+00   0.00000E+00 0.0000
    1.8201E+00   0.00000E+00 0.0000
    1.8728E+00   0.00000E+00 0.0000
    1.9269E+00   0.00000E+00 0.0000
    1.9827E+00   0.00000E+00 0.0000
    2.0400E+00   0.00000E+00 0.0000
    2.0991E+00   0.00000E+00 0.0000
    2.1598E+00   1.24993E-06 0.0032
    2.2223E+00   4.92347E-07 0.0041
    2.2866E+00   2.23591E-07 0.0055
    2.3527E+00   7.84811E-08 0.0079
    2.4208E+00   8.56134E-08 0.0052
    2.4908E+00   3.67300E-08 0.0051
    2.5629E+00   3.38265E-08 0.0051
    2.6370E+00   3.11786E-08 0.0050
    2.7133E+00   2.88662E-08 0.0050
    2.7918E+00   2.66421E-08 0.0048
    2.8725E+00   2.44627E-08 0.0046
    2.9557E+00   2.24945E-08 0.0046
    3.0412E+00   5.23812E-11 0.3687
    3.1291E+00   2.05626E-08 0.0043
    3.2197E+00   1.88836E-08 0.0043
    3.3128E+00   5.46643E-12 1.0000
    3.4086E+00   1.73053E-08 0.0042
    3.5072E+00   1.58626E-08 0.0041
    3.6087E+00   1.06264E-11 1.0000
    3.7131E+00   1.45660E-08 0.0040
    3.8205E+00   1.33604E-08 0.0040
    3.9311E+00   0.00000E+00 0.0000
    4.0448E+00   1.22423E-08 0.0039
    4.1618E+00   0.00000E+00 0.0000
    4.2822E+00   1.12525E-08 0.0038
    4.4061E+00   0.00000E+00 0.0000
    4.5335E+00   1.03092E-08 0.0038
    4.6647E+00   0.00000E+00 0.0000
    4.7996E+00   9.46398E-09 0.0037
    4.9385E+00   8.69181E-09 0.0036
    5.0814E+00   0.00000E+00 0.0000
    5.2284E+00   7.98984E-09 0.0036
    5.3796E+00   0.00000E+00 0.0000
    5.5352E+00   7.33166E-09 0.0035
    5.6954E+00   0.00000E+00 0.0000
    5.8601E+00   0.00000E+00 0.0000
    6.0297E+00   6.72933E-09 0.0035
    6.2041E+00   0.00000E+00 0.0000
    6.3836E+00   6.19126E-09 0.0034
    6.5683E+00   0.00000E+00 0.0000
    6.7583E+00   5.68853E-09 0.0034
    6.9538E+00   0.00000E+00 0.0000
    7.1550E+00   5.22509E-09 0.0033
    7.3619E+00   0.00000E+00 0.0000
    7.5749E+00   4.81594E-09 0.0033
    7.7941E+00   5.00559E-12 1.0000
    8.0195E+00   4.43626E-09 0.0032
    8.2515E+00   6.49780E-11 0.2824
    8.4902E+00   4.10361E-09 0.0034
    8.7359E+00   1.91132E-10 0.1633
    8.9886E+00   3.59051E-11 0.3780
    9.2486E+00   4.50151E-09 0.0139
    9.5162E+00   4.35006E-11 0.3566
    9.7915E+00   3.55034E-09 0.0063
    1.0075E+01   1.42975E-09 0.0609
    1.0366E+01   3.38280E-09 0.0092
    1.0666E+01   3.00858E-09 0.0422
    1.0975E+01   3.83090E-10 0.1201
    1.1292E+01   8.72255E-09 0.0221
    1.1619E+01   3.28553E-09 0.0497
    1.1955E+01   1.11121E-08 0.0234
    1.2301E+01   1.36308E-05 0.0026
    1.2657E+01   8.14712E-06 0.0020
    1.3023E+01   1.60214E-04 0.0012
    1.3400E+01   2.30283E-05 0.0013
    1.3787E+01   2.22730E-05 0.0012
    1.4186E+01   1.55635E-04 0.0010
    1.4596E+01   3.08150E-05 0.0011
    1.5019E+01   1.62139E-04 0.0010
    1.5453E+01   2.58500E-05 0.0010
    1.5900E+01   1.78679E-04 0.0009
    1.6360E+01   2.86171E-05 0.0010
    1.6834E+01   2.91174E-05 0.0010
    1.7321E+01   1.56934E-04 0.0009
    1.7822E+01   2.03261E-05 0.0009
    1.8337E+01   1.39147E-04 0.0008
    1.8868E+01   2.25805E-05 0.0009
    1.9413E+01   2.36101E-05 0.0009
    1.9975E+01   1.32951E-04 0.0008
    2.0553E+01   2.11369E-05 0.0009
    2.1148E+01   1.01577E-04 0.0008
    2.1759E+01   1.49130E-05 0.0009
    2.2389E+01   1.54351E-05 0.0009
    2.3037E+01   8.86368E-05 0.0008
    2.3703E+01   1.51906E-05 0.0009
    2.4389E+01   8.70137E-05 0.0008
    2.5094E+01   1.48341E-05 0.0009
    2.5820E+01   1.48021E-05 0.0009
    2.6567E+01   7.65891E-05 0.0008
    2.7336E+01   1.15788E-05 0.0009
    2.8127E+01   6.33367E-05 0.0008
    2.8940E+01   9.67121E-06 0.0009
    2.9777E+01   5.03979E-05 0.0008
    3.0639E+01   8.30211E-06 0.0009
    3.1525E+01   7.47205E-06 0.0009
    3.2437E+01   4.15822E-05 0.0008
    3.3376E+01   6.32964E-06 0.0009
    3.4341E+01   3.56534E-05 0.0008
    3.5335E+01   6.47438E-06 0.0009
    3.6357E+01   5.48644E-06 0.0009
    3.7409E+01   3.20839E-05 0.0008
    3.8491E+01   5.04951E-06 0.0009
    3.9604E+01   2.83051E-05 0.0008
    4.0750E+01   5.23979E-06 0.0008
    4.1929E+01   4.34178E-06 0.0009
    4.3142E+01   2.56149E-05 0.0008
    4.4390E+01   3.86383E-06 0.0009
    4.5674E+01   2.22940E-05 0.0008
    4.6996E+01   4.00102E-06 0.0008
    4.8355E+01   3.26017E-06 0.0008
    4.9754E+01   1.97657E-05 0.0008
    5.1193E+01   2.83934E-06 0.0008
    5.2674E+01   1.69127E-05 0.0008
    5.4198E+01   2.96569E-06 0.0008
    5.5766E+01   2.46666E-06 0.0008
    5.7379E+01   1.47211E-05 0.0008
    5.9039E+01   2.02911E-06 0.0008
    6.0747E+01   1.26331E-05 0.0008
    6.2505E+01   2.09017E-06 0.0008
    6.4313E+01   1.04472E-05 0.0008
    6.6174E+01   2.23130E-06 0.0008
    6.8088E+01   1.45936E-06 0.0008
    7.0058E+01   9.34907E-06 0.0008
    7.2084E+01   1.43200E-06 0.0008
    7.4170E+01   7.75541E-06 0.0008
    7.6315E+01   1.54347E-06 0.0008
    7.8523E+01   1.07918E-06 0.0008
    8.0795E+01   6.87051E-06 0.0008
    8.3132E+01   9.64028E-07 0.0008
    8.5537E+01   5.79957E-06 0.0008
    8.8012E+01   1.02450E-06 0.0008
    9.0558E+01   4.81784E-06 0.0008
    9.3178E+01   1.06477E-06 0.0008
    9.5873E+01   6.95437E-07 0.0008
    9.8647E+01   4.35699E-06 0.0008
    1.0150E+02   6.30618E-07 0.0008
    1.0444E+02   3.68536E-06 0.0008
    1.0746E+02   6.37248E-07 0.0008
    1.1057E+02   3.06954E-06 0.0008
    1.1377E+02   6.46743E-07 0.0008
    1.1706E+02   4.44358E-07 0.0008
    1.2044E+02   2.73843E-06 0.0008
    1.2393E+02   3.89275E-07 0.0008
    1.2751E+02   2.32604E-06 0.0008
    1.3120E+02   3.91999E-07 0.0008
    1.3500E+02   1.93469E-06 0.0008
    1.3890E+02   4.02182E-07 0.0008
    1.4292E+02   2.76143E-07 0.0008
    1.4706E+02   1.72067E-06 0.0008
    1.5131E+02   2.46931E-07 0.0008
    1.5569E+02   1.45272E-06 0.0008
    1.6019E+02   2.55622E-07 0.0008
    1.6483E+02   1.20656E-06 0.0008
    1.6959E+02   2.58962E-07 0.0008
    1.7450E+02   1.71349E-07 0.0008
    1.7955E+02   1.07777E-06 0.0008
    1.8474E+02   1.65303E-07 0.0008
    1.9009E+02   8.98312E-07 0.0008
    1.9559E+02   1.74381E-07 0.0008
    2.0124E+02   1.28247E-07 0.0008
    2.0707E+02   7.88507E-07 0.0008
    2.1306E+02   1.12046E-07 0.0008
    2.1922E+02   6.67722E-07 0.0008
    2.2556E+02   1.16525E-07 0.0008
    2.3209E+02   1.03876E-07 0.0008
    2.3880E+02   5.69278E-07 0.0008
    2.4571E+02   7.96144E-08 0.0008
    2.5282E+02   4.94842E-07 0.0008
    2.6013E+02   7.85601E-08 0.0008
    2.6766E+02   4.14451E-07 0.0008
    2.7540E+02   8.24675E-08 0.0008
    2.8337E+02   6.27987E-08 0.0008
    2.9157E+02   3.65208E-07 0.0008
    3.0000E+02   5.38038E-08 0.0008
      total      2.71437E-03 0.0003
 
 cell  504                                                                                                                             
    s(e) (MeV/cm)
    1.0000E+00   3.86204E-04 0.0002
    1.0289E+00   0.00000E+00 0.0000
    1.0587E+00   0.00000E+00 0.0000
    1.0893E+00   0.00000E+00 0.0000
    1.1208E+00   0.00000E+00 0.0000
    1.1533E+00   0.00000E+00 0.0000
    1.1866E+00   0.00000E+00 0.0000
    1.2210E+00   0.00000E+00 0.0000
    1.2563E+00   0.00000E+00 0.0000
    1.2926E+00   0.00000E+00 0.0000
    1.3300E+00   0.00000E+00 0.0000
    1.3685E+00   0.00000E+00 0.0000
    1.4081E+00   0.00000E+00 0.0000
    1.4488E+00   0.00000E+00 0.0000
    1.4907E+00   0.00000E+00 0.0000
    1.5339E+00   0.00000E+00 0.0000
    1.5782E+00   0.00000E+00 0.0000
    1.6239E+00   0.00000E+00 0.0000
    1.6709E+00   0.00000E+00 0.0000
    1.7192E+00   0.00000E+00 0.0000
    1.7689E+00   0.00000E+00 0.0000
    1.8201E+00   0.00000E+00 0.0000
    1.8728E+00   0.00000E+00 0.0000
    1.9269E+00   0.00000E+00 0.0000
    1.9827E+00   0.00000E+00 0.0000
    2.0400E+00   0.00000E+00 0.0000
    2.0991E+00   0.00000E+00 0.0000
    2.1598E+00   1.26782E-06 0.0032
    2.2223E+00   4.97099E-07 0.0041
    2.2866E+00   2.27717E-07 0.0055
    2.3527E+00   7.98256E-08 0.0079
    2.4208E+00   8.61432E-08 0.0050
    2.4908E+00   3.70492E-08 0.0051
    2.5629E+00   3.41649E-08 0.0050
    2.6370E+00   3.14911E-08 0.0048
    2.7133E+00   2.90170E-08 0.0047
    2.7918E+00   2.68532E-08 0.0050
    2.8725E+00   2.47734E-08 0.0047
    2.9557E+00   2.29231E-08 0.0051
    3.0412E+00   3.72309E-11 0.4161
    3.1291E+00   2.08775E-08 0.0043
    3.2197E+00   1.91717E-08 0.0043
    3.3128E+00   5.46971E-12 1.0000
    3.4086E+00   1.75676E-08 0.0041
    3.5072E+00   1.61052E-08 0.0041
    3.6087E+00   1.05994E-11 1.0000
    3.7131E+00   1.48010E-08 0.0040
    3.8205E+00   1.35992E-08 0.0040
    3.9311E+00   0.00000E+00 0.0000
    4.0448E+00   1.24498E-08 0.0039
    4.1618E+00   0.00000E+00 0.0000
    4.2822E+00   1.14396E-08 0.0038
    4.4061E+00   0.00000E+00 0.0000
    4.5335E+00   1.05003E-08 0.0037
    4.6647E+00   0.00000E+00 0.0000
    4.7996E+00   9.64351E-09 0.0037
    4.9385E+00   8.86345E-09 0.0036
    5.0814E+00   0.00000E+00 0.0000
    5.2284E+00   8.13072E-09 0.0036
    5.3796E+00   0.00000E+00 0.0000
    5.5352E+00   7.46003E-09 0.0035
    5.6954E+00   0.00000E+00 0.0000
    5.8601E+00   0.00000E+00 0.0000
    6.0297E+00   6.86287E-09 0.0034
    6.2041E+00   0.00000E+00 0.0000
    6.3836E+00   6.30498E-09 0.0034
    6.5683E+00   0.00000E+00 0.0000
    6.7583E+00   5.78957E-09 0.0033
    6.9538E+00   0.00000E+00 0.0000
    7.1550E+00   5.30678E-09 0.0033
    7.3619E+00   0.00000E+00 0.0000
    7.5749E+00   4.90281E-09 0.0032
    7.7941E+00   5.00544E-12 1.0000
    8.0195E+00   4.50719E-09 0.0032
    8.2515E+00   6.79523E-11 0.2757
    8.4902E+00   4.15536E-09 0.0031
    8.7359E+00   2.09899E-10 0.1539
    8.9886E+00   3.81053E-11 0.3572
    9.2486E+00   4.52790E-09 0.0136
    9.5162E+00   7.77040E-11 0.2552
    9.7915E+00   3.57464E-09 0.0055
    1.0075E+01   1.46883E-09 0.0596
    1.0366E+01   3.54977E-09 0.0116
    1.0666E+01   2.83568E-09 0.0433
    1.0975E+01   3.22131E-10 0.1329
    1.1292E+01   2.44705E-08 0.0223
    1.1619E+01   2.85088E-08 0.0189
    1.1955E+01   7.35842E-08 0.0124
    1.2301E+01   3.83497E-05 0.0019
    1.2657E+01   1.62869E-05 0.0015
    1.3023E+01   1.81736E-04 0.0011
    1.3400E+01   2.06201E-05 0.0012
    1.3787E+01   2.14897E-05 0.0012
    1.4186E+01   1.80487E-04 0.0010
    1.4596E+01   3.07635E-05 0.0011
    1.5019E+01   1.63776E-04 0.0009
    1.5453E+01   3.19355E-05 0.0010
    1.5900E+01   1.99917E-04 0.0009
    1.6360E+01   2.64134E-05 0.0010
    1.6834E+01   2.59795E-05 0.0010
    1.7321E+01   1.50764E-04 0.0008
    1.7822E+01   2.31453E-05 0.0009
    1.8337E+01   1.57797E-04 0.0008
    1.8868E+01   2.31527E-05 0.0009
    1.9413E+01   2.34304E-05 0.0009
    1.9975E+01   1.22289E-04 0.0008
    2.0553E+01   1.92828E-05 0.0009
    2.1148E+01   1.01964E-04 0.0008
    2.1759E+01   1.67297E-05 0.0009
    2.2389E+01   1.75982E-05 0.0009
    2.3037E+01   1.01987E-04 0.0008
    2.3703E+01   1.69637E-05 0.0009
    2.4389E+01   9.10608E-05 0.0008
    2.5094E+01   1.43985E-05 0.0009
    2.5820E+01   1.41086E-05 0.0009
    2.6567E+01   7.03013E-05 0.0008
    2.7336E+01   1.03495E-05 0.0009
    2.8127E+01   5.73308E-05 0.0008
    2.8940E+01   9.03804E-06 0.0009
    2.9777E+01   4.90540E-05 0.0008
    3.0639E+01   8.50173E-06 0.0009
    3.1525E+01   7.78073E-06 0.0009
    3.2437E+01   4.46932E-05 0.0008
    3.3376E+01   7.03501E-06 0.0009
    3.4341E+01   4.02018E-05 0.0008
    3.5335E+01   7.36754E-06 0.0008
    3.6357E+01   6.24915E-06 0.0009
    3.7409E+01   3.63519E-05 0.0008
    3.8491E+01   5.66798E-06 0.0009
    3.9604E+01   3.13810E-05 0.0008
    4.0750E+01   5.73531E-06 0.0008
    4.1929E+01   4.70631E-06 0.0008
    4.3142E+01   2.74464E-05 0.0008
    4.4390E+01   4.05440E-06 0.0008
    4.5674E+01   2.31231E-05 0.0008
    4.6996E+01   4.09338E-06 0.0008
    4.8355E+01   3.29793E-06 0.0008
    4.9754E+01   1.98782E-05 0.0008
    5.1193E+01   2.80956E-06 0.0008
    5.2674E+01   1.66308E-05 0.0008
    5.4198E+01   2.89175E-06 0.0008
    5.5766E+01   2.38931E-06 0.0008
    5.7379E+01   1.42111E-05 0.0008
    5.9039E+01   1.93925E-06 0.0008
    6.0747E+01   1.20386E-05 0.0008
    6.2505E+01   1.98089E-06 0.0008
    6.4313E+01   9.86358E-06 0.0008
    6.6174E+01   2.10170E-06 0.0008
    6.8088E+01   1.36983E-06 0.0008
    7.0058E+01   8.77320E-06 0.0008
    7.2084E+01   1.33946E-06 0.0008
    7.4170E+01   7.24843E-06 0.0008
    7.6315E+01   1.44132E-06 0.0008
    7.8523E+01   1.00636E-06 0.0008
    8.0795E+01   6.40430E-06 0.0008
    8.3132E+01   8.97581E-07 0.0008
    8.5537E+01   5.39714E-06 0.0008
    8.8012E+01   9.52650E-07 0.0008
    9.0558E+01   4.48096E-06 0.0008
    9.3178E+01   9.89942E-07 0.0008
    9.5873E+01   6.46974E-07 0.0008
    9.8647E+01   4.05329E-06 0.0008
    1.0150E+02   5.86844E-07 0.0008
    1.0444E+02   3.43074E-06 0.0008
    1.0746E+02   5.93210E-07 0.0008
    1.1057E+02   2.85968E-06 0.0008
    1.1377E+02   6.02470E-07 0.0008
    1.1706E+02   4.14201E-07 0.0008
    1.2044E+02   2.55278E-06 0.0008
    1.2393E+02   3.63142E-07 0.0008
    1.2751E+02   2.17027E-06 0.0008
    1.3120E+02   3.65851E-07 0.0008
    1.3500E+02   1.80661E-06 0.0008
    1.3890E+02   3.75534E-07 0.0008
    1.4292E+02   2.58083E-07 0.0008
    1.4706E+02   1.60804E-06 0.0008
    1.5131E+02   2.30937E-07 0.0008
    1.5569E+02   1.35825E-06 0.0008
    1.6019E+02   2.39131E-07 0.0008
    1.6483E+02   1.12896E-06 0.0008
    1.6959E+02   2.42280E-07 0.0008
    1.7450E+02   1.60520E-07 0.0008
    1.7955E+02   1.00888E-06 0.0008
    1.8474E+02   1.54846E-07 0.0008
    1.9009E+02   8.41368E-07 0.0008
    1.9559E+02   1.63315E-07 0.0008
    2.0124E+02   1.20187E-07 0.0008
    2.0707E+02   7.38833E-07 0.0008
    2.1306E+02   1.05041E-07 0.0008
    2.1922E+02   6.25877E-07 0.0008
    2.2556E+02   1.09235E-07 0.0008
    2.3209E+02   9.78239E-08 0.0008
    2.3880E+02   5.33454E-07 0.0008
    2.4571E+02   7.47522E-08 0.0008
    2.5282E+02   4.64089E-07 0.0008
    2.6013E+02   7.38157E-08 0.0008
    2.6766E+02   3.88775E-07 0.0008
    2.7540E+02   7.75081E-08 0.0008
    2.8337E+02   5.89535E-08 0.0008
    2.9157E+02   3.42777E-07 0.0008
    3.0000E+02   5.06104E-08 0.0008
      total      2.84422E-03 0.0003
 
 cell union total                                                                                                                      
    s(e) (MeV/cm)
    1.0000E+00   3.75313E-04 0.0002
    1.0289E+00   0.00000E+00 0.0000
    1.0587E+00   0.00000E+00 0.0000
    1.0893E+00   0.00000E+00 0.0000
    1.1208E+00   0.00000E+00 0.0000
    1.1533E+00   0.00000E+00 0.0000
    1.1866E+00   0.00000E+00 0.0000
    1.2210E+00   0.00000E+00 0.0000
    1.2563E+00   0.00000E+00 0.0000
    1.2926E+00   0.00000E+00 0.0000
    1.3300E+00   0.00000E+00 0.0000
    1.3685E+00   0.00000E+00 0.0000
    1.4081E+00   0.00000E+00 0.0000
    1.4488E+00   0.00000E+00 0.0000
    1.4907E+00   0.00000E+00 0.0000
    1.5339E+00   0.00000E+00 0.0000
    1.5782E+00   0.00000E+00 0.0000
    1.6239E+00   0.00000E+00 0.0000
    1.6709E+00   0.00000E+00 0.0000
    1.7192E+00   0.00000E+00 0.0000
    1.7689E+00   0.00000E+00 0.0000
    1.8201E+00   0.00000E+00 0.0000
    1.8728E+00   0.00000E+00 0.0000
    1.9269E+00   0.00000E+00 0.0000
    1.9827E+00   0.00000E+00 0.0000
    2.0400E+00   0.00000E+00 0.0000
    2.0991E+00   0.00000E+00 0.0000
    2.1598E+00   1.22459E-06 0.0022
    2.2223E+00   4.81906E-07 0.0026
    2.2866E+00   2.19215E-07 0.0034
    2.3527E+00   7.69596E-08 0.0048
    2.4208E+00   8.42363E-08 0.0028
    2.4908E+00   3.61614E-08 0.0027
    2.5629E+00   3.32918E-08 0.0027
    2.6370E+00   3.07136E-08 0.0027
    2.7133E+00   2.83282E-08 0.0025
    2.7918E+00   2.62432E-08 0.0027
    2.8725E+00   2.41007E-08 0.0024
    2.9557E+00   2.21809E-08 0.0025
    3.0412E+00   6.54081E-11 0.3103
    3.1291E+00   2.02757E-08 0.0021
    3.2197E+00   1.86297E-08 0.0022
    3.3128E+00   5.88370E-12 0.9291
    3.4086E+00   1.70758E-08 0.0021
    3.5072E+00   1.56781E-08 0.0021
    3.6087E+00   1.18316E-11 0.9112
    3.7131E+00   1.43762E-08 0.0020
    3.8205E+00   1.32051E-08 0.0021
    3.9311E+00   0.00000E+00 0.0000
    4.0448E+00   1.20988E-08 0.0020
    4.1618E+00   0.00000E+00 0.0000
    4.2822E+00   1.11127E-08 0.0020
    4.4061E+00   0.00000E+00 0.0000
    4.5335E+00   1.01967E-08 0.0019
    4.6647E+00   0.00000E+00 0.0000
    4.7996E+00   9.35364E-09 0.0019
    4.9385E+00   8.58764E-09 0.0019
    5.0814E+00   0.00000E+00 0.0000
    5.2284E+00   7.87707E-09 0.0019
    5.3796E+00   0.00000E+00 0.0000
    5.5352E+00   7.23468E-09 0.0019
    5.6954E+00   0.00000E+00 0.0000
    5.8601E+00   0.00000E+00 0.0000
    6.0297E+00   6.64278E-09 0.0019
    6.2041E+00   0.00000E+00 0.0000
    6.3836E+00   6.10476E-09 0.0019
    6.5683E+00   0.00000E+00 0.0000
    6.7583E+00   5.61204E-09 0.0018
    6.9538E+00   0.00000E+00 0.0000
    7.1550E+00   5.15671E-09 0.0018
    7.3619E+00   0.00000E+00 0.0000
    7.5749E+00   4.75140E-09 0.0018
    7.7941E+00   2.00221E-12 1.0000
    8.0195E+00   4.37007E-09 0.0018
    8.2515E+00   5.64168E-11 0.2542
    8.4902E+00   4.03752E-09 0.0019
    8.7359E+00   2.12096E-10 0.1342
    8.9886E+00   2.38491E-11 0.2064
    9.2486E+00   4.42685E-09 0.0117
    9.5162E+00   7.68389E-11 0.1168
    9.7915E+00   3.48689E-09 0.0030
    1.0075E+01   1.48810E-09 0.0490
    1.0366E+01   3.34555E-09 0.0045
    1.0666E+01   2.89632E-09 0.0344
    1.0975E+01   3.43327E-10 0.0574
    1.1292E+01   1.10187E-08 0.0154
    1.1619E+01   6.74290E-09 0.0189
    1.1955E+01   1.90265E-08 0.0112
    1.2301E+01   1.12892E-05 0.0022
    1.2657E+01   5.65547E-06 0.0016
    1.3023E+01   1.10178E-04 0.0012
    1.3400E+01   2.05502E-05 0.0011
    1.3787E+01   2.19476E-05 0.0010
    1.4186E+01   1.55831E-04 0.0009
    1.4596E+01   2.60577E-05 0.0009
    1.5019E+01   1.52871E-04 0.0008
    1.5453E+01   2.70742E-05 0.0008
    1.5900E+01   1.62080E-04 0.0007
    1.6360E+01   2.40538E-05 0.0008
    1.6834E+01   2.51171E-05 0.0008
    1.7321E+01   1.54011E-04 0.0007
    1.7822E+01   2.22883E-05 0.0007
    1.8337E+01   1.41589E-04 0.0007
    1.8868E+01   2.06294E-05 0.0007
    1.9413E+01   2.12363E-05 0.0007
    1.9975E+01   1.19876E-04 0.0007
    2.0553E+01   2.02768E-05 0.0007
    2.1148E+01   1.05531E-04 0.0007
    2.1759E+01   1.62911E-05 0.0007
    2.2389E+01   1.67709E-05 0.0007
    2.3037E+01   9.26797E-05 0.0006
    2.3703E+01   1.48845E-05 0.0006
    2.4389E+01   8.10154E-05 0.0006
    2.5094E+01   1.32555E-05 0.0007
    2.5820E+01   1.31757E-05 0.0007
    2.6567E+01   6.85892E-05 0.0006
    2.7336E+01   1.06402E-05 0.0007
    2.8127E+01   6.01108E-05 0.0006
    2.8940E+01   9.62149E-06 0.0007
    2.9777E+01   5.18758E-05 0.0006
    3.0639E+01   8.83087E-06 0.0006
    3.1525E+01   8.02013E-06 0.0006
    3.2437E+01   4.50775E-05 0.0006
    3.3376E+01   6.89363E-06 0.0006
    3.4341E+01   3.86316E-05 0.0006
    3.5335E+01   6.93783E-06 0.0006
    3.6357E+01   5.82386E-06 0.0006
    3.7409E+01   3.35834E-05 0.0006
    3.8491E+01   5.17102E-06 0.0006
    3.9604E+01   2.85088E-05 0.0006
    4.0750E+01   5.18886E-06 0.0006
    4.1929E+01   4.25518E-06 0.0006
    4.3142E+01   2.48218E-05 0.0006
    4.4390E+01   3.67672E-06 0.0006
    4.5674E+01   2.10393E-05 0.0006
    4.6996E+01   3.73951E-06 0.0006
    4.8355E+01   3.02622E-06 0.0006
    4.9754E+01   1.82946E-05 0.0006
    5.1193E+01   2.60721E-06 0.0006
    5.2674E+01   1.54915E-05 0.0006
    5.4198E+01   2.70739E-06 0.0006
    5.5766E+01   2.24749E-06 0.0006
    5.7379E+01   1.34022E-05 0.0006
    5.9039E+01   1.84344E-06 0.0006
    6.0747E+01   1.14754E-05 0.0006
    6.2505E+01   1.89820E-06 0.0006
    6.4313E+01   9.49573E-06 0.0006
    6.6174E+01   2.02863E-06 0.0006
    6.8088E+01   1.32909E-06 0.0006
    7.0058E+01   8.52034E-06 0.0006
    7.2084E+01   1.30654E-06 0.0006
    7.4170E+01   7.08939E-06 0.0006
    7.6315E+01   1.41187E-06 0.0006
    7.8523E+01   9.89743E-07 0.0006
    8.0795E+01   6.30117E-06 0.0006
    8.3132E+01   8.86056E-07 0.0006
    8.5537E+01   5.33632E-06 0.0006
    8.8012E+01   9.43544E-07 0.0006
    9.0558E+01   4.44739E-06 0.0006
    9.3178E+01   9.83454E-07 0.0006
    9.5873E+01   6.44032E-07 0.0006
    9.8647E+01   4.03513E-06 0.0006
    1.0150E+02   5.85283E-07 0.0006
    1.0444E+02   3.42344E-06 0.0006
    1.0746E+02   5.92495E-07 0.0006
    1.1057E+02   2.85896E-06 0.0006
    1.1377E+02   6.02613E-07 0.0006
    1.1706E+02   4.14710E-07 0.0006
    1.2044E+02   2.55624E-06 0.0006
    1.2393E+02   3.63858E-07 0.0006
    1.2751E+02   2.17563E-06 0.0006
    1.3120E+02   3.66975E-07 0.0006
    1.3500E+02   1.81271E-06 0.0006
    1.3890E+02   3.76914E-07 0.0006
    1.4292E+02   2.59135E-07 0.0006
    1.4706E+02   1.61459E-06 0.0006
    1.5131E+02   2.31971E-07 0.0006
    1.5569E+02   1.36484E-06 0.0006
    1.6019E+02   2.40270E-07 0.0006
    1.6483E+02   1.13493E-06 0.0006
    1.6959E+02   2.43628E-07 0.0006
    1.7450E+02   1.61327E-07 0.0006
    1.7955E+02   1.01473E-06 0.0006
    1.8474E+02   1.55703E-07 0.0006
    1.9009E+02   8.46522E-07 0.0006
    1.9559E+02   1.64358E-07 0.0006
    2.0124E+02   1.20884E-07 0.0006
    2.0707E+02   7.43619E-07 0.0006
    2.1306E+02   1.05672E-07 0.0006
    2.1922E+02   6.30083E-07 0.0006
    2.2556E+02   1.09954E-07 0.0006
    2.3209E+02   9.80356E-08 0.0006
    2.3880E+02   5.37527E-07 0.0006
    2.4571E+02   7.51855E-08 0.0006
    2.5282E+02   4.67379E-07 0.0006
    2.6013E+02   7.42228E-08 0.0006
    2.6766E+02   3.91621E-07 0.0006
    2.7540E+02   7.79202E-08 0.0006
    2.8337E+02   5.93343E-08 0.0006
    2.9157E+02   3.45212E-07 0.0006
    3.0000E+02   5.08424E-08 0.0006
      total      2.58130E-03 0.0003


 ===================================================================================================================================

           results of 10 statistical checks for the estimated answer for the tally fluctuation chart (tfc) bin of tally     9104

 tfc bin     --mean--      ---------relative error---------      ----variance of the variance----      --figure of merit--     -pdf-
 behavior    behavior      value   decrease   decrease rate      value   decrease   decrease rate       value     behavior     slope

 desired      random       <0.10      yes      1/sqrt(nps)       <0.10      yes        1/nps           constant    random      >3.00
 observed     random        0.00      yes          yes            0.00      yes         yes                                    10.00
 passed?        yes          yes      yes          yes             yes      yes         yes                                      yes

 ===================================================================================================================================


 this tally meets the statistical criteria used to form confidence intervals: check the tally fluctuation chart to verify.
 the results in other bins associated with this tally may not meet these statistical criteria.

 ----- estimated confidence intervals:  -----

 estimated asymmetric confidence interval(1,2,3 sigma): 2.3252E-03 to 2.3267E-03; 2.3244E-03 to 2.3275E-03; 2.3236E-03 to 2.3283E-03
 estimated  symmetric confidence interval(1,2,3 sigma): 2.3252E-03 to 2.3267E-03; 2.3244E-03 to 2.3275E-03; 2.3236E-03 to 2.3283E-03

1analysis of the results in the tally fluctuation chart bin (tfc) for tally 9104 with nps = 90000000         print table 160


 normed average tally per history  = 2.32596E-03          unnormed average tally per history  = 5.81490E-03
 estimated tally relative error    = 0.0003               estimated variance of the variance  = 0.0000
 relative error from zero tallies  = 0.0001               relative error from nonzero scores  = 0.0003

 number of nonzero history tallies =    36256584          efficiency for the nonzero tallies  = 0.4029
 history number of largest  tally  =    78169026          largest  unnormalized history tally = 1.68889E-01
 (largest  tally)/(average tally)  = 2.90441E+01          (largest  tally)/(avg nonzero tally)= 1.17005E+01

 (confidence interval shift)/mean  = 0.0000               shifted confidence interval center  = 2.32596E-03


 if the largest  history score sampled so far were to occur on the next history, the tfc bin quantities would change as follows:

      estimated quantities           value at nps           value at nps+1           value(nps+1)/value(nps)-1.

      mean                            2.32596E-03             2.32596E-03                     0.000000
      relative error                  3.37689E-04             3.37689E-04                     0.000000
      variance of the variance        1.66415E-07             1.66416E-07                     0.000002
      shifted center                  2.32596E-03             2.32596E-03                     0.000000
      figure of merit                 0.00000E+00             0.00000E+00                     0.000000

 the estimated slope of the 198 largest  tallies starting at  1.39324E-01 appears to be decreasing at least exponentially.
 the empirical history score probability density function appears to be increasing at the largest  history scores:
 please examine. see print table 161.
 the large score tail of the empirical history score probability density function appears to have no unsampled regions.

 fom = (histories/minute)*(f(x) signal-to-noise ratio)**2 = (0.000E+00)*( 3.121E-01)**2 = (0.000E+00)*(9.744E-02) = 0.000E+00

1    some tally scores were not made for various reasons:

                                  beyond last bin     not in
                   tally       user  segment   mult   angle   energy   time             
                   1004          0       0       0       0********       0
                   8004          0       0       0       0********       0
                   8204          0       0       0       0********       0
                   9204          0       0       0       0********       0
                   8104          0       0       0       0********       0
                   9104          0       0       0       0********       0

1status of the statistical checks used to form confidence intervals for the mean for each tally bin


 tally   result of statistical checks for the tfc bin (the first check not passed is listed) and error magnitude check for all bins

     1006   passed the 10 statistical checks for the tally fluctuation chart bin result               
         passed all bin error check:   205 tally bins all have relative errors less than 0.10 with no zero bins

     8006   passed the 10 statistical checks for the tally fluctuation chart bin result               
         passed all bin error check:     6 tally bins all have relative errors less than 0.10 with no zero bins

       24   missed  1 of 10 tfc bin checks: the estimated mean has a trend during the last half of the problem                        
         missed all bin error check:   615 tally bins had    67 bins with zeros and     2 bins with relative errors exceeding 0.10

       26   passed the 10 statistical checks for the tally fluctuation chart bin result               
         missed all bin error check:   615 tally bins had    67 bins with zeros and     2 bins with relative errors exceeding 0.10

       34   missed  1 of 10 tfc bin checks: the estimated mean has a trend during the last half of the problem                        
         passed all bin error check:   205 tally bins all have relative errors less than 0.10 with no zero bins

       36   passed the 10 statistical checks for the tally fluctuation chart bin result               
         passed all bin error check:   205 tally bins all have relative errors less than 0.10 with no zero bins

      124   passed the 10 statistical checks for the tally fluctuation chart bin result               
         passed all bin error check:    18 tally bins all have relative errors less than 0.10 with no zero bins

      126   passed the 10 statistical checks for the tally fluctuation chart bin result               
         passed all bin error check:    18 tally bins all have relative errors less than 0.10 with no zero bins

      134   passed the 10 statistical checks for the tally fluctuation chart bin result               
         passed all bin error check:     6 tally bins all have relative errors less than 0.10 with no zero bins

      136   passed the 10 statistical checks for the tally fluctuation chart bin result               
         passed all bin error check:     6 tally bins all have relative errors less than 0.10 with no zero bins

     1004   missed  1 of 10 tfc bin checks: the estimated mean has a trend during the last half of the problem                        
         missed all bin error check: 41410 tally bins had 14200 bins with zeros and  1387 bins with relative errors exceeding 0.10

     4004   missed  1 of 10 tfc bin checks: the estimated mean has a trend during the last half of the problem                        
         missed all bin error check:   615 tally bins had    67 bins with zeros and     2 bins with relative errors exceeding 0.10

     8004   passed the 10 statistical checks for the tally fluctuation chart bin result               
         missed all bin error check:  1212 tally bins had   442 bins with zeros and    50 bins with relative errors exceeding 0.10

     8014   passed the 10 statistical checks for the tally fluctuation chart bin result               
         passed all bin error check:    18 tally bins all have relative errors less than 0.10 with no zero bins

     8204   missed  1 of 10 tfc bin checks: the estimated mean has a trend during the last half of the problem                        
         missed all bin error check:124230 tally bins had 52710 bins with zeros and  3182 bins with relative errors exceeding 0.10

     9204   passed the 10 statistical checks for the tally fluctuation chart bin result               
         missed all bin error check:  3636 tally bins had  1403 bins with zeros and   107 bins with relative errors exceeding 0.10

       44   passed the 10 statistical checks for the tally fluctuation chart bin result               
         passed all bin error check:   205 tally bins all have relative errors less than 0.10 with no zero bins

       46   passed the 10 statistical checks for the tally fluctuation chart bin result               
         passed all bin error check:   205 tally bins all have relative errors less than 0.10 with no zero bins

      144   passed the 10 statistical checks for the tally fluctuation chart bin result               
         passed all bin error check:     6 tally bins all have relative errors less than 0.10 with no zero bins

      146   passed the 10 statistical checks for the tally fluctuation chart bin result               
         passed all bin error check:     6 tally bins all have relative errors less than 0.10 with no zero bins

       54   missed  2 of 10 tfc bin checks: the relative error exceeds the recommended value of 0.1 for nonpoint detector tallies     
         missed all bin error check:   205 tally bins had     0 bins with zeros and    74 bins with relative errors exceeding 0.10

       56   missed  2 of 10 tfc bin checks: the relative error exceeds the recommended value of 0.1 for nonpoint detector tallies     
         missed all bin error check:   205 tally bins had     0 bins with zeros and    38 bins with relative errors exceeding 0.10

      154   passed the 10 statistical checks for the tally fluctuation chart bin result               
         passed all bin error check:     6 tally bins all have relative errors less than 0.10 with no zero bins

      156   passed the 10 statistical checks for the tally fluctuation chart bin result               
         passed all bin error check:     6 tally bins all have relative errors less than 0.10 with no zero bins

       64   missed  5 of 10 tfc bin checks: the relative error exceeds the recommended value of 0.1 for nonpoint detector tallies     
         missed all bin error check:   205 tally bins had     5 bins with zeros and    81 bins with relative errors exceeding 0.10

       66   missed  3 of 10 tfc bin checks: the relative error exceeds the recommended value of 0.1 for nonpoint detector tallies     
         missed all bin error check:   205 tally bins had     5 bins with zeros and    80 bins with relative errors exceeding 0.10

      164   passed the 10 statistical checks for the tally fluctuation chart bin result               
         passed all bin error check:     6 tally bins all have relative errors less than 0.10 with no zero bins

      166   passed the 10 statistical checks for the tally fluctuation chart bin result               
         passed all bin error check:     6 tally bins all have relative errors less than 0.10 with no zero bins

       74   passed the 10 statistical checks for the tally fluctuation chart bin result               
         passed all bin error check:   205 tally bins all have relative errors less than 0.10 with no zero bins

       76   passed the 10 statistical checks for the tally fluctuation chart bin result               
         passed all bin error check:   205 tally bins all have relative errors less than 0.10 with no zero bins

      174   passed the 10 statistical checks for the tally fluctuation chart bin result               
         passed all bin error check:     6 tally bins all have relative errors less than 0.10 with no zero bins

      176   passed the 10 statistical checks for the tally fluctuation chart bin result               
         passed all bin error check:     6 tally bins all have relative errors less than 0.10 with no zero bins

       14   passed the 10 statistical checks for the tally fluctuation chart bin result               
         passed all bin error check:   205 tally bins all have relative errors less than 0.10 with no zero bins

       16   passed the 10 statistical checks for the tally fluctuation chart bin result               
         passed all bin error check:   205 tally bins all have relative errors less than 0.10 with no zero bins

      114   passed the 10 statistical checks for the tally fluctuation chart bin result               
         passed all bin error check:     6 tally bins all have relative errors less than 0.10 with no zero bins

      116   passed the 10 statistical checks for the tally fluctuation chart bin result               
         passed all bin error check:     6 tally bins all have relative errors less than 0.10 with no zero bins

     8104   passed the 10 statistical checks for the tally fluctuation chart bin result               
         missed all bin error check: 41410 tally bins had  6930 bins with zeros and  1395 bins with relative errors exceeding 0.10

     9104   passed the 10 statistical checks for the tally fluctuation chart bin result               
         missed all bin error check:  1212 tally bins had   231 bins with zeros and    52 bins with relative errors exceeding 0.10


 the 10 statistical checks are only for the tally fluctuation chart bin and do not apply to other tally bins.

 the tally bins with zeros may or may not be correct: compare the source, cutoffs, multipliers, et cetera with the tally bins.

 warning.       9 of the    38 tally fluctuation chart bins did not pass all 10 statistical checks.
 warning.      13 of the    38 tallies had bins with relative errors greater than recommended.

# ===================================================
# tally 9204
# ===================================================
1tally     9204        nps =    90000000
           tally type 4    track length estimate of particle flux.      units   1/cm**2        
           particle(s): protons  
 number of histories used for normalizing tallies =     90000000.00
           this tally is modified by   ft  tag  let

           volumes 
                   cell:      500          501          502          503          504         total                
                         2.50000E+00  2.50000E+00  2.50000E+00  2.50000E+00  2.50000E+00  1.25000E+01
 
 cell  500                                                                                                                             
 user bin          -1.00000
    s(e) (MeV/cm)
    1.0000E+00   0.00000E+00 0.0000
    1.0289E+00   0.00000E+00 0.0000
    1.0587E+00   0.00000E+00 0.0000
    1.0893E+00   0.00000E+00 0.0000
    1.1208E+00   0.00000E+00 0.0000
    1.1533E+00   0.00000E+00 0.0000
    1.1866E+00   0.00000E+00 0.0000
    1.2210E+00   0.00000E+00 0.0000
    1.2563E+00   0.00000E+00 0.0000
    1.2926E+00   0.00000E+00 0.0000
    1.3300E+00   0.00000E+00 0.0000
    1.3685E+00   0.00000E+00 0.0000
    1.4081E+00   0.00000E+00 0.0000
    1.4488E+00   0.00000E+00 0.0000
    1.4907E+00   0.00000E+00 0.0000
    1.5339E+00   0.00000E+00 0.0000
    1.5782E+00   0.00000E+00 0.0000
    1.6239E+00   0.00000E+00 0.0000
    1.6709E+00   0.00000E+00 0.0000
    1.7192E+00   0.00000E+00 0.0000
    1.7689E+00   0.00000E+00 0.0000
    1.8201E+00   0.00000E+00 0.0000
    1.8728E+00   0.00000E+00 0.0000
    1.9269E+00   0.00000E+00 0.0000
    1.9827E+00   0.00000E+00 0.0000
    2.0400E+00   0.00000E+00 0.0000
    2.0991E+00   0.00000E+00 0.0000
    2.1598E+00   0.00000E+00 0.0000
    2.2223E+00   0.00000E+00 0.0000
    2.2866E+00   0.00000E+00 0.0000
    2.3527E+00   0.00000E+00 0.0000
    2.4208E+00   0.00000E+00 0.0000
    2.4908E+00   0.00000E+00 0.0000
    2.5629E+00   0.00000E+00 0.0000
    2.6370E+00   0.00000E+00 0.0000
    2.7133E+00   0.00000E+00 0.0000
    2.7918E+00   0.00000E+00 0.0000
    2.8725E+00   0.00000E+00 0.0000
    2.9557E+00   0.00000E+00 0.0000
    3.0412E+00   0.00000E+00 0.0000
    3.1291E+00   0.00000E+00 0.0000
    3.2197E+00   0.00000E+00 0.0000
    3.3128E+00   0.00000E+00 0.0000
    3.4086E+00   0.00000E+00 0.0000
    3.5072E+00   0.00000E+00 0.0000
    3.6087E+00   0.00000E+00 0.0000
    3.7131E+00   0.00000E+00 0.0000
    3.8205E+00   0.00000E+00 0.0000
    3.9311E+00   0.00000E+00 0.0000
    4.0448E+00   0.00000E+00 0.0000
    4.1618E+00   0.00000E+00 0.0000
    4.2822E+00   0.00000E+00 0.0000
    4.4061E+00   0.00000E+00 0.0000
    4.5335E+00   0.00000E+00 0.0000
    4.6647E+00   0.00000E+00 0.0000
    4.7996E+00   0.00000E+00 0.0000
    4.9385E+00   0.00000E+00 0.0000
    5.0814E+00   0.00000E+00 0.0000
    5.2284E+00   0.00000E+00 0.0000
    5.3796E+00   0.00000E+00 0.0000
    5.5352E+00   0.00000E+00 0.0000
    5.6954E+00   0.00000E+00 0.0000
    5.8601E+00   0.00000E+00 0.0000
    6.0297E+00   0.00000E+00 0.0000
    6.2041E+00   0.00000E+00 0.0000
    6.3836E+00   0.00000E+00 0.0000
    6.5683E+00   0.00000E+00 0.0000
    6.7583E+00   0.00000E+00 0.0000
    6.9538E+00   0.00000E+00 0.0000
    7.1550E+00   0.00000E+00 0.0000
    7.3619E+00   0.00000E+00 0.0000
    7.5749E+00   0.00000E+00 0.0000
    7.7941E+00   0.00000E+00 0.0000
    8.0195E+00   0.00000E+00 0.0000
    8.2515E+00   0.00000E+00 0.0000
    8.4902E+00   0.00000E+00 0.0000
    8.7359E+00   0.00000E+00 0.0000
    8.9886E+00   0.00000E+00 0.0000
    9.2486E+00   0.00000E+00 0.0000
    9.5162E+00   0.00000E+00 0.0000
    9.7915E+00   0.00000E+00 0.0000
    1.0075E+01   0.00000E+00 0.0000
    1.0366E+01   0.00000E+00 0.0000
    1.0666E+01   0.00000E+00 0.0000
    1.0975E+01   0.00000E+00 0.0000
    1.1292E+01   0.00000E+00 0.0000
    1.1619E+01   0.00000E+00 0.0000
    1.1955E+01   0.00000E+00 0.0000
    1.2301E+01   9.52743E-10 0.0719
    1.2657E+01   1.22184E-09 0.0636
    1.3023E+01   2.46080E-07 0.0045
    1.3400E+01   1.13563E-07 0.0066
    1.3787E+01   1.46039E-07 0.0058
    1.4186E+01   1.24257E-06 0.0020
    1.4596E+01   1.70569E-07 0.0054
    1.5019E+01   1.01006E-06 0.0022
    1.5453E+01   2.06733E-07 0.0047
    1.5900E+01   1.14955E-06 0.0020
    1.6360E+01   1.48125E-07 0.0051
    1.6834E+01   1.53723E-07 0.0050
    1.7321E+01   1.07691E-06 0.0020
    1.7822E+01   1.85610E-07 0.0041
    1.8337E+01   1.17816E-06 0.0019
    1.8868E+01   1.58977E-07 0.0041
    1.9413E+01   1.57037E-07 0.0041
    1.9975E+01   8.29843E-07 0.0021
    2.0553E+01   1.39814E-07 0.0042
    2.1148E+01   7.88781E-07 0.0022
    2.1759E+01   1.32736E-07 0.0039
    2.2389E+01   1.37957E-07 0.0039
    2.3037E+01   7.73221E-07 0.0021
    2.3703E+01   1.20459E-07 0.0038
    2.4389E+01   6.23478E-07 0.0022
    2.5094E+01   9.60267E-08 0.0040
    2.5820E+01   9.34439E-08 0.0041
    2.6567E+01   4.69420E-07 0.0024
    2.7336E+01   7.17579E-08 0.0042
    2.8127E+01   4.12037E-07 0.0024
    2.8940E+01   6.80062E-08 0.0041
    2.9777E+01   3.81440E-07 0.0023
    3.0639E+01   6.72436E-08 0.0038
    3.1525E+01   6.21127E-08 0.0039
    3.2437E+01   3.59346E-07 0.0023
    3.3376E+01   5.69637E-08 0.0038
    3.4341E+01   3.22675E-07 0.0022
    3.5335E+01   5.84983E-08 0.0035
    3.6357E+01   4.94721E-08 0.0038
    3.7409E+01   2.83464E-07 0.0022
    3.8491E+01   4.35239E-08 0.0037
    3.9604E+01   2.36937E-07 0.0022
    4.0750E+01   4.28755E-08 0.0035
    4.1929E+01   3.46956E-08 0.0039
    4.3142E+01   1.99934E-07 0.0023
    4.4390E+01   2.91536E-08 0.0039
    4.5674E+01   1.64804E-07 0.0023
    4.6996E+01   2.87816E-08 0.0036
    4.8355E+01   2.30661E-08 0.0040
    4.9754E+01   1.38679E-07 0.0024
    5.1193E+01   1.93290E-08 0.0041
    5.2674E+01   1.14418E-07 0.0024
    5.4198E+01   1.97371E-08 0.0037
    5.5766E+01   1.63902E-08 0.0041
    5.7379E+01   9.66519E-08 0.0024
    5.9039E+01   1.30857E-08 0.0042
    6.0747E+01   8.13409E-08 0.0025
    6.2505E+01   1.34045E-08 0.0039
    6.4313E+01   6.63032E-08 0.0025
    6.6174E+01   1.40890E-08 0.0035
    6.8088E+01   9.18515E-09 0.0043
    7.0058E+01   5.87658E-08 0.0025
    7.2084E+01   8.94130E-09 0.0041
    7.4170E+01   4.85175E-08 0.0025
    7.6315E+01   9.61537E-09 0.0036
    7.8523E+01   6.74694E-09 0.0043
    8.0795E+01   4.28058E-08 0.0025
    8.3132E+01   5.98809E-09 0.0043
    8.5537E+01   3.61407E-08 0.0025
    8.8012E+01   6.40278E-09 0.0038
    9.0558E+01   3.00051E-08 0.0025
    9.3178E+01   6.59687E-09 0.0035
    9.5873E+01   4.35739E-09 0.0043
    9.8647E+01   2.70883E-08 0.0025
    1.0150E+02   3.93636E-09 0.0042
    1.0444E+02   2.29295E-08 0.0026
    1.0746E+02   3.97556E-09 0.0039
    1.1057E+02   1.91281E-08 0.0026
    1.1377E+02   4.02237E-09 0.0035
    1.1706E+02   2.77456E-09 0.0043
    1.2044E+02   1.70743E-08 0.0025
    1.2393E+02   2.44117E-09 0.0042
    1.2751E+02   1.45179E-08 0.0026
    1.3120E+02   2.44470E-09 0.0039
    1.3500E+02   1.20971E-08 0.0026
    1.3890E+02   2.50646E-09 0.0036
    1.4292E+02   1.73027E-09 0.0043
    1.4706E+02   1.07527E-08 0.0026
    1.5131E+02   1.55448E-09 0.0042
    1.5569E+02   9.09374E-09 0.0026
    1.6019E+02   1.60272E-09 0.0038
    1.6483E+02   7.54508E-09 0.0026
    1.6959E+02   1.62182E-09 0.0035
    1.7450E+02   1.07209E-09 0.0043
    1.7955E+02   6.73845E-09 0.0026
    1.8474E+02   1.03614E-09 0.0041
    1.9009E+02   5.62325E-09 0.0026
    1.9559E+02   1.08560E-09 0.0037
    2.0124E+02   8.03956E-10 0.0043
    2.0707E+02   4.93531E-09 0.0026
    2.1306E+02   7.00237E-10 0.0042
    2.1922E+02   4.17930E-09 0.0026
    2.2556E+02   7.29837E-10 0.0039
    2.3209E+02   6.29605E-10 0.0041
    2.3880E+02   3.58371E-09 0.0025
    2.4571E+02   4.98432E-10 0.0043
    2.5282E+02   3.09695E-09 0.0026
    2.6013E+02   4.91317E-10 0.0040
    2.6766E+02   2.59681E-09 0.0026
    2.7540E+02   5.11236E-10 0.0036
    2.8337E+02   3.95119E-10 0.0041
    2.9157E+02   2.28649E-09 0.0025
    3.0000E+02   3.33648E-10 0.0042
      total      1.56255E-05 0.0006
 
 cell  500                                                                                                                             
 user bin 10000000000.00000
    s(e) (MeV/cm)
    1.0000E+00   0.00000E+00 0.0000
    1.0289E+00   0.00000E+00 0.0000
    1.0587E+00   0.00000E+00 0.0000
    1.0893E+00   0.00000E+00 0.0000
    1.1208E+00   0.00000E+00 0.0000
    1.1533E+00   0.00000E+00 0.0000
    1.1866E+00   0.00000E+00 0.0000
    1.2210E+00   0.00000E+00 0.0000
    1.2563E+00   0.00000E+00 0.0000
    1.2926E+00   0.00000E+00 0.0000
    1.3300E+00   0.00000E+00 0.0000
    1.3685E+00   0.00000E+00 0.0000
    1.4081E+00   0.00000E+00 0.0000
    1.4488E+00   0.00000E+00 0.0000
    1.4907E+00   0.00000E+00 0.0000
    1.5339E+00   0.00000E+00 0.0000
    1.5782E+00   0.00000E+00 0.0000
    1.6239E+00   0.00000E+00 0.0000
    1.6709E+00   0.00000E+00 0.0000
    1.7192E+00   0.00000E+00 0.0000
    1.7689E+00   0.00000E+00 0.0000
    1.8201E+00   0.00000E+00 0.0000
    1.8728E+00   0.00000E+00 0.0000
    1.9269E+00   0.00000E+00 0.0000
    1.9827E+00   0.00000E+00 0.0000
    2.0400E+00   0.00000E+00 0.0000
    2.0991E+00   0.00000E+00 0.0000
    2.1598E+00   0.00000E+00 0.0000
    2.2223E+00   0.00000E+00 0.0000
    2.2866E+00   0.00000E+00 0.0000
    2.3527E+00   0.00000E+00 0.0000
    2.4208E+00   0.00000E+00 0.0000
    2.4908E+00   0.00000E+00 0.0000
    2.5629E+00   0.00000E+00 0.0000
    2.6370E+00   0.00000E+00 0.0000
    2.7133E+00   0.00000E+00 0.0000
    2.7918E+00   0.00000E+00 0.0000
    2.8725E+00   0.00000E+00 0.0000
    2.9557E+00   0.00000E+00 0.0000
    3.0412E+00   0.00000E+00 0.0000
    3.1291E+00   0.00000E+00 0.0000
    3.2197E+00   0.00000E+00 0.0000
    3.3128E+00   0.00000E+00 0.0000
    3.4086E+00   0.00000E+00 0.0000
    3.5072E+00   0.00000E+00 0.0000
    3.6087E+00   0.00000E+00 0.0000
    3.7131E+00   0.00000E+00 0.0000
    3.8205E+00   0.00000E+00 0.0000
    3.9311E+00   0.00000E+00 0.0000
    4.0448E+00   0.00000E+00 0.0000
    4.1618E+00   0.00000E+00 0.0000
    4.2822E+00   0.00000E+00 0.0000
    4.4061E+00   0.00000E+00 0.0000
    4.5335E+00   0.00000E+00 0.0000
    4.6647E+00   0.00000E+00 0.0000
    4.7996E+00   0.00000E+00 0.0000
    4.9385E+00   0.00000E+00 0.0000
    5.0814E+00   0.00000E+00 0.0000
    5.2284E+00   0.00000E+00 0.0000
    5.3796E+00   0.00000E+00 0.0000
    5.5352E+00   0.00000E+00 0.0000
    5.6954E+00   0.00000E+00 0.0000
    5.8601E+00   0.00000E+00 0.0000
    6.0297E+00   0.00000E+00 0.0000
    6.2041E+00   0.00000E+00 0.0000
    6.3836E+00   0.00000E+00 0.0000
    6.5683E+00   0.00000E+00 0.0000
    6.7583E+00   0.00000E+00 0.0000
    6.9538E+00   0.00000E+00 0.0000
    7.1550E+00   0.00000E+00 0.0000
    7.3619E+00   0.00000E+00 0.0000
    7.5749E+00   0.00000E+00 0.0000
    7.7941E+00   0.00000E+00 0.0000
    8.0195E+00   0.00000E+00 0.0000
    8.2515E+00   4.45777E-11 0.3287
    8.4902E+00   1.01141E-11 0.7072
    8.7359E+00   2.19767E-10 0.1531
    8.9886E+00   1.61713E-11 0.5782
    9.2486E+00   6.73727E-10 0.0874
    9.5162E+00   9.43571E-11 0.2360
    9.7915E+00   6.21917E-11 0.3039
    1.0075E+01   1.55960E-09 0.0581
    1.0366E+01   1.76819E-10 0.1747
    1.0666E+01   2.79283E-09 0.0438
    1.0975E+01   2.90858E-10 0.1423
    1.1292E+01   4.50117E-09 0.0347
    1.1619E+01   5.30427E-10 0.1015
    1.1955E+01   5.72108E-10 0.0994
    1.2301E+01   1.06620E-07 0.0139
    1.2657E+01   1.37960E-07 0.0096
    1.3023E+01   2.81887E-05 0.0020
    1.3400E+01   1.31035E-05 0.0016
    1.3787E+01   1.68714E-05 0.0015
    1.4186E+01   1.49199E-04 0.0011
    1.4596E+01   2.12216E-05 0.0012
    1.5019E+01   1.24947E-04 0.0010
    1.5453E+01   2.53695E-05 0.0011
    1.5900E+01   1.42151E-04 0.0010
    1.6360E+01   1.85179E-05 0.0011
    1.6834E+01   1.92934E-05 0.0011
    1.7321E+01   1.32801E-04 0.0009
    1.7822E+01   2.24772E-05 0.0010
    1.8337E+01   1.44483E-04 0.0009
    1.8868E+01   1.97783E-05 0.0009
    1.9413E+01   1.97759E-05 0.0009
    1.9975E+01   1.05210E-04 0.0009
    2.0553E+01   1.76661E-05 0.0009
    2.1148E+01   9.84888E-05 0.0009
    2.1759E+01   1.63924E-05 0.0009
    2.2389E+01   1.70982E-05 0.0009
    2.3037E+01   9.55549E-05 0.0008
    2.3703E+01   1.50893E-05 0.0009
    2.4389E+01   7.87229E-05 0.0008
    2.5094E+01   1.21933E-05 0.0009
    2.5820E+01   1.19083E-05 0.0009
    2.6567E+01   6.02828E-05 0.0008
    2.7336E+01   9.20124E-06 0.0009
    2.8127E+01   5.25595E-05 0.0008
    2.8940E+01   8.63037E-06 0.0009
    2.9777E+01   4.80449E-05 0.0008
    3.0639E+01   8.47504E-06 0.0009
    3.1525E+01   7.80579E-06 0.0009
    3.2437E+01   4.48643E-05 0.0008
    3.3376E+01   7.05501E-06 0.0009
    3.4341E+01   3.99753E-05 0.0008
    3.5335E+01   7.25215E-06 0.0009
    3.6357E+01   6.10663E-06 0.0009
    3.7409E+01   3.51863E-05 0.0008
    3.8491E+01   5.40671E-06 0.0009
    3.9604E+01   2.96396E-05 0.0008
    4.0750E+01   5.35726E-06 0.0008
    4.1929E+01   4.36592E-06 0.0009
    4.3142E+01   2.52689E-05 0.0008
    4.4390E+01   3.68872E-06 0.0009
    4.5674E+01   2.09133E-05 0.0008
    4.6996E+01   3.67553E-06 0.0008
    4.8355E+01   2.94615E-06 0.0009
    4.9754E+01   1.77333E-05 0.0008
    5.1193E+01   2.49108E-06 0.0009
    5.2674E+01   1.47042E-05 0.0008
    5.4198E+01   2.54867E-06 0.0008
    5.5766E+01   2.09941E-06 0.0009
    5.7379E+01   1.24808E-05 0.0008
    5.9039E+01   1.69815E-06 0.0009
    6.0747E+01   1.05382E-05 0.0008
    6.2505E+01   1.73235E-06 0.0008
    6.4313E+01   8.61919E-06 0.0008
    6.6174E+01   1.83516E-06 0.0008
    6.8088E+01   1.19710E-06 0.0009
    7.0058E+01   7.66337E-06 0.0008
    7.2084E+01   1.17099E-06 0.0008
    7.4170E+01   6.33721E-06 0.0008
    7.6315E+01   1.25954E-06 0.0008
    7.8523E+01   8.80831E-07 0.0009
    8.0795E+01   5.60610E-06 0.0008
    8.3132E+01   7.87129E-07 0.0009
    8.5537E+01   4.73238E-06 0.0008
    8.8012E+01   8.36050E-07 0.0008
    9.0558E+01   3.93421E-06 0.0008
    9.3178E+01   8.69186E-07 0.0008
    9.5873E+01   5.68781E-07 0.0008
    9.8647E+01   3.56183E-06 0.0008
    1.0150E+02   5.16221E-07 0.0008
    1.0444E+02   3.01752E-06 0.0008
    1.0746E+02   5.21896E-07 0.0008
    1.1057E+02   2.51736E-06 0.0008
    1.1377E+02   5.30145E-07 0.0008
    1.1706E+02   3.64622E-07 0.0008
    1.2044E+02   2.24874E-06 0.0008
    1.2393E+02   3.19623E-07 0.0008
    1.2751E+02   1.91298E-06 0.0008
    1.3120E+02   3.22287E-07 0.0008
    1.3500E+02   1.59295E-06 0.0008
    1.3890E+02   3.30827E-07 0.0008
    1.4292E+02   2.27590E-07 0.0008
    1.4706E+02   1.41810E-06 0.0008
    1.5131E+02   2.03576E-07 0.0008
    1.5569E+02   1.19861E-06 0.0008
    1.6019E+02   2.10901E-07 0.0008
    1.6483E+02   9.96415E-07 0.0008
    1.6959E+02   2.13722E-07 0.0008
    1.7450E+02   1.41461E-07 0.0008
    1.7955E+02   8.90786E-07 0.0008
    1.8474E+02   1.36431E-07 0.0008
    1.9009E+02   7.43074E-07 0.0008
    1.9559E+02   1.44220E-07 0.0008
    2.0124E+02   1.05927E-07 0.0008
    2.0707E+02   6.52576E-07 0.0008
    2.1306E+02   9.25325E-08 0.0008
    2.1922E+02   5.52940E-07 0.0008
    2.2556E+02   9.63713E-08 0.0008
    2.3209E+02   8.33850E-08 0.0008
    2.3880E+02   4.74018E-07 0.0008
    2.4571E+02   6.58094E-08 0.0008
    2.5282E+02   4.10010E-07 0.0008
    2.6013E+02   6.48009E-08 0.0008
    2.6766E+02   3.43636E-07 0.0008
    2.7540E+02   6.80131E-08 0.0008
    2.8337E+02   5.19016E-08 0.0008
    2.9157E+02   3.02686E-07 0.0008
    3.0000E+02   4.41782E-08 0.0008
      total      1.94347E-03 0.0004
 
 cell  500                                                                                                                             
 user bin total
    s(e) (MeV/cm)
    1.0000E+00   0.00000E+00 0.0000
    1.0289E+00   0.00000E+00 0.0000
    1.0587E+00   0.00000E+00 0.0000
    1.0893E+00   0.00000E+00 0.0000
    1.1208E+00   0.00000E+00 0.0000
    1.1533E+00   0.00000E+00 0.0000
    1.1866E+00   0.00000E+00 0.0000
    1.2210E+00   0.00000E+00 0.0000
    1.2563E+00   0.00000E+00 0.0000
    1.2926E+00   0.00000E+00 0.0000
    1.3300E+00   0.00000E+00 0.0000
    1.3685E+00   0.00000E+00 0.0000
    1.4081E+00   0.00000E+00 0.0000
    1.4488E+00   0.00000E+00 0.0000
    1.4907E+00   0.00000E+00 0.0000
    1.5339E+00   0.00000E+00 0.0000
    1.5782E+00   0.00000E+00 0.0000
    1.6239E+00   0.00000E+00 0.0000
    1.6709E+00   0.00000E+00 0.0000
    1.7192E+00   0.00000E+00 0.0000
    1.7689E+00   0.00000E+00 0.0000
    1.8201E+00   0.00000E+00 0.0000
    1.8728E+00   0.00000E+00 0.0000
    1.9269E+00   0.00000E+00 0.0000
    1.9827E+00   0.00000E+00 0.0000
    2.0400E+00   0.00000E+00 0.0000
    2.0991E+00   0.00000E+00 0.0000
    2.1598E+00   0.00000E+00 0.0000
    2.2223E+00   0.00000E+00 0.0000
    2.2866E+00   0.00000E+00 0.0000
    2.3527E+00   0.00000E+00 0.0000
    2.4208E+00   0.00000E+00 0.0000
    2.4908E+00   0.00000E+00 0.0000
    2.5629E+00   0.00000E+00 0.0000
    2.6370E+00   0.00000E+00 0.0000
    2.7133E+00   0.00000E+00 0.0000
    2.7918E+00   0.00000E+00 0.0000
    2.8725E+00   0.00000E+00 0.0000
    2.9557E+00   0.00000E+00 0.0000
    3.0412E+00   0.00000E+00 0.0000
    3.1291E+00   0.00000E+00 0.0000
    3.2197E+00   0.00000E+00 0.0000
    3.3128E+00   0.00000E+00 0.0000
    3.4086E+00   0.00000E+00 0.0000
    3.5072E+00   0.00000E+00 0.0000
    3.6087E+00   0.00000E+00 0.0000
    3.7131E+00   0.00000E+00 0.0000
    3.8205E+00   0.00000E+00 0.0000
    3.9311E+00   0.00000E+00 0.0000
    4.0448E+00   0.00000E+00 0.0000
    4.1618E+00   0.00000E+00 0.0000
    4.2822E+00   0.00000E+00 0.0000
    4.4061E+00   0.00000E+00 0.0000
    4.5335E+00   0.00000E+00 0.0000
    4.6647E+00   0.00000E+00 0.0000
    4.7996E+00   0.00000E+00 0.0000
    4.9385E+00   0.00000E+00 0.0000
    5.0814E+00   0.00000E+00 0.0000
    5.2284E+00   0.00000E+00 0.0000
    5.3796E+00   0.00000E+00 0.0000
    5.5352E+00   0.00000E+00 0.0000
    5.6954E+00   0.00000E+00 0.0000
    5.8601E+00   0.00000E+00 0.0000
    6.0297E+00   0.00000E+00 0.0000
    6.2041E+00   0.00000E+00 0.0000
    6.3836E+00   0.00000E+00 0.0000
    6.5683E+00   0.00000E+00 0.0000
    6.7583E+00   0.00000E+00 0.0000
    6.9538E+00   0.00000E+00 0.0000
    7.1550E+00   0.00000E+00 0.0000
    7.3619E+00   0.00000E+00 0.0000
    7.5749E+00   0.00000E+00 0.0000
    7.7941E+00   0.00000E+00 0.0000
    8.0195E+00   0.00000E+00 0.0000
    8.2515E+00   4.45777E-11 0.3287
    8.4902E+00   1.01141E-11 0.7072
    8.7359E+00   2.19767E-10 0.1531
    8.9886E+00   1.61713E-11 0.5782
    9.2486E+00   6.73727E-10 0.0874
    9.5162E+00   9.43571E-11 0.2360
    9.7915E+00   6.21917E-11 0.3039
    1.0075E+01   1.55960E-09 0.0581
    1.0366E+01   1.76819E-10 0.1747
    1.0666E+01   2.79283E-09 0.0438
    1.0975E+01   2.90858E-10 0.1423
    1.1292E+01   4.50117E-09 0.0347
    1.1619E+01   5.30427E-10 0.1015
    1.1955E+01   5.72108E-10 0.0994
    1.2301E+01   1.07573E-07 0.0139
    1.2657E+01   1.39182E-07 0.0095
    1.3023E+01   2.84348E-05 0.0020
    1.3400E+01   1.32170E-05 0.0016
    1.3787E+01   1.70174E-05 0.0015
    1.4186E+01   1.50442E-04 0.0011
    1.4596E+01   2.13921E-05 0.0012
    1.5019E+01   1.25957E-04 0.0010
    1.5453E+01   2.55763E-05 0.0011
    1.5900E+01   1.43301E-04 0.0010
    1.6360E+01   1.86660E-05 0.0011
    1.6834E+01   1.94471E-05 0.0011
    1.7321E+01   1.33878E-04 0.0009
    1.7822E+01   2.26628E-05 0.0010
    1.8337E+01   1.45661E-04 0.0009
    1.8868E+01   1.99373E-05 0.0009
    1.9413E+01   1.99330E-05 0.0009
    1.9975E+01   1.06040E-04 0.0009
    2.0553E+01   1.78060E-05 0.0009
    2.1148E+01   9.92776E-05 0.0009
    2.1759E+01   1.65251E-05 0.0009
    2.2389E+01   1.72362E-05 0.0009
    2.3037E+01   9.63281E-05 0.0008
    2.3703E+01   1.52097E-05 0.0009
    2.4389E+01   7.93464E-05 0.0008
    2.5094E+01   1.22893E-05 0.0009
    2.5820E+01   1.20017E-05 0.0009
    2.6567E+01   6.07522E-05 0.0008
    2.7336E+01   9.27300E-06 0.0009
    2.8127E+01   5.29715E-05 0.0008
    2.8940E+01   8.69838E-06 0.0009
    2.9777E+01   4.84263E-05 0.0008
    3.0639E+01   8.54228E-06 0.0009
    3.1525E+01   7.86790E-06 0.0009
    3.2437E+01   4.52237E-05 0.0008
    3.3376E+01   7.11197E-06 0.0009
    3.4341E+01   4.02980E-05 0.0008
    3.5335E+01   7.31064E-06 0.0009
    3.6357E+01   6.15610E-06 0.0009
    3.7409E+01   3.54698E-05 0.0008
    3.8491E+01   5.45024E-06 0.0009
    3.9604E+01   2.98765E-05 0.0008
    4.0750E+01   5.40014E-06 0.0008
    4.1929E+01   4.40061E-06 0.0009
    4.3142E+01   2.54688E-05 0.0008
    4.4390E+01   3.71787E-06 0.0009
    4.5674E+01   2.10781E-05 0.0008
    4.6996E+01   3.70431E-06 0.0008
    4.8355E+01   2.96921E-06 0.0009
    4.9754E+01   1.78720E-05 0.0008
    5.1193E+01   2.51041E-06 0.0009
    5.2674E+01   1.48186E-05 0.0008
    5.4198E+01   2.56840E-06 0.0008
    5.5766E+01   2.11580E-06 0.0009
    5.7379E+01   1.25774E-05 0.0008
    5.9039E+01   1.71124E-06 0.0009
    6.0747E+01   1.06195E-05 0.0008
    6.2505E+01   1.74576E-06 0.0008
    6.4313E+01   8.68549E-06 0.0008
    6.6174E+01   1.84925E-06 0.0008
    6.8088E+01   1.20629E-06 0.0009
    7.0058E+01   7.72213E-06 0.0008
    7.2084E+01   1.17993E-06 0.0008
    7.4170E+01   6.38573E-06 0.0008
    7.6315E+01   1.26915E-06 0.0008
    7.8523E+01   8.87578E-07 0.0009
    8.0795E+01   5.64891E-06 0.0008
    8.3132E+01   7.93117E-07 0.0009
    8.5537E+01   4.76852E-06 0.0008
    8.8012E+01   8.42453E-07 0.0008
    9.0558E+01   3.96421E-06 0.0008
    9.3178E+01   8.75783E-07 0.0008
    9.5873E+01   5.73138E-07 0.0008
    9.8647E+01   3.58892E-06 0.0008
    1.0150E+02   5.20158E-07 0.0008
    1.0444E+02   3.04045E-06 0.0008
    1.0746E+02   5.25872E-07 0.0008
    1.1057E+02   2.53649E-06 0.0008
    1.1377E+02   5.34168E-07 0.0008
    1.1706E+02   3.67397E-07 0.0008
    1.2044E+02   2.26581E-06 0.0008
    1.2393E+02   3.22064E-07 0.0008
    1.2751E+02   1.92750E-06 0.0008
    1.3120E+02   3.24732E-07 0.0008
    1.3500E+02   1.60504E-06 0.0008
    1.3890E+02   3.33333E-07 0.0008
    1.4292E+02   2.29320E-07 0.0008
    1.4706E+02   1.42885E-06 0.0008
    1.5131E+02   2.05131E-07 0.0008
    1.5569E+02   1.20770E-06 0.0008
    1.6019E+02   2.12504E-07 0.0008
    1.6483E+02   1.00396E-06 0.0008
    1.6959E+02   2.15343E-07 0.0008
    1.7450E+02   1.42533E-07 0.0008
    1.7955E+02   8.97524E-07 0.0008
    1.8474E+02   1.37467E-07 0.0008
    1.9009E+02   7.48697E-07 0.0008
    1.9559E+02   1.45306E-07 0.0008
    2.0124E+02   1.06731E-07 0.0008
    2.0707E+02   6.57511E-07 0.0008
    2.1306E+02   9.32327E-08 0.0008
    2.1922E+02   5.57120E-07 0.0008
    2.2556E+02   9.71011E-08 0.0008
    2.3209E+02   8.40146E-08 0.0008
    2.3880E+02   4.77601E-07 0.0008
    2.4571E+02   6.63078E-08 0.0008
    2.5282E+02   4.13107E-07 0.0008
    2.6013E+02   6.52922E-08 0.0008
    2.6766E+02   3.46233E-07 0.0008
    2.7540E+02   6.85244E-08 0.0008
    2.8337E+02   5.22967E-08 0.0008
    2.9157E+02   3.04972E-07 0.0008
    3.0000E+02   4.45118E-08 0.0008
      total      1.95910E-03 0.0004
 
 cell  501                                                                                                                             
 user bin          -1.00000
    s(e) (MeV/cm)
    1.0000E+00   0.00000E+00 0.0000
    1.0289E+00   0.00000E+00 0.0000
    1.0587E+00   0.00000E+00 0.0000
    1.0893E+00   0.00000E+00 0.0000
    1.1208E+00   0.00000E+00 0.0000
    1.1533E+00   0.00000E+00 0.0000
    1.1866E+00   0.00000E+00 0.0000
    1.2210E+00   0.00000E+00 0.0000
    1.2563E+00   0.00000E+00 0.0000
    1.2926E+00   0.00000E+00 0.0000
    1.3300E+00   0.00000E+00 0.0000
    1.3685E+00   0.00000E+00 0.0000
    1.4081E+00   0.00000E+00 0.0000
    1.4488E+00   0.00000E+00 0.0000
    1.4907E+00   0.00000E+00 0.0000
    1.5339E+00   0.00000E+00 0.0000
    1.5782E+00   0.00000E+00 0.0000
    1.6239E+00   0.00000E+00 0.0000
    1.6709E+00   0.00000E+00 0.0000
    1.7192E+00   0.00000E+00 0.0000
    1.7689E+00   0.00000E+00 0.0000
    1.8201E+00   0.00000E+00 0.0000
    1.8728E+00   0.00000E+00 0.0000
    1.9269E+00   0.00000E+00 0.0000
    1.9827E+00   0.00000E+00 0.0000
    2.0400E+00   0.00000E+00 0.0000
    2.0991E+00   0.00000E+00 0.0000
    2.1598E+00   0.00000E+00 0.0000
    2.2223E+00   0.00000E+00 0.0000
    2.2866E+00   0.00000E+00 0.0000
    2.3527E+00   0.00000E+00 0.0000
    2.4208E+00   0.00000E+00 0.0000
    2.4908E+00   0.00000E+00 0.0000
    2.5629E+00   0.00000E+00 0.0000
    2.6370E+00   0.00000E+00 0.0000
    2.7133E+00   0.00000E+00 0.0000
    2.7918E+00   0.00000E+00 0.0000
    2.8725E+00   0.00000E+00 0.0000
    2.9557E+00   0.00000E+00 0.0000
    3.0412E+00   0.00000E+00 0.0000
    3.1291E+00   0.00000E+00 0.0000
    3.2197E+00   0.00000E+00 0.0000
    3.3128E+00   0.00000E+00 0.0000
    3.4086E+00   0.00000E+00 0.0000
    3.5072E+00   0.00000E+00 0.0000
    3.6087E+00   0.00000E+00 0.0000
    3.7131E+00   0.00000E+00 0.0000
    3.8205E+00   0.00000E+00 0.0000
    3.9311E+00   0.00000E+00 0.0000
    4.0448E+00   0.00000E+00 0.0000
    4.1618E+00   0.00000E+00 0.0000
    4.2822E+00   0.00000E+00 0.0000
    4.4061E+00   0.00000E+00 0.0000
    4.5335E+00   0.00000E+00 0.0000
    4.6647E+00   0.00000E+00 0.0000
    4.7996E+00   0.00000E+00 0.0000
    4.9385E+00   0.00000E+00 0.0000
    5.0814E+00   0.00000E+00 0.0000
    5.2284E+00   0.00000E+00 0.0000
    5.3796E+00   0.00000E+00 0.0000
    5.5352E+00   0.00000E+00 0.0000
    5.6954E+00   0.00000E+00 0.0000
    5.8601E+00   0.00000E+00 0.0000
    6.0297E+00   0.00000E+00 0.0000
    6.2041E+00   0.00000E+00 0.0000
    6.3836E+00   0.00000E+00 0.0000
    6.5683E+00   0.00000E+00 0.0000
    6.7583E+00   0.00000E+00 0.0000
    6.9538E+00   0.00000E+00 0.0000
    7.1550E+00   0.00000E+00 0.0000
    7.3619E+00   0.00000E+00 0.0000
    7.5749E+00   0.00000E+00 0.0000
    7.7941E+00   0.00000E+00 0.0000
    8.0195E+00   0.00000E+00 0.0000
    8.2515E+00   0.00000E+00 0.0000
    8.4902E+00   0.00000E+00 0.0000
    8.7359E+00   0.00000E+00 0.0000
    8.9886E+00   0.00000E+00 0.0000
    9.2486E+00   0.00000E+00 0.0000
    9.5162E+00   0.00000E+00 0.0000
    9.7915E+00   0.00000E+00 0.0000
    1.0075E+01   0.00000E+00 0.0000
    1.0366E+01   0.00000E+00 0.0000
    1.0666E+01   0.00000E+00 0.0000
    1.0975E+01   0.00000E+00 0.0000
    1.1292E+01   0.00000E+00 0.0000
    1.1619E+01   0.00000E+00 0.0000
    1.1955E+01   0.00000E+00 0.0000
    1.2301E+01   6.13998E-09 0.0284
    1.2657E+01   6.72595E-09 0.0271
    1.3023E+01   5.62445E-07 0.0030
    1.3400E+01   1.78127E-07 0.0053
    1.3787E+01   1.98328E-07 0.0050
    1.4186E+01   1.21134E-06 0.0020
    1.4596E+01   1.68799E-07 0.0054
    1.5019E+01   1.20340E-06 0.0020
    1.5453E+01   2.17191E-07 0.0046
    1.5900E+01   1.10937E-06 0.0021
    1.6360E+01   1.66362E-07 0.0048
    1.6834E+01   1.85840E-07 0.0045
    1.7321E+01   1.30207E-06 0.0018
    1.7822E+01   1.91445E-07 0.0040
    1.8337E+01   1.09388E-06 0.0020
    1.8868E+01   1.40171E-07 0.0043
    1.9413E+01   1.44794E-07 0.0043
    1.9975E+01   8.77398E-07 0.0021
    2.0553E+01   1.65519E-07 0.0039
    2.1148E+01   9.07866E-07 0.0020
    2.1759E+01   1.39593E-07 0.0038
    2.2389E+01   1.40451E-07 0.0038
    2.3037E+01   7.27198E-07 0.0021
    2.3703E+01   1.06081E-07 0.0040
    2.4389E+01   5.60442E-07 0.0023
    2.5094E+01   9.12712E-08 0.0041
    2.5820E+01   9.11267E-08 0.0041
    2.6567E+01   4.92866E-07 0.0023
    2.7336E+01   8.08821E-08 0.0040
    2.8127E+01   4.79676E-07 0.0022
    2.8940E+01   8.09492E-08 0.0037
    2.9777E+01   4.45659E-07 0.0022
    3.0639E+01   7.64870E-08 0.0035
    3.1525E+01   7.00774E-08 0.0037
    3.2437E+01   3.89924E-07 0.0022
    3.3376E+01   5.82754E-08 0.0037
    3.4341E+01   3.20537E-07 0.0022
    3.5335E+01   5.61300E-08 0.0036
    3.6357E+01   4.64520E-08 0.0039
    3.7409E+01   2.62082E-07 0.0023
    3.8491E+01   3.93527E-08 0.0039
    3.9604E+01   2.11491E-07 0.0024
    4.0750E+01   3.77715E-08 0.0037
    4.1929E+01   3.08022E-08 0.0041
    4.3142E+01   1.76775E-07 0.0024
    4.4390E+01   2.56643E-08 0.0042
    4.5674E+01   1.46276E-07 0.0025
    4.6996E+01   2.59010E-08 0.0038
    4.8355E+01   2.07436E-08 0.0043
    4.9754E+01   1.25959E-07 0.0025
    5.1193E+01   1.79702E-08 0.0042
    5.2674E+01   1.06539E-07 0.0025
    5.4198E+01   1.86813E-08 0.0039
    5.5766E+01   1.55109E-08 0.0042
    5.7379E+01   9.23682E-08 0.0025
    5.9039E+01   1.27841E-08 0.0043
    6.0747E+01   7.96547E-08 0.0025
    6.2505E+01   1.32973E-08 0.0039
    6.4313E+01   6.65080E-08 0.0025
    6.6174E+01   1.42451E-08 0.0035
    6.8088E+01   9.40518E-09 0.0043
    7.0058E+01   6.01738E-08 0.0025
    7.2084E+01   9.28405E-09 0.0040
    7.4170E+01   5.05156E-08 0.0025
    7.6315E+01   1.00800E-08 0.0035
    7.8523E+01   7.10153E-09 0.0042
    8.0795E+01   4.51882E-08 0.0025
    8.3132E+01   6.41446E-09 0.0041
    8.5537E+01   3.85098E-08 0.0025
    8.8012E+01   6.81969E-09 0.0037
    9.0558E+01   3.23081E-08 0.0025
    9.3178E+01   7.13332E-09 0.0033
    9.5873E+01   4.68795E-09 0.0041
    9.8647E+01   2.94255E-08 0.0024
    1.0150E+02   4.26328E-09 0.0040
    1.0444E+02   2.50410E-08 0.0024
    1.0746E+02   4.34527E-09 0.0037
    1.1057E+02   2.09693E-08 0.0024
    1.1377E+02   4.42742E-09 0.0034
    1.1706E+02   3.05384E-09 0.0041
    1.2044E+02   1.87992E-08 0.0024
    1.2393E+02   2.69302E-09 0.0040
    1.2751E+02   1.60409E-08 0.0024
    1.3120E+02   2.71831E-09 0.0037
    1.3500E+02   1.33972E-08 0.0024
    1.3890E+02   2.77893E-09 0.0034
    1.4292E+02   1.93007E-09 0.0041
    1.4706E+02   1.19447E-08 0.0024
    1.5131E+02   1.72486E-09 0.0040
    1.5569E+02   1.01247E-08 0.0024
    1.6019E+02   1.77441E-09 0.0036
    1.6483E+02   8.42668E-09 0.0024
    1.6959E+02   1.80294E-09 0.0033
    1.7450E+02   1.19964E-09 0.0041
    1.7955E+02   7.53983E-09 0.0024
    1.8474E+02   1.15722E-09 0.0039
    1.9009E+02   6.29289E-09 0.0024
    1.9559E+02   1.22586E-09 0.0035
    2.0124E+02   8.94216E-10 0.0041
    2.0707E+02   5.53373E-09 0.0024
    2.1306E+02   7.82837E-10 0.0040
    2.1922E+02   4.68710E-09 0.0024
    2.2556E+02   8.18892E-10 0.0036
    2.3209E+02   7.02639E-10 0.0039
    2.3880E+02   4.02129E-09 0.0024
    2.4571E+02   5.59133E-10 0.0041
    2.5282E+02   3.47679E-09 0.0024
    2.6013E+02   5.50949E-10 0.0038
    2.6766E+02   2.91357E-09 0.0024
    2.7540E+02   5.78654E-10 0.0034
    2.8337E+02   4.38551E-10 0.0039
    2.9157E+02   2.57030E-09 0.0024
    3.0000E+02   3.76068E-10 0.0039
      total      1.65513E-05 0.0005
 
 cell  501                                                                                                                             
 user bin 10000000000.00000
    s(e) (MeV/cm)
    1.0000E+00   0.00000E+00 0.0000
    1.0289E+00   0.00000E+00 0.0000
    1.0587E+00   0.00000E+00 0.0000
    1.0893E+00   0.00000E+00 0.0000
    1.1208E+00   0.00000E+00 0.0000
    1.1533E+00   0.00000E+00 0.0000
    1.1866E+00   0.00000E+00 0.0000
    1.2210E+00   0.00000E+00 0.0000
    1.2563E+00   0.00000E+00 0.0000
    1.2926E+00   0.00000E+00 0.0000
    1.3300E+00   0.00000E+00 0.0000
    1.3685E+00   0.00000E+00 0.0000
    1.4081E+00   0.00000E+00 0.0000
    1.4488E+00   0.00000E+00 0.0000
    1.4907E+00   0.00000E+00 0.0000
    1.5339E+00   0.00000E+00 0.0000
    1.5782E+00   0.00000E+00 0.0000
    1.6239E+00   0.00000E+00 0.0000
    1.6709E+00   0.00000E+00 0.0000
    1.7192E+00   0.00000E+00 0.0000
    1.7689E+00   0.00000E+00 0.0000
    1.8201E+00   0.00000E+00 0.0000
    1.8728E+00   0.00000E+00 0.0000
    1.9269E+00   0.00000E+00 0.0000
    1.9827E+00   0.00000E+00 0.0000
    2.0400E+00   0.00000E+00 0.0000
    2.0991E+00   0.00000E+00 0.0000
    2.1598E+00   0.00000E+00 0.0000
    2.2223E+00   0.00000E+00 0.0000
    2.2866E+00   0.00000E+00 0.0000
    2.3527E+00   0.00000E+00 0.0000
    2.4208E+00   0.00000E+00 0.0000
    2.4908E+00   0.00000E+00 0.0000
    2.5629E+00   0.00000E+00 0.0000
    2.6370E+00   0.00000E+00 0.0000
    2.7133E+00   0.00000E+00 0.0000
    2.7918E+00   0.00000E+00 0.0000
    2.8725E+00   0.00000E+00 0.0000
    2.9557E+00   0.00000E+00 0.0000
    3.0412E+00   0.00000E+00 0.0000
    3.1291E+00   0.00000E+00 0.0000
    3.2197E+00   0.00000E+00 0.0000
    3.3128E+00   0.00000E+00 0.0000
    3.4086E+00   0.00000E+00 0.0000
    3.5072E+00   0.00000E+00 0.0000
    3.6087E+00   0.00000E+00 0.0000
    3.7131E+00   0.00000E+00 0.0000
    3.8205E+00   0.00000E+00 0.0000
    3.9311E+00   0.00000E+00 0.0000
    4.0448E+00   0.00000E+00 0.0000
    4.1618E+00   0.00000E+00 0.0000
    4.2822E+00   0.00000E+00 0.0000
    4.4061E+00   0.00000E+00 0.0000
    4.5335E+00   0.00000E+00 0.0000
    4.6647E+00   0.00000E+00 0.0000
    4.7996E+00   0.00000E+00 0.0000
    4.9385E+00   0.00000E+00 0.0000
    5.0814E+00   0.00000E+00 0.0000
    5.2284E+00   0.00000E+00 0.0000
    5.3796E+00   0.00000E+00 0.0000
    5.5352E+00   0.00000E+00 0.0000
    5.6954E+00   0.00000E+00 0.0000
    5.8601E+00   0.00000E+00 0.0000
    6.0297E+00   0.00000E+00 0.0000
    6.2041E+00   0.00000E+00 0.0000
    6.3836E+00   0.00000E+00 0.0000
    6.5683E+00   0.00000E+00 0.0000
    6.7583E+00   0.00000E+00 0.0000
    6.9538E+00   0.00000E+00 0.0000
    7.1550E+00   0.00000E+00 0.0000
    7.3619E+00   0.00000E+00 0.0000
    7.5749E+00   0.00000E+00 0.0000
    7.7941E+00   0.00000E+00 0.0000
    8.0195E+00   0.00000E+00 0.0000
    8.2515E+00   4.56025E-11 0.3334
    8.4902E+00   6.81933E-12 1.0000
    8.7359E+00   2.17165E-10 0.1540
    8.9886E+00   1.13465E-11 0.7072
    9.2486E+00   7.23521E-10 0.0842
    9.5162E+00   9.62675E-11 0.2366
    9.7915E+00   6.41717E-11 0.2907
    1.0075E+01   1.51278E-09 0.0593
    1.0366E+01   1.29223E-10 0.2024
    1.0666E+01   2.92564E-09 0.0429
    1.0975E+01   3.41855E-10 0.1277
    1.1292E+01   4.36295E-09 0.0352
    1.1619E+01   5.40839E-10 0.1023
    1.1955E+01   6.37504E-10 0.0950
    1.2301E+01   7.12537E-07 0.0071
    1.2657E+01   7.52363E-07 0.0049
    1.3023E+01   6.46835E-05 0.0016
    1.3400E+01   2.08928E-05 0.0014
    1.3787E+01   2.36452E-05 0.0013
    1.4186E+01   1.47743E-04 0.0011
    1.4596E+01   2.11027E-05 0.0012
    1.5019E+01   1.47529E-04 0.0010
    1.5453E+01   2.67105E-05 0.0011
    1.5900E+01   1.37965E-04 0.0009
    1.6360E+01   2.05574E-05 0.0010
    1.6834E+01   2.27544E-05 0.0010
    1.7321E+01   1.58422E-04 0.0009
    1.7822E+01   2.36361E-05 0.0009
    1.8337E+01   1.36051E-04 0.0009
    1.8868E+01   1.79262E-05 0.0009
    1.9413E+01   1.84140E-05 0.0009
    1.9975E+01   1.09975E-04 0.0008
    2.0553E+01   2.04370E-05 0.0009
    2.1148E+01   1.11794E-04 0.0008
    2.1759E+01   1.72928E-05 0.0009
    2.2389E+01   1.75144E-05 0.0009
    2.3037E+01   9.14740E-05 0.0008
    2.3703E+01   1.36392E-05 0.0009
    2.4389E+01   7.16388E-05 0.0008
    2.5094E+01   1.15568E-05 0.0009
    2.5820E+01   1.15600E-05 0.0009
    2.6567E+01   6.23253E-05 0.0008
    2.7336E+01   1.02049E-05 0.0009
    2.8127E+01   5.98510E-05 0.0008
    2.8940E+01   9.99805E-06 0.0009
    2.9777E+01   5.50477E-05 0.0008
    3.0639E+01   9.49472E-06 0.0009
    3.1525E+01   8.63361E-06 0.0009
    3.2437E+01   4.82693E-05 0.0008
    3.3376E+01   7.28367E-06 0.0009
    3.4341E+01   4.02063E-05 0.0008
    3.5335E+01   7.07278E-06 0.0009
    3.6357E+01   5.85997E-06 0.0009
    3.7409E+01   3.32436E-05 0.0008
    3.8491E+01   4.99084E-06 0.0009
    3.9604E+01   2.70569E-05 0.0008
    4.0750E+01   4.84156E-06 0.0009
    4.1929E+01   3.93332E-06 0.0009
    4.3142E+01   2.27265E-05 0.0008
    4.4390E+01   3.31836E-06 0.0009
    4.5674E+01   1.88946E-05 0.0008
    4.6996E+01   3.33848E-06 0.0008
    4.8355E+01   2.69248E-06 0.0009
    4.9754E+01   1.62703E-05 0.0008
    5.1193E+01   2.31324E-06 0.0009
    5.2674E+01   1.37599E-05 0.0008
    5.4198E+01   2.40770E-06 0.0008
    5.5766E+01   2.00043E-06 0.0009
    5.7379E+01   1.19485E-05 0.0008
    5.9039E+01   1.64951E-06 0.0009
    6.0747E+01   1.02883E-05 0.0008
    6.2505E+01   1.70766E-06 0.0008
    6.4313E+01   8.57911E-06 0.0008
    6.6174E+01   1.83688E-06 0.0008
    6.8088E+01   1.20930E-06 0.0009
    7.0058E+01   7.76567E-06 0.0008
    7.2084E+01   1.19569E-06 0.0008
    7.4170E+01   6.51281E-06 0.0008
    7.6315E+01   1.29920E-06 0.0008
    7.8523E+01   9.15474E-07 0.0009
    8.0795E+01   5.82969E-06 0.0008
    8.3132E+01   8.23150E-07 0.0008
    8.5537E+01   4.96791E-06 0.0008
    8.8012E+01   8.80301E-07 0.0008
    9.0558E+01   4.16288E-06 0.0008
    9.3178E+01   9.21453E-07 0.0008
    9.5873E+01   6.05834E-07 0.0008
    9.8647E+01   3.79569E-06 0.0008
    1.0150E+02   5.52041E-07 0.0008
    1.0444E+02   3.23394E-06 0.0008
    1.0746E+02   5.60439E-07 0.0008
    1.1057E+02   2.71018E-06 0.0008
    1.1377E+02   5.71599E-07 0.0008
    1.1706E+02   3.94109E-07 0.0008
    1.2044E+02   2.43092E-06 0.0008
    1.2393E+02   3.46239E-07 0.0008
    1.2751E+02   2.07442E-06 0.0008
    1.3120E+02   3.50034E-07 0.0008
    1.3500E+02   1.73199E-06 0.0008
    1.3890E+02   3.60066E-07 0.0008
    1.4292E+02   2.47877E-07 0.0008
    1.4706E+02   1.54568E-06 0.0008
    1.5131E+02   2.22145E-07 0.0008
    1.5569E+02   1.30863E-06 0.0008
    1.6019E+02   2.30433E-07 0.0008
    1.6483E+02   1.08945E-06 0.0008
    1.6959E+02   2.33765E-07 0.0008
    1.7450E+02   1.54813E-07 0.0008
    1.7955E+02   9.75008E-07 0.0008
    1.8474E+02   1.49466E-07 0.0008
    1.9009E+02   8.14235E-07 0.0008
    1.9559E+02   1.57969E-07 0.0008
    2.0124E+02   1.16190E-07 0.0008
    2.0707E+02   7.15553E-07 0.0008
    2.1306E+02   1.01544E-07 0.0008
    2.1922E+02   6.06706E-07 0.0008
    2.2556E+02   1.05795E-07 0.0008
    2.3209E+02   9.15188E-08 0.0008
    2.3880E+02   5.20472E-07 0.0008
    2.4571E+02   7.22693E-08 0.0008
    2.5282E+02   4.50354E-07 0.0008
    2.6013E+02   7.12185E-08 0.0008
    2.6766E+02   3.77582E-07 0.0008
    2.7540E+02   7.47643E-08 0.0008
    2.8337E+02   5.70473E-08 0.0008
    2.9157E+02   3.32714E-07 0.0008
    3.0000E+02   4.86142E-08 0.0008
      total      2.05551E-03 0.0004
 
 cell  501                                                                                                                             
 user bin total
    s(e) (MeV/cm)
    1.0000E+00   0.00000E+00 0.0000
    1.0289E+00   0.00000E+00 0.0000
    1.0587E+00   0.00000E+00 0.0000
    1.0893E+00   0.00000E+00 0.0000
    1.1208E+00   0.00000E+00 0.0000
    1.1533E+00   0.00000E+00 0.0000
    1.1866E+00   0.00000E+00 0.0000
    1.2210E+00   0.00000E+00 0.0000
    1.2563E+00   0.00000E+00 0.0000
    1.2926E+00   0.00000E+00 0.0000
    1.3300E+00   0.00000E+00 0.0000
    1.3685E+00   0.00000E+00 0.0000
    1.4081E+00   0.00000E+00 0.0000
    1.4488E+00   0.00000E+00 0.0000
    1.4907E+00   0.00000E+00 0.0000
    1.5339E+00   0.00000E+00 0.0000
    1.5782E+00   0.00000E+00 0.0000
    1.6239E+00   0.00000E+00 0.0000
    1.6709E+00   0.00000E+00 0.0000
    1.7192E+00   0.00000E+00 0.0000
    1.7689E+00   0.00000E+00 0.0000
    1.8201E+00   0.00000E+00 0.0000
    1.8728E+00   0.00000E+00 0.0000
    1.9269E+00   0.00000E+00 0.0000
    1.9827E+00   0.00000E+00 0.0000
    2.0400E+00   0.00000E+00 0.0000
    2.0991E+00   0.00000E+00 0.0000
    2.1598E+00   0.00000E+00 0.0000
    2.2223E+00   0.00000E+00 0.0000
    2.2866E+00   0.00000E+00 0.0000
    2.3527E+00   0.00000E+00 0.0000
    2.4208E+00   0.00000E+00 0.0000
    2.4908E+00   0.00000E+00 0.0000
    2.5629E+00   0.00000E+00 0.0000
    2.6370E+00   0.00000E+00 0.0000
    2.7133E+00   0.00000E+00 0.0000
    2.7918E+00   0.00000E+00 0.0000
    2.8725E+00   0.00000E+00 0.0000
    2.9557E+00   0.00000E+00 0.0000
    3.0412E+00   0.00000E+00 0.0000
    3.1291E+00   0.00000E+00 0.0000
    3.2197E+00   0.00000E+00 0.0000
    3.3128E+00   0.00000E+00 0.0000
    3.4086E+00   0.00000E+00 0.0000
    3.5072E+00   0.00000E+00 0.0000
    3.6087E+00   0.00000E+00 0.0000
    3.7131E+00   0.00000E+00 0.0000
    3.8205E+00   0.00000E+00 0.0000
    3.9311E+00   0.00000E+00 0.0000
    4.0448E+00   0.00000E+00 0.0000
    4.1618E+00   0.00000E+00 0.0000
    4.2822E+00   0.00000E+00 0.0000
    4.4061E+00   0.00000E+00 0.0000
    4.5335E+00   0.00000E+00 0.0000
    4.6647E+00   0.00000E+00 0.0000
    4.7996E+00   0.00000E+00 0.0000
    4.9385E+00   0.00000E+00 0.0000
    5.0814E+00   0.00000E+00 0.0000
    5.2284E+00   0.00000E+00 0.0000
    5.3796E+00   0.00000E+00 0.0000
    5.5352E+00   0.00000E+00 0.0000
    5.6954E+00   0.00000E+00 0.0000
    5.8601E+00   0.00000E+00 0.0000
    6.0297E+00   0.00000E+00 0.0000
    6.2041E+00   0.00000E+00 0.0000
    6.3836E+00   0.00000E+00 0.0000
    6.5683E+00   0.00000E+00 0.0000
    6.7583E+00   0.00000E+00 0.0000
    6.9538E+00   0.00000E+00 0.0000
    7.1550E+00   0.00000E+00 0.0000
    7.3619E+00   0.00000E+00 0.0000
    7.5749E+00   0.00000E+00 0.0000
    7.7941E+00   0.00000E+00 0.0000
    8.0195E+00   0.00000E+00 0.0000
    8.2515E+00   4.56025E-11 0.3334
    8.4902E+00   6.81933E-12 1.0000
    8.7359E+00   2.17165E-10 0.1540
    8.9886E+00   1.13465E-11 0.7072
    9.2486E+00   7.23521E-10 0.0842
    9.5162E+00   9.62675E-11 0.2366
    9.7915E+00   6.41717E-11 0.2907
    1.0075E+01   1.51278E-09 0.0593
    1.0366E+01   1.29223E-10 0.2024
    1.0666E+01   2.92564E-09 0.0429
    1.0975E+01   3.41855E-10 0.1277
    1.1292E+01   4.36295E-09 0.0352
    1.1619E+01   5.40839E-10 0.1023
    1.1955E+01   6.37504E-10 0.0950
    1.2301E+01   7.18676E-07 0.0071
    1.2657E+01   7.59089E-07 0.0049
    1.3023E+01   6.52459E-05 0.0016
    1.3400E+01   2.10709E-05 0.0014
    1.3787E+01   2.38435E-05 0.0013
    1.4186E+01   1.48954E-04 0.0011
    1.4596E+01   2.12715E-05 0.0012
    1.5019E+01   1.48732E-04 0.0010
    1.5453E+01   2.69277E-05 0.0011
    1.5900E+01   1.39074E-04 0.0009
    1.6360E+01   2.07237E-05 0.0010
    1.6834E+01   2.29403E-05 0.0010
    1.7321E+01   1.59724E-04 0.0009
    1.7822E+01   2.38275E-05 0.0009
    1.8337E+01   1.37145E-04 0.0009
    1.8868E+01   1.80663E-05 0.0009
    1.9413E+01   1.85588E-05 0.0009
    1.9975E+01   1.10853E-04 0.0008
    2.0553E+01   2.06025E-05 0.0009
    2.1148E+01   1.12702E-04 0.0008
    2.1759E+01   1.74324E-05 0.0009
    2.2389E+01   1.76549E-05 0.0009
    2.3037E+01   9.22012E-05 0.0008
    2.3703E+01   1.37453E-05 0.0009
    2.4389E+01   7.21993E-05 0.0008
    2.5094E+01   1.16481E-05 0.0009
    2.5820E+01   1.16511E-05 0.0009
    2.6567E+01   6.28181E-05 0.0008
    2.7336E+01   1.02857E-05 0.0009
    2.8127E+01   6.03307E-05 0.0008
    2.8940E+01   1.00790E-05 0.0009
    2.9777E+01   5.54934E-05 0.0008
    3.0639E+01   9.57121E-06 0.0009
    3.1525E+01   8.70369E-06 0.0009
    3.2437E+01   4.86592E-05 0.0008
    3.3376E+01   7.34195E-06 0.0009
    3.4341E+01   4.05268E-05 0.0008
    3.5335E+01   7.12891E-06 0.0009
    3.6357E+01   5.90642E-06 0.0009
    3.7409E+01   3.35057E-05 0.0008
    3.8491E+01   5.03019E-06 0.0009
    3.9604E+01   2.72684E-05 0.0008
    4.0750E+01   4.87933E-06 0.0009
    4.1929E+01   3.96412E-06 0.0009
    4.3142E+01   2.29033E-05 0.0008
    4.4390E+01   3.34403E-06 0.0009
    4.5674E+01   1.90409E-05 0.0008
    4.6996E+01   3.36438E-06 0.0008
    4.8355E+01   2.71322E-06 0.0009
    4.9754E+01   1.63963E-05 0.0008
    5.1193E+01   2.33121E-06 0.0009
    5.2674E+01   1.38665E-05 0.0008
    5.4198E+01   2.42638E-06 0.0008
    5.5766E+01   2.01594E-06 0.0009
    5.7379E+01   1.20408E-05 0.0008
    5.9039E+01   1.66230E-06 0.0009
    6.0747E+01   1.03680E-05 0.0008
    6.2505E+01   1.72095E-06 0.0008
    6.4313E+01   8.64562E-06 0.0008
    6.6174E+01   1.85112E-06 0.0008
    6.8088E+01   1.21871E-06 0.0009
    7.0058E+01   7.82584E-06 0.0008
    7.2084E+01   1.20497E-06 0.0008
    7.4170E+01   6.56332E-06 0.0008
    7.6315E+01   1.30928E-06 0.0008
    7.8523E+01   9.22576E-07 0.0009
    8.0795E+01   5.87488E-06 0.0008
    8.3132E+01   8.29565E-07 0.0008
    8.5537E+01   5.00642E-06 0.0008
    8.8012E+01   8.87121E-07 0.0008
    9.0558E+01   4.19519E-06 0.0008
    9.3178E+01   9.28587E-07 0.0008
    9.5873E+01   6.10522E-07 0.0008
    9.8647E+01   3.82511E-06 0.0008
    1.0150E+02   5.56304E-07 0.0008
    1.0444E+02   3.25898E-06 0.0008
    1.0746E+02   5.64785E-07 0.0008
    1.1057E+02   2.73115E-06 0.0008
    1.1377E+02   5.76027E-07 0.0008
    1.1706E+02   3.97162E-07 0.0008
    1.2044E+02   2.44972E-06 0.0008
    1.2393E+02   3.48932E-07 0.0008
    1.2751E+02   2.09046E-06 0.0008
    1.3120E+02   3.52752E-07 0.0008
    1.3500E+02   1.74539E-06 0.0008
    1.3890E+02   3.62845E-07 0.0008
    1.4292E+02   2.49807E-07 0.0008
    1.4706E+02   1.55762E-06 0.0008
    1.5131E+02   2.23870E-07 0.0008
    1.5569E+02   1.31875E-06 0.0008
    1.6019E+02   2.32208E-07 0.0008
    1.6483E+02   1.09787E-06 0.0008
    1.6959E+02   2.35568E-07 0.0008
    1.7450E+02   1.56012E-07 0.0008
    1.7955E+02   9.82548E-07 0.0008
    1.8474E+02   1.50624E-07 0.0008
    1.9009E+02   8.20528E-07 0.0008
    1.9559E+02   1.59195E-07 0.0008
    2.0124E+02   1.17084E-07 0.0008
    2.0707E+02   7.21087E-07 0.0008
    2.1306E+02   1.02327E-07 0.0008
    2.1922E+02   6.11394E-07 0.0008
    2.2556E+02   1.06614E-07 0.0008
    2.3209E+02   9.22215E-08 0.0008
    2.3880E+02   5.24493E-07 0.0008
    2.4571E+02   7.28284E-08 0.0008
    2.5282E+02   4.53831E-07 0.0008
    2.6013E+02   7.17694E-08 0.0008
    2.6766E+02   3.80495E-07 0.0008
    2.7540E+02   7.53430E-08 0.0008
    2.8337E+02   5.74859E-08 0.0008
    2.9157E+02   3.35284E-07 0.0008
    3.0000E+02   4.89902E-08 0.0008
      total      2.07206E-03 0.0004
 
 cell  502                                                                                                                             
 user bin          -1.00000
    s(e) (MeV/cm)
    1.0000E+00   0.00000E+00 0.0000
    1.0289E+00   0.00000E+00 0.0000
    1.0587E+00   0.00000E+00 0.0000
    1.0893E+00   0.00000E+00 0.0000
    1.1208E+00   0.00000E+00 0.0000
    1.1533E+00   0.00000E+00 0.0000
    1.1866E+00   0.00000E+00 0.0000
    1.2210E+00   0.00000E+00 0.0000
    1.2563E+00   0.00000E+00 0.0000
    1.2926E+00   0.00000E+00 0.0000
    1.3300E+00   0.00000E+00 0.0000
    1.3685E+00   0.00000E+00 0.0000
    1.4081E+00   0.00000E+00 0.0000
    1.4488E+00   0.00000E+00 0.0000
    1.4907E+00   0.00000E+00 0.0000
    1.5339E+00   0.00000E+00 0.0000
    1.5782E+00   0.00000E+00 0.0000
    1.6239E+00   0.00000E+00 0.0000
    1.6709E+00   0.00000E+00 0.0000
    1.7192E+00   0.00000E+00 0.0000
    1.7689E+00   0.00000E+00 0.0000
    1.8201E+00   0.00000E+00 0.0000
    1.8728E+00   0.00000E+00 0.0000
    1.9269E+00   0.00000E+00 0.0000
    1.9827E+00   0.00000E+00 0.0000
    2.0400E+00   0.00000E+00 0.0000
    2.0991E+00   0.00000E+00 0.0000
    2.1598E+00   0.00000E+00 0.0000
    2.2223E+00   0.00000E+00 0.0000
    2.2866E+00   0.00000E+00 0.0000
    2.3527E+00   0.00000E+00 0.0000
    2.4208E+00   0.00000E+00 0.0000
    2.4908E+00   0.00000E+00 0.0000
    2.5629E+00   0.00000E+00 0.0000
    2.6370E+00   0.00000E+00 0.0000
    2.7133E+00   0.00000E+00 0.0000
    2.7918E+00   0.00000E+00 0.0000
    2.8725E+00   0.00000E+00 0.0000
    2.9557E+00   0.00000E+00 0.0000
    3.0412E+00   0.00000E+00 0.0000
    3.1291E+00   0.00000E+00 0.0000
    3.2197E+00   0.00000E+00 0.0000
    3.3128E+00   0.00000E+00 0.0000
    3.4086E+00   0.00000E+00 0.0000
    3.5072E+00   0.00000E+00 0.0000
    3.6087E+00   0.00000E+00 0.0000
    3.7131E+00   0.00000E+00 0.0000
    3.8205E+00   0.00000E+00 0.0000
    3.9311E+00   0.00000E+00 0.0000
    4.0448E+00   0.00000E+00 0.0000
    4.1618E+00   0.00000E+00 0.0000
    4.2822E+00   0.00000E+00 0.0000
    4.4061E+00   0.00000E+00 0.0000
    4.5335E+00   0.00000E+00 0.0000
    4.6647E+00   0.00000E+00 0.0000
    4.7996E+00   0.00000E+00 0.0000
    4.9385E+00   0.00000E+00 0.0000
    5.0814E+00   0.00000E+00 0.0000
    5.2284E+00   0.00000E+00 0.0000
    5.3796E+00   0.00000E+00 0.0000
    5.5352E+00   0.00000E+00 0.0000
    5.6954E+00   0.00000E+00 0.0000
    5.8601E+00   0.00000E+00 0.0000
    6.0297E+00   0.00000E+00 0.0000
    6.2041E+00   0.00000E+00 0.0000
    6.3836E+00   0.00000E+00 0.0000
    6.5683E+00   0.00000E+00 0.0000
    6.7583E+00   0.00000E+00 0.0000
    6.9538E+00   0.00000E+00 0.0000
    7.1550E+00   0.00000E+00 0.0000
    7.3619E+00   0.00000E+00 0.0000
    7.5749E+00   0.00000E+00 0.0000
    7.7941E+00   0.00000E+00 0.0000
    8.0195E+00   0.00000E+00 0.0000
    8.2515E+00   0.00000E+00 0.0000
    8.4902E+00   0.00000E+00 0.0000
    8.7359E+00   0.00000E+00 0.0000
    8.9886E+00   0.00000E+00 0.0000
    9.2486E+00   0.00000E+00 0.0000
    9.5162E+00   0.00000E+00 0.0000
    9.7915E+00   0.00000E+00 0.0000
    1.0075E+01   0.00000E+00 0.0000
    1.0366E+01   0.00000E+00 0.0000
    1.0666E+01   0.00000E+00 0.0000
    1.0975E+01   0.00000E+00 0.0000
    1.1292E+01   0.00000E+00 0.0000
    1.1619E+01   0.00000E+00 0.0000
    1.1955E+01   0.00000E+00 0.0000
    1.2301E+01   3.18398E-08 0.0125
    1.2657E+01   2.53205E-08 0.0140
    1.3023E+01   9.82483E-07 0.0022
    1.3400E+01   2.07083E-07 0.0049
    1.3787E+01   2.07376E-07 0.0049
    1.4186E+01   1.15511E-06 0.0021
    1.4596E+01   2.10019E-07 0.0049
    1.5019E+01   1.32674E-06 0.0019
    1.5453E+01   1.99720E-07 0.0048
    1.5900E+01   1.20073E-06 0.0020
    1.6360E+01   2.12152E-07 0.0042
    1.6834E+01   2.31276E-07 0.0041
    1.7321E+01   1.36823E-06 0.0018
    1.7822E+01   1.69905E-07 0.0043
    1.8337E+01   1.00991E-06 0.0020
    1.8868E+01   1.53928E-07 0.0041
    1.9413E+01   1.64591E-07 0.0040
    1.9975E+01   1.02753E-06 0.0019
    2.0553E+01   1.82316E-07 0.0037
    2.1148E+01   8.92078E-07 0.0020
    2.1759E+01   1.24302E-07 0.0041
    2.2389E+01   1.24306E-07 0.0041
    2.3037E+01   6.56945E-07 0.0022
    2.3703E+01   1.04258E-07 0.0041
    2.4389E+01   5.94470E-07 0.0022
    2.5094E+01   1.04640E-07 0.0039
    2.5820E+01   1.06958E-07 0.0038
    2.6567E+01   5.80422E-07 0.0021
    2.7336E+01   9.43070E-08 0.0037
    2.8127E+01   5.35982E-07 0.0021
    2.8940E+01   8.53503E-08 0.0036
    2.9777E+01   4.45401E-07 0.0022
    3.0639E+01   7.25842E-08 0.0036
    3.1525E+01   6.52104E-08 0.0038
    3.2437E+01   3.54291E-07 0.0023
    3.3376E+01   5.17046E-08 0.0040
    3.4341E+01   2.82949E-07 0.0024
    3.5335E+01   4.96181E-08 0.0038
    3.6357E+01   4.12106E-08 0.0041
    3.7409E+01   2.35315E-07 0.0024
    3.8491E+01   3.63136E-08 0.0041
    3.9604E+01   1.98693E-07 0.0024
    4.0750E+01   3.62000E-08 0.0038
    4.1929E+01   3.00193E-08 0.0042
    4.3142E+01   1.75511E-07 0.0024
    4.4390E+01   2.66398E-08 0.0041
    4.5674E+01   1.52682E-07 0.0024
    4.6996E+01   2.73969E-08 0.0037
    4.8355E+01   2.26043E-08 0.0041
    4.9754E+01   1.36804E-07 0.0024
    5.1193E+01   1.97534E-08 0.0040
    5.2674E+01   1.19089E-07 0.0024
    5.4198E+01   2.09565E-08 0.0036
    5.5766E+01   1.76516E-08 0.0040
    5.7379E+01   1.05351E-07 0.0023
    5.9039E+01   1.46441E-08 0.0040
    6.0747E+01   9.17712E-08 0.0023
    6.2505E+01   1.53301E-08 0.0036
    6.4313E+01   7.69399E-08 0.0023
    6.6174E+01   1.65212E-08 0.0032
    6.8088E+01   1.08611E-08 0.0040
    7.0058E+01   6.98114E-08 0.0023
    7.2084E+01   1.07070E-08 0.0037
    7.4170E+01   5.85364E-08 0.0023
    7.6315E+01   1.16256E-08 0.0033
    7.8523E+01   8.24491E-09 0.0039
    8.0795E+01   5.22111E-08 0.0023
    8.3132E+01   7.35165E-09 0.0038
    8.5537E+01   4.43913E-08 0.0023
    8.8012E+01   7.88332E-09 0.0034
    9.0558E+01   3.71215E-08 0.0023
    9.3178E+01   8.22111E-09 0.0031
    9.5873E+01   5.38468E-09 0.0039
    9.8647E+01   3.37477E-08 0.0023
    1.0150E+02   4.90201E-09 0.0037
    1.0444E+02   2.86761E-08 0.0023
    1.0746E+02   4.98192E-09 0.0034
    1.1057E+02   2.39643E-08 0.0023
    1.1377E+02   5.04548E-09 0.0032
    1.1706E+02   3.48963E-09 0.0038
    1.2044E+02   2.14297E-08 0.0023
    1.2393E+02   3.05931E-09 0.0038
    1.2751E+02   1.82271E-08 0.0023
    1.3120E+02   3.08453E-09 0.0035
    1.3500E+02   1.51880E-08 0.0023
    1.3890E+02   3.14776E-09 0.0032
    1.4292E+02   2.16794E-09 0.0038
    1.4706E+02   1.35145E-08 0.0023
    1.5131E+02   1.94605E-09 0.0038
    1.5569E+02   1.14185E-08 0.0023
    1.6019E+02   2.01120E-09 0.0034
    1.6483E+02   9.49413E-09 0.0023
    1.6959E+02   2.03970E-09 0.0031
    1.7450E+02   1.34316E-09 0.0039
    1.7955E+02   8.48655E-09 0.0023
    1.8474E+02   1.29596E-09 0.0036
    1.9009E+02   7.08344E-09 0.0023
    1.9559E+02   1.36763E-09 0.0033
    2.0124E+02   1.01071E-09 0.0038
    2.0707E+02   6.21696E-09 0.0023
    2.1306E+02   8.76721E-10 0.0038
    2.1922E+02   5.26521E-09 0.0023
    2.2556E+02   9.19215E-10 0.0034
    2.3209E+02   7.90419E-10 0.0037
    2.3880E+02   4.51233E-09 0.0023
    2.4571E+02   6.26114E-10 0.0038
    2.5282E+02   3.90127E-09 0.0023
    2.6013E+02   6.16298E-10 0.0036
    2.6766E+02   3.26482E-09 0.0023
    2.7540E+02   6.49344E-10 0.0032
    2.8337E+02   4.89543E-10 0.0037
    2.9157E+02   2.88004E-09 0.0023
    3.0000E+02   4.19910E-10 0.0037
      total      1.76053E-05 0.0005
 
 cell  502                                                                                                                             
 user bin 10000000000.00000
    s(e) (MeV/cm)
    1.0000E+00   0.00000E+00 0.0000
    1.0289E+00   0.00000E+00 0.0000
    1.0587E+00   0.00000E+00 0.0000
    1.0893E+00   0.00000E+00 0.0000
    1.1208E+00   0.00000E+00 0.0000
    1.1533E+00   0.00000E+00 0.0000
    1.1866E+00   0.00000E+00 0.0000
    1.2210E+00   0.00000E+00 0.0000
    1.2563E+00   0.00000E+00 0.0000
    1.2926E+00   0.00000E+00 0.0000
    1.3300E+00   0.00000E+00 0.0000
    1.3685E+00   0.00000E+00 0.0000
    1.4081E+00   0.00000E+00 0.0000
    1.4488E+00   0.00000E+00 0.0000
    1.4907E+00   0.00000E+00 0.0000
    1.5339E+00   0.00000E+00 0.0000
    1.5782E+00   0.00000E+00 0.0000
    1.6239E+00   0.00000E+00 0.0000
    1.6709E+00   0.00000E+00 0.0000
    1.7192E+00   0.00000E+00 0.0000
    1.7689E+00   0.00000E+00 0.0000
    1.8201E+00   0.00000E+00 0.0000
    1.8728E+00   0.00000E+00 0.0000
    1.9269E+00   0.00000E+00 0.0000
    1.9827E+00   0.00000E+00 0.0000
    2.0400E+00   0.00000E+00 0.0000
    2.0991E+00   0.00000E+00 0.0000
    2.1598E+00   0.00000E+00 0.0000
    2.2223E+00   0.00000E+00 0.0000
    2.2866E+00   0.00000E+00 0.0000
    2.3527E+00   0.00000E+00 0.0000
    2.4208E+00   0.00000E+00 0.0000
    2.4908E+00   0.00000E+00 0.0000
    2.5629E+00   0.00000E+00 0.0000
    2.6370E+00   0.00000E+00 0.0000
    2.7133E+00   0.00000E+00 0.0000
    2.7918E+00   0.00000E+00 0.0000
    2.8725E+00   0.00000E+00 0.0000
    2.9557E+00   0.00000E+00 0.0000
    3.0412E+00   0.00000E+00 0.0000
    3.1291E+00   0.00000E+00 0.0000
    3.2197E+00   0.00000E+00 0.0000
    3.3128E+00   0.00000E+00 0.0000
    3.4086E+00   0.00000E+00 0.0000
    3.5072E+00   0.00000E+00 0.0000
    3.6087E+00   0.00000E+00 0.0000
    3.7131E+00   0.00000E+00 0.0000
    3.8205E+00   0.00000E+00 0.0000
    3.9311E+00   0.00000E+00 0.0000
    4.0448E+00   0.00000E+00 0.0000
    4.1618E+00   0.00000E+00 0.0000
    4.2822E+00   0.00000E+00 0.0000
    4.4061E+00   0.00000E+00 0.0000
    4.5335E+00   0.00000E+00 0.0000
    4.6647E+00   0.00000E+00 0.0000
    4.7996E+00   0.00000E+00 0.0000
    4.9385E+00   0.00000E+00 0.0000
    5.0814E+00   0.00000E+00 0.0000
    5.2284E+00   0.00000E+00 0.0000
    5.3796E+00   0.00000E+00 0.0000
    5.5352E+00   0.00000E+00 0.0000
    5.6954E+00   0.00000E+00 0.0000
    5.8601E+00   0.00000E+00 0.0000
    6.0297E+00   0.00000E+00 0.0000
    6.2041E+00   0.00000E+00 0.0000
    6.3836E+00   0.00000E+00 0.0000
    6.5683E+00   0.00000E+00 0.0000
    6.7583E+00   0.00000E+00 0.0000
    6.9538E+00   0.00000E+00 0.0000
    7.1550E+00   0.00000E+00 0.0000
    7.3619E+00   0.00000E+00 0.0000
    7.5749E+00   0.00000E+00 0.0000
    7.7941E+00   0.00000E+00 0.0000
    8.0195E+00   0.00000E+00 0.0000
    8.2515E+00   5.89738E-11 0.2964
    8.4902E+00   4.95771E-12 1.0000
    8.7359E+00   2.22518E-10 0.1516
    8.9886E+00   1.77171E-11 0.5190
    9.2486E+00   7.46640E-10 0.0831
    9.5162E+00   7.23654E-11 0.2636
    9.7915E+00   7.33760E-11 0.2685
    1.0075E+01   1.46953E-09 0.0600
    1.0366E+01   1.51120E-10 0.1876
    1.0666E+01   2.91886E-09 0.0429
    1.0975E+01   3.78700E-10 0.1218
    1.1292E+01   4.40483E-09 0.0353
    1.1619E+01   8.48921E-10 0.0821
    1.1955E+01   1.24741E-09 0.0690
    1.2301E+01   3.60749E-06 0.0041
    1.2657E+01   2.91231E-06 0.0029
    1.3023E+01   1.14278E-04 0.0013
    1.3400E+01   2.46076E-05 0.0013
    1.3787E+01   2.49002E-05 0.0013
    1.4186E+01   1.42480E-04 0.0010
    1.4596E+01   2.58302E-05 0.0012
    1.5019E+01   1.62425E-04 0.0010
    1.5453E+01   2.48761E-05 0.0011
    1.5900E+01   1.48229E-04 0.0009
    1.6360E+01   2.56367E-05 0.0010
    1.6834E+01   2.78644E-05 0.0010
    1.7321E+01   1.67388E-04 0.0009
    1.7822E+01   2.13047E-05 0.0010
    1.8337E+01   1.27187E-04 0.0008
    1.8868E+01   1.92516E-05 0.0009
    1.9413E+01   2.04844E-05 0.0009
    1.9975E+01   1.26220E-04 0.0008
    2.0553E+01   2.23689E-05 0.0009
    2.1148E+01   1.11243E-04 0.0008
    2.1759E+01   1.57264E-05 0.0009
    2.2389E+01   1.58056E-05 0.0009
    2.3037E+01   8.35833E-05 0.0008
    2.3703E+01   1.32085E-05 0.0009
    2.4389E+01   7.48598E-05 0.0008
    2.5094E+01   1.29986E-05 0.0009
    2.5820E+01   1.32075E-05 0.0009
    2.6567E+01   7.18988E-05 0.0008
    2.7336E+01   1.16189E-05 0.0009
    2.8127E+01   6.60447E-05 0.0008
    2.8940E+01   1.05316E-05 0.0009
    2.9777E+01   5.55558E-05 0.0008
    3.0639E+01   9.16012E-06 0.0009
    3.1525E+01   8.20965E-06 0.0009
    3.2437E+01   4.48610E-05 0.0008
    3.3376E+01   6.59539E-06 0.0009
    3.4341E+01   3.61765E-05 0.0008
    3.5335E+01   6.35150E-06 0.0009
    3.6357E+01   5.27607E-06 0.0009
    3.7409E+01   3.02406E-05 0.0008
    3.8491E+01   4.61547E-06 0.0009
    3.9604E+01   2.54775E-05 0.0008
    4.0750E+01   4.64671E-06 0.0009
    4.1929E+01   3.82618E-06 0.0009
    4.3142E+01   2.24551E-05 0.0008
    4.4390E+01   3.36919E-06 0.0009
    4.5674E+01   1.94581E-05 0.0008
    4.6996E+01   3.49799E-06 0.0008
    4.8355E+01   2.85763E-06 0.0009
    4.9754E+01   1.73716E-05 0.0008
    5.1193E+01   2.51537E-06 0.0009
    5.2674E+01   1.50552E-05 0.0008
    5.4198E+01   2.65373E-06 0.0008
    5.5766E+01   2.22129E-06 0.0009
    5.7379E+01   1.32981E-05 0.0008
    5.9039E+01   1.85024E-06 0.0009
    6.0747E+01   1.15690E-05 0.0008
    6.2505E+01   1.92683E-06 0.0008
    6.4313E+01   9.70576E-06 0.0008
    6.6174E+01   2.08128E-06 0.0008
    6.8088E+01   1.37061E-06 0.0009
    7.0058E+01   8.80607E-06 0.0008
    7.2084E+01   1.35560E-06 0.0008
    7.4170E+01   7.38408E-06 0.0008
    7.6315E+01   1.47268E-06 0.0008
    7.8523E+01   1.03703E-06 0.0008
    8.0795E+01   6.60259E-06 0.0008
    8.3132E+01   9.31088E-07 0.0008
    8.5537E+01   5.61705E-06 0.0008
    8.8012E+01   9.94612E-07 0.0008
    9.0558E+01   4.69773E-06 0.0008
    9.3178E+01   1.03976E-06 0.0008
    9.5873E+01   6.81957E-07 0.0008
    9.8647E+01   4.27381E-06 0.0008
    1.0150E+02   6.20931E-07 0.0008
    1.0444E+02   3.63312E-06 0.0008
    1.0746E+02   6.29541E-07 0.0008
    1.1057E+02   3.03836E-06 0.0008
    1.1377E+02   6.40708E-07 0.0008
    1.1706E+02   4.40618E-07 0.0008
    1.2044E+02   2.71956E-06 0.0008
    1.2393E+02   3.86757E-07 0.0008
    1.2751E+02   2.31583E-06 0.0008
    1.3120E+02   3.90573E-07 0.0008
    1.3500E+02   1.93025E-06 0.0008
    1.3890E+02   4.00907E-07 0.0008
    1.4292E+02   2.75917E-07 0.0008
    1.4706E+02   1.71955E-06 0.0008
    1.5131E+02   2.46869E-07 0.0008
    1.5569E+02   1.45395E-06 0.0008
    1.6019E+02   2.55856E-07 0.0008
    1.6483E+02   1.20899E-06 0.0008
    1.6959E+02   2.59491E-07 0.0008
    1.7450E+02   1.71667E-07 0.0008
    1.7955E+02   1.08114E-06 0.0008
    1.8474E+02   1.65651E-07 0.0008
    1.9009E+02   9.01980E-07 0.0008
    1.9559E+02   1.75029E-07 0.0008
    2.0124E+02   1.28563E-07 0.0008
    2.0707E+02   7.92332E-07 0.0008
    2.1306E+02   1.12321E-07 0.0008
    2.1922E+02   6.71358E-07 0.0008
    2.2556E+02   1.17053E-07 0.0008
    2.3209E+02   1.01235E-07 0.0008
    2.3880E+02   5.75595E-07 0.0008
    2.4571E+02   7.98992E-08 0.0008
    2.5282E+02   4.97862E-07 0.0008
    2.6013E+02   7.87641E-08 0.0008
    2.6766E+02   4.17195E-07 0.0008
    2.7540E+02   8.26712E-08 0.0008
    2.8337E+02   6.29964E-08 0.0008
    2.9157E+02   3.67573E-07 0.0008
    3.0000E+02   5.36784E-08 0.0008
      total      2.18094E-03 0.0004
 
 cell  502                                                                                                                             
 user bin total
    s(e) (MeV/cm)
    1.0000E+00   0.00000E+00 0.0000
    1.0289E+00   0.00000E+00 0.0000
    1.0587E+00   0.00000E+00 0.0000
    1.0893E+00   0.00000E+00 0.0000
    1.1208E+00   0.00000E+00 0.0000
    1.1533E+00   0.00000E+00 0.0000
    1.1866E+00   0.00000E+00 0.0000
    1.2210E+00   0.00000E+00 0.0000
    1.2563E+00   0.00000E+00 0.0000
    1.2926E+00   0.00000E+00 0.0000
    1.3300E+00   0.00000E+00 0.0000
    1.3685E+00   0.00000E+00 0.0000
    1.4081E+00   0.00000E+00 0.0000
    1.4488E+00   0.00000E+00 0.0000
    1.4907E+00   0.00000E+00 0.0000
    1.5339E+00   0.00000E+00 0.0000
    1.5782E+00   0.00000E+00 0.0000
    1.6239E+00   0.00000E+00 0.0000
    1.6709E+00   0.00000E+00 0.0000
    1.7192E+00   0.00000E+00 0.0000
    1.7689E+00   0.00000E+00 0.0000
    1.8201E+00   0.00000E+00 0.0000
    1.8728E+00   0.00000E+00 0.0000
    1.9269E+00   0.00000E+00 0.0000
    1.9827E+00   0.00000E+00 0.0000
    2.0400E+00   0.00000E+00 0.0000
    2.0991E+00   0.00000E+00 0.0000
    2.1598E+00   0.00000E+00 0.0000
    2.2223E+00   0.00000E+00 0.0000
    2.2866E+00   0.00000E+00 0.0000
    2.3527E+00   0.00000E+00 0.0000
    2.4208E+00   0.00000E+00 0.0000
    2.4908E+00   0.00000E+00 0.0000
    2.5629E+00   0.00000E+00 0.0000
    2.6370E+00   0.00000E+00 0.0000
    2.7133E+00   0.00000E+00 0.0000
    2.7918E+00   0.00000E+00 0.0000
    2.8725E+00   0.00000E+00 0.0000
    2.9557E+00   0.00000E+00 0.0000
    3.0412E+00   0.00000E+00 0.0000
    3.1291E+00   0.00000E+00 0.0000
    3.2197E+00   0.00000E+00 0.0000
    3.3128E+00   0.00000E+00 0.0000
    3.4086E+00   0.00000E+00 0.0000
    3.5072E+00   0.00000E+00 0.0000
    3.6087E+00   0.00000E+00 0.0000
    3.7131E+00   0.00000E+00 0.0000
    3.8205E+00   0.00000E+00 0.0000
    3.9311E+00   0.00000E+00 0.0000
    4.0448E+00   0.00000E+00 0.0000
    4.1618E+00   0.00000E+00 0.0000
    4.2822E+00   0.00000E+00 0.0000
    4.4061E+00   0.00000E+00 0.0000
    4.5335E+00   0.00000E+00 0.0000
    4.6647E+00   0.00000E+00 0.0000
    4.7996E+00   0.00000E+00 0.0000
    4.9385E+00   0.00000E+00 0.0000
    5.0814E+00   0.00000E+00 0.0000
    5.2284E+00   0.00000E+00 0.0000
    5.3796E+00   0.00000E+00 0.0000
    5.5352E+00   0.00000E+00 0.0000
    5.6954E+00   0.00000E+00 0.0000
    5.8601E+00   0.00000E+00 0.0000
    6.0297E+00   0.00000E+00 0.0000
    6.2041E+00   0.00000E+00 0.0000
    6.3836E+00   0.00000E+00 0.0000
    6.5683E+00   0.00000E+00 0.0000
    6.7583E+00   0.00000E+00 0.0000
    6.9538E+00   0.00000E+00 0.0000
    7.1550E+00   0.00000E+00 0.0000
    7.3619E+00   0.00000E+00 0.0000
    7.5749E+00   0.00000E+00 0.0000
    7.7941E+00   0.00000E+00 0.0000
    8.0195E+00   0.00000E+00 0.0000
    8.2515E+00   5.89738E-11 0.2964
    8.4902E+00   4.95771E-12 1.0000
    8.7359E+00   2.22518E-10 0.1516
    8.9886E+00   1.77171E-11 0.5190
    9.2486E+00   7.46640E-10 0.0831
    9.5162E+00   7.23654E-11 0.2636
    9.7915E+00   7.33760E-11 0.2685
    1.0075E+01   1.46953E-09 0.0600
    1.0366E+01   1.51120E-10 0.1876
    1.0666E+01   2.91886E-09 0.0429
    1.0975E+01   3.78700E-10 0.1218
    1.1292E+01   4.40483E-09 0.0353
    1.1619E+01   8.48921E-10 0.0821
    1.1955E+01   1.24741E-09 0.0690
    1.2301E+01   3.63933E-06 0.0041
    1.2657E+01   2.93763E-06 0.0029
    1.3023E+01   1.15261E-04 0.0013
    1.3400E+01   2.48147E-05 0.0013
    1.3787E+01   2.51076E-05 0.0013
    1.4186E+01   1.43635E-04 0.0010
    1.4596E+01   2.60402E-05 0.0012
    1.5019E+01   1.63751E-04 0.0010
    1.5453E+01   2.50758E-05 0.0011
    1.5900E+01   1.49430E-04 0.0009
    1.6360E+01   2.58488E-05 0.0010
    1.6834E+01   2.80956E-05 0.0010
    1.7321E+01   1.68756E-04 0.0009
    1.7822E+01   2.14746E-05 0.0010
    1.8337E+01   1.28197E-04 0.0008
    1.8868E+01   1.94055E-05 0.0009
    1.9413E+01   2.06490E-05 0.0009
    1.9975E+01   1.27248E-04 0.0008
    2.0553E+01   2.25512E-05 0.0009
    2.1148E+01   1.12135E-04 0.0008
    2.1759E+01   1.58507E-05 0.0009
    2.2389E+01   1.59299E-05 0.0009
    2.3037E+01   8.42403E-05 0.0008
    2.3703E+01   1.33127E-05 0.0009
    2.4389E+01   7.54543E-05 0.0008
    2.5094E+01   1.31033E-05 0.0009
    2.5820E+01   1.33145E-05 0.0009
    2.6567E+01   7.24792E-05 0.0008
    2.7336E+01   1.17132E-05 0.0009
    2.8127E+01   6.65806E-05 0.0008
    2.8940E+01   1.06169E-05 0.0009
    2.9777E+01   5.60012E-05 0.0008
    3.0639E+01   9.23270E-06 0.0009
    3.1525E+01   8.27486E-06 0.0009
    3.2437E+01   4.52153E-05 0.0008
    3.3376E+01   6.64710E-06 0.0009
    3.4341E+01   3.64595E-05 0.0008
    3.5335E+01   6.40111E-06 0.0009
    3.6357E+01   5.31728E-06 0.0009
    3.7409E+01   3.04759E-05 0.0008
    3.8491E+01   4.65179E-06 0.0009
    3.9604E+01   2.56762E-05 0.0008
    4.0750E+01   4.68291E-06 0.0009
    4.1929E+01   3.85620E-06 0.0009
    4.3142E+01   2.26307E-05 0.0008
    4.4390E+01   3.39583E-06 0.0009
    4.5674E+01   1.96108E-05 0.0008
    4.6996E+01   3.52539E-06 0.0008
    4.8355E+01   2.88023E-06 0.0009
    4.9754E+01   1.75084E-05 0.0008
    5.1193E+01   2.53512E-06 0.0009
    5.2674E+01   1.51743E-05 0.0008
    5.4198E+01   2.67469E-06 0.0008
    5.5766E+01   2.23894E-06 0.0009
    5.7379E+01   1.34034E-05 0.0008
    5.9039E+01   1.86488E-06 0.0009
    6.0747E+01   1.16608E-05 0.0008
    6.2505E+01   1.94216E-06 0.0008
    6.4313E+01   9.78270E-06 0.0008
    6.6174E+01   2.09780E-06 0.0008
    6.8088E+01   1.38147E-06 0.0009
    7.0058E+01   8.87588E-06 0.0008
    7.2084E+01   1.36630E-06 0.0008
    7.4170E+01   7.44262E-06 0.0008
    7.6315E+01   1.48430E-06 0.0008
    7.8523E+01   1.04527E-06 0.0008
    8.0795E+01   6.65480E-06 0.0008
    8.3132E+01   9.38440E-07 0.0008
    8.5537E+01   5.66144E-06 0.0008
    8.8012E+01   1.00250E-06 0.0008
    9.0558E+01   4.73485E-06 0.0008
    9.3178E+01   1.04799E-06 0.0008
    9.5873E+01   6.87342E-07 0.0008
    9.8647E+01   4.30755E-06 0.0008
    1.0150E+02   6.25833E-07 0.0008
    1.0444E+02   3.66180E-06 0.0008
    1.0746E+02   6.34523E-07 0.0008
    1.1057E+02   3.06233E-06 0.0008
    1.1377E+02   6.45753E-07 0.0008
    1.1706E+02   4.44107E-07 0.0008
    1.2044E+02   2.74099E-06 0.0008
    1.2393E+02   3.89816E-07 0.0008
    1.2751E+02   2.33406E-06 0.0008
    1.3120E+02   3.93657E-07 0.0008
    1.3500E+02   1.94544E-06 0.0008
    1.3890E+02   4.04055E-07 0.0008
    1.4292E+02   2.78084E-07 0.0008
    1.4706E+02   1.73307E-06 0.0008
    1.5131E+02   2.48815E-07 0.0008
    1.5569E+02   1.46537E-06 0.0008
    1.6019E+02   2.57867E-07 0.0008
    1.6483E+02   1.21849E-06 0.0008
    1.6959E+02   2.61531E-07 0.0008
    1.7450E+02   1.73010E-07 0.0008
    1.7955E+02   1.08962E-06 0.0008
    1.8474E+02   1.66946E-07 0.0008
    1.9009E+02   9.09064E-07 0.0008
    1.9559E+02   1.76397E-07 0.0008
    2.0124E+02   1.29574E-07 0.0008
    2.0707E+02   7.98549E-07 0.0008
    2.1306E+02   1.13198E-07 0.0008
    2.1922E+02   6.76623E-07 0.0008
    2.2556E+02   1.17973E-07 0.0008
    2.3209E+02   1.02025E-07 0.0008
    2.3880E+02   5.80108E-07 0.0008
    2.4571E+02   8.05253E-08 0.0008
    2.5282E+02   5.01763E-07 0.0008
    2.6013E+02   7.93804E-08 0.0008
    2.6766E+02   4.20460E-07 0.0008
    2.7540E+02   8.33206E-08 0.0008
    2.8337E+02   6.34859E-08 0.0008
    2.9157E+02   3.70453E-07 0.0008
    3.0000E+02   5.40983E-08 0.0008
      total      2.19854E-03 0.0004
 
 cell  503                                                                                                                             
 user bin          -1.00000
    s(e) (MeV/cm)
    1.0000E+00   0.00000E+00 0.0000
    1.0289E+00   0.00000E+00 0.0000
    1.0587E+00   0.00000E+00 0.0000
    1.0893E+00   0.00000E+00 0.0000
    1.1208E+00   0.00000E+00 0.0000
    1.1533E+00   0.00000E+00 0.0000
    1.1866E+00   0.00000E+00 0.0000
    1.2210E+00   0.00000E+00 0.0000
    1.2563E+00   0.00000E+00 0.0000
    1.2926E+00   0.00000E+00 0.0000
    1.3300E+00   0.00000E+00 0.0000
    1.3685E+00   0.00000E+00 0.0000
    1.4081E+00   0.00000E+00 0.0000
    1.4488E+00   0.00000E+00 0.0000
    1.4907E+00   0.00000E+00 0.0000
    1.5339E+00   0.00000E+00 0.0000
    1.5782E+00   0.00000E+00 0.0000
    1.6239E+00   0.00000E+00 0.0000
    1.6709E+00   0.00000E+00 0.0000
    1.7192E+00   0.00000E+00 0.0000
    1.7689E+00   0.00000E+00 0.0000
    1.8201E+00   0.00000E+00 0.0000
    1.8728E+00   0.00000E+00 0.0000
    1.9269E+00   0.00000E+00 0.0000
    1.9827E+00   0.00000E+00 0.0000
    2.0400E+00   0.00000E+00 0.0000
    2.0991E+00   0.00000E+00 0.0000
    2.1598E+00   0.00000E+00 0.0000
    2.2223E+00   0.00000E+00 0.0000
    2.2866E+00   0.00000E+00 0.0000
    2.3527E+00   0.00000E+00 0.0000
    2.4208E+00   0.00000E+00 0.0000
    2.4908E+00   0.00000E+00 0.0000
    2.5629E+00   0.00000E+00 0.0000
    2.6370E+00   0.00000E+00 0.0000
    2.7133E+00   0.00000E+00 0.0000
    2.7918E+00   0.00000E+00 0.0000
    2.8725E+00   0.00000E+00 0.0000
    2.9557E+00   0.00000E+00 0.0000
    3.0412E+00   0.00000E+00 0.0000
    3.1291E+00   0.00000E+00 0.0000
    3.2197E+00   0.00000E+00 0.0000
    3.3128E+00   0.00000E+00 0.0000
    3.4086E+00   0.00000E+00 0.0000
    3.5072E+00   0.00000E+00 0.0000
    3.6087E+00   0.00000E+00 0.0000
    3.7131E+00   0.00000E+00 0.0000
    3.8205E+00   0.00000E+00 0.0000
    3.9311E+00   0.00000E+00 0.0000
    4.0448E+00   0.00000E+00 0.0000
    4.1618E+00   0.00000E+00 0.0000
    4.2822E+00   0.00000E+00 0.0000
    4.4061E+00   0.00000E+00 0.0000
    4.5335E+00   0.00000E+00 0.0000
    4.6647E+00   0.00000E+00 0.0000
    4.7996E+00   0.00000E+00 0.0000
    4.9385E+00   0.00000E+00 0.0000
    5.0814E+00   0.00000E+00 0.0000
    5.2284E+00   0.00000E+00 0.0000
    5.3796E+00   0.00000E+00 0.0000
    5.5352E+00   0.00000E+00 0.0000
    5.6954E+00   0.00000E+00 0.0000
    5.8601E+00   0.00000E+00 0.0000
    6.0297E+00   0.00000E+00 0.0000
    6.2041E+00   0.00000E+00 0.0000
    6.3836E+00   0.00000E+00 0.0000
    6.5683E+00   0.00000E+00 0.0000
    6.7583E+00   0.00000E+00 0.0000
    6.9538E+00   0.00000E+00 0.0000
    7.1550E+00   0.00000E+00 0.0000
    7.3619E+00   0.00000E+00 0.0000
    7.5749E+00   0.00000E+00 0.0000
    7.7941E+00   0.00000E+00 0.0000
    8.0195E+00   0.00000E+00 0.0000
    8.2515E+00   0.00000E+00 0.0000
    8.4902E+00   0.00000E+00 0.0000
    8.7359E+00   0.00000E+00 0.0000
    8.9886E+00   0.00000E+00 0.0000
    9.2486E+00   0.00000E+00 0.0000
    9.5162E+00   0.00000E+00 0.0000
    9.7915E+00   0.00000E+00 0.0000
    1.0075E+01   0.00000E+00 0.0000
    1.0366E+01   0.00000E+00 0.0000
    1.0666E+01   0.00000E+00 0.0000
    1.0975E+01   0.00000E+00 0.0000
    1.1292E+01   4.99362E-12 0.9902
    1.1619E+01   2.96533E-11 0.4082
    1.1955E+01   5.93026E-11 0.2887
    1.2301E+01   1.18681E-07 0.0064
    1.2657E+01   7.04397E-08 0.0084
    1.3023E+01   1.35255E-06 0.0019
    1.3400E+01   1.86106E-07 0.0052
    1.3787E+01   1.78577E-07 0.0053
    1.4186E+01   1.25827E-06 0.0020
    1.4596E+01   2.51143E-07 0.0044
    1.5019E+01   1.30320E-06 0.0019
    1.5453E+01   2.09446E-07 0.0047
    1.5900E+01   1.46066E-06 0.0018
    1.6360E+01   2.33110E-07 0.0040
    1.6834E+01   2.35943E-07 0.0040
    1.7321E+01   1.25418E-06 0.0019
    1.7822E+01   1.59770E-07 0.0044
    1.8337E+01   1.11380E-06 0.0019
    1.8868E+01   1.82685E-07 0.0038
    1.9413E+01   1.90976E-07 0.0037
    1.9975E+01   1.06954E-06 0.0019
    2.0553E+01   1.67431E-07 0.0038
    2.1148E+01   7.94915E-07 0.0022
    2.1759E+01   1.17501E-07 0.0042
    2.2389E+01   1.20481E-07 0.0041
    2.3037E+01   7.02017E-07 0.0022
    2.3703E+01   1.21362E-07 0.0038
    2.4389E+01   7.00738E-07 0.0021
    2.5094E+01   1.19935E-07 0.0036
    2.5820E+01   1.20643E-07 0.0036
    2.6567E+01   6.14646E-07 0.0021
    2.7336E+01   9.20303E-08 0.0037
    2.8127E+01   5.00101E-07 0.0022
    2.8940E+01   7.62345E-08 0.0039
    2.9777E+01   3.93138E-07 0.0023
    3.0639E+01   6.43072E-08 0.0038
    3.1525E+01   5.77258E-08 0.0040
    3.2437E+01   3.23404E-07 0.0024
    3.3376E+01   4.92384E-08 0.0041
    3.4341E+01   2.77971E-07 0.0024
    3.5335E+01   5.07816E-08 0.0037
    3.6357E+01   4.30512E-08 0.0041
    3.7409E+01   2.51993E-07 0.0023
    3.8491E+01   3.98788E-08 0.0039
    3.9604E+01   2.23632E-07 0.0023
    4.0750E+01   4.17286E-08 0.0035
    4.1929E+01   3.43856E-08 0.0039
    4.3142E+01   2.03371E-07 0.0023
    4.4390E+01   3.07517E-08 0.0038
    4.5674E+01   1.77087E-07 0.0022
    4.6996E+01   3.16643E-08 0.0035
    4.8355E+01   2.59334E-08 0.0038
    4.9754E+01   1.57194E-07 0.0022
    5.1193E+01   2.25097E-08 0.0038
    5.2674E+01   1.34350E-07 0.0022
    5.4198E+01   2.34290E-08 0.0034
    5.5766E+01   1.96235E-08 0.0038
    5.7379E+01   1.16653E-07 0.0022
    5.9039E+01   1.60093E-08 0.0038
    6.0747E+01   9.98571E-08 0.0022
    6.2505E+01   1.65642E-08 0.0035
    6.4313E+01   8.24524E-08 0.0022
    6.6174E+01   1.75856E-08 0.0031
    6.8088E+01   1.14843E-08 0.0039
    7.0058E+01   7.36892E-08 0.0022
    7.2084E+01   1.12817E-08 0.0036
    7.4170E+01   6.10499E-08 0.0023
    7.6315E+01   1.20899E-08 0.0032
    7.8523E+01   8.46565E-09 0.0039
    8.0795E+01   5.39439E-08 0.0023
    8.3132E+01   7.55532E-09 0.0038
    8.5537E+01   4.53828E-08 0.0023
    8.8012E+01   7.99549E-09 0.0034
    9.0558E+01   3.76071E-08 0.0023
    9.3178E+01   8.25993E-09 0.0031
    9.5873E+01   5.43392E-09 0.0038
    9.8647E+01   3.39051E-08 0.0023
    1.0150E+02   4.89239E-09 0.0037
    1.0444E+02   2.86324E-08 0.0023
    1.0746E+02   4.95207E-09 0.0035
    1.1057E+02   2.37715E-08 0.0023
    1.1377E+02   5.01308E-09 0.0032
    1.1706E+02   3.42450E-09 0.0038
    1.2044E+02   2.11614E-08 0.0023
    1.2393E+02   3.00790E-09 0.0038
    1.2751E+02   1.79413E-08 0.0023
    1.3120E+02   3.01265E-09 0.0035
    1.3500E+02   1.49015E-08 0.0023
    1.3890E+02   3.09628E-09 0.0032
    1.4292E+02   2.11205E-09 0.0039
    1.4706E+02   1.32308E-08 0.0023
    1.5131E+02   1.88345E-09 0.0038
    1.5569E+02   1.11542E-08 0.0023
    1.6019E+02   1.96811E-09 0.0035
    1.6483E+02   9.24854E-09 0.0023
    1.6959E+02   1.98531E-09 0.0032
    1.7450E+02   1.31185E-09 0.0039
    1.7955E+02   8.25573E-09 0.0023
    1.8474E+02   1.26561E-09 0.0037
    1.9009E+02   6.88169E-09 0.0023
    1.9559E+02   1.32465E-09 0.0033
    2.0124E+02   9.84893E-10 0.0039
    2.0707E+02   6.03080E-09 0.0023
    2.1306E+02   8.52056E-10 0.0039
    2.1922E+02   5.10484E-09 0.0023
    2.2556E+02   8.90196E-10 0.0035
    2.3209E+02   7.68672E-10 0.0038
    2.3880E+02   4.37178E-09 0.0023
    2.4571E+02   6.03356E-10 0.0039
    2.5282E+02   3.78066E-09 0.0023
    2.6013E+02   5.98288E-10 0.0036
    2.6766E+02   3.16463E-09 0.0023
    2.7540E+02   6.27010E-10 0.0033
    2.8337E+02   4.77511E-10 0.0038
    2.9157E+02   2.78755E-09 0.0023
    3.0000E+02   4.05345E-10 0.0038
      total      1.87075E-05 0.0005
 
 cell  503                                                                                                                             
 user bin 10000000000.00000
    s(e) (MeV/cm)
    1.0000E+00   0.00000E+00 0.0000
    1.0289E+00   0.00000E+00 0.0000
    1.0587E+00   0.00000E+00 0.0000
    1.0893E+00   0.00000E+00 0.0000
    1.1208E+00   0.00000E+00 0.0000
    1.1533E+00   0.00000E+00 0.0000
    1.1866E+00   0.00000E+00 0.0000
    1.2210E+00   0.00000E+00 0.0000
    1.2563E+00   0.00000E+00 0.0000
    1.2926E+00   0.00000E+00 0.0000
    1.3300E+00   0.00000E+00 0.0000
    1.3685E+00   0.00000E+00 0.0000
    1.4081E+00   0.00000E+00 0.0000
    1.4488E+00   0.00000E+00 0.0000
    1.4907E+00   0.00000E+00 0.0000
    1.5339E+00   0.00000E+00 0.0000
    1.5782E+00   0.00000E+00 0.0000
    1.6239E+00   0.00000E+00 0.0000
    1.6709E+00   0.00000E+00 0.0000
    1.7192E+00   0.00000E+00 0.0000
    1.7689E+00   0.00000E+00 0.0000
    1.8201E+00   0.00000E+00 0.0000
    1.8728E+00   0.00000E+00 0.0000
    1.9269E+00   0.00000E+00 0.0000
    1.9827E+00   0.00000E+00 0.0000
    2.0400E+00   0.00000E+00 0.0000
    2.0991E+00   0.00000E+00 0.0000
    2.1598E+00   0.00000E+00 0.0000
    2.2223E+00   0.00000E+00 0.0000
    2.2866E+00   0.00000E+00 0.0000
    2.3527E+00   0.00000E+00 0.0000
    2.4208E+00   0.00000E+00 0.0000
    2.4908E+00   0.00000E+00 0.0000
    2.5629E+00   0.00000E+00 0.0000
    2.6370E+00   0.00000E+00 0.0000
    2.7133E+00   0.00000E+00 0.0000
    2.7918E+00   0.00000E+00 0.0000
    2.8725E+00   0.00000E+00 0.0000
    2.9557E+00   0.00000E+00 0.0000
    3.0412E+00   0.00000E+00 0.0000
    3.1291E+00   0.00000E+00 0.0000
    3.2197E+00   0.00000E+00 0.0000
    3.3128E+00   0.00000E+00 0.0000
    3.4086E+00   0.00000E+00 0.0000
    3.5072E+00   0.00000E+00 0.0000
    3.6087E+00   0.00000E+00 0.0000
    3.7131E+00   0.00000E+00 0.0000
    3.8205E+00   0.00000E+00 0.0000
    3.9311E+00   0.00000E+00 0.0000
    4.0448E+00   0.00000E+00 0.0000
    4.1618E+00   0.00000E+00 0.0000
    4.2822E+00   0.00000E+00 0.0000
    4.4061E+00   0.00000E+00 0.0000
    4.5335E+00   0.00000E+00 0.0000
    4.6647E+00   0.00000E+00 0.0000
    4.7996E+00   0.00000E+00 0.0000
    4.9385E+00   0.00000E+00 0.0000
    5.0814E+00   0.00000E+00 0.0000
    5.2284E+00   0.00000E+00 0.0000
    5.3796E+00   0.00000E+00 0.0000
    5.5352E+00   0.00000E+00 0.0000
    5.6954E+00   0.00000E+00 0.0000
    5.8601E+00   0.00000E+00 0.0000
    6.0297E+00   0.00000E+00 0.0000
    6.2041E+00   0.00000E+00 0.0000
    6.3836E+00   0.00000E+00 0.0000
    6.5683E+00   0.00000E+00 0.0000
    6.7583E+00   0.00000E+00 0.0000
    6.9538E+00   0.00000E+00 0.0000
    7.1550E+00   0.00000E+00 0.0000
    7.3619E+00   0.00000E+00 0.0000
    7.5749E+00   0.00000E+00 0.0000
    7.7941E+00   5.00559E-12 1.0000
    8.0195E+00   0.00000E+00 0.0000
    8.2515E+00   6.49780E-11 0.2824
    8.4902E+00   5.03092E-12 1.0000
    8.7359E+00   1.91132E-10 0.1633
    8.9886E+00   3.59051E-11 0.3780
    9.2486E+00   7.28674E-10 0.0841
    9.5162E+00   4.35006E-11 0.3566
    9.7915E+00   7.30709E-11 0.2704
    1.0075E+01   1.42975E-09 0.0609
    1.0366E+01   1.59544E-10 0.1841
    1.0666E+01   3.00858E-09 0.0422
    1.0975E+01   3.83090E-10 0.1201
    1.1292E+01   5.73366E-09 0.0336
    1.1619E+01   3.25588E-09 0.0499
    1.1955E+01   8.29732E-09 0.0312
    1.2301E+01   1.35121E-05 0.0026
    1.2657E+01   8.07414E-06 0.0020
    1.3023E+01   1.58862E-04 0.0012
    1.3400E+01   2.28422E-05 0.0013
    1.3787E+01   2.20920E-05 0.0012
    1.4186E+01   1.54376E-04 0.0010
    1.4596E+01   3.05617E-05 0.0011
    1.5019E+01   1.60835E-04 0.0010
    1.5453E+01   2.56386E-05 0.0010
    1.5900E+01   1.77218E-04 0.0009
    1.6360E+01   2.83840E-05 0.0010
    1.6834E+01   2.88796E-05 0.0010
    1.7321E+01   1.55680E-04 0.0009
    1.7822E+01   2.01646E-05 0.0009
    1.8337E+01   1.38033E-04 0.0008
    1.8868E+01   2.23961E-05 0.0009
    1.9413E+01   2.34191E-05 0.0009
    1.9975E+01   1.31881E-04 0.0008
    2.0553E+01   2.09679E-05 0.0009
    2.1148E+01   1.00782E-04 0.0008
    2.1759E+01   1.47940E-05 0.0009
    2.2389E+01   1.53146E-05 0.0009
    2.3037E+01   8.79329E-05 0.0008
    2.3703E+01   1.50692E-05 0.0009
    2.4389E+01   8.63121E-05 0.0008
    2.5094E+01   1.47128E-05 0.0009
    2.5820E+01   1.46813E-05 0.0009
    2.6567E+01   7.59724E-05 0.0008
    2.7336E+01   1.14865E-05 0.0009
    2.8127E+01   6.28348E-05 0.0008
    2.8940E+01   9.59354E-06 0.0009
    2.9777E+01   5.00016E-05 0.0008
    3.0639E+01   8.23612E-06 0.0009
    3.1525E+01   7.41351E-06 0.0009
    3.2437E+01   4.12518E-05 0.0008
    3.3376E+01   6.27911E-06 0.0009
    3.4341E+01   3.53664E-05 0.0008
    3.5335E+01   6.42084E-06 0.0009
    3.6357E+01   5.44158E-06 0.0009
    3.7409E+01   3.18186E-05 0.0008
    3.8491E+01   5.00725E-06 0.0009
    3.9604E+01   2.80653E-05 0.0008
    4.0750E+01   5.19502E-06 0.0008
    4.1929E+01   4.30441E-06 0.0009
    4.3142E+01   2.53925E-05 0.0008
    4.4390E+01   3.82990E-06 0.0009
    4.5674E+01   2.20965E-05 0.0008
    4.6996E+01   3.96561E-06 0.0008
    4.8355E+01   3.23010E-06 0.0009
    4.9754E+01   1.95872E-05 0.0008
    5.1193E+01   2.81269E-06 0.0008
    5.2674E+01   1.67566E-05 0.0008
    5.4198E+01   2.93837E-06 0.0008
    5.5766E+01   2.44281E-06 0.0008
    5.7379E+01   1.45820E-05 0.0008
    5.9039E+01   2.00904E-06 0.0008
    6.0747E+01   1.25108E-05 0.0008
    6.2505E+01   2.06930E-06 0.0008
    6.4313E+01   1.03434E-05 0.0008
    6.6174E+01   2.20899E-06 0.0008
    6.8088E+01   1.44410E-06 0.0008
    7.0058E+01   9.25361E-06 0.0008
    7.2084E+01   1.41685E-06 0.0008
    7.4170E+01   7.67432E-06 0.0008
    7.6315E+01   1.52680E-06 0.0008
    7.8523E+01   1.06766E-06 0.0008
    8.0795E+01   6.79613E-06 0.0008
    8.3132E+01   9.53525E-07 0.0008
    8.5537E+01   5.73532E-06 0.0008
    8.8012E+01   1.01321E-06 0.0008
    9.0558E+01   4.76324E-06 0.0008
    9.3178E+01   1.05256E-06 0.0008
    9.5873E+01   6.87391E-07 0.0008
    9.8647E+01   4.30626E-06 0.0008
    1.0150E+02   6.23151E-07 0.0008
    1.0444E+02   3.64152E-06 0.0008
    1.0746E+02   6.29655E-07 0.0008
    1.1057E+02   3.03217E-06 0.0008
    1.1377E+02   6.38708E-07 0.0008
    1.1706E+02   4.38507E-07 0.0008
    1.2044E+02   2.70447E-06 0.0008
    1.2393E+02   3.83934E-07 0.0008
    1.2751E+02   2.29669E-06 0.0008
    1.3120E+02   3.86746E-07 0.0008
    1.3500E+02   1.90968E-06 0.0008
    1.3890E+02   3.96584E-07 0.0008
    1.4292E+02   2.72364E-07 0.0008
    1.4706E+02   1.69800E-06 0.0008
    1.5131E+02   2.43426E-07 0.0008
    1.5569E+02   1.43335E-06 0.0008
    1.6019E+02   2.52119E-07 0.0008
    1.6483E+02   1.19009E-06 0.0008
    1.6959E+02   2.55276E-07 0.0008
    1.7450E+02   1.68782E-07 0.0008
    1.7955E+02   1.06288E-06 0.0008
    1.8474E+02   1.62739E-07 0.0008
    1.9009E+02   8.85825E-07 0.0008
    1.9559E+02   1.71819E-07 0.0008
    2.0124E+02   1.26242E-07 0.0008
    2.0707E+02   7.77266E-07 0.0008
    2.1306E+02   1.10196E-07 0.0008
    2.1922E+02   6.58136E-07 0.0008
    2.2556E+02   1.14728E-07 0.0008
    2.3209E+02   9.91727E-08 0.0008
    2.3880E+02   5.63850E-07 0.0008
    2.4571E+02   7.82478E-08 0.0008
    2.5282E+02   4.87499E-07 0.0008
    2.6013E+02   7.70425E-08 0.0008
    2.6766E+02   4.08331E-07 0.0008
    2.7540E+02   8.08532E-08 0.0008
    2.8337E+02   6.16630E-08 0.0008
    2.9157E+02   3.59569E-07 0.0008
    3.0000E+02   5.24967E-08 0.0008
      total      2.31153E-03 0.0004
 
 cell  503                                                                                                                             
 user bin total
    s(e) (MeV/cm)
    1.0000E+00   0.00000E+00 0.0000
    1.0289E+00   0.00000E+00 0.0000
    1.0587E+00   0.00000E+00 0.0000
    1.0893E+00   0.00000E+00 0.0000
    1.1208E+00   0.00000E+00 0.0000
    1.1533E+00   0.00000E+00 0.0000
    1.1866E+00   0.00000E+00 0.0000
    1.2210E+00   0.00000E+00 0.0000
    1.2563E+00   0.00000E+00 0.0000
    1.2926E+00   0.00000E+00 0.0000
    1.3300E+00   0.00000E+00 0.0000
    1.3685E+00   0.00000E+00 0.0000
    1.4081E+00   0.00000E+00 0.0000
    1.4488E+00   0.00000E+00 0.0000
    1.4907E+00   0.00000E+00 0.0000
    1.5339E+00   0.00000E+00 0.0000
    1.5782E+00   0.00000E+00 0.0000
    1.6239E+00   0.00000E+00 0.0000
    1.6709E+00   0.00000E+00 0.0000
    1.7192E+00   0.00000E+00 0.0000
    1.7689E+00   0.00000E+00 0.0000
    1.8201E+00   0.00000E+00 0.0000
    1.8728E+00   0.00000E+00 0.0000
    1.9269E+00   0.00000E+00 0.0000
    1.9827E+00   0.00000E+00 0.0000
    2.0400E+00   0.00000E+00 0.0000
    2.0991E+00   0.00000E+00 0.0000
    2.1598E+00   0.00000E+00 0.0000
    2.2223E+00   0.00000E+00 0.0000
    2.2866E+00   0.00000E+00 0.0000
    2.3527E+00   0.00000E+00 0.0000
    2.4208E+00   0.00000E+00 0.0000
    2.4908E+00   0.00000E+00 0.0000
    2.5629E+00   0.00000E+00 0.0000
    2.6370E+00   0.00000E+00 0.0000
    2.7133E+00   0.00000E+00 0.0000
    2.7918E+00   0.00000E+00 0.0000
    2.8725E+00   0.00000E+00 0.0000
    2.9557E+00   0.00000E+00 0.0000
    3.0412E+00   0.00000E+00 0.0000
    3.1291E+00   0.00000E+00 0.0000
    3.2197E+00   0.00000E+00 0.0000
    3.3128E+00   0.00000E+00 0.0000
    3.4086E+00   0.00000E+00 0.0000
    3.5072E+00   0.00000E+00 0.0000
    3.6087E+00   0.00000E+00 0.0000
    3.7131E+00   0.00000E+00 0.0000
    3.8205E+00   0.00000E+00 0.0000
    3.9311E+00   0.00000E+00 0.0000
    4.0448E+00   0.00000E+00 0.0000
    4.1618E+00   0.00000E+00 0.0000
    4.2822E+00   0.00000E+00 0.0000
    4.4061E+00   0.00000E+00 0.0000
    4.5335E+00   0.00000E+00 0.0000
    4.6647E+00   0.00000E+00 0.0000
    4.7996E+00   0.00000E+00 0.0000
    4.9385E+00   0.00000E+00 0.0000
    5.0814E+00   0.00000E+00 0.0000
    5.2284E+00   0.00000E+00 0.0000
    5.3796E+00   0.00000E+00 0.0000
    5.5352E+00   0.00000E+00 0.0000
    5.6954E+00   0.00000E+00 0.0000
    5.8601E+00   0.00000E+00 0.0000
    6.0297E+00   0.00000E+00 0.0000
    6.2041E+00   0.00000E+00 0.0000
    6.3836E+00   0.00000E+00 0.0000
    6.5683E+00   0.00000E+00 0.0000
    6.7583E+00   0.00000E+00 0.0000
    6.9538E+00   0.00000E+00 0.0000
    7.1550E+00   0.00000E+00 0.0000
    7.3619E+00   0.00000E+00 0.0000
    7.5749E+00   0.00000E+00 0.0000
    7.7941E+00   5.00559E-12 1.0000
    8.0195E+00   0.00000E+00 0.0000
    8.2515E+00   6.49780E-11 0.2824
    8.4902E+00   5.03092E-12 1.0000
    8.7359E+00   1.91132E-10 0.1633
    8.9886E+00   3.59051E-11 0.3780
    9.2486E+00   7.28674E-10 0.0841
    9.5162E+00   4.35006E-11 0.3566
    9.7915E+00   7.30709E-11 0.2704
    1.0075E+01   1.42975E-09 0.0609
    1.0366E+01   1.59544E-10 0.1841
    1.0666E+01   3.00858E-09 0.0422
    1.0975E+01   3.83090E-10 0.1201
    1.1292E+01   5.73865E-09 0.0336
    1.1619E+01   3.28553E-09 0.0497
    1.1955E+01   8.35662E-09 0.0311
    1.2301E+01   1.36308E-05 0.0026
    1.2657E+01   8.14458E-06 0.0020
    1.3023E+01   1.60214E-04 0.0012
    1.3400E+01   2.30283E-05 0.0013
    1.3787E+01   2.22706E-05 0.0012
    1.4186E+01   1.55635E-04 0.0010
    1.4596E+01   3.08128E-05 0.0011
    1.5019E+01   1.62139E-04 0.0010
    1.5453E+01   2.58480E-05 0.0010
    1.5900E+01   1.78679E-04 0.0009
    1.6360E+01   2.86171E-05 0.0010
    1.6834E+01   2.91156E-05 0.0010
    1.7321E+01   1.56934E-04 0.0009
    1.7822E+01   2.03244E-05 0.0009
    1.8337E+01   1.39147E-04 0.0008
    1.8868E+01   2.25788E-05 0.0009
    1.9413E+01   2.36101E-05 0.0009
    1.9975E+01   1.32951E-04 0.0008
    2.0553E+01   2.11353E-05 0.0009
    2.1148E+01   1.01577E-04 0.0008
    2.1759E+01   1.49115E-05 0.0009
    2.2389E+01   1.54350E-05 0.0009
    2.3037E+01   8.86349E-05 0.0008
    2.3703E+01   1.51905E-05 0.0009
    2.4389E+01   8.70128E-05 0.0008
    2.5094E+01   1.48327E-05 0.0009
    2.5820E+01   1.48020E-05 0.0009
    2.6567E+01   7.65871E-05 0.0008
    2.7336E+01   1.15786E-05 0.0009
    2.8127E+01   6.33349E-05 0.0008
    2.8940E+01   9.66977E-06 0.0009
    2.9777E+01   5.03947E-05 0.0008
    3.0639E+01   8.30043E-06 0.0009
    3.1525E+01   7.47124E-06 0.0009
    3.2437E+01   4.15752E-05 0.0008
    3.3376E+01   6.32835E-06 0.0009
    3.4341E+01   3.56444E-05 0.0008
    3.5335E+01   6.47162E-06 0.0009
    3.6357E+01   5.48463E-06 0.0009
    3.7409E+01   3.20706E-05 0.0008
    3.8491E+01   5.04713E-06 0.0009
    3.9604E+01   2.82889E-05 0.0008
    4.0750E+01   5.23675E-06 0.0008
    4.1929E+01   4.33880E-06 0.0009
    4.3142E+01   2.55959E-05 0.0008
    4.4390E+01   3.86065E-06 0.0009
    4.5674E+01   2.22736E-05 0.0008
    4.6996E+01   3.99727E-06 0.0008
    4.8355E+01   3.25603E-06 0.0009
    4.9754E+01   1.97443E-05 0.0008
    5.1193E+01   2.83520E-06 0.0008
    5.2674E+01   1.68909E-05 0.0008
    5.4198E+01   2.96179E-06 0.0008
    5.5766E+01   2.46243E-06 0.0008
    5.7379E+01   1.46987E-05 0.0008
    5.9039E+01   2.02505E-06 0.0008
    6.0747E+01   1.26107E-05 0.0008
    6.2505E+01   2.08586E-06 0.0008
    6.4313E+01   1.04259E-05 0.0008
    6.6174E+01   2.22657E-06 0.0008
    6.8088E+01   1.45558E-06 0.0008
    7.0058E+01   9.32730E-06 0.0008
    7.2084E+01   1.42813E-06 0.0008
    7.4170E+01   7.73537E-06 0.0008
    7.6315E+01   1.53889E-06 0.0008
    7.8523E+01   1.07613E-06 0.0008
    8.0795E+01   6.85007E-06 0.0008
    8.3132E+01   9.61080E-07 0.0008
    8.5537E+01   5.78071E-06 0.0008
    8.8012E+01   1.02121E-06 0.0008
    9.0558E+01   4.80085E-06 0.0008
    9.3178E+01   1.06082E-06 0.0008
    9.5873E+01   6.92825E-07 0.0008
    9.8647E+01   4.34016E-06 0.0008
    1.0150E+02   6.28044E-07 0.0008
    1.0444E+02   3.67016E-06 0.0008
    1.0746E+02   6.34607E-07 0.0008
    1.1057E+02   3.05594E-06 0.0008
    1.1377E+02   6.43721E-07 0.0008
    1.1706E+02   4.41932E-07 0.0008
    1.2044E+02   2.72563E-06 0.0008
    1.2393E+02   3.86942E-07 0.0008
    1.2751E+02   2.31463E-06 0.0008
    1.3120E+02   3.89758E-07 0.0008
    1.3500E+02   1.92458E-06 0.0008
    1.3890E+02   3.99681E-07 0.0008
    1.4292E+02   2.74476E-07 0.0008
    1.4706E+02   1.71123E-06 0.0008
    1.5131E+02   2.45310E-07 0.0008
    1.5569E+02   1.44451E-06 0.0008
    1.6019E+02   2.54087E-07 0.0008
    1.6483E+02   1.19934E-06 0.0008
    1.6959E+02   2.57262E-07 0.0008
    1.7450E+02   1.70094E-07 0.0008
    1.7955E+02   1.07113E-06 0.0008
    1.8474E+02   1.64004E-07 0.0008
    1.9009E+02   8.92707E-07 0.0008
    1.9559E+02   1.73144E-07 0.0008
    2.0124E+02   1.27227E-07 0.0008
    2.0707E+02   7.83297E-07 0.0008
    2.1306E+02   1.11048E-07 0.0008
    2.1922E+02   6.63240E-07 0.0008
    2.2556E+02   1.15618E-07 0.0008
    2.3209E+02   9.99414E-08 0.0008
    2.3880E+02   5.68222E-07 0.0008
    2.4571E+02   7.88512E-08 0.0008
    2.5282E+02   4.91280E-07 0.0008
    2.6013E+02   7.76408E-08 0.0008
    2.6766E+02   4.11495E-07 0.0008
    2.7540E+02   8.14802E-08 0.0008
    2.8337E+02   6.21405E-08 0.0008
    2.9157E+02   3.62357E-07 0.0008
    3.0000E+02   5.29020E-08 0.0008
      total      2.33024E-03 0.0004
 
 cell  504                                                                                                                             
 user bin          -1.00000
    s(e) (MeV/cm)
    1.0000E+00   0.00000E+00 0.0000
    1.0289E+00   0.00000E+00 0.0000
    1.0587E+00   0.00000E+00 0.0000
    1.0893E+00   0.00000E+00 0.0000
    1.1208E+00   0.00000E+00 0.0000
    1.1533E+00   0.00000E+00 0.0000
    1.1866E+00   0.00000E+00 0.0000
    1.2210E+00   0.00000E+00 0.0000
    1.2563E+00   0.00000E+00 0.0000
    1.2926E+00   0.00000E+00 0.0000
    1.3300E+00   0.00000E+00 0.0000
    1.3685E+00   0.00000E+00 0.0000
    1.4081E+00   0.00000E+00 0.0000
    1.4488E+00   0.00000E+00 0.0000
    1.4907E+00   0.00000E+00 0.0000
    1.5339E+00   0.00000E+00 0.0000
    1.5782E+00   0.00000E+00 0.0000
    1.6239E+00   0.00000E+00 0.0000
    1.6709E+00   0.00000E+00 0.0000
    1.7192E+00   0.00000E+00 0.0000
    1.7689E+00   0.00000E+00 0.0000
    1.8201E+00   0.00000E+00 0.0000
    1.8728E+00   0.00000E+00 0.0000
    1.9269E+00   0.00000E+00 0.0000
    1.9827E+00   0.00000E+00 0.0000
    2.0400E+00   0.00000E+00 0.0000
    2.0991E+00   0.00000E+00 0.0000
    2.1598E+00   0.00000E+00 0.0000
    2.2223E+00   0.00000E+00 0.0000
    2.2866E+00   0.00000E+00 0.0000
    2.3527E+00   0.00000E+00 0.0000
    2.4208E+00   0.00000E+00 0.0000
    2.4908E+00   0.00000E+00 0.0000
    2.5629E+00   0.00000E+00 0.0000
    2.6370E+00   0.00000E+00 0.0000
    2.7133E+00   0.00000E+00 0.0000
    2.7918E+00   0.00000E+00 0.0000
    2.8725E+00   0.00000E+00 0.0000
    2.9557E+00   0.00000E+00 0.0000
    3.0412E+00   0.00000E+00 0.0000
    3.1291E+00   0.00000E+00 0.0000
    3.2197E+00   0.00000E+00 0.0000
    3.3128E+00   0.00000E+00 0.0000
    3.4086E+00   0.00000E+00 0.0000
    3.5072E+00   0.00000E+00 0.0000
    3.6087E+00   0.00000E+00 0.0000
    3.7131E+00   0.00000E+00 0.0000
    3.8205E+00   0.00000E+00 0.0000
    3.9311E+00   0.00000E+00 0.0000
    4.0448E+00   0.00000E+00 0.0000
    4.1618E+00   0.00000E+00 0.0000
    4.2822E+00   0.00000E+00 0.0000
    4.4061E+00   0.00000E+00 0.0000
    4.5335E+00   0.00000E+00 0.0000
    4.6647E+00   0.00000E+00 0.0000
    4.7996E+00   0.00000E+00 0.0000
    4.9385E+00   0.00000E+00 0.0000
    5.0814E+00   0.00000E+00 0.0000
    5.2284E+00   0.00000E+00 0.0000
    5.3796E+00   0.00000E+00 0.0000
    5.5352E+00   0.00000E+00 0.0000
    5.6954E+00   0.00000E+00 0.0000
    5.8601E+00   0.00000E+00 0.0000
    6.0297E+00   0.00000E+00 0.0000
    6.2041E+00   0.00000E+00 0.0000
    6.3836E+00   0.00000E+00 0.0000
    6.5683E+00   0.00000E+00 0.0000
    6.7583E+00   0.00000E+00 0.0000
    6.9538E+00   0.00000E+00 0.0000
    7.1550E+00   0.00000E+00 0.0000
    7.3619E+00   0.00000E+00 0.0000
    7.5749E+00   0.00000E+00 0.0000
    7.7941E+00   0.00000E+00 0.0000
    8.0195E+00   0.00000E+00 0.0000
    8.2515E+00   0.00000E+00 0.0000
    8.4902E+00   0.00000E+00 0.0000
    8.7359E+00   0.00000E+00 0.0000
    8.9886E+00   0.00000E+00 0.0000
    9.2486E+00   0.00000E+00 0.0000
    9.5162E+00   0.00000E+00 0.0000
    9.7915E+00   0.00000E+00 0.0000
    1.0075E+01   0.00000E+00 0.0000
    1.0366E+01   0.00000E+00 0.0000
    1.0666E+01   0.00000E+00 0.0000
    1.0975E+01   0.00000E+00 0.0000
    1.1292E+01   1.92761E-10 0.1601
    1.1619E+01   2.91764E-10 0.1302
    1.1955E+01   5.93460E-10 0.0913
    1.2301E+01   3.33948E-07 0.0038
    1.2657E+01   1.40158E-07 0.0059
    1.3023E+01   1.51010E-06 0.0018
    1.3400E+01   1.65762E-07 0.0055
    1.3787E+01   1.71158E-07 0.0054
    1.4186E+01   1.47127E-06 0.0018
    1.4596E+01   2.50433E-07 0.0044
    1.5019E+01   1.31725E-06 0.0019
    1.5453E+01   2.63000E-07 0.0042
    1.5900E+01   1.63559E-06 0.0017
    1.6360E+01   2.12476E-07 0.0042
    1.6834E+01   2.07650E-07 0.0043
    1.7321E+01   1.19735E-06 0.0019
    1.7822E+01   1.86702E-07 0.0041
    1.8337E+01   1.28261E-06 0.0018
    1.8868E+01   1.85527E-07 0.0038
    1.9413E+01   1.86905E-07 0.0037
    1.9975E+01   9.66270E-07 0.0020
    2.0553E+01   1.51790E-07 0.0040
    2.1148E+01   8.05923E-07 0.0021
    2.1759E+01   1.34340E-07 0.0039
    2.2389E+01   1.40980E-07 0.0038
    2.3037E+01   8.24030E-07 0.0020
    2.3703E+01   1.37221E-07 0.0035
    2.4389E+01   7.32790E-07 0.0020
    2.5094E+01   1.15125E-07 0.0037
    2.5820E+01   1.12246E-07 0.0037
    2.6567E+01   5.53533E-07 0.0022
    2.7336E+01   8.01683E-08 0.0040
    2.8127E+01   4.47037E-07 0.0023
    2.8940E+01   7.12774E-08 0.0040
    2.9777E+01   3.83989E-07 0.0023
    3.0639E+01   6.71049E-08 0.0038
    3.1525E+01   6.12329E-08 0.0039
    3.2437E+01   3.53950E-07 0.0023
    3.3376E+01   5.58034E-08 0.0038
    3.4341E+01   3.20898E-07 0.0022
    3.5335E+01   5.89986E-08 0.0035
    3.6357E+01   4.99581E-08 0.0038
    3.7409E+01   2.90397E-07 0.0022
    3.8491E+01   4.55730E-08 0.0036
    3.9604E+01   2.50753E-07 0.0022
    4.0750E+01   4.59673E-08 0.0034
    4.1929E+01   3.77346E-08 0.0037
    4.3142E+01   2.18816E-07 0.0022
    4.4390E+01   3.23590E-08 0.0037
    4.5674E+01   1.84336E-07 0.0022
    4.6996E+01   3.24947E-08 0.0034
    4.8355E+01   2.60639E-08 0.0038
    4.9754E+01   1.57572E-07 0.0022
    5.1193E+01   2.21531E-08 0.0038
    5.2674E+01   1.31040E-07 0.0023
    5.4198E+01   2.27415E-08 0.0035
    5.5766E+01   1.86865E-08 0.0038
    5.7379E+01   1.11151E-07 0.0023
    5.9039E+01   1.51638E-08 0.0039
    6.0747E+01   9.36098E-08 0.0023
    6.2505E+01   1.54335E-08 0.0036
    6.4313E+01   7.65790E-08 0.0023
    6.6174E+01   1.62004E-08 0.0033
    6.8088E+01   1.06357E-08 0.0040
    7.0058E+01   6.77100E-08 0.0023
    7.2084E+01   1.02926E-08 0.0038
    7.4170E+01   5.57719E-08 0.0024
    7.6315E+01   1.10934E-08 0.0034
    7.8523E+01   7.74828E-09 0.0040
    8.0795E+01   4.90953E-08 0.0024
    8.3132E+01   6.88364E-09 0.0040
    8.5537E+01   4.12673E-08 0.0024
    8.8012E+01   7.32299E-09 0.0036
    9.0558E+01   3.42301E-08 0.0024
    9.3178E+01   7.54986E-09 0.0033
    9.5873E+01   4.93579E-09 0.0040
    9.8647E+01   3.08772E-08 0.0024
    1.0150E+02   4.45421E-09 0.0039
    1.0444E+02   2.60976E-08 0.0024
    1.0746E+02   4.49339E-09 0.0036
    1.1057E+02   2.17131E-08 0.0024
    1.1377E+02   4.57429E-09 0.0033
    1.1706E+02   3.14396E-09 0.0040
    1.2044E+02   1.93372E-08 0.0024
    1.2393E+02   2.75616E-09 0.0040
    1.2751E+02   1.64405E-08 0.0024
    1.3120E+02   2.76290E-09 0.0037
    1.3500E+02   1.36613E-08 0.0024
    1.3890E+02   2.84269E-09 0.0034
    1.4292E+02   1.94772E-09 0.0041
    1.4706E+02   1.21443E-08 0.0024
    1.5131E+02   1.74638E-09 0.0040
    1.5569E+02   1.02438E-08 0.0024
    1.6019E+02   1.80088E-09 0.0036
    1.6483E+02   8.50969E-09 0.0024
    1.6959E+02   1.82068E-09 0.0033
    1.7450E+02   1.20806E-09 0.0041
    1.7955E+02   7.59559E-09 0.0024
    1.8474E+02   1.16293E-09 0.0039
    1.9009E+02   6.33201E-09 0.0024
    1.9559E+02   1.21957E-09 0.0035
    2.0124E+02   9.06221E-10 0.0040
    2.0707E+02   5.55695E-09 0.0024
    2.1306E+02   7.84914E-10 0.0040
    2.1922E+02   4.70377E-09 0.0024
    2.2556E+02   8.21101E-10 0.0036
    2.3209E+02   7.08578E-10 0.0039
    2.3880E+02   4.03220E-09 0.0024
    2.4571E+02   5.57834E-10 0.0041
    2.5282E+02   3.48419E-09 0.0024
    2.6013E+02   5.52576E-10 0.0038
    2.6766E+02   2.91578E-09 0.0024
    2.7540E+02   5.80189E-10 0.0034
    2.8337E+02   4.38279E-10 0.0039
    2.9157E+02   2.57141E-09 0.0024
    3.0000E+02   3.73448E-10 0.0040
      total      1.97409E-05 0.0005
 
 cell  504                                                                                                                             
 user bin 10000000000.00000
    s(e) (MeV/cm)
    1.0000E+00   0.00000E+00 0.0000
    1.0289E+00   0.00000E+00 0.0000
    1.0587E+00   0.00000E+00 0.0000
    1.0893E+00   0.00000E+00 0.0000
    1.1208E+00   0.00000E+00 0.0000
    1.1533E+00   0.00000E+00 0.0000
    1.1866E+00   0.00000E+00 0.0000
    1.2210E+00   0.00000E+00 0.0000
    1.2563E+00   0.00000E+00 0.0000
    1.2926E+00   0.00000E+00 0.0000
    1.3300E+00   0.00000E+00 0.0000
    1.3685E+00   0.00000E+00 0.0000
    1.4081E+00   0.00000E+00 0.0000
    1.4488E+00   0.00000E+00 0.0000
    1.4907E+00   0.00000E+00 0.0000
    1.5339E+00   0.00000E+00 0.0000
    1.5782E+00   0.00000E+00 0.0000
    1.6239E+00   0.00000E+00 0.0000
    1.6709E+00   0.00000E+00 0.0000
    1.7192E+00   0.00000E+00 0.0000
    1.7689E+00   0.00000E+00 0.0000
    1.8201E+00   0.00000E+00 0.0000
    1.8728E+00   0.00000E+00 0.0000
    1.9269E+00   0.00000E+00 0.0000
    1.9827E+00   0.00000E+00 0.0000
    2.0400E+00   0.00000E+00 0.0000
    2.0991E+00   0.00000E+00 0.0000
    2.1598E+00   0.00000E+00 0.0000
    2.2223E+00   0.00000E+00 0.0000
    2.2866E+00   0.00000E+00 0.0000
    2.3527E+00   0.00000E+00 0.0000
    2.4208E+00   0.00000E+00 0.0000
    2.4908E+00   0.00000E+00 0.0000
    2.5629E+00   0.00000E+00 0.0000
    2.6370E+00   0.00000E+00 0.0000
    2.7133E+00   0.00000E+00 0.0000
    2.7918E+00   0.00000E+00 0.0000
    2.8725E+00   0.00000E+00 0.0000
    2.9557E+00   0.00000E+00 0.0000
    3.0412E+00   0.00000E+00 0.0000
    3.1291E+00   0.00000E+00 0.0000
    3.2197E+00   0.00000E+00 0.0000
    3.3128E+00   0.00000E+00 0.0000
    3.4086E+00   0.00000E+00 0.0000
    3.5072E+00   0.00000E+00 0.0000
    3.6087E+00   0.00000E+00 0.0000
    3.7131E+00   0.00000E+00 0.0000
    3.8205E+00   0.00000E+00 0.0000
    3.9311E+00   0.00000E+00 0.0000
    4.0448E+00   0.00000E+00 0.0000
    4.1618E+00   0.00000E+00 0.0000
    4.2822E+00   0.00000E+00 0.0000
    4.4061E+00   0.00000E+00 0.0000
    4.5335E+00   0.00000E+00 0.0000
    4.6647E+00   0.00000E+00 0.0000
    4.7996E+00   0.00000E+00 0.0000
    4.9385E+00   0.00000E+00 0.0000
    5.0814E+00   0.00000E+00 0.0000
    5.2284E+00   0.00000E+00 0.0000
    5.3796E+00   0.00000E+00 0.0000
    5.5352E+00   0.00000E+00 0.0000
    5.6954E+00   0.00000E+00 0.0000
    5.8601E+00   0.00000E+00 0.0000
    6.0297E+00   0.00000E+00 0.0000
    6.2041E+00   0.00000E+00 0.0000
    6.3836E+00   0.00000E+00 0.0000
    6.5683E+00   0.00000E+00 0.0000
    6.7583E+00   0.00000E+00 0.0000
    6.9538E+00   0.00000E+00 0.0000
    7.1550E+00   0.00000E+00 0.0000
    7.3619E+00   0.00000E+00 0.0000
    7.5749E+00   0.00000E+00 0.0000
    7.7941E+00   5.00544E-12 1.0000
    8.0195E+00   0.00000E+00 0.0000
    8.2515E+00   6.79523E-11 0.2757
    8.4902E+00   0.00000E+00 0.0000
    8.7359E+00   2.09899E-10 0.1539
    8.9886E+00   3.81053E-11 0.3572
    9.2486E+00   7.05010E-10 0.0857
    9.5162E+00   7.77040E-11 0.2552
    9.7915E+00   4.93686E-11 0.3343
    1.0075E+01   1.46883E-09 0.0596
    1.0366E+01   2.84903E-10 0.1398
    1.0666E+01   2.83568E-09 0.0433
    1.0975E+01   3.22131E-10 0.1329
    1.1292E+01   2.12610E-08 0.0255
    1.1619E+01   2.82170E-08 0.0190
    1.1955E+01   7.02008E-08 0.0129
    1.2301E+01   3.80158E-05 0.0019
    1.2657E+01   1.61442E-05 0.0015
    1.3023E+01   1.80226E-04 0.0011
    1.3400E+01   2.04543E-05 0.0012
    1.3787E+01   2.13162E-05 0.0012
    1.4186E+01   1.79016E-04 0.0010
    1.4596E+01   3.05108E-05 0.0011
    1.5019E+01   1.62459E-04 0.0009
    1.5453E+01   3.16705E-05 0.0010
    1.5900E+01   1.98282E-04 0.0009
    1.6360E+01   2.62009E-05 0.0010
    1.6834E+01   2.57699E-05 0.0010
    1.7321E+01   1.49567E-04 0.0008
    1.7822E+01   2.29568E-05 0.0009
    1.8337E+01   1.56514E-04 0.0008
    1.8868E+01   2.29655E-05 0.0009
    1.9413E+01   2.32435E-05 0.0009
    1.9975E+01   1.21322E-04 0.0008
    2.0553E+01   1.91294E-05 0.0009
    2.1148E+01   1.01158E-04 0.0008
    2.1759E+01   1.65939E-05 0.0009
    2.2389E+01   1.74571E-05 0.0009
    2.3037E+01   1.01161E-04 0.0008
    2.3703E+01   1.68264E-05 0.0009
    2.4389E+01   9.03273E-05 0.0008
    2.5094E+01   1.42821E-05 0.0009
    2.5820E+01   1.39962E-05 0.0009
    2.6567E+01   6.97454E-05 0.0008
    2.7336E+01   1.02691E-05 0.0009
    2.8127E+01   5.68817E-05 0.0008
    2.8940E+01   8.96516E-06 0.0009
    2.9777E+01   4.86660E-05 0.0008
    3.0639E+01   8.43276E-06 0.0009
    3.1525E+01   7.71855E-06 0.0009
    3.2437E+01   4.43312E-05 0.0008
    3.3376E+01   6.97766E-06 0.0009
    3.4341E+01   3.98704E-05 0.0008
    3.5335E+01   7.30558E-06 0.0008
    3.6357E+01   6.19703E-06 0.0009
    3.7409E+01   3.60467E-05 0.0008
    3.8491E+01   5.61969E-06 0.0009
    3.9604E+01   3.11126E-05 0.0008
    4.0750E+01   5.68612E-06 0.0008
    4.1929E+01   4.66541E-06 0.0009
    4.3142E+01   2.72074E-05 0.0008
    4.4390E+01   4.01877E-06 0.0008
    4.5674E+01   2.29172E-05 0.0008
    4.6996E+01   4.05694E-06 0.0008
    4.8355E+01   3.26759E-06 0.0008
    4.9754E+01   1.96979E-05 0.0008
    5.1193E+01   2.78310E-06 0.0008
    5.2674E+01   1.64765E-05 0.0008
    5.4198E+01   2.86478E-06 0.0008
    5.5766E+01   2.36612E-06 0.0008
    5.7379E+01   1.40759E-05 0.0008
    5.9039E+01   1.91984E-06 0.0008
    6.0747E+01   1.19211E-05 0.0008
    6.2505E+01   1.96091E-06 0.0008
    6.4313E+01   9.76459E-06 0.0008
    6.6174E+01   2.08050E-06 0.0008
    6.8088E+01   1.35524E-06 0.0008
    7.0058E+01   8.68249E-06 0.0008
    7.2084E+01   1.32514E-06 0.0008
    7.4170E+01   7.17154E-06 0.0008
    7.6315E+01   1.42543E-06 0.0008
    7.8523E+01   9.95398E-07 0.0008
    8.0795E+01   6.33384E-06 0.0008
    8.3132E+01   8.87555E-07 0.0008
    8.5537E+01   5.33614E-06 0.0008
    8.8012E+01   9.41867E-07 0.0008
    9.0558E+01   4.42889E-06 0.0008
    9.3178E+01   9.78228E-07 0.0008
    9.5873E+01   6.39239E-07 0.0008
    9.8647E+01   4.00471E-06 0.0008
    1.0150E+02   5.79591E-07 0.0008
    1.0444E+02   3.38860E-06 0.0008
    1.0746E+02   5.85907E-07 0.0008
    1.1057E+02   2.82353E-06 0.0008
    1.1377E+02   5.94694E-07 0.0008
    1.1706E+02   4.08467E-07 0.0008
    1.2044E+02   2.51994E-06 0.0008
    1.2393E+02   3.57901E-07 0.0008
    1.2751E+02   2.14175E-06 0.0008
    1.3120E+02   3.60734E-07 0.0008
    1.3500E+02   1.78225E-06 0.0008
    1.3890E+02   3.70040E-07 0.0008
    1.4292E+02   2.54348E-07 0.0008
    1.4706E+02   1.58593E-06 0.0008
    1.5131E+02   2.27445E-07 0.0008
    1.5569E+02   1.33936E-06 0.0008
    1.6019E+02   2.35705E-07 0.0008
    1.6483E+02   1.11281E-06 0.0008
    1.6959E+02   2.38661E-07 0.0008
    1.7450E+02   1.57956E-07 0.0008
    1.7955E+02   9.94304E-07 0.0008
    1.8474E+02   1.52287E-07 0.0008
    1.9009E+02   8.29130E-07 0.0008
    1.9559E+02   1.60796E-07 0.0008
    2.0124E+02   1.18177E-07 0.0008
    2.0707E+02   7.27785E-07 0.0008
    2.1306E+02   1.03173E-07 0.0008
    2.1922E+02   6.16451E-07 0.0008
    2.2556E+02   1.07448E-07 0.0008
    2.3209E+02   9.29523E-08 0.0008
    2.3880E+02   5.28280E-07 0.0008
    2.4571E+02   7.33716E-08 0.0008
    2.5282E+02   4.56837E-07 0.0008
    2.6013E+02   7.22485E-08 0.0008
    2.6766E+02   3.82743E-07 0.0008
    2.7540E+02   7.58326E-08 0.0008
    2.8337E+02   5.77977E-08 0.0008
    2.9157E+02   3.37188E-07 0.0008
    3.0000E+02   4.92324E-08 0.0008
      total      2.43507E-03 0.0003
 
 cell  504                                                                                                                             
 user bin total
    s(e) (MeV/cm)
    1.0000E+00   0.00000E+00 0.0000
    1.0289E+00   0.00000E+00 0.0000
    1.0587E+00   0.00000E+00 0.0000
    1.0893E+00   0.00000E+00 0.0000
    1.1208E+00   0.00000E+00 0.0000
    1.1533E+00   0.00000E+00 0.0000
    1.1866E+00   0.00000E+00 0.0000
    1.2210E+00   0.00000E+00 0.0000
    1.2563E+00   0.00000E+00 0.0000
    1.2926E+00   0.00000E+00 0.0000
    1.3300E+00   0.00000E+00 0.0000
    1.3685E+00   0.00000E+00 0.0000
    1.4081E+00   0.00000E+00 0.0000
    1.4488E+00   0.00000E+00 0.0000
    1.4907E+00   0.00000E+00 0.0000
    1.5339E+00   0.00000E+00 0.0000
    1.5782E+00   0.00000E+00 0.0000
    1.6239E+00   0.00000E+00 0.0000
    1.6709E+00   0.00000E+00 0.0000
    1.7192E+00   0.00000E+00 0.0000
    1.7689E+00   0.00000E+00 0.0000
    1.8201E+00   0.00000E+00 0.0000
    1.8728E+00   0.00000E+00 0.0000
    1.9269E+00   0.00000E+00 0.0000
    1.9827E+00   0.00000E+00 0.0000
    2.0400E+00   0.00000E+00 0.0000
    2.0991E+00   0.00000E+00 0.0000
    2.1598E+00   0.00000E+00 0.0000
    2.2223E+00   0.00000E+00 0.0000
    2.2866E+00   0.00000E+00 0.0000
    2.3527E+00   0.00000E+00 0.0000
    2.4208E+00   0.00000E+00 0.0000
    2.4908E+00   0.00000E+00 0.0000
    2.5629E+00   0.00000E+00 0.0000
    2.6370E+00   0.00000E+00 0.0000
    2.7133E+00   0.00000E+00 0.0000
    2.7918E+00   0.00000E+00 0.0000
    2.8725E+00   0.00000E+00 0.0000
    2.9557E+00   0.00000E+00 0.0000
    3.0412E+00   0.00000E+00 0.0000
    3.1291E+00   0.00000E+00 0.0000
    3.2197E+00   0.00000E+00 0.0000
    3.3128E+00   0.00000E+00 0.0000
    3.4086E+00   0.00000E+00 0.0000
    3.5072E+00   0.00000E+00 0.0000
    3.6087E+00   0.00000E+00 0.0000
    3.7131E+00   0.00000E+00 0.0000
    3.8205E+00   0.00000E+00 0.0000
    3.9311E+00   0.00000E+00 0.0000
    4.0448E+00   0.00000E+00 0.0000
    4.1618E+00   0.00000E+00 0.0000
    4.2822E+00   0.00000E+00 0.0000
    4.4061E+00   0.00000E+00 0.0000
    4.5335E+00   0.00000E+00 0.0000
    4.6647E+00   0.00000E+00 0.0000
    4.7996E+00   0.00000E+00 0.0000
    4.9385E+00   0.00000E+00 0.0000
    5.0814E+00   0.00000E+00 0.0000
    5.2284E+00   0.00000E+00 0.0000
    5.3796E+00   0.00000E+00 0.0000
    5.5352E+00   0.00000E+00 0.0000
    5.6954E+00   0.00000E+00 0.0000
    5.8601E+00   0.00000E+00 0.0000
    6.0297E+00   0.00000E+00 0.0000
    6.2041E+00   0.00000E+00 0.0000
    6.3836E+00   0.00000E+00 0.0000
    6.5683E+00   0.00000E+00 0.0000
    6.7583E+00   0.00000E+00 0.0000
    6.9538E+00   0.00000E+00 0.0000
    7.1550E+00   0.00000E+00 0.0000
    7.3619E+00   0.00000E+00 0.0000
    7.5749E+00   0.00000E+00 0.0000
    7.7941E+00   5.00544E-12 1.0000
    8.0195E+00   0.00000E+00 0.0000
    8.2515E+00   6.79523E-11 0.2757
    8.4902E+00   0.00000E+00 0.0000
    8.7359E+00   2.09899E-10 0.1539
    8.9886E+00   3.81053E-11 0.3572
    9.2486E+00   7.05010E-10 0.0857
    9.5162E+00   7.77040E-11 0.2552
    9.7915E+00   4.93686E-11 0.3343
    1.0075E+01   1.46883E-09 0.0596
    1.0366E+01   2.84903E-10 0.1398
    1.0666E+01   2.83568E-09 0.0433
    1.0975E+01   3.22131E-10 0.1329
    1.1292E+01   2.14538E-08 0.0255
    1.1619E+01   2.85088E-08 0.0189
    1.1955E+01   7.07943E-08 0.0129
    1.2301E+01   3.83497E-05 0.0019
    1.2657E+01   1.62843E-05 0.0015
    1.3023E+01   1.81736E-04 0.0011
    1.3400E+01   2.06201E-05 0.0012
    1.3787E+01   2.14873E-05 0.0012
    1.4186E+01   1.80487E-04 0.0010
    1.4596E+01   3.07613E-05 0.0011
    1.5019E+01   1.63776E-04 0.0009
    1.5453E+01   3.19335E-05 0.0010
    1.5900E+01   1.99917E-04 0.0009
    1.6360E+01   2.64134E-05 0.0010
    1.6834E+01   2.59776E-05 0.0010
    1.7321E+01   1.50764E-04 0.0008
    1.7822E+01   2.31435E-05 0.0009
    1.8337E+01   1.57796E-04 0.0008
    1.8868E+01   2.31511E-05 0.0009
    1.9413E+01   2.34304E-05 0.0009
    1.9975E+01   1.22288E-04 0.0008
    2.0553E+01   1.92812E-05 0.0009
    2.1148E+01   1.01964E-04 0.0008
    2.1759E+01   1.67282E-05 0.0009
    2.2389E+01   1.75981E-05 0.0009
    2.3037E+01   1.01985E-04 0.0008
    2.3703E+01   1.69636E-05 0.0009
    2.4389E+01   9.10601E-05 0.0008
    2.5094E+01   1.43972E-05 0.0009
    2.5820E+01   1.41084E-05 0.0009
    2.6567E+01   7.02990E-05 0.0008
    2.7336E+01   1.03492E-05 0.0009
    2.8127E+01   5.73287E-05 0.0008
    2.8940E+01   9.03644E-06 0.0009
    2.9777E+01   4.90500E-05 0.0008
    3.0639E+01   8.49986E-06 0.0009
    3.1525E+01   7.77978E-06 0.0009
    3.2437E+01   4.46852E-05 0.0008
    3.3376E+01   7.03347E-06 0.0009
    3.4341E+01   4.01913E-05 0.0008
    3.5335E+01   7.36458E-06 0.0008
    3.6357E+01   6.24699E-06 0.0009
    3.7409E+01   3.63370E-05 0.0008
    3.8491E+01   5.66526E-06 0.0009
    3.9604E+01   3.13634E-05 0.0008
    4.0750E+01   5.73209E-06 0.0008
    4.1929E+01   4.70314E-06 0.0009
    4.3142E+01   2.74262E-05 0.0008
    4.4390E+01   4.05113E-06 0.0008
    4.5674E+01   2.31016E-05 0.0008
    4.6996E+01   4.08943E-06 0.0008
    4.8355E+01   3.29366E-06 0.0008
    4.9754E+01   1.98555E-05 0.0008
    5.1193E+01   2.80525E-06 0.0008
    5.2674E+01   1.66075E-05 0.0008
    5.4198E+01   2.88752E-06 0.0008
    5.5766E+01   2.38480E-06 0.0008
    5.7379E+01   1.41871E-05 0.0008
    5.9039E+01   1.93500E-06 0.0008
    6.0747E+01   1.20147E-05 0.0008
    6.2505E+01   1.97634E-06 0.0008
    6.4313E+01   9.84117E-06 0.0008
    6.6174E+01   2.09670E-06 0.0008
    6.8088E+01   1.36587E-06 0.0008
    7.0058E+01   8.75020E-06 0.0008
    7.2084E+01   1.33544E-06 0.0008
    7.4170E+01   7.22731E-06 0.0008
    7.6315E+01   1.43652E-06 0.0008
    7.8523E+01   1.00315E-06 0.0008
    8.0795E+01   6.38294E-06 0.0008
    8.3132E+01   8.94438E-07 0.0008
    8.5537E+01   5.37740E-06 0.0008
    8.8012E+01   9.49190E-07 0.0008
    9.0558E+01   4.46312E-06 0.0008
    9.3178E+01   9.85778E-07 0.0008
    9.5873E+01   6.44175E-07 0.0008
    9.8647E+01   4.03558E-06 0.0008
    1.0150E+02   5.84045E-07 0.0008
    1.0444E+02   3.41470E-06 0.0008
    1.0746E+02   5.90401E-07 0.0008
    1.1057E+02   2.84524E-06 0.0008
    1.1377E+02   5.99268E-07 0.0008
    1.1706E+02   4.11611E-07 0.0008
    1.2044E+02   2.53927E-06 0.0008
    1.2393E+02   3.60657E-07 0.0008
    1.2751E+02   2.15819E-06 0.0008
    1.3120E+02   3.63497E-07 0.0008
    1.3500E+02   1.79591E-06 0.0008
    1.3890E+02   3.72883E-07 0.0008
    1.4292E+02   2.56296E-07 0.0008
    1.4706E+02   1.59807E-06 0.0008
    1.5131E+02   2.29191E-07 0.0008
    1.5569E+02   1.34961E-06 0.0008
    1.6019E+02   2.37506E-07 0.0008
    1.6483E+02   1.12132E-06 0.0008
    1.6959E+02   2.40482E-07 0.0008
    1.7450E+02   1.59164E-07 0.0008
    1.7955E+02   1.00190E-06 0.0008
    1.8474E+02   1.53450E-07 0.0008
    1.9009E+02   8.35462E-07 0.0008
    1.9559E+02   1.62016E-07 0.0008
    2.0124E+02   1.19084E-07 0.0008
    2.0707E+02   7.33342E-07 0.0008
    2.1306E+02   1.03958E-07 0.0008
    2.1922E+02   6.21155E-07 0.0008
    2.2556E+02   1.08269E-07 0.0008
    2.3209E+02   9.36609E-08 0.0008
    2.3880E+02   5.32313E-07 0.0008
    2.4571E+02   7.39294E-08 0.0008
    2.5282E+02   4.60321E-07 0.0008
    2.6013E+02   7.28011E-08 0.0008
    2.6766E+02   3.85659E-07 0.0008
    2.7540E+02   7.64128E-08 0.0008
    2.8337E+02   5.82359E-08 0.0008
    2.9157E+02   3.39759E-07 0.0008
    3.0000E+02   4.96058E-08 0.0008
      total      2.45481E-03 0.0003
 
 cell union total                                                                                                                      
 user bin          -1.00000
    s(e) (MeV/cm)
    1.0000E+00   0.00000E+00 0.0000
    1.0289E+00   0.00000E+00 0.0000
    1.0587E+00   0.00000E+00 0.0000
    1.0893E+00   0.00000E+00 0.0000
    1.1208E+00   0.00000E+00 0.0000
    1.1533E+00   0.00000E+00 0.0000
    1.1866E+00   0.00000E+00 0.0000
    1.2210E+00   0.00000E+00 0.0000
    1.2563E+00   0.00000E+00 0.0000
    1.2926E+00   0.00000E+00 0.0000
    1.3300E+00   0.00000E+00 0.0000
    1.3685E+00   0.00000E+00 0.0000
    1.4081E+00   0.00000E+00 0.0000
    1.4488E+00   0.00000E+00 0.0000
    1.4907E+00   0.00000E+00 0.0000
    1.5339E+00   0.00000E+00 0.0000
    1.5782E+00   0.00000E+00 0.0000
    1.6239E+00   0.00000E+00 0.0000
    1.6709E+00   0.00000E+00 0.0000
    1.7192E+00   0.00000E+00 0.0000
    1.7689E+00   0.00000E+00 0.0000
    1.8201E+00   0.00000E+00 0.0000
    1.8728E+00   0.00000E+00 0.0000
    1.9269E+00   0.00000E+00 0.0000
    1.9827E+00   0.00000E+00 0.0000
    2.0400E+00   0.00000E+00 0.0000
    2.0991E+00   0.00000E+00 0.0000
    2.1598E+00   0.00000E+00 0.0000
    2.2223E+00   0.00000E+00 0.0000
    2.2866E+00   0.00000E+00 0.0000
    2.3527E+00   0.00000E+00 0.0000
    2.4208E+00   0.00000E+00 0.0000
    2.4908E+00   0.00000E+00 0.0000
    2.5629E+00   0.00000E+00 0.0000
    2.6370E+00   0.00000E+00 0.0000
    2.7133E+00   0.00000E+00 0.0000
    2.7918E+00   0.00000E+00 0.0000
    2.8725E+00   0.00000E+00 0.0000
    2.9557E+00   0.00000E+00 0.0000
    3.0412E+00   0.00000E+00 0.0000
    3.1291E+00   0.00000E+00 0.0000
    3.2197E+00   0.00000E+00 0.0000
    3.3128E+00   0.00000E+00 0.0000
    3.4086E+00   0.00000E+00 0.0000
    3.5072E+00   0.00000E+00 0.0000
    3.6087E+00   0.00000E+00 0.0000
    3.7131E+00   0.00000E+00 0.0000
    3.8205E+00   0.00000E+00 0.0000
    3.9311E+00   0.00000E+00 0.0000
    4.0448E+00   0.00000E+00 0.0000
    4.1618E+00   0.00000E+00 0.0000
    4.2822E+00   0.00000E+00 0.0000
    4.4061E+00   0.00000E+00 0.0000
    4.5335E+00   0.00000E+00 0.0000
    4.6647E+00   0.00000E+00 0.0000
    4.7996E+00   0.00000E+00 0.0000
    4.9385E+00   0.00000E+00 0.0000
    5.0814E+00   0.00000E+00 0.0000
    5.2284E+00   0.00000E+00 0.0000
    5.3796E+00   0.00000E+00 0.0000
    5.5352E+00   0.00000E+00 0.0000
    5.6954E+00   0.00000E+00 0.0000
    5.8601E+00   0.00000E+00 0.0000
    6.0297E+00   0.00000E+00 0.0000
    6.2041E+00   0.00000E+00 0.0000
    6.3836E+00   0.00000E+00 0.0000
    6.5683E+00   0.00000E+00 0.0000
    6.7583E+00   0.00000E+00 0.0000
    6.9538E+00   0.00000E+00 0.0000
    7.1550E+00   0.00000E+00 0.0000
    7.3619E+00   0.00000E+00 0.0000
    7.5749E+00   0.00000E+00 0.0000
    7.7941E+00   0.00000E+00 0.0000
    8.0195E+00   0.00000E+00 0.0000
    8.2515E+00   0.00000E+00 0.0000
    8.4902E+00   0.00000E+00 0.0000
    8.7359E+00   0.00000E+00 0.0000
    8.9886E+00   0.00000E+00 0.0000
    9.2486E+00   0.00000E+00 0.0000
    9.5162E+00   0.00000E+00 0.0000
    9.7915E+00   0.00000E+00 0.0000
    1.0075E+01   0.00000E+00 0.0000
    1.0366E+01   0.00000E+00 0.0000
    1.0666E+01   0.00000E+00 0.0000
    1.0975E+01   0.00000E+00 0.0000
    1.1292E+01   3.95510E-11 0.1620
    1.1619E+01   6.42834E-11 0.1240
    1.1955E+01   1.30552E-10 0.0870
    1.2301E+01   9.83123E-08 0.0043
    1.2657E+01   4.87731E-08 0.0045
    1.3023E+01   9.30730E-07 0.0017
    1.3400E+01   1.70128E-07 0.0024
    1.3787E+01   1.80296E-07 0.0023
    1.4186E+01   1.26772E-06 0.0013
    1.4596E+01   2.10192E-07 0.0022
    1.5019E+01   1.23213E-06 0.0013
    1.5453E+01   2.19218E-07 0.0021
    1.5900E+01   1.31118E-06 0.0012
    1.6360E+01   1.94445E-07 0.0020
    1.6834E+01   2.02887E-07 0.0019
    1.7321E+01   1.23975E-06 0.0011
    1.7822E+01   1.78686E-07 0.0019
    1.8337E+01   1.13567E-06 0.0011
    1.8868E+01   1.64258E-07 0.0018
    1.9413E+01   1.68861E-07 0.0018
    1.9975E+01   9.54117E-07 0.0011
    2.0553E+01   1.61374E-07 0.0017
    2.1148E+01   8.37913E-07 0.0011
    2.1759E+01   1.29694E-07 0.0018
    2.2389E+01   1.32835E-07 0.0018
    2.3037E+01   7.36682E-07 0.0011
    2.3703E+01   1.17876E-07 0.0017
    2.4389E+01   6.42384E-07 0.0011
    2.5094E+01   1.05400E-07 0.0017
    2.5820E+01   1.04883E-07 0.0017
    2.6567E+01   5.42178E-07 0.0011
    2.7336E+01   8.38291E-08 0.0017
    2.8127E+01   4.74967E-07 0.0011
    2.8940E+01   7.63635E-08 0.0017
    2.9777E+01   4.09925E-07 0.0011
    3.0639E+01   6.95454E-08 0.0016
    3.1525E+01   6.32719E-08 0.0017
    3.2437E+01   3.56183E-07 0.0011
    3.3376E+01   5.43971E-08 0.0017
    3.4341E+01   3.05006E-07 0.0011
    3.5335E+01   5.48053E-08 0.0016
    3.6357E+01   4.60288E-08 0.0017
    3.7409E+01   2.64650E-07 0.0011
    3.8491E+01   4.09284E-08 0.0017
    3.9604E+01   2.24301E-07 0.0011
    4.0750E+01   4.09086E-08 0.0016
    4.1929E+01   3.35275E-08 0.0018
    4.3142E+01   1.94881E-07 0.0011
    4.4390E+01   2.89137E-08 0.0017
    4.5674E+01   1.65037E-07 0.0011
    4.6996E+01   2.92477E-08 0.0016
    4.8355E+01   2.36823E-08 0.0018
    4.9754E+01   1.43241E-07 0.0011
    5.1193E+01   2.03431E-08 0.0018
    5.2674E+01   1.21087E-07 0.0011
    5.4198E+01   2.11091E-08 0.0016
    5.5766E+01   1.75725E-08 0.0018
    5.7379E+01   1.04435E-07 0.0011
    5.9039E+01   1.43374E-08 0.0018
    6.0747E+01   8.92467E-08 0.0011
    6.2505E+01   1.48059E-08 0.0017
    6.4313E+01   7.37565E-08 0.0011
    6.6174E+01   1.57283E-08 0.0015
    6.8088E+01   1.03143E-08 0.0018
    7.0058E+01   6.60300E-08 0.0011
    7.2084E+01   1.01013E-08 0.0017
    7.4170E+01   5.48782E-08 0.0011
    7.6315E+01   1.09008E-08 0.0015
    7.8523E+01   7.66147E-09 0.0018
    8.0795E+01   4.86489E-08 0.0011
    8.3132E+01   6.83863E-09 0.0018
    8.5537E+01   4.11384E-08 0.0011
    8.8012E+01   7.28486E-09 0.0016
    9.0558E+01   3.42544E-08 0.0011
    9.3178E+01   7.55222E-09 0.0015
    9.5873E+01   4.95995E-09 0.0018
    9.8647E+01   3.10088E-08 0.0011
    1.0150E+02   4.48965E-09 0.0017
    1.0444E+02   2.62753E-08 0.0011
    1.0746E+02   4.54964E-09 0.0016
    1.1057E+02   2.19093E-08 0.0011
    1.1377E+02   4.61653E-09 0.0015
    1.1706E+02   3.17730E-09 0.0018
    1.2044E+02   1.95604E-08 0.0011
    1.2393E+02   2.79151E-09 0.0018
    1.2751E+02   1.66335E-08 0.0011
    1.3120E+02   2.80462E-09 0.0016
    1.3500E+02   1.38490E-08 0.0011
    1.3890E+02   2.87442E-09 0.0015
    1.4292E+02   1.97761E-09 0.0018
    1.4706E+02   1.23174E-08 0.0011
    1.5131E+02   1.77105E-09 0.0018
    1.5569E+02   1.04070E-08 0.0011
    1.6019E+02   1.83147E-09 0.0016
    1.6483E+02   8.64482E-09 0.0011
    1.6959E+02   1.85409E-09 0.0015
    1.7450E+02   1.22696E-09 0.0018
    1.7955E+02   7.72323E-09 0.0011
    1.8474E+02   1.18357E-09 0.0017
    1.9009E+02   6.44266E-09 0.0011
    1.9559E+02   1.24466E-09 0.0015
    2.0124E+02   9.19998E-10 0.0018
    2.0707E+02   5.65475E-09 0.0011
    2.1306E+02   7.99353E-10 0.0018
    2.1922E+02   4.78805E-09 0.0011
    2.2556E+02   8.35848E-10 0.0016
    2.3209E+02   7.19983E-10 0.0017
    2.3880E+02   4.10426E-09 0.0011
    2.4571E+02   5.68974E-10 0.0018
    2.5282E+02   3.54797E-09 0.0011
    2.6013E+02   5.61885E-10 0.0017
    2.6766E+02   2.97112E-09 0.0011
    2.7540E+02   5.89287E-10 0.0015
    2.8337E+02   4.47801E-10 0.0017
    2.9157E+02   2.61916E-09 0.0011
    3.0000E+02   3.81684E-10 0.0017
      total      1.76461E-05 0.0005
 
 cell union total                                                                                                                      
 user bin 10000000000.00000
    s(e) (MeV/cm)
    1.0000E+00   0.00000E+00 0.0000
    1.0289E+00   0.00000E+00 0.0000
    1.0587E+00   0.00000E+00 0.0000
    1.0893E+00   0.00000E+00 0.0000
    1.1208E+00   0.00000E+00 0.0000
    1.1533E+00   0.00000E+00 0.0000
    1.1866E+00   0.00000E+00 0.0000
    1.2210E+00   0.00000E+00 0.0000
    1.2563E+00   0.00000E+00 0.0000
    1.2926E+00   0.00000E+00 0.0000
    1.3300E+00   0.00000E+00 0.0000
    1.3685E+00   0.00000E+00 0.0000
    1.4081E+00   0.00000E+00 0.0000
    1.4488E+00   0.00000E+00 0.0000
    1.4907E+00   0.00000E+00 0.0000
    1.5339E+00   0.00000E+00 0.0000
    1.5782E+00   0.00000E+00 0.0000
    1.6239E+00   0.00000E+00 0.0000
    1.6709E+00   0.00000E+00 0.0000
    1.7192E+00   0.00000E+00 0.0000
    1.7689E+00   0.00000E+00 0.0000
    1.8201E+00   0.00000E+00 0.0000
    1.8728E+00   0.00000E+00 0.0000
    1.9269E+00   0.00000E+00 0.0000
    1.9827E+00   0.00000E+00 0.0000
    2.0400E+00   0.00000E+00 0.0000
    2.0991E+00   0.00000E+00 0.0000
    2.1598E+00   0.00000E+00 0.0000
    2.2223E+00   0.00000E+00 0.0000
    2.2866E+00   0.00000E+00 0.0000
    2.3527E+00   0.00000E+00 0.0000
    2.4208E+00   0.00000E+00 0.0000
    2.4908E+00   0.00000E+00 0.0000
    2.5629E+00   0.00000E+00 0.0000
    2.6370E+00   0.00000E+00 0.0000
    2.7133E+00   0.00000E+00 0.0000
    2.7918E+00   0.00000E+00 0.0000
    2.8725E+00   0.00000E+00 0.0000
    2.9557E+00   0.00000E+00 0.0000
    3.0412E+00   0.00000E+00 0.0000
    3.1291E+00   0.00000E+00 0.0000
    3.2197E+00   0.00000E+00 0.0000
    3.3128E+00   0.00000E+00 0.0000
    3.4086E+00   0.00000E+00 0.0000
    3.5072E+00   0.00000E+00 0.0000
    3.6087E+00   0.00000E+00 0.0000
    3.7131E+00   0.00000E+00 0.0000
    3.8205E+00   0.00000E+00 0.0000
    3.9311E+00   0.00000E+00 0.0000
    4.0448E+00   0.00000E+00 0.0000
    4.1618E+00   0.00000E+00 0.0000
    4.2822E+00   0.00000E+00 0.0000
    4.4061E+00   0.00000E+00 0.0000
    4.5335E+00   0.00000E+00 0.0000
    4.6647E+00   0.00000E+00 0.0000
    4.7996E+00   0.00000E+00 0.0000
    4.9385E+00   0.00000E+00 0.0000
    5.0814E+00   0.00000E+00 0.0000
    5.2284E+00   0.00000E+00 0.0000
    5.3796E+00   0.00000E+00 0.0000
    5.5352E+00   0.00000E+00 0.0000
    5.6954E+00   0.00000E+00 0.0000
    5.8601E+00   0.00000E+00 0.0000
    6.0297E+00   0.00000E+00 0.0000
    6.2041E+00   0.00000E+00 0.0000
    6.3836E+00   0.00000E+00 0.0000
    6.5683E+00   0.00000E+00 0.0000
    6.7583E+00   0.00000E+00 0.0000
    6.9538E+00   0.00000E+00 0.0000
    7.1550E+00   0.00000E+00 0.0000
    7.3619E+00   0.00000E+00 0.0000
    7.5749E+00   0.00000E+00 0.0000
    7.7941E+00   2.00221E-12 1.0000
    8.0195E+00   0.00000E+00 0.0000
    8.2515E+00   5.64168E-11 0.2542
    8.4902E+00   5.38442E-12 0.4512
    8.7359E+00   2.12096E-10 0.1342
    8.9886E+00   2.38491E-11 0.2064
    9.2486E+00   7.15514E-10 0.0718
    9.5162E+00   7.68389E-11 0.1168
    9.7915E+00   6.44358E-11 0.1301
    1.0075E+01   1.48810E-09 0.0490
    1.0366E+01   1.80322E-10 0.0776
    1.0666E+01   2.89632E-09 0.0344
    1.0975E+01   3.43327E-10 0.0574
    1.1292E+01   8.05272E-09 0.0210
    1.1619E+01   6.67862E-09 0.0189
    1.1955E+01   1.61910E-08 0.0131
    1.2301E+01   1.11909E-05 0.0022
    1.2657E+01   5.60419E-06 0.0016
    1.3023E+01   1.09248E-04 0.0012
    1.3400E+01   2.03801E-05 0.0011
    1.3787E+01   2.17650E-05 0.0010
    1.4186E+01   1.54563E-04 0.0009
    1.4596E+01   2.58454E-05 0.0009
    1.5019E+01   1.51639E-04 0.0008
    1.5453E+01   2.68530E-05 0.0008
    1.5900E+01   1.60769E-04 0.0007
    1.6360E+01   2.38593E-05 0.0008
    1.6834E+01   2.49123E-05 0.0008
    1.7321E+01   1.52772E-04 0.0007
    1.7822E+01   2.21079E-05 0.0007
    1.8337E+01   1.40454E-04 0.0007
    1.8868E+01   2.04635E-05 0.0007
    1.9413E+01   2.10674E-05 0.0007
    1.9975E+01   1.18922E-04 0.0007
    2.0553E+01   2.01138E-05 0.0007
    2.1148E+01   1.04693E-04 0.0007
    2.1759E+01   1.61599E-05 0.0007
    2.2389E+01   1.66380E-05 0.0007
    2.3037E+01   9.19412E-05 0.0006
    2.3703E+01   1.47665E-05 0.0006
    2.4389E+01   8.03722E-05 0.0006
    2.5094E+01   1.31487E-05 0.0007
    2.5820E+01   1.30707E-05 0.0007
    2.6567E+01   6.80449E-05 0.0006
    2.7336E+01   1.05561E-05 0.0007
    2.8127E+01   5.96343E-05 0.0006
    2.8940E+01   9.54374E-06 0.0007
    2.9777E+01   5.14632E-05 0.0006
    3.0639E+01   8.75975E-06 0.0006
    3.1525E+01   7.95622E-06 0.0006
    3.2437E+01   4.47155E-05 0.0006
    3.3376E+01   6.83817E-06 0.0006
    3.4341E+01   3.83190E-05 0.0006
    3.5335E+01   6.88057E-06 0.0006
    3.6357E+01   5.77626E-06 0.0006
    3.7409E+01   3.33072E-05 0.0006
    3.8491E+01   5.12799E-06 0.0006
    3.9604E+01   2.82704E-05 0.0006
    4.0750E+01   5.14534E-06 0.0006
    4.1929E+01   4.21905E-06 0.0006
    4.3142E+01   2.46101E-05 0.0006
    4.4390E+01   3.64499E-06 0.0006
    4.5674E+01   2.08560E-05 0.0006
    4.6996E+01   3.70691E-06 0.0006
    4.8355E+01   2.99879E-06 0.0006
    4.9754E+01   1.81320E-05 0.0006
    5.1193E+01   2.58309E-06 0.0006
    5.2674E+01   1.53505E-05 0.0006
    5.4198E+01   2.68265E-06 0.0006
    5.5766E+01   2.22601E-06 0.0006
    5.7379E+01   1.32771E-05 0.0006
    5.9039E+01   1.82536E-06 0.0006
    6.0747E+01   1.13655E-05 0.0006
    6.2505E+01   1.87941E-06 0.0006
    6.4313E+01   9.40242E-06 0.0006
    6.6174E+01   2.00856E-06 0.0006
    6.8088E+01   1.31527E-06 0.0006
    7.0058E+01   8.43424E-06 0.0006
    7.2084E+01   1.29285E-06 0.0006
    7.4170E+01   7.01599E-06 0.0006
    7.6315E+01   1.39673E-06 0.0006
    7.8523E+01   9.79278E-07 0.0006
    8.0795E+01   6.23367E-06 0.0006
    8.3132E+01   8.76489E-07 0.0006
    8.5537E+01   5.27776E-06 0.0006
    8.8012E+01   9.33209E-07 0.0006
    9.0558E+01   4.39739E-06 0.0006
    9.3178E+01   9.72239E-07 0.0006
    9.5873E+01   6.36641E-07 0.0006
    9.8647E+01   3.98846E-06 0.0006
    1.0150E+02   5.78387E-07 0.0006
    1.0444E+02   3.38294E-06 0.0006
    1.0746E+02   5.85488E-07 0.0006
    1.1057E+02   2.82432E-06 0.0006
    1.1377E+02   5.95171E-07 0.0006
    1.1706E+02   4.09265E-07 0.0006
    1.2044E+02   2.52473E-06 0.0006
    1.2393E+02   3.58891E-07 0.0006
    1.2751E+02   2.14833E-06 0.0006
    1.3120E+02   3.62075E-07 0.0006
    1.3500E+02   1.78942E-06 0.0006
    1.3890E+02   3.71685E-07 0.0006
    1.4292E+02   2.55619E-07 0.0006
    1.4706E+02   1.59345E-06 0.0006
    1.5131E+02   2.28692E-07 0.0006
    1.5569E+02   1.34678E-06 0.0006
    1.6019E+02   2.37003E-07 0.0006
    1.6483E+02   1.11955E-06 0.0006
    1.6959E+02   2.40183E-07 0.0006
    1.7450E+02   1.58936E-07 0.0006
    1.7955E+02   1.00082E-06 0.0006
    1.8474E+02   1.53315E-07 0.0006
    1.9009E+02   8.34849E-07 0.0006
    1.9559E+02   1.61967E-07 0.0006
    2.0124E+02   1.19020E-07 0.0006
    2.0707E+02   7.33103E-07 0.0006
    2.1306E+02   1.03954E-07 0.0006
    2.1922E+02   6.21118E-07 0.0006
    2.2556E+02   1.08279E-07 0.0006
    2.3209E+02   9.36527E-08 0.0006
    2.3880E+02   5.32443E-07 0.0006
    2.4571E+02   7.39194E-08 0.0006
    2.5282E+02   4.60512E-07 0.0006
    2.6013E+02   7.28149E-08 0.0006
    2.6766E+02   3.85897E-07 0.0006
    2.7540E+02   7.64269E-08 0.0006
    2.8337E+02   5.82812E-08 0.0006
    2.9157E+02   3.39946E-07 0.0006
    3.0000E+02   4.96400E-08 0.0006
      total      2.18530E-03 0.0004
 
 cell union total                                                                                                                      
 user bin total
    s(e) (MeV/cm)
    1.0000E+00   0.00000E+00 0.0000
    1.0289E+00   0.00000E+00 0.0000
    1.0587E+00   0.00000E+00 0.0000
    1.0893E+00   0.00000E+00 0.0000
    1.1208E+00   0.00000E+00 0.0000
    1.1533E+00   0.00000E+00 0.0000
    1.1866E+00   0.00000E+00 0.0000
    1.2210E+00   0.00000E+00 0.0000
    1.2563E+00   0.00000E+00 0.0000
    1.2926E+00   0.00000E+00 0.0000
    1.3300E+00   0.00000E+00 0.0000
    1.3685E+00   0.00000E+00 0.0000
    1.4081E+00   0.00000E+00 0.0000
    1.4488E+00   0.00000E+00 0.0000
    1.4907E+00   0.00000E+00 0.0000
    1.5339E+00   0.00000E+00 0.0000
    1.5782E+00   0.00000E+00 0.0000
    1.6239E+00   0.00000E+00 0.0000
    1.6709E+00   0.00000E+00 0.0000
    1.7192E+00   0.00000E+00 0.0000
    1.7689E+00   0.00000E+00 0.0000
    1.8201E+00   0.00000E+00 0.0000
    1.8728E+00   0.00000E+00 0.0000
    1.9269E+00   0.00000E+00 0.0000
    1.9827E+00   0.00000E+00 0.0000
    2.0400E+00   0.00000E+00 0.0000
    2.0991E+00   0.00000E+00 0.0000
    2.1598E+00   0.00000E+00 0.0000
    2.2223E+00   0.00000E+00 0.0000
    2.2866E+00   0.00000E+00 0.0000
    2.3527E+00   0.00000E+00 0.0000
    2.4208E+00   0.00000E+00 0.0000
    2.4908E+00   0.00000E+00 0.0000
    2.5629E+00   0.00000E+00 0.0000
    2.6370E+00   0.00000E+00 0.0000
    2.7133E+00   0.00000E+00 0.0000
    2.7918E+00   0.00000E+00 0.0000
    2.8725E+00   0.00000E+00 0.0000
    2.9557E+00   0.00000E+00 0.0000
    3.0412E+00   0.00000E+00 0.0000
    3.1291E+00   0.00000E+00 0.0000
    3.2197E+00   0.00000E+00 0.0000
    3.3128E+00   0.00000E+00 0.0000
    3.4086E+00   0.00000E+00 0.0000
    3.5072E+00   0.00000E+00 0.0000
    3.6087E+00   0.00000E+00 0.0000
    3.7131E+00   0.00000E+00 0.0000
    3.8205E+00   0.00000E+00 0.0000
    3.9311E+00   0.00000E+00 0.0000
    4.0448E+00   0.00000E+00 0.0000
    4.1618E+00   0.00000E+00 0.0000
    4.2822E+00   0.00000E+00 0.0000
    4.4061E+00   0.00000E+00 0.0000
    4.5335E+00   0.00000E+00 0.0000
    4.6647E+00   0.00000E+00 0.0000
    4.7996E+00   0.00000E+00 0.0000
    4.9385E+00   0.00000E+00 0.0000
    5.0814E+00   0.00000E+00 0.0000
    5.2284E+00   0.00000E+00 0.0000
    5.3796E+00   0.00000E+00 0.0000
    5.5352E+00   0.00000E+00 0.0000
    5.6954E+00   0.00000E+00 0.0000
    5.8601E+00   0.00000E+00 0.0000
    6.0297E+00   0.00000E+00 0.0000
    6.2041E+00   0.00000E+00 0.0000
    6.3836E+00   0.00000E+00 0.0000
    6.5683E+00   0.00000E+00 0.0000
    6.7583E+00   0.00000E+00 0.0000
    6.9538E+00   0.00000E+00 0.0000
    7.1550E+00   0.00000E+00 0.0000
    7.3619E+00   0.00000E+00 0.0000
    7.5749E+00   0.00000E+00 0.0000
    7.7941E+00   2.00221E-12 1.0000
    8.0195E+00   0.00000E+00 0.0000
    8.2515E+00   5.64168E-11 0.2542
    8.4902E+00   5.38442E-12 0.4512
    8.7359E+00   2.12096E-10 0.1342
    8.9886E+00   2.38491E-11 0.2064
    9.2486E+00   7.15514E-10 0.0718
    9.5162E+00   7.68389E-11 0.1168
    9.7915E+00   6.44358E-11 0.1301
    1.0075E+01   1.48810E-09 0.0490
    1.0366E+01   1.80322E-10 0.0776
    1.0666E+01   2.89632E-09 0.0344
    1.0975E+01   3.43327E-10 0.0574
    1.1292E+01   8.09227E-09 0.0210
    1.1619E+01   6.74290E-09 0.0189
    1.1955E+01   1.63216E-08 0.0131
    1.2301E+01   1.12892E-05 0.0022
    1.2657E+01   5.65296E-06 0.0016
    1.3023E+01   1.10178E-04 0.0012
    1.3400E+01   2.05502E-05 0.0011
    1.3787E+01   2.19453E-05 0.0010
    1.4186E+01   1.55831E-04 0.0009
    1.4596E+01   2.60556E-05 0.0009
    1.5019E+01   1.52871E-04 0.0008
    1.5453E+01   2.70723E-05 0.0008
    1.5900E+01   1.62080E-04 0.0007
    1.6360E+01   2.40538E-05 0.0008
    1.6834E+01   2.51152E-05 0.0008
    1.7321E+01   1.54011E-04 0.0007
    1.7822E+01   2.22866E-05 0.0007
    1.8337E+01   1.41589E-04 0.0007
    1.8868E+01   2.06278E-05 0.0007
    1.9413E+01   2.12362E-05 0.0007
    1.9975E+01   1.19876E-04 0.0007
    2.0553E+01   2.02752E-05 0.0007
    2.1148E+01   1.05531E-04 0.0007
    2.1759E+01   1.62896E-05 0.0007
    2.2389E+01   1.67708E-05 0.0007
    2.3037E+01   9.26778E-05 0.0006
    2.3703E+01   1.48844E-05 0.0006
    2.4389E+01   8.10146E-05 0.0006
    2.5094E+01   1.32541E-05 0.0007
    2.5820E+01   1.31755E-05 0.0007
    2.6567E+01   6.85871E-05 0.0006
    2.7336E+01   1.06399E-05 0.0007
    2.8127E+01   6.01093E-05 0.0006
    2.8940E+01   9.62011E-06 0.0007
    2.9777E+01   5.18731E-05 0.0006
    3.0639E+01   8.82930E-06 0.0006
    3.1525E+01   8.01949E-06 0.0006
    3.2437E+01   4.50717E-05 0.0006
    3.3376E+01   6.89257E-06 0.0006
    3.4341E+01   3.86240E-05 0.0006
    3.5335E+01   6.93537E-06 0.0006
    3.6357E+01   5.82229E-06 0.0006
    3.7409E+01   3.35718E-05 0.0006
    3.8491E+01   5.16892E-06 0.0006
    3.9604E+01   2.84947E-05 0.0006
    4.0750E+01   5.18624E-06 0.0006
    4.1929E+01   4.25258E-06 0.0006
    4.3142E+01   2.48050E-05 0.0006
    4.4390E+01   3.67390E-06 0.0006
    4.5674E+01   2.10210E-05 0.0006
    4.6996E+01   3.73616E-06 0.0006
    4.8355E+01   3.02247E-06 0.0006
    4.9754E+01   1.82753E-05 0.0006
    5.1193E+01   2.60344E-06 0.0006
    5.2674E+01   1.54716E-05 0.0006
    5.4198E+01   2.70376E-06 0.0006
    5.5766E+01   2.24358E-06 0.0006
    5.7379E+01   1.33815E-05 0.0006
    5.9039E+01   1.83969E-06 0.0006
    6.0747E+01   1.14547E-05 0.0006
    6.2505E+01   1.89421E-06 0.0006
    6.4313E+01   9.47618E-06 0.0006
    6.6174E+01   2.02429E-06 0.0006
    6.8088E+01   1.32558E-06 0.0006
    7.0058E+01   8.50027E-06 0.0006
    7.2084E+01   1.30295E-06 0.0006
    7.4170E+01   7.07087E-06 0.0006
    7.6315E+01   1.40763E-06 0.0006
    7.8523E+01   9.86940E-07 0.0006
    8.0795E+01   6.28232E-06 0.0006
    8.3132E+01   8.83328E-07 0.0006
    8.5537E+01   5.31890E-06 0.0006
    8.8012E+01   9.40494E-07 0.0006
    9.0558E+01   4.43164E-06 0.0006
    9.3178E+01   9.79791E-07 0.0006
    9.5873E+01   6.41601E-07 0.0006
    9.8647E+01   4.01947E-06 0.0006
    1.0150E+02   5.82877E-07 0.0006
    1.0444E+02   3.40922E-06 0.0006
    1.0746E+02   5.90037E-07 0.0006
    1.1057E+02   2.84623E-06 0.0006
    1.1377E+02   5.99787E-07 0.0006
    1.1706E+02   4.12442E-07 0.0006
    1.2044E+02   2.54429E-06 0.0006
    1.2393E+02   3.61682E-07 0.0006
    1.2751E+02   2.16497E-06 0.0006
    1.3120E+02   3.64879E-07 0.0006
    1.3500E+02   1.80327E-06 0.0006
    1.3890E+02   3.74559E-07 0.0006
    1.4292E+02   2.57597E-07 0.0006
    1.4706E+02   1.60577E-06 0.0006
    1.5131E+02   2.30463E-07 0.0006
    1.5569E+02   1.35719E-06 0.0006
    1.6019E+02   2.38834E-07 0.0006
    1.6483E+02   1.12820E-06 0.0006
    1.6959E+02   2.42037E-07 0.0006
    1.7450E+02   1.60163E-07 0.0006
    1.7955E+02   1.00855E-06 0.0006
    1.8474E+02   1.54498E-07 0.0006
    1.9009E+02   8.41291E-07 0.0006
    1.9559E+02   1.63211E-07 0.0006
    2.0124E+02   1.19940E-07 0.0006
    2.0707E+02   7.38757E-07 0.0006
    2.1306E+02   1.04753E-07 0.0006
    2.1922E+02   6.25906E-07 0.0006
    2.2556E+02   1.09115E-07 0.0006
    2.3209E+02   9.43727E-08 0.0006
    2.3880E+02   5.36547E-07 0.0006
    2.4571E+02   7.44884E-08 0.0006
    2.5282E+02   4.64060E-07 0.0006
    2.6013E+02   7.33768E-08 0.0006
    2.6766E+02   3.88868E-07 0.0006
    2.7540E+02   7.70162E-08 0.0006
    2.8337E+02   5.87290E-08 0.0006
    2.9157E+02   3.42565E-07 0.0006
    3.0000E+02   5.00216E-08 0.0006
      total      2.20295E-03 0.0004


 ===================================================================================================================================

           results of 10 statistical checks for the estimated answer for the tally fluctuation chart (tfc) bin of tally     9204

 tfc bin     --mean--      ---------relative error---------      ----variance of the variance----      --figure of merit--     -pdf-
 behavior    behavior      value   decrease   decrease rate      value   decrease   decrease rate       value     behavior     slope

 desired      random       <0.10      yes      1/sqrt(nps)       <0.10      yes        1/nps           constant    random      >3.00
 observed     random        0.00      yes          yes            0.00      yes         yes                                    10.00
 passed?        yes          yes      yes          yes             yes      yes         yes                                      yes

 ===================================================================================================================================


 this tally meets the statistical criteria used to form confidence intervals: check the tally fluctuation chart to verify.
 the results in other bins associated with this tally may not meet these statistical criteria.

 ----- estimated confidence intervals:  -----

 estimated asymmetric confidence interval(1,2,3 sigma): 1.9583E-03 to 1.9599E-03; 1.9576E-03 to 1.9606E-03; 1.9568E-03 to 1.9614E-03
 estimated  symmetric confidence interval(1,2,3 sigma): 1.9583E-03 to 1.9599E-03; 1.9576E-03 to 1.9606E-03; 1.9568E-03 to 1.9614E-03

1analysis of the results in the tally fluctuation chart bin (tfc) for tally 9204 with nps = 90000000         print table 160


 normed average tally per history  = 1.95910E-03          unnormed average tally per history  = 4.89775E-03
 estimated tally relative error    = 0.0004               estimated variance of the variance  = 0.0000
 relative error from zero tallies  = 0.0003               relative error from nonzero scores  = 0.0003

 number of nonzero history tallies =    13509045          efficiency for the nonzero tallies  = 0.1501
 history number of largest  tally  =    67960756          largest  unnormalized history tally = 1.11352E-01
 (largest  tally)/(average tally)  = 2.27353E+01          (largest  tally)/(avg nonzero tally)= 3.41257E+00

 (confidence interval shift)/mean  = 0.0000               shifted confidence interval center  = 1.95910E-03


 if the largest  history score sampled so far were to occur on the next history, the tfc bin quantities would change as follows:

      estimated quantities           value at nps           value at nps+1           value(nps+1)/value(nps)-1.

      mean                            1.95910E-03             1.95910E-03                     0.000000
      relative error                  3.88412E-04             3.88412E-04                     0.000000
      variance of the variance        1.69058E-07             1.69058E-07                     0.000000
      shifted center                  1.95910E-03             1.95910E-03                     0.000000
      figure of merit                 0.00000E+00             0.00000E+00                     0.000000

 the estimated slope of the 195 largest  tallies starting at  1.00926E-01 appears to be decreasing at least exponentially.
 the empirical history score probability density function appears to be increasing at the largest  history scores:
 please examine. see print table 161.
 the large score tail of the empirical history score probability density function appears to have no unsampled regions.

 fom = (histories/minute)*(f(x) signal-to-noise ratio)**2 = (0.000E+00)*( 2.714E-01)**2 = (0.000E+00)*(7.365E-02) = 0.000E+00

