1tally     8004        nps =     4000000
           tally type 4    track length estimate of particle flux.      units   1/cm**2        
           particle(s): protons  
 number of histories used for normalizing tallies =      4000000.00
           this tally is modified by   ft  let

           volumes 
                   cell:      420          421          422          423          424         total                
                         2.50000E+00  2.50000E+00  2.50000E+00  2.50000E+00  2.50000E+00  1.25000E+01
 
 cell  420                                                                                                                             
    s(e) (MeV/cm)
    1.0000E+00   0.00000E+00 0.0000
    1.0289E+00   0.00000E+00 0.0000
    1.0587E+00   0.00000E+00 0.0000
    1.0893E+00   0.00000E+00 0.0000
    1.1208E+00   0.00000E+00 0.0000
    1.1533E+00   0.00000E+00 0.0000
    1.1866E+00   0.00000E+00 0.0000
    1.2210E+00   0.00000E+00 0.0000
    1.2563E+00   0.00000E+00 0.0000
    1.2926E+00   0.00000E+00 0.0000
    1.3300E+00   0.00000E+00 0.0000
    1.3685E+00   0.00000E+00 0.0000
    1.4081E+00   0.00000E+00 0.0000
    1.4488E+00   0.00000E+00 0.0000
    1.4907E+00   0.00000E+00 0.0000
    1.5339E+00   0.00000E+00 0.0000
    1.5782E+00   0.00000E+00 0.0000
    1.6239E+00   0.00000E+00 0.0000
    1.6709E+00   0.00000E+00 0.0000
    1.7192E+00   0.00000E+00 0.0000
    1.7689E+00   0.00000E+00 0.0000
    1.8201E+00   0.00000E+00 0.0000
    1.8728E+00   0.00000E+00 0.0000
    1.9269E+00   0.00000E+00 0.0000
    1.9827E+00   0.00000E+00 0.0000
    2.0400E+00   0.00000E+00 0.0000
    2.0991E+00   0.00000E+00 0.0000
    2.1598E+00   0.00000E+00 0.0000
    2.2223E+00   0.00000E+00 0.0000
    2.2866E+00   0.00000E+00 0.0000
    2.3527E+00   0.00000E+00 0.0000
    2.4208E+00   0.00000E+00 0.0000
    2.4908E+00   0.00000E+00 0.0000
    2.5629E+00   0.00000E+00 0.0000
    2.6370E+00   0.00000E+00 0.0000
    2.7133E+00   0.00000E+00 0.0000
    2.7918E+00   0.00000E+00 0.0000
    2.8725E+00   0.00000E+00 0.0000
    2.9557E+00   0.00000E+00 0.0000
    3.0412E+00   0.00000E+00 0.0000
    3.1291E+00   0.00000E+00 0.0000
    3.2197E+00   0.00000E+00 0.0000
    3.3128E+00   0.00000E+00 0.0000
    3.4086E+00   0.00000E+00 0.0000
    3.5072E+00   0.00000E+00 0.0000
    3.6087E+00   0.00000E+00 0.0000
    3.7131E+00   0.00000E+00 0.0000
    3.8205E+00   0.00000E+00 0.0000
    3.9311E+00   0.00000E+00 0.0000
    4.0448E+00   0.00000E+00 0.0000
    4.1618E+00   0.00000E+00 0.0000
    4.2822E+00   0.00000E+00 0.0000
    4.4061E+00   0.00000E+00 0.0000
    4.5335E+00   0.00000E+00 0.0000
    4.6647E+00   0.00000E+00 0.0000
    4.7996E+00   0.00000E+00 0.0000
    4.9385E+00   0.00000E+00 0.0000
    5.0814E+00   0.00000E+00 0.0000
    5.2284E+00   0.00000E+00 0.0000
    5.3796E+00   0.00000E+00 0.0000
    5.5352E+00   0.00000E+00 0.0000
    5.6954E+00   0.00000E+00 0.0000
    5.8601E+00   0.00000E+00 0.0000
    6.0297E+00   0.00000E+00 0.0000
    6.2041E+00   0.00000E+00 0.0000
    6.3836E+00   9.57779E-03 0.0009
    6.5683E+00   4.89048E-07 0.0155
    6.7583E+00   1.75142E-05 0.0028
    6.9538E+00   5.15408E-07 0.0153
    7.1550E+00   1.64166E-05 0.0028
    7.3619E+00   5.93768E-07 0.0145
    7.5749E+00   6.14343E-07 0.0143
    7.7941E+00   1.63109E-05 0.0029
    8.0195E+00   7.05452E-07 0.0136
    8.2515E+00   1.54794E-05 0.0030
    8.4902E+00   7.93597E-07 0.0131
    8.7359E+00   1.44014E-05 0.0031
    8.9886E+00   8.80438E-07 0.0127
    9.2486E+00   1.34235E-05 0.0033
    9.5162E+00   9.87723E-07 0.0122
    9.7915E+00   1.00126E-06 0.0121
    1.0075E+01   1.23635E-05 0.0035
    1.0366E+01   1.13134E-06 0.0116
    1.0666E+01   1.12918E-05 0.0037
    1.0975E+01   1.23473E-06 0.0112
    1.1292E+01   1.02328E-05 0.0039
    1.1619E+01   1.29646E-06 0.0109
    1.1955E+01   1.38749E-06 0.0106
    1.2301E+01   9.43460E-06 0.0042
    1.2657E+01   1.42985E-06 0.0102
    1.3023E+01   8.66886E-06 0.0043
    1.3400E+01   1.34230E-06 0.0101
    1.3787E+01   1.42763E-06 0.0098
    1.4186E+01   7.96202E-06 0.0044
    1.4596E+01   1.27042E-06 0.0096
    1.5019E+01   7.44440E-06 0.0045
    1.5453E+01   1.11613E-06 0.0094
    1.5900E+01   6.80844E-06 0.0046
    1.6360E+01   1.04641E-06 0.0090
    1.6834E+01   1.08749E-06 0.0089
    1.7321E+01   6.26808E-06 0.0046
    1.7822E+01   9.93974E-07 0.0086
    1.8337E+01   5.77101E-06 0.0046
    1.8868E+01   9.36092E-07 0.0083
    1.9413E+01   9.54570E-07 0.0082
    1.9975E+01   5.15644E-06 0.0046
    2.0553E+01   8.35888E-07 0.0081
    2.1148E+01   4.73247E-06 0.0046
    2.1759E+01   7.68381E-07 0.0079
    2.2389E+01   7.75855E-07 0.0078
    2.3037E+01   4.29823E-06 0.0045
    2.3703E+01   6.75265E-07 0.0078
    2.4389E+01   3.91904E-06 0.0045
    2.5094E+01   6.37628E-07 0.0074
    2.5820E+01   6.37552E-07 0.0074
    2.6567E+01   3.50298E-06 0.0044
    2.7336E+01   5.40324E-07 0.0074
    2.8127E+01   3.18949E-06 0.0043
    2.8940E+01   5.09154E-07 0.0071
    2.9777E+01   2.83637E-06 0.0043
    3.0639E+01   5.39366E-07 0.0064
    3.1525E+01   4.28990E-07 0.0072
    3.2437E+01   2.61363E-06 0.0042
    3.3376E+01   4.14104E-07 0.0068
    3.4341E+01   2.29421E-06 0.0041
    3.5335E+01   4.43230E-07 0.0061
    3.6357E+01   3.41734E-07 0.0069
    3.7409E+01   2.10910E-06 0.0040
    3.8491E+01   3.27051E-07 0.0065
    3.9604E+01   1.84566E-06 0.0040
    4.0750E+01   3.59780E-07 0.0058
    4.1929E+01   2.69489E-07 0.0066
    4.3142E+01   1.70973E-06 0.0039
    4.4390E+01   2.55509E-07 0.0063
    4.5674E+01   1.49579E-06 0.0038
    4.6996E+01   2.87148E-07 0.0055
    4.8355E+01   2.14988E-07 0.0064
    4.9754E+01   1.37477E-06 0.0037
    5.1193E+01   1.98429E-07 0.0061
    5.2674E+01   1.20380E-06 0.0037
    5.4198E+01   2.20502E-07 0.0054
    5.5766E+01   1.74249E-07 0.0061
    5.7379E+01   1.09507E-06 0.0036
    5.9039E+01   1.51986E-07 0.0060
    6.0747E+01   9.64386E-07 0.0036
    6.2505E+01   1.66119E-07 0.0053
    6.4313E+01   8.23358E-07 0.0035
    6.6174E+01   1.81316E-07 0.0048
    6.8088E+01   1.16765E-07 0.0059
    7.0058E+01   7.66172E-07 0.0035
    7.2084E+01   1.19776E-07 0.0054
    7.4170E+01   6.54119E-07 0.0034
    7.6315E+01   1.33241E-07 0.0048
    7.8523E+01   9.23839E-08 0.0057
    8.0795E+01   6.00845E-07 0.0034
    8.3132E+01   8.61658E-08 0.0054
    8.5537E+01   5.21292E-07 0.0034
    8.8012E+01   9.34480E-08 0.0049
    9.0558E+01   4.44367E-07 0.0033
    9.3178E+01   9.93158E-08 0.0044
    9.5873E+01   6.56937E-08 0.0054
    9.8647E+01   4.13314E-07 0.0033
    1.0150E+02   6.07488E-08 0.0052
    1.0444E+02   3.57487E-07 0.0033
    1.0746E+02   6.24835E-08 0.0048
    1.1057E+02   3.04349E-07 0.0033
    1.1377E+02   6.46074E-08 0.0044
    1.1706E+02   4.45543E-08 0.0052
    1.2044E+02   2.76923E-07 0.0032
    1.2393E+02   3.97050E-08 0.0051
    1.2751E+02   2.39229E-07 0.0032
    1.3120E+02   4.03725E-08 0.0047
    1.3500E+02   2.01892E-07 0.0032
    1.3890E+02   4.22868E-08 0.0043
    1.4292E+02   2.89218E-08 0.0051
    1.4706E+02   1.82246E-07 0.0032
    1.5131E+02   2.62632E-08 0.0050
    1.5569E+02   1.55697E-07 0.0032
    1.6019E+02   2.74906E-08 0.0046
    1.6483E+02   1.30855E-07 0.0032
    1.6959E+02   2.80922E-08 0.0042
    1.7450E+02   1.86780E-08 0.0051
    1.7955E+02   1.18129E-07 0.0032
    1.8474E+02   1.81293E-08 0.0048
    1.9009E+02   9.92455E-08 0.0031
    1.9559E+02   1.93527E-08 0.0043
    2.0124E+02   1.42178E-08 0.0050
    2.0707E+02   8.77053E-08 0.0031
    2.1306E+02   1.23850E-08 0.0050
    2.1922E+02   7.47085E-08 0.0031
    2.2556E+02   1.30032E-08 0.0045
    2.3209E+02   1.12615E-08 0.0048
    2.3880E+02   6.42805E-08 0.0031
    2.4571E+02   8.93020E-09 0.0050
    2.5282E+02   5.57565E-08 0.0031
    2.6013E+02   8.84821E-09 0.0047
    2.6766E+02   4.68563E-08 0.0031
    2.7540E+02   9.40708E-09 0.0042
    2.8337E+02   7.00441E-09 0.0048
    2.9157E+02   4.15101E-08 0.0031
    3.0000E+02   6.08110E-09 0.0048
      total      9.84360E-03 0.0009
 
 cell  421                                                                                                                             
    s(e) (MeV/cm)
    1.0000E+00   0.00000E+00 0.0000
    1.0289E+00   0.00000E+00 0.0000
    1.0587E+00   0.00000E+00 0.0000
    1.0893E+00   0.00000E+00 0.0000
    1.1208E+00   0.00000E+00 0.0000
    1.1533E+00   0.00000E+00 0.0000
    1.1866E+00   0.00000E+00 0.0000
    1.2210E+00   0.00000E+00 0.0000
    1.2563E+00   0.00000E+00 0.0000
    1.2926E+00   0.00000E+00 0.0000
    1.3300E+00   0.00000E+00 0.0000
    1.3685E+00   0.00000E+00 0.0000
    1.4081E+00   0.00000E+00 0.0000
    1.4488E+00   0.00000E+00 0.0000
    1.4907E+00   0.00000E+00 0.0000
    1.5339E+00   0.00000E+00 0.0000
    1.5782E+00   0.00000E+00 0.0000
    1.6239E+00   0.00000E+00 0.0000
    1.6709E+00   0.00000E+00 0.0000
    1.7192E+00   0.00000E+00 0.0000
    1.7689E+00   0.00000E+00 0.0000
    1.8201E+00   0.00000E+00 0.0000
    1.8728E+00   0.00000E+00 0.0000
    1.9269E+00   0.00000E+00 0.0000
    1.9827E+00   0.00000E+00 0.0000
    2.0400E+00   0.00000E+00 0.0000
    2.0991E+00   0.00000E+00 0.0000
    2.1598E+00   0.00000E+00 0.0000
    2.2223E+00   0.00000E+00 0.0000
    2.2866E+00   0.00000E+00 0.0000
    2.3527E+00   0.00000E+00 0.0000
    2.4208E+00   0.00000E+00 0.0000
    2.4908E+00   0.00000E+00 0.0000
    2.5629E+00   0.00000E+00 0.0000
    2.6370E+00   0.00000E+00 0.0000
    2.7133E+00   0.00000E+00 0.0000
    2.7918E+00   0.00000E+00 0.0000
    2.8725E+00   0.00000E+00 0.0000
    2.9557E+00   0.00000E+00 0.0000
    3.0412E+00   0.00000E+00 0.0000
    3.1291E+00   0.00000E+00 0.0000
    3.2197E+00   0.00000E+00 0.0000
    3.3128E+00   0.00000E+00 0.0000
    3.4086E+00   0.00000E+00 0.0000
    3.5072E+00   0.00000E+00 0.0000
    3.6087E+00   0.00000E+00 0.0000
    3.7131E+00   0.00000E+00 0.0000
    3.8205E+00   0.00000E+00 0.0000
    3.9311E+00   0.00000E+00 0.0000
    4.0448E+00   0.00000E+00 0.0000
    4.1618E+00   0.00000E+00 0.0000
    4.2822E+00   0.00000E+00 0.0000
    4.4061E+00   0.00000E+00 0.0000
    4.5335E+00   0.00000E+00 0.0000
    4.6647E+00   0.00000E+00 0.0000
    4.7996E+00   0.00000E+00 0.0000
    4.9385E+00   0.00000E+00 0.0000
    5.0814E+00   0.00000E+00 0.0000
    5.2284E+00   0.00000E+00 0.0000
    5.3796E+00   0.00000E+00 0.0000
    5.5352E+00   0.00000E+00 0.0000
    5.6954E+00   0.00000E+00 0.0000
    5.8601E+00   0.00000E+00 0.0000
    6.0297E+00   0.00000E+00 0.0000
    6.2041E+00   0.00000E+00 0.0000
    6.3836E+00   9.55440E-03 0.0009
    6.5683E+00   5.15200E-07 0.0151
    6.7583E+00   1.84998E-05 0.0027
    6.9538E+00   5.31813E-07 0.0150
    7.1550E+00   1.71373E-05 0.0028
    7.3619E+00   6.30347E-07 0.0141
    7.5749E+00   6.41725E-07 0.0139
    7.7941E+00   1.70312E-05 0.0028
    8.0195E+00   7.42613E-07 0.0132
    8.2515E+00   1.62027E-05 0.0029
    8.4902E+00   8.39329E-07 0.0127
    8.7359E+00   1.50925E-05 0.0031
    8.9886E+00   9.16541E-07 0.0124
    9.2486E+00   1.39925E-05 0.0032
    9.5162E+00   1.02988E-06 0.0119
    9.7915E+00   1.06389E-06 0.0118
    1.0075E+01   1.28654E-05 0.0034
    1.0366E+01   1.17098E-06 0.0114
    1.0666E+01   1.17436E-05 0.0036
    1.0975E+01   1.28517E-06 0.0110
    1.1292E+01   1.06934E-05 0.0039
    1.1619E+01   1.35156E-06 0.0107
    1.1955E+01   1.40801E-06 0.0105
    1.2301E+01   9.77793E-06 0.0041
    1.2657E+01   1.46499E-06 0.0101
    1.3023E+01   9.01320E-06 0.0042
    1.3400E+01   1.39405E-06 0.0099
    1.3787E+01   1.42908E-06 0.0098
    1.4186E+01   8.22552E-06 0.0043
    1.4596E+01   1.29139E-06 0.0095
    1.5019E+01   7.70483E-06 0.0044
    1.5453E+01   1.15924E-06 0.0092
    1.5900E+01   7.05406E-06 0.0045
    1.6360E+01   1.07590E-06 0.0089
    1.6834E+01   1.09223E-06 0.0088
    1.7321E+01   6.36311E-06 0.0045
    1.7822E+01   1.04292E-06 0.0084
    1.8337E+01   5.88368E-06 0.0046
    1.8868E+01   9.50171E-07 0.0082
    1.9413E+01   9.69365E-07 0.0081
    1.9975E+01   5.33609E-06 0.0045
    2.0553E+01   8.64790E-07 0.0080
    2.1148E+01   4.87480E-06 0.0045
    2.1759E+01   7.94307E-07 0.0077
    2.2389E+01   7.94135E-07 0.0077
    2.3037E+01   4.36747E-06 0.0044
    2.3703E+01   6.93566E-07 0.0077
    2.4389E+01   3.99777E-06 0.0044
    2.5094E+01   6.45220E-07 0.0074
    2.5820E+01   6.54344E-07 0.0073
    2.6567E+01   3.59687E-06 0.0043
    2.7336E+01   5.67759E-07 0.0073
    2.8127E+01   3.28337E-06 0.0043
    2.8940E+01   5.25927E-07 0.0070
    2.9777E+01   2.91968E-06 0.0042
    3.0639E+01   5.53042E-07 0.0063
    3.1525E+01   4.43752E-07 0.0070
    3.2437E+01   2.67853E-06 0.0041
    3.3376E+01   4.19014E-07 0.0067
    3.4341E+01   2.36704E-06 0.0040
    3.5335E+01   4.59646E-07 0.0060
    3.6357E+01   3.49650E-07 0.0068
    3.7409E+01   2.18901E-06 0.0040
    3.8491E+01   3.40860E-07 0.0064
    3.9604E+01   1.91572E-06 0.0039
    4.0750E+01   3.73800E-07 0.0057
    4.1929E+01   2.78999E-07 0.0065
    4.3142E+01   1.77329E-06 0.0038
    4.4390E+01   2.61866E-07 0.0062
    4.5674E+01   1.54262E-06 0.0038
    4.6996E+01   2.95159E-07 0.0055
    4.8355E+01   2.21942E-07 0.0063
    4.9754E+01   1.42298E-06 0.0037
    5.1193E+01   2.05108E-07 0.0060
    5.2674E+01   1.24461E-06 0.0036
    5.4198E+01   2.26715E-07 0.0053
    5.5766E+01   1.79943E-07 0.0060
    5.7379E+01   1.12912E-06 0.0036
    5.9039E+01   1.57357E-07 0.0059
    6.0747E+01   9.94473E-07 0.0035
    6.2505E+01   1.70119E-07 0.0053
    6.4313E+01   8.49551E-07 0.0035
    6.6174E+01   1.87735E-07 0.0047
    6.8088E+01   1.20735E-07 0.0058
    7.0058E+01   7.92025E-07 0.0034
    7.2084E+01   1.24365E-07 0.0053
    7.4170E+01   6.77389E-07 0.0034
    7.6315E+01   1.37385E-07 0.0047
    7.8523E+01   9.65923E-08 0.0056
    8.0795E+01   6.21195E-07 0.0033
    8.3132E+01   8.85195E-08 0.0054
    8.5537E+01   5.38565E-07 0.0033
    8.8012E+01   9.67736E-08 0.0048
    9.0558E+01   4.59209E-07 0.0033
    9.3178E+01   1.02650E-07 0.0043
    9.5873E+01   6.80818E-08 0.0053
    9.8647E+01   4.26769E-07 0.0033
    1.0150E+02   6.26959E-08 0.0051
    1.0444E+02   3.69326E-07 0.0032
    1.0746E+02   6.44821E-08 0.0047
    1.1057E+02   3.14233E-07 0.0032
    1.1377E+02   6.63192E-08 0.0043
    1.1706E+02   4.64789E-08 0.0051
    1.2044E+02   2.86236E-07 0.0032
    1.2393E+02   4.08970E-08 0.0050
    1.2751E+02   2.47646E-07 0.0032
    1.3120E+02   4.20400E-08 0.0046
    1.3500E+02   2.09071E-07 0.0032
    1.3890E+02   4.37116E-08 0.0042
    1.4292E+02   3.01309E-08 0.0050
    1.4706E+02   1.88979E-07 0.0031
    1.5131E+02   2.72283E-08 0.0049
    1.5569E+02   1.61330E-07 0.0031
    1.6019E+02   2.86949E-08 0.0045
    1.6483E+02   1.35377E-07 0.0031
    1.6959E+02   2.92879E-08 0.0041
    1.7450E+02   1.93294E-08 0.0050
    1.7955E+02   1.22270E-07 0.0031
    1.8474E+02   1.88001E-08 0.0047
    1.9009E+02   1.02704E-07 0.0031
    1.9559E+02   1.99688E-08 0.0043
    2.0124E+02   1.47604E-08 0.0049
    2.0707E+02   9.06898E-08 0.0031
    2.1306E+02   1.28980E-08 0.0049
    2.1922E+02   7.72680E-08 0.0031
    2.2556E+02   1.35958E-08 0.0044
    2.3209E+02   1.16293E-08 0.0047
    2.3880E+02   6.65992E-08 0.0031
    2.4571E+02   9.24987E-09 0.0049
    2.5282E+02   5.78551E-08 0.0031
    2.6013E+02   9.15314E-09 0.0046
    2.6766E+02   4.86483E-08 0.0031
    2.7540E+02   9.59632E-09 0.0042
    2.8337E+02   7.39600E-09 0.0047
    2.9157E+02   4.29407E-08 0.0031
    3.0000E+02   6.29769E-09 0.0047
      total      9.83033E-03 0.0009
 
 cell  422                                                                                                                             
    s(e) (MeV/cm)
    1.0000E+00   0.00000E+00 0.0000
    1.0289E+00   0.00000E+00 0.0000
    1.0587E+00   0.00000E+00 0.0000
    1.0893E+00   0.00000E+00 0.0000
    1.1208E+00   0.00000E+00 0.0000
    1.1533E+00   0.00000E+00 0.0000
    1.1866E+00   0.00000E+00 0.0000
    1.2210E+00   0.00000E+00 0.0000
    1.2563E+00   0.00000E+00 0.0000
    1.2926E+00   0.00000E+00 0.0000
    1.3300E+00   0.00000E+00 0.0000
    1.3685E+00   0.00000E+00 0.0000
    1.4081E+00   0.00000E+00 0.0000
    1.4488E+00   0.00000E+00 0.0000
    1.4907E+00   0.00000E+00 0.0000
    1.5339E+00   0.00000E+00 0.0000
    1.5782E+00   0.00000E+00 0.0000
    1.6239E+00   0.00000E+00 0.0000
    1.6709E+00   0.00000E+00 0.0000
    1.7192E+00   0.00000E+00 0.0000
    1.7689E+00   0.00000E+00 0.0000
    1.8201E+00   0.00000E+00 0.0000
    1.8728E+00   0.00000E+00 0.0000
    1.9269E+00   0.00000E+00 0.0000
    1.9827E+00   0.00000E+00 0.0000
    2.0400E+00   0.00000E+00 0.0000
    2.0991E+00   0.00000E+00 0.0000
    2.1598E+00   0.00000E+00 0.0000
    2.2223E+00   0.00000E+00 0.0000
    2.2866E+00   0.00000E+00 0.0000
    2.3527E+00   0.00000E+00 0.0000
    2.4208E+00   0.00000E+00 0.0000
    2.4908E+00   0.00000E+00 0.0000
    2.5629E+00   0.00000E+00 0.0000
    2.6370E+00   0.00000E+00 0.0000
    2.7133E+00   0.00000E+00 0.0000
    2.7918E+00   0.00000E+00 0.0000
    2.8725E+00   0.00000E+00 0.0000
    2.9557E+00   0.00000E+00 0.0000
    3.0412E+00   0.00000E+00 0.0000
    3.1291E+00   0.00000E+00 0.0000
    3.2197E+00   0.00000E+00 0.0000
    3.3128E+00   0.00000E+00 0.0000
    3.4086E+00   0.00000E+00 0.0000
    3.5072E+00   0.00000E+00 0.0000
    3.6087E+00   0.00000E+00 0.0000
    3.7131E+00   0.00000E+00 0.0000
    3.8205E+00   0.00000E+00 0.0000
    3.9311E+00   0.00000E+00 0.0000
    4.0448E+00   0.00000E+00 0.0000
    4.1618E+00   0.00000E+00 0.0000
    4.2822E+00   0.00000E+00 0.0000
    4.4061E+00   0.00000E+00 0.0000
    4.5335E+00   0.00000E+00 0.0000
    4.6647E+00   0.00000E+00 0.0000
    4.7996E+00   0.00000E+00 0.0000
    4.9385E+00   0.00000E+00 0.0000
    5.0814E+00   0.00000E+00 0.0000
    5.2284E+00   0.00000E+00 0.0000
    5.3796E+00   0.00000E+00 0.0000
    5.5352E+00   0.00000E+00 0.0000
    5.6954E+00   0.00000E+00 0.0000
    5.8601E+00   0.00000E+00 0.0000
    6.0297E+00   0.00000E+00 0.0000
    6.2041E+00   0.00000E+00 0.0000
    6.3836E+00   9.53058E-03 0.0009
    6.5683E+00   6.33115E-07 0.0137
    6.7583E+00   1.95314E-05 0.0026
    6.9538E+00   5.54921E-07 0.0148
    7.1550E+00   1.78302E-05 0.0027
    7.3619E+00   6.69492E-07 0.0136
    7.5749E+00   6.70217E-07 0.0136
    7.7941E+00   1.77744E-05 0.0027
    8.0195E+00   7.74420E-07 0.0129
    8.2515E+00   1.68930E-05 0.0029
    8.4902E+00   8.66100E-07 0.0125
    8.7359E+00   1.57632E-05 0.0030
    8.9886E+00   9.60546E-07 0.0121
    9.2486E+00   1.45198E-05 0.0032
    9.5162E+00   1.05391E-06 0.0118
    9.7915E+00   1.11691E-06 0.0115
    1.0075E+01   1.34058E-05 0.0033
    1.0366E+01   1.21155E-06 0.0111
    1.0666E+01   1.22089E-05 0.0035
    1.0975E+01   1.29792E-06 0.0109
    1.1292E+01   1.11103E-05 0.0038
    1.1619E+01   1.41915E-06 0.0104
    1.1955E+01   1.44691E-06 0.0103
    1.2301E+01   1.00715E-05 0.0040
    1.2657E+01   1.53606E-06 0.0099
    1.3023E+01   9.30535E-06 0.0042
    1.3400E+01   1.45539E-06 0.0097
    1.3787E+01   1.48314E-06 0.0096
    1.4186E+01   8.45052E-06 0.0043
    1.4596E+01   1.30105E-06 0.0095
    1.5019E+01   7.96067E-06 0.0043
    1.5453E+01   1.19603E-06 0.0091
    1.5900E+01   7.29235E-06 0.0044
    1.6360E+01   1.09692E-06 0.0088
    1.6834E+01   1.15627E-06 0.0086
    1.7321E+01   6.51260E-06 0.0045
    1.7822E+01   1.04647E-06 0.0084
    1.8337E+01   6.00818E-06 0.0045
    1.8868E+01   9.81587E-07 0.0081
    1.9413E+01   9.91210E-07 0.0080
    1.9975E+01   5.43467E-06 0.0045
    2.0553E+01   8.78987E-07 0.0079
    2.1148E+01   5.01892E-06 0.0044
    2.1759E+01   8.16386E-07 0.0076
    2.2389E+01   8.16599E-07 0.0076
    2.3037E+01   4.49636E-06 0.0044
    2.3703E+01   7.07353E-07 0.0076
    2.4389E+01   4.07647E-06 0.0044
    2.5094E+01   6.67342E-07 0.0072
    2.5820E+01   6.62355E-07 0.0073
    2.6567E+01   3.65938E-06 0.0043
    2.7336E+01   5.72326E-07 0.0072
    2.8127E+01   3.33472E-06 0.0042
    2.8940E+01   5.37100E-07 0.0069
    2.9777E+01   2.97535E-06 0.0042
    3.0639E+01   5.60158E-07 0.0063
    3.1525E+01   4.53821E-07 0.0070
    3.2437E+01   2.74056E-06 0.0041
    3.3376E+01   4.30857E-07 0.0066
    3.4341E+01   2.41420E-06 0.0040
    3.5335E+01   4.68349E-07 0.0059
    3.6357E+01   3.59272E-07 0.0067
    3.7409E+01   2.23373E-06 0.0039
    3.8491E+01   3.45384E-07 0.0063
    3.9604E+01   1.96437E-06 0.0038
    4.0750E+01   3.82347E-07 0.0056
    4.1929E+01   2.85017E-07 0.0064
    4.3142E+01   1.80958E-06 0.0038
    4.4390E+01   2.68592E-07 0.0062
    4.5674E+01   1.58142E-06 0.0037
    4.6996E+01   3.01361E-07 0.0054
    4.8355E+01   2.27228E-07 0.0062
    4.9754E+01   1.45688E-06 0.0036
    5.1193E+01   2.09436E-07 0.0060
    5.2674E+01   1.27574E-06 0.0036
    5.4198E+01   2.35403E-07 0.0052
    5.5766E+01   1.83539E-07 0.0059
    5.7379E+01   1.16127E-06 0.0035
    5.9039E+01   1.62286E-07 0.0058
    6.0747E+01   1.02443E-06 0.0035
    6.2505E+01   1.76111E-07 0.0052
    6.4313E+01   8.76290E-07 0.0034
    6.6174E+01   1.91987E-07 0.0046
    6.8088E+01   1.25622E-07 0.0057
    7.0058E+01   8.17471E-07 0.0034
    7.2084E+01   1.27864E-07 0.0052
    7.4170E+01   6.98408E-07 0.0033
    7.6315E+01   1.41680E-07 0.0046
    7.8523E+01   9.88908E-08 0.0055
    8.0795E+01   6.41379E-07 0.0033
    8.3132E+01   9.09625E-08 0.0053
    8.5537E+01   5.56506E-07 0.0033
    8.8012E+01   9.92236E-08 0.0047
    9.0558E+01   4.73590E-07 0.0032
    9.3178E+01   1.06378E-07 0.0043
    9.5873E+01   6.97209E-08 0.0052
    9.8647E+01   4.39751E-07 0.0032
    1.0150E+02   6.44910E-08 0.0050
    1.0444E+02   3.80306E-07 0.0032
    1.0746E+02   6.67628E-08 0.0046
    1.1057E+02   3.23387E-07 0.0032
    1.1377E+02   6.88920E-08 0.0042
    1.1706E+02   4.76537E-08 0.0050
    1.2044E+02   2.94324E-07 0.0031
    1.2393E+02   4.21729E-08 0.0050
    1.2751E+02   2.54531E-07 0.0031
    1.3120E+02   4.29771E-08 0.0046
    1.3500E+02   2.14898E-07 0.0031
    1.3890E+02   4.47147E-08 0.0042
    1.4292E+02   3.10218E-08 0.0050
    1.4706E+02   1.93731E-07 0.0031
    1.5131E+02   2.78538E-08 0.0049
    1.5569E+02   1.65560E-07 0.0031
    1.6019E+02   2.92110E-08 0.0044
    1.6483E+02   1.38963E-07 0.0031
    1.6959E+02   2.99693E-08 0.0041
    1.7450E+02   1.98367E-08 0.0049
    1.7955E+02   1.25461E-07 0.0031
    1.8474E+02   1.92219E-08 0.0047
    1.9009E+02   1.05510E-07 0.0031
    1.9559E+02   2.04804E-08 0.0042
    2.0124E+02   1.50633E-08 0.0049
    2.0707E+02   9.31451E-08 0.0030
    2.1306E+02   1.32624E-08 0.0048
    2.1922E+02   7.91673E-08 0.0030
    2.2556E+02   1.38906E-08 0.0044
    2.3209E+02   1.20007E-08 0.0047
    2.3880E+02   6.82979E-08 0.0030
    2.4571E+02   9.49298E-09 0.0048
    2.5282E+02   5.92764E-08 0.0030
    2.6013E+02   9.42250E-09 0.0045
    2.6766E+02   4.98689E-08 0.0030
    2.7540E+02   9.90108E-09 0.0041
    2.8337E+02   7.49648E-09 0.0047
    2.9157E+02   4.41281E-08 0.0030
    3.0000E+02   6.41894E-09 0.0047
      total      9.81631E-03 0.0009
 
 cell  423                                                                                                                             
    s(e) (MeV/cm)
    1.0000E+00   0.00000E+00 0.0000
    1.0289E+00   0.00000E+00 0.0000
    1.0587E+00   0.00000E+00 0.0000
    1.0893E+00   0.00000E+00 0.0000
    1.1208E+00   0.00000E+00 0.0000
    1.1533E+00   0.00000E+00 0.0000
    1.1866E+00   0.00000E+00 0.0000
    1.2210E+00   0.00000E+00 0.0000
    1.2563E+00   0.00000E+00 0.0000
    1.2926E+00   0.00000E+00 0.0000
    1.3300E+00   0.00000E+00 0.0000
    1.3685E+00   0.00000E+00 0.0000
    1.4081E+00   0.00000E+00 0.0000
    1.4488E+00   0.00000E+00 0.0000
    1.4907E+00   0.00000E+00 0.0000
    1.5339E+00   0.00000E+00 0.0000
    1.5782E+00   0.00000E+00 0.0000
    1.6239E+00   0.00000E+00 0.0000
    1.6709E+00   0.00000E+00 0.0000
    1.7192E+00   0.00000E+00 0.0000
    1.7689E+00   0.00000E+00 0.0000
    1.8201E+00   0.00000E+00 0.0000
    1.8728E+00   0.00000E+00 0.0000
    1.9269E+00   0.00000E+00 0.0000
    1.9827E+00   0.00000E+00 0.0000
    2.0400E+00   0.00000E+00 0.0000
    2.0991E+00   0.00000E+00 0.0000
    2.1598E+00   0.00000E+00 0.0000
    2.2223E+00   0.00000E+00 0.0000
    2.2866E+00   0.00000E+00 0.0000
    2.3527E+00   0.00000E+00 0.0000
    2.4208E+00   0.00000E+00 0.0000
    2.4908E+00   0.00000E+00 0.0000
    2.5629E+00   0.00000E+00 0.0000
    2.6370E+00   0.00000E+00 0.0000
    2.7133E+00   0.00000E+00 0.0000
    2.7918E+00   0.00000E+00 0.0000
    2.8725E+00   0.00000E+00 0.0000
    2.9557E+00   0.00000E+00 0.0000
    3.0412E+00   0.00000E+00 0.0000
    3.1291E+00   0.00000E+00 0.0000
    3.2197E+00   0.00000E+00 0.0000
    3.3128E+00   0.00000E+00 0.0000
    3.4086E+00   0.00000E+00 0.0000
    3.5072E+00   0.00000E+00 0.0000
    3.6087E+00   0.00000E+00 0.0000
    3.7131E+00   0.00000E+00 0.0000
    3.8205E+00   0.00000E+00 0.0000
    3.9311E+00   0.00000E+00 0.0000
    4.0448E+00   0.00000E+00 0.0000
    4.1618E+00   0.00000E+00 0.0000
    4.2822E+00   0.00000E+00 0.0000
    4.4061E+00   0.00000E+00 0.0000
    4.5335E+00   0.00000E+00 0.0000
    4.6647E+00   0.00000E+00 0.0000
    4.7996E+00   0.00000E+00 0.0000
    4.9385E+00   0.00000E+00 0.0000
    5.0814E+00   0.00000E+00 0.0000
    5.2284E+00   0.00000E+00 0.0000
    5.3796E+00   0.00000E+00 0.0000
    5.5352E+00   0.00000E+00 0.0000
    5.6954E+00   0.00000E+00 0.0000
    5.8601E+00   0.00000E+00 0.0000
    6.0297E+00   0.00000E+00 0.0000
    6.2041E+00   0.00000E+00 0.0000
    6.3836E+00   9.50602E-03 0.0009
    6.5683E+00   1.03825E-06 0.0110
    6.7583E+00   2.09038E-05 0.0025
    6.9538E+00   5.82185E-07 0.0144
    7.1550E+00   1.85089E-05 0.0027
    7.3619E+00   6.91978E-07 0.0134
    7.5749E+00   6.99007E-07 0.0133
    7.7941E+00   1.85126E-05 0.0027
    8.0195E+00   8.17108E-07 0.0126
    8.2515E+00   1.75872E-05 0.0028
    8.4902E+00   8.98240E-07 0.0122
    8.7359E+00   1.63816E-05 0.0029
    8.9886E+00   1.02166E-06 0.0117
    9.2486E+00   1.50840E-05 0.0031
    9.5162E+00   1.10524E-06 0.0115
    9.7915E+00   1.17113E-06 0.0112
    1.0075E+01   1.38753E-05 0.0033
    1.0366E+01   1.27260E-06 0.0108
    1.0666E+01   1.27216E-05 0.0035
    1.0975E+01   1.36533E-06 0.0105
    1.1292E+01   1.14939E-05 0.0037
    1.1619E+01   1.42893E-06 0.0103
    1.1955E+01   1.50193E-06 0.0101
    1.2301E+01   1.03841E-05 0.0039
    1.2657E+01   1.57880E-06 0.0097
    1.3023E+01   9.54601E-06 0.0041
    1.3400E+01   1.48600E-06 0.0096
    1.3787E+01   1.56053E-06 0.0093
    1.4186E+01   8.69614E-06 0.0042
    1.4596E+01   1.36754E-06 0.0093
    1.5019E+01   8.10624E-06 0.0043
    1.5453E+01   1.23967E-06 0.0089
    1.5900E+01   7.53890E-06 0.0043
    1.6360E+01   1.13799E-06 0.0086
    1.6834E+01   1.19799E-06 0.0084
    1.7321E+01   6.70694E-06 0.0044
    1.7822E+01   1.08436E-06 0.0083
    1.8337E+01   6.14278E-06 0.0045
    1.8868E+01   9.81185E-07 0.0081
    1.9413E+01   1.01427E-06 0.0079
    1.9975E+01   5.56092E-06 0.0044
    2.0553E+01   9.19842E-07 0.0077
    2.1148E+01   5.08287E-06 0.0044
    2.1759E+01   8.37740E-07 0.0075
    2.2389E+01   8.30499E-07 0.0075
    2.3037E+01   4.60812E-06 0.0043
    2.3703E+01   7.24834E-07 0.0075
    2.4389E+01   4.18700E-06 0.0043
    2.5094E+01   6.86400E-07 0.0071
    2.5820E+01   6.79986E-07 0.0072
    2.6567E+01   3.73961E-06 0.0042
    2.7336E+01   5.83494E-07 0.0072
    2.8127E+01   3.41128E-06 0.0042
    2.8940E+01   5.44147E-07 0.0069
    2.9777E+01   3.03970E-06 0.0041
    3.0639E+01   5.74502E-07 0.0062
    3.1525E+01   4.61297E-07 0.0069
    3.2437E+01   2.78711E-06 0.0040
    3.3376E+01   4.34051E-07 0.0066
    3.4341E+01   2.45201E-06 0.0040
    3.5335E+01   4.73313E-07 0.0059
    3.6357E+01   3.66256E-07 0.0066
    3.7409E+01   2.27224E-06 0.0039
    3.8491E+01   3.51989E-07 0.0063
    3.9604E+01   1.98922E-06 0.0038
    4.0750E+01   3.88568E-07 0.0055
    4.1929E+01   2.89860E-07 0.0064
    4.3142E+01   1.84486E-06 0.0037
    4.4390E+01   2.73147E-07 0.0061
    4.5674E+01   1.60919E-06 0.0037
    4.6996E+01   3.04903E-07 0.0054
    4.8355E+01   2.29998E-07 0.0062
    4.9754E+01   1.47405E-06 0.0036
    5.1193E+01   2.10703E-07 0.0059
    5.2674E+01   1.28844E-06 0.0036
    5.4198E+01   2.36374E-07 0.0052
    5.5766E+01   1.84349E-07 0.0059
    5.7379E+01   1.17178E-06 0.0035
    5.9039E+01   1.61890E-07 0.0058
    6.0747E+01   1.03026E-06 0.0035
    6.2505E+01   1.78725E-07 0.0051
    6.4313E+01   8.80144E-07 0.0034
    6.6174E+01   1.94812E-07 0.0046
    6.8088E+01   1.25068E-07 0.0057
    7.0058E+01   8.21048E-07 0.0034
    7.2084E+01   1.29224E-07 0.0052
    7.4170E+01   7.01433E-07 0.0033
    7.6315E+01   1.43471E-07 0.0046
    7.8523E+01   9.89189E-08 0.0055
    8.0795E+01   6.44412E-07 0.0033
    8.3132E+01   9.16979E-08 0.0053
    8.5537E+01   5.57982E-07 0.0033
    8.8012E+01   1.00156E-07 0.0047
    9.0558E+01   4.75891E-07 0.0032
    9.3178E+01   1.06193E-07 0.0043
    9.5873E+01   7.03763E-08 0.0052
    9.8647E+01   4.42162E-07 0.0032
    1.0150E+02   6.48764E-08 0.0050
    1.0444E+02   3.82741E-07 0.0032
    1.0746E+02   6.68033E-08 0.0046
    1.1057E+02   3.25188E-07 0.0032
    1.1377E+02   6.92983E-08 0.0042
    1.1706E+02   4.79890E-08 0.0050
    1.2044E+02   2.96282E-07 0.0031
    1.2393E+02   4.28639E-08 0.0049
    1.2751E+02   2.55850E-07 0.0031
    1.3120E+02   4.38445E-08 0.0045
    1.3500E+02   2.16368E-07 0.0031
    1.3890E+02   4.52030E-08 0.0042
    1.4292E+02   3.12910E-08 0.0049
    1.4706E+02   1.95364E-07 0.0031
    1.5131E+02   2.83764E-08 0.0048
    1.5569E+02   1.67096E-07 0.0031
    1.6019E+02   2.94140E-08 0.0044
    1.6483E+02   1.40328E-07 0.0031
    1.6959E+02   3.01183E-08 0.0041
    1.7450E+02   2.00482E-08 0.0049
    1.7955E+02   1.26616E-07 0.0030
    1.8474E+02   1.94241E-08 0.0046
    1.9009E+02   1.06350E-07 0.0030
    1.9559E+02   2.06963E-08 0.0042
    2.0124E+02   1.52198E-08 0.0048
    2.0707E+02   9.39872E-08 0.0030
    2.1306E+02   1.32719E-08 0.0048
    2.1922E+02   8.00496E-08 0.0030
    2.2556E+02   1.39282E-08 0.0044
    2.3209E+02   1.20478E-08 0.0047
    2.3880E+02   6.89004E-08 0.0030
    2.4571E+02   9.58394E-09 0.0048
    2.5282E+02   5.97101E-08 0.0030
    2.6013E+02   9.54048E-09 0.0045
    2.6766E+02   5.02475E-08 0.0030
    2.7540E+02   9.98965E-09 0.0041
    2.8337E+02   7.63141E-09 0.0046
    2.9157E+02   4.44537E-08 0.0030
    3.0000E+02   6.48420E-09 0.0047
      total      9.80178E-03 0.0009
 
 cell  424                                                                                                                             
    s(e) (MeV/cm)
    1.0000E+00   0.00000E+00 0.0000
    1.0289E+00   0.00000E+00 0.0000
    1.0587E+00   0.00000E+00 0.0000
    1.0893E+00   0.00000E+00 0.0000
    1.1208E+00   0.00000E+00 0.0000
    1.1533E+00   0.00000E+00 0.0000
    1.1866E+00   0.00000E+00 0.0000
    1.2210E+00   0.00000E+00 0.0000
    1.2563E+00   0.00000E+00 0.0000
    1.2926E+00   0.00000E+00 0.0000
    1.3300E+00   0.00000E+00 0.0000
    1.3685E+00   0.00000E+00 0.0000
    1.4081E+00   0.00000E+00 0.0000
    1.4488E+00   0.00000E+00 0.0000
    1.4907E+00   0.00000E+00 0.0000
    1.5339E+00   0.00000E+00 0.0000
    1.5782E+00   0.00000E+00 0.0000
    1.6239E+00   0.00000E+00 0.0000
    1.6709E+00   0.00000E+00 0.0000
    1.7192E+00   0.00000E+00 0.0000
    1.7689E+00   0.00000E+00 0.0000
    1.8201E+00   0.00000E+00 0.0000
    1.8728E+00   0.00000E+00 0.0000
    1.9269E+00   0.00000E+00 0.0000
    1.9827E+00   0.00000E+00 0.0000
    2.0400E+00   0.00000E+00 0.0000
    2.0991E+00   0.00000E+00 0.0000
    2.1598E+00   0.00000E+00 0.0000
    2.2223E+00   0.00000E+00 0.0000
    2.2866E+00   0.00000E+00 0.0000
    2.3527E+00   0.00000E+00 0.0000
    2.4208E+00   0.00000E+00 0.0000
    2.4908E+00   0.00000E+00 0.0000
    2.5629E+00   0.00000E+00 0.0000
    2.6370E+00   0.00000E+00 0.0000
    2.7133E+00   0.00000E+00 0.0000
    2.7918E+00   0.00000E+00 0.0000
    2.8725E+00   0.00000E+00 0.0000
    2.9557E+00   0.00000E+00 0.0000
    3.0412E+00   0.00000E+00 0.0000
    3.1291E+00   0.00000E+00 0.0000
    3.2197E+00   0.00000E+00 0.0000
    3.3128E+00   0.00000E+00 0.0000
    3.4086E+00   0.00000E+00 0.0000
    3.5072E+00   0.00000E+00 0.0000
    3.6087E+00   0.00000E+00 0.0000
    3.7131E+00   0.00000E+00 0.0000
    3.8205E+00   0.00000E+00 0.0000
    3.9311E+00   0.00000E+00 0.0000
    4.0448E+00   0.00000E+00 0.0000
    4.1618E+00   0.00000E+00 0.0000
    4.2822E+00   0.00000E+00 0.0000
    4.4061E+00   0.00000E+00 0.0000
    4.5335E+00   0.00000E+00 0.0000
    4.6647E+00   0.00000E+00 0.0000
    4.7996E+00   0.00000E+00 0.0000
    4.9385E+00   0.00000E+00 0.0000
    5.0814E+00   0.00000E+00 0.0000
    5.2284E+00   0.00000E+00 0.0000
    5.3796E+00   0.00000E+00 0.0000
    5.5352E+00   0.00000E+00 0.0000
    5.6954E+00   0.00000E+00 0.0000
    5.8601E+00   0.00000E+00 0.0000
    6.0297E+00   0.00000E+00 0.0000
    6.2041E+00   0.00000E+00 0.0000
    6.3836E+00   9.47878E-03 0.0009
    6.5683E+00   2.70654E-06 0.0086
    6.7583E+00   2.35775E-05 0.0025
    6.9538E+00   6.22200E-07 0.0139
    7.1550E+00   1.92294E-05 0.0026
    7.3619E+00   6.95694E-07 0.0134
    7.5749E+00   7.09510E-07 0.0132
    7.7941E+00   1.92210E-05 0.0026
    8.0195E+00   8.20975E-07 0.0125
    8.2515E+00   1.83303E-05 0.0027
    8.4902E+00   9.23632E-07 0.0121
    8.7359E+00   1.70112E-05 0.0029
    8.9886E+00   1.05957E-06 0.0115
    9.2486E+00   1.56588E-05 0.0030
    9.5162E+00   1.14778E-06 0.0112
    9.7915E+00   1.16901E-06 0.0112
    1.0075E+01   1.44301E-05 0.0032
    1.0366E+01   1.28813E-06 0.0108
    1.0666E+01   1.31688E-05 0.0034
    1.0975E+01   1.42031E-06 0.0103
    1.1292E+01   1.18661E-05 0.0036
    1.1619E+01   1.49515E-06 0.0101
    1.1955E+01   1.58522E-06 0.0098
    1.2301E+01   1.06850E-05 0.0039
    1.2657E+01   1.59636E-06 0.0096
    1.3023E+01   9.84000E-06 0.0040
    1.3400E+01   1.51189E-06 0.0095
    1.3787E+01   1.62367E-06 0.0092
    1.4186E+01   8.97534E-06 0.0041
    1.4596E+01   1.41400E-06 0.0091
    1.5019E+01   8.33214E-06 0.0042
    1.5453E+01   1.27198E-06 0.0088
    1.5900E+01   7.67400E-06 0.0043
    1.6360E+01   1.17738E-06 0.0085
    1.6834E+01   1.21035E-06 0.0084
    1.7321E+01   6.94293E-06 0.0043
    1.7822E+01   1.09908E-06 0.0082
    1.8337E+01   6.24558E-06 0.0044
    1.8868E+01   1.01794E-06 0.0079
    1.9413E+01   1.04341E-06 0.0078
    1.9975E+01   5.63235E-06 0.0044
    2.0553E+01   9.12058E-07 0.0078
    2.1148E+01   5.20918E-06 0.0043
    2.1759E+01   8.53046E-07 0.0075
    2.2389E+01   8.55270E-07 0.0074
    2.3037E+01   4.69371E-06 0.0043
    2.3703E+01   7.47540E-07 0.0074
    2.4389E+01   4.26129E-06 0.0043
    2.5094E+01   6.82576E-07 0.0072
    2.5820E+01   6.99221E-07 0.0071
    2.6567E+01   3.80837E-06 0.0042
    2.7336E+01   5.93815E-07 0.0071
    2.8127E+01   3.47422E-06 0.0041
    2.8940E+01   5.54509E-07 0.0068
    2.9777E+01   3.06368E-06 0.0041
    3.0639E+01   5.83012E-07 0.0062
    3.1525E+01   4.70007E-07 0.0068
    3.2437E+01   2.83320E-06 0.0040
    3.3376E+01   4.50525E-07 0.0065
    3.4341E+01   2.50057E-06 0.0039
    3.5335E+01   4.85497E-07 0.0058
    3.6357E+01   3.70805E-07 0.0066
    3.7409E+01   2.30715E-06 0.0039
    3.8491E+01   3.54427E-07 0.0063
    3.9604E+01   2.02234E-06 0.0038
    4.0750E+01   3.90873E-07 0.0055
    4.1929E+01   2.95109E-07 0.0063
    4.3142E+01   1.86281E-06 0.0037
    4.4390E+01   2.78470E-07 0.0060
    4.5674E+01   1.63358E-06 0.0037
    4.6996E+01   3.06809E-07 0.0054
    4.8355E+01   2.35451E-07 0.0061
    4.9754E+01   1.49571E-06 0.0036
    5.1193E+01   2.15089E-07 0.0059
    5.2674E+01   1.30745E-06 0.0035
    5.4198E+01   2.38064E-07 0.0052
    5.5766E+01   1.89362E-07 0.0058
    5.7379E+01   1.18672E-06 0.0035
    5.9039E+01   1.65511E-07 0.0058
    6.0747E+01   1.04457E-06 0.0034
    6.2505E+01   1.78341E-07 0.0052
    6.4313E+01   8.94351E-07 0.0034
    6.6174E+01   1.96075E-07 0.0046
    6.8088E+01   1.27168E-07 0.0056
    7.0058E+01   8.33970E-07 0.0033
    7.2084E+01   1.30797E-07 0.0052
    7.4170E+01   7.12980E-07 0.0033
    7.6315E+01   1.45123E-07 0.0046
    7.8523E+01   1.00343E-07 0.0054
    8.0795E+01   6.53668E-07 0.0033
    8.3132E+01   9.30974E-08 0.0052
    8.5537E+01   5.66186E-07 0.0032
    8.8012E+01   1.02054E-07 0.0047
    9.0558E+01   4.81406E-07 0.0032
    9.3178E+01   1.08461E-07 0.0042
    9.5873E+01   7.11185E-08 0.0052
    9.8647E+01   4.48361E-07 0.0032
    1.0150E+02   6.61509E-08 0.0050
    1.0444E+02   3.88012E-07 0.0032
    1.0746E+02   6.79064E-08 0.0046
    1.1057E+02   3.29617E-07 0.0031
    1.1377E+02   7.01219E-08 0.0042
    1.1706E+02   4.84952E-08 0.0050
    1.2044E+02   3.00165E-07 0.0031
    1.2393E+02   4.31621E-08 0.0049
    1.2751E+02   2.59521E-07 0.0031
    1.3120E+02   4.40054E-08 0.0045
    1.3500E+02   2.18952E-07 0.0031
    1.3890E+02   4.57120E-08 0.0041
    1.4292E+02   3.15864E-08 0.0049
    1.4706E+02   1.97615E-07 0.0031
    1.5131E+02   2.86311E-08 0.0048
    1.5569E+02   1.68978E-07 0.0031
    1.6019E+02   2.97303E-08 0.0044
    1.6483E+02   1.41627E-07 0.0030
    1.6959E+02   3.05181E-08 0.0040
    1.7450E+02   2.01828E-08 0.0049
    1.7955E+02   1.27784E-07 0.0030
    1.8474E+02   1.96789E-08 0.0046
    1.9009E+02   1.07314E-07 0.0030
    1.9559E+02   2.08885E-08 0.0042
    2.0124E+02   1.53959E-08 0.0048
    2.0707E+02   9.50102E-08 0.0030
    2.1306E+02   1.34510E-08 0.0048
    2.1922E+02   8.08510E-08 0.0030
    2.2556E+02   1.40424E-08 0.0043
    2.3209E+02   1.22496E-08 0.0046
    2.3880E+02   6.95797E-08 0.0030
    2.4571E+02   9.71390E-09 0.0048
    2.5282E+02   6.04465E-08 0.0030
    2.6013E+02   9.56874E-09 0.0045
    2.6766E+02   5.08811E-08 0.0030
    2.7540E+02   1.00454E-08 0.0041
    2.8337E+02   7.71783E-09 0.0046
    2.9157E+02   4.49200E-08 0.0030
    3.0000E+02   6.59658E-09 0.0046
      total      9.78699E-03 0.0009
 
 cell union total                                                                                                                      
    s(e) (MeV/cm)
    1.0000E+00   0.00000E+00 0.0000
    1.0289E+00   0.00000E+00 0.0000
    1.0587E+00   0.00000E+00 0.0000
    1.0893E+00   0.00000E+00 0.0000
    1.1208E+00   0.00000E+00 0.0000
    1.1533E+00   0.00000E+00 0.0000
    1.1866E+00   0.00000E+00 0.0000
    1.2210E+00   0.00000E+00 0.0000
    1.2563E+00   0.00000E+00 0.0000
    1.2926E+00   0.00000E+00 0.0000
    1.3300E+00   0.00000E+00 0.0000
    1.3685E+00   0.00000E+00 0.0000
    1.4081E+00   0.00000E+00 0.0000
    1.4488E+00   0.00000E+00 0.0000
    1.4907E+00   0.00000E+00 0.0000
    1.5339E+00   0.00000E+00 0.0000
    1.5782E+00   0.00000E+00 0.0000
    1.6239E+00   0.00000E+00 0.0000
    1.6709E+00   0.00000E+00 0.0000
    1.7192E+00   0.00000E+00 0.0000
    1.7689E+00   0.00000E+00 0.0000
    1.8201E+00   0.00000E+00 0.0000
    1.8728E+00   0.00000E+00 0.0000
    1.9269E+00   0.00000E+00 0.0000
    1.9827E+00   0.00000E+00 0.0000
    2.0400E+00   0.00000E+00 0.0000
    2.0991E+00   0.00000E+00 0.0000
    2.1598E+00   0.00000E+00 0.0000
    2.2223E+00   0.00000E+00 0.0000
    2.2866E+00   0.00000E+00 0.0000
    2.3527E+00   0.00000E+00 0.0000
    2.4208E+00   0.00000E+00 0.0000
    2.4908E+00   0.00000E+00 0.0000
    2.5629E+00   0.00000E+00 0.0000
    2.6370E+00   0.00000E+00 0.0000
    2.7133E+00   0.00000E+00 0.0000
    2.7918E+00   0.00000E+00 0.0000
    2.8725E+00   0.00000E+00 0.0000
    2.9557E+00   0.00000E+00 0.0000
    3.0412E+00   0.00000E+00 0.0000
    3.1291E+00   0.00000E+00 0.0000
    3.2197E+00   0.00000E+00 0.0000
    3.3128E+00   0.00000E+00 0.0000
    3.4086E+00   0.00000E+00 0.0000
    3.5072E+00   0.00000E+00 0.0000
    3.6087E+00   0.00000E+00 0.0000
    3.7131E+00   0.00000E+00 0.0000
    3.8205E+00   0.00000E+00 0.0000
    3.9311E+00   0.00000E+00 0.0000
    4.0448E+00   0.00000E+00 0.0000
    4.1618E+00   0.00000E+00 0.0000
    4.2822E+00   0.00000E+00 0.0000
    4.4061E+00   0.00000E+00 0.0000
    4.5335E+00   0.00000E+00 0.0000
    4.6647E+00   0.00000E+00 0.0000
    4.7996E+00   0.00000E+00 0.0000
    4.9385E+00   0.00000E+00 0.0000
    5.0814E+00   0.00000E+00 0.0000
    5.2284E+00   0.00000E+00 0.0000
    5.3796E+00   0.00000E+00 0.0000
    5.5352E+00   0.00000E+00 0.0000
    5.6954E+00   0.00000E+00 0.0000
    5.8601E+00   0.00000E+00 0.0000
    6.0297E+00   0.00000E+00 0.0000
    6.2041E+00   0.00000E+00 0.0000
    6.3836E+00   9.52952E-03 0.0009
    6.5683E+00   1.07643E-06 0.0058
    6.7583E+00   2.00053E-05 0.0024
    6.9538E+00   5.61306E-07 0.0066
    7.1550E+00   1.78245E-05 0.0025
    7.3619E+00   6.56256E-07 0.0062
    7.5749E+00   6.66960E-07 0.0061
    7.7941E+00   1.77700E-05 0.0025
    8.0195E+00   7.72113E-07 0.0058
    8.2515E+00   1.68985E-05 0.0025
    8.4902E+00   8.64180E-07 0.0056
    8.7359E+00   1.57300E-05 0.0026
    8.9886E+00   9.67751E-07 0.0054
    9.2486E+00   1.45357E-05 0.0027
    9.5162E+00   1.06491E-06 0.0053
    9.7915E+00   1.10444E-06 0.0052
    1.0075E+01   1.33880E-05 0.0027
    1.0366E+01   1.21492E-06 0.0050
    1.0666E+01   1.22269E-05 0.0027
    1.0975E+01   1.32069E-06 0.0049
    1.1292E+01   1.10793E-05 0.0027
    1.1619E+01   1.39825E-06 0.0047
    1.1955E+01   1.46591E-06 0.0046
    1.2301E+01   1.00706E-05 0.0027
    1.2657E+01   1.52121E-06 0.0045
    1.3023E+01   9.27468E-06 0.0027
    1.3400E+01   1.43793E-06 0.0044
    1.3787E+01   1.50481E-06 0.0043
    1.4186E+01   8.46191E-06 0.0026
    1.4596E+01   1.32888E-06 0.0043
    1.5019E+01   7.90966E-06 0.0026
    1.5453E+01   1.19661E-06 0.0041
    1.5900E+01   7.27355E-06 0.0025
    1.6360E+01   1.10692E-06 0.0040
    1.6834E+01   1.14887E-06 0.0039
    1.7321E+01   6.55873E-06 0.0024
    1.7822E+01   1.05336E-06 0.0038
    1.8337E+01   6.01025E-06 0.0024
    1.8868E+01   9.73394E-07 0.0037
    1.9413E+01   9.94565E-07 0.0037
    1.9975E+01   5.42409E-06 0.0023
    2.0553E+01   8.82313E-07 0.0036
    2.1148E+01   4.98365E-06 0.0023
    2.1759E+01   8.13972E-07 0.0035
    2.2389E+01   8.14472E-07 0.0035
    2.3037E+01   4.49278E-06 0.0022
    2.3703E+01   7.09712E-07 0.0035
    2.4389E+01   4.08831E-06 0.0022
    2.5094E+01   6.63833E-07 0.0033
    2.5820E+01   6.66691E-07 0.0033
    2.6567E+01   3.66144E-06 0.0021
    2.7336E+01   5.71544E-07 0.0033
    2.8127E+01   3.33862E-06 0.0021
    2.8940E+01   5.34167E-07 0.0032
    2.9777E+01   2.96696E-06 0.0020
    3.0639E+01   5.62016E-07 0.0029
    3.1525E+01   4.51573E-07 0.0032
    3.2437E+01   2.73061E-06 0.0020
    3.3376E+01   4.29710E-07 0.0031
    3.4341E+01   2.40560E-06 0.0020
    3.5335E+01   4.66007E-07 0.0027
    3.6357E+01   3.57543E-07 0.0031
    3.7409E+01   2.22225E-06 0.0019
    3.8491E+01   3.43942E-07 0.0029
    3.9604E+01   1.94746E-06 0.0019
    4.0750E+01   3.79074E-07 0.0026
    4.1929E+01   2.83695E-07 0.0030
    4.3142E+01   1.80006E-06 0.0019
    4.4390E+01   2.67517E-07 0.0029
    4.5674E+01   1.57252E-06 0.0018
    4.6996E+01   2.99076E-07 0.0025
    4.8355E+01   2.25922E-07 0.0029
    4.9754E+01   1.44488E-06 0.0018
    5.1193E+01   2.07753E-07 0.0028
    5.2674E+01   1.26401E-06 0.0018
    5.4198E+01   2.31412E-07 0.0025
    5.5766E+01   1.82288E-07 0.0028
    5.7379E+01   1.14879E-06 0.0018
    5.9039E+01   1.59806E-07 0.0027
    6.0747E+01   1.01162E-06 0.0018
    6.2505E+01   1.73883E-07 0.0025
    6.4313E+01   8.64739E-07 0.0017
    6.6174E+01   1.90385E-07 0.0022
    6.8088E+01   1.23072E-07 0.0027
    7.0058E+01   8.06137E-07 0.0017
    7.2084E+01   1.26405E-07 0.0025
    7.4170E+01   6.88866E-07 0.0017
    7.6315E+01   1.40180E-07 0.0022
    7.8523E+01   9.74258E-08 0.0026
    8.0795E+01   6.32300E-07 0.0017
    8.3132E+01   9.00886E-08 0.0025
    8.5537E+01   5.48107E-07 0.0017
    8.8012E+01   9.83312E-08 0.0023
    9.0558E+01   4.66893E-07 0.0017
    9.3178E+01   1.04600E-07 0.0021
    9.5873E+01   6.89982E-08 0.0025
    9.8647E+01   4.34071E-07 0.0017
    1.0150E+02   6.37926E-08 0.0024
    1.0444E+02   3.75574E-07 0.0016
    1.0746E+02   6.56876E-08 0.0022
    1.1057E+02   3.19355E-07 0.0016
    1.1377E+02   6.78478E-08 0.0021
    1.1706E+02   4.70342E-08 0.0024
    1.2044E+02   2.90786E-07 0.0016
    1.2393E+02   4.17602E-08 0.0024
    1.2751E+02   2.51355E-07 0.0016
    1.3120E+02   4.26479E-08 0.0022
    1.3500E+02   2.12236E-07 0.0016
    1.3890E+02   4.43256E-08 0.0021
    1.4292E+02   3.05904E-08 0.0024
    1.4706E+02   1.91587E-07 0.0016
    1.5131E+02   2.76706E-08 0.0023
    1.5569E+02   1.63732E-07 0.0016
    1.6019E+02   2.89082E-08 0.0022
    1.6483E+02   1.37430E-07 0.0016
    1.6959E+02   2.95972E-08 0.0020
    1.7450E+02   1.96150E-08 0.0024
    1.7955E+02   1.24052E-07 0.0016
    1.8474E+02   1.90508E-08 0.0022
    1.9009E+02   1.04225E-07 0.0016
    1.9559E+02   2.02773E-08 0.0021
    2.0124E+02   1.49314E-08 0.0023
    2.0707E+02   9.21075E-08 0.0016
    2.1306E+02   1.30536E-08 0.0023
    2.1922E+02   7.84089E-08 0.0016
    2.2556E+02   1.36920E-08 0.0021
    2.3209E+02   1.18378E-08 0.0023
    2.3880E+02   6.75316E-08 0.0016
    2.4571E+02   9.39418E-09 0.0023
    2.5282E+02   5.86089E-08 0.0016
    2.6013E+02   9.30662E-09 0.0022
    2.6766E+02   4.93004E-08 0.0016
    2.7540E+02   9.78791E-09 0.0020
    2.8337E+02   7.44923E-09 0.0023
    2.9157E+02   4.35905E-08 0.0016
    3.0000E+02   6.37570E-09 0.0023
      total      9.81580E-03 0.0009


 ===================================================================================================================================

           results of 10 statistical checks for the estimated answer for the tally fluctuation chart (tfc) bin of tally     8004

 tfc bin     --mean--      ---------relative error---------      ----variance of the variance----      --figure of merit--     -pdf-
 behavior    behavior      value   decrease   decrease rate      value   decrease   decrease rate       value     behavior     slope

 desired      random       <0.10      yes      1/sqrt(nps)       <0.10      yes        1/nps           constant    random      >3.00
 observed     random        0.00      yes          yes            0.00      yes         yes                                    10.00
 passed?        yes          yes      yes          yes             yes      yes         yes                                      yes

 ===================================================================================================================================


 this tally meets the statistical criteria used to form confidence intervals: check the tally fluctuation chart to verify.
 the results in other bins associated with this tally may not meet these statistical criteria.

 ----- estimated confidence intervals:  -----

 estimated asymmetric confidence interval(1,2,3 sigma): 9.8351E-03 to 9.8521E-03; 9.8266E-03 to 9.8606E-03; 9.8181E-03 to 9.8691E-03
 estimated  symmetric confidence interval(1,2,3 sigma): 9.8351E-03 to 9.8521E-03; 9.8266E-03 to 9.8606E-03; 9.8181E-03 to 9.8691E-03

1analysis of the results in the tally fluctuation chart bin (tfc) for tally 8004 with nps = 4000000          print table 160


 normed average tally per history  = 9.84360E-03          unnormed average tally per history  = 2.46090E-02
 estimated tally relative error    = 0.0009               estimated variance of the variance  = 0.0000
 relative error from zero tallies  = 0.0007               relative error from nonzero scores  = 0.0005

 number of nonzero history tallies =     1330604          efficiency for the nonzero tallies  = 0.3327
 history number of largest  tally  =     2968771          largest  unnormalized history tally = 1.39838E-01
 (largest  tally)/(average tally)  = 5.68238E+00          (largest  tally)/(avg nonzero tally)= 1.89025E+00

 (confidence interval shift)/mean  = 0.0000               shifted confidence interval center  = 9.84360E-03


 if the largest  history score sampled so far were to occur on the next history, the tfc bin quantities would change as follows:

      estimated quantities           value at nps           value at nps+1           value(nps+1)/value(nps)-1.

      mean                            9.84360E-03             9.84361E-03                     0.000001
      relative error                  8.62357E-04             8.62357E-04                     0.000000
      variance of the variance        3.57590E-07             3.57590E-07                     0.000001
      shifted center                  9.84360E-03             9.84360E-03                     0.000000
      figure of merit                 0.00000E+00             0.00000E+00                     0.000000

 the estimated slope of the 196 largest  tallies starting at  1.15656E-01 appears to be decreasing at least exponentially.
 the empirical history score probability density function appears to be increasing at the largest  history scores:
 please examine. see print table 161.
 the large score tail of the empirical history score probability density function appears to have no unsampled regions.

 fom = (histories/minute)*(f(x) signal-to-noise ratio)**2 = (0.000E+00)*( 5.798E-01)**2 = (0.000E+00)*(3.362E-01) = 0.000E+00


# ===================================================
# tally 9104
# ===================================================
1tally     9104        nps =     4000000
           tally type 4    track length estimate of particle flux.      units   1/cm**2        
           particle(s): neutrons  photons   electrons protons   deuterons tritons   helions   alphas   

 number of histories used for normalizing tallies =      4000000.00
           this tally is modified by   ft  let

           volumes 
                   cell:      420          421          422          423          424         total                
                         2.50000E+00  2.50000E+00  2.50000E+00  2.50000E+00  2.50000E+00  1.25000E+01
 
 cell  420                                                                                                                             
    s(e) (MeV/cm)
    1.0000E+00   5.95007E-04 0.0010
    1.0289E+00   0.00000E+00 0.0000
    1.0587E+00   0.00000E+00 0.0000
    1.0893E+00   0.00000E+00 0.0000
    1.1208E+00   0.00000E+00 0.0000
    1.1533E+00   0.00000E+00 0.0000
    1.1866E+00   0.00000E+00 0.0000
    1.2210E+00   0.00000E+00 0.0000
    1.2563E+00   0.00000E+00 0.0000
    1.2926E+00   0.00000E+00 0.0000
    1.3300E+00   0.00000E+00 0.0000
    1.3685E+00   0.00000E+00 0.0000
    1.4081E+00   0.00000E+00 0.0000
    1.4488E+00   0.00000E+00 0.0000
    1.4907E+00   0.00000E+00 0.0000
    1.5339E+00   0.00000E+00 0.0000
    1.5782E+00   0.00000E+00 0.0000
    1.6239E+00   0.00000E+00 0.0000
    1.6709E+00   0.00000E+00 0.0000
    1.7192E+00   0.00000E+00 0.0000
    1.7689E+00   0.00000E+00 0.0000
    1.8201E+00   0.00000E+00 0.0000
    1.8728E+00   0.00000E+00 0.0000
    1.9269E+00   0.00000E+00 0.0000
    1.9827E+00   0.00000E+00 0.0000
    2.0400E+00   0.00000E+00 0.0000
    2.0991E+00   0.00000E+00 0.0000
    2.1598E+00   1.59742E-06 0.0135
    2.2223E+00   6.00338E-07 0.0171
    2.2866E+00   2.72855E-07 0.0227
    2.3527E+00   9.91539E-08 0.0322
    2.4208E+00   1.23034E-07 0.0210
    2.4908E+00   5.47628E-08 0.0202
    2.5629E+00   5.13943E-08 0.0228
    2.6370E+00   4.76363E-08 0.0204
    2.7133E+00   4.37265E-08 0.0202
    2.7918E+00   3.99851E-08 0.0192
    2.8725E+00   3.59038E-08 0.0177
    2.9557E+00   3.30757E-08 0.0170
    3.0412E+00   0.00000E+00 0.0000
    3.1291E+00   3.05600E-08 0.0171
    3.2197E+00   2.81183E-08 0.0165
    3.3128E+00   0.00000E+00 0.0000
    3.4086E+00   2.58836E-08 0.0170
    3.5072E+00   2.39845E-08 0.0183
    3.6087E+00   0.00000E+00 0.0000
    3.7131E+00   2.12724E-08 0.0159
    3.8205E+00   1.93705E-08 0.0157
    3.9311E+00   0.00000E+00 0.0000
    4.0448E+00   1.79408E-08 0.0173
    4.1618E+00   0.00000E+00 0.0000
    4.2822E+00   1.63222E-08 0.0151
    4.4061E+00   0.00000E+00 0.0000
    4.5335E+00   1.51021E-08 0.0148
    4.6647E+00   0.00000E+00 0.0000
    4.7996E+00   1.37179E-08 0.0146
    4.9385E+00   1.25695E-08 0.0144
    5.0814E+00   0.00000E+00 0.0000
    5.2284E+00   1.15029E-08 0.0140
    5.3796E+00   0.00000E+00 0.0000
    5.5352E+00   1.05178E-08 0.0139
    5.6954E+00   0.00000E+00 0.0000
    5.8601E+00   0.00000E+00 0.0000
    6.0297E+00   9.76823E-09 0.0136
    6.2041E+00   0.00000E+00 0.0000
    6.3836E+00   9.57780E-03 0.0009
    6.5683E+00   4.89048E-07 0.0155
    6.7583E+00   1.75225E-05 0.0028
    6.9538E+00   5.15408E-07 0.0153
    7.1550E+00   1.64241E-05 0.0028
    7.3619E+00   5.93768E-07 0.0145
    7.5749E+00   6.21158E-07 0.0141
    7.7941E+00   1.63109E-05 0.0029
    8.0195E+00   7.11672E-07 0.0134
    8.2515E+00   1.54794E-05 0.0030
    8.4902E+00   7.99378E-07 0.0130
    8.7359E+00   1.44014E-05 0.0031
    8.9886E+00   8.80438E-07 0.0127
    9.2486E+00   1.34288E-05 0.0033
    9.5162E+00   9.87723E-07 0.0122
    9.7915E+00   1.00610E-06 0.0121
    1.0075E+01   1.23635E-05 0.0035
    1.0366E+01   1.13579E-06 0.0115
    1.0666E+01   1.12918E-05 0.0037
    1.0975E+01   1.23473E-06 0.0112
    1.1292E+01   1.02553E-05 0.0039
    1.1619E+01   1.29853E-06 0.0109
    1.1955E+01   1.39336E-06 0.0105
    1.2301E+01   9.62135E-06 0.0041
    1.2657E+01   1.44352E-06 0.0102
    1.3023E+01   8.80696E-06 0.0043
    1.3400E+01   1.34885E-06 0.0100
    1.3787E+01   1.43610E-06 0.0097
    1.4186E+01   8.01466E-06 0.0044
    1.4596E+01   1.27767E-06 0.0096
    1.5019E+01   7.48678E-06 0.0045
    1.5453E+01   1.12405E-06 0.0094
    1.5900E+01   6.85254E-06 0.0046
    1.6360E+01   1.05224E-06 0.0090
    1.6834E+01   1.09714E-06 0.0088
    1.7321E+01   6.31505E-06 0.0046
    1.7822E+01   1.00468E-06 0.0086
    1.8337E+01   5.82808E-06 0.0046
    1.8868E+01   9.47961E-07 0.0083
    1.9413E+01   9.64261E-07 0.0082
    1.9975E+01   5.22053E-06 0.0046
    2.0553E+01   8.47889E-07 0.0081
    2.1148E+01   4.79887E-06 0.0046
    2.1759E+01   7.82594E-07 0.0078
    2.2389E+01   7.87060E-07 0.0078
    2.3037E+01   4.37346E-06 0.0045
    2.3703E+01   6.88688E-07 0.0078
    2.4389E+01   3.99493E-06 0.0044
    2.5094E+01   6.52164E-07 0.0074
    2.5820E+01   6.51679E-07 0.0074
    2.6567E+01   3.58698E-06 0.0044
    2.7336E+01   5.55096E-07 0.0075
    2.8127E+01   3.27549E-06 0.0043
    2.8940E+01   5.25482E-07 0.0071
    2.9777E+01   2.92679E-06 0.0042
    3.0639E+01   5.57399E-07 0.0064
    3.1525E+01   4.47660E-07 0.0072
    3.2437E+01   2.71225E-06 0.0042
    3.3376E+01   4.31742E-07 0.0068
    3.4341E+01   2.40518E-06 0.0041
    3.5335E+01   4.63021E-07 0.0060
    3.6357E+01   3.63447E-07 0.0070
    3.7409E+01   2.21679E-06 0.0040
    3.8491E+01   3.45658E-07 0.0065
    3.9604E+01   1.95891E-06 0.0040
    4.0750E+01   3.81415E-07 0.0058
    4.1929E+01   2.92793E-07 0.0068
    4.3142E+01   1.82336E-06 0.0039
    4.4390E+01   2.80427E-07 0.0066
    4.5674E+01   1.61023E-06 0.0038
    4.6996E+01   3.09043E-07 0.0055
    4.8355E+01   2.42291E-07 0.0066
    4.9754E+01   1.49224E-06 0.0037
    5.1193E+01   2.26015E-07 0.0065
    5.2674E+01   1.32105E-06 0.0037
    5.4198E+01   2.43562E-07 0.0054
    5.5766E+01   2.04200E-07 0.0065
    5.7379E+01   1.21515E-06 0.0036
    5.9039E+01   1.82884E-07 0.0066
    6.0747E+01   1.08313E-06 0.0036
    6.2505E+01   1.88233E-07 0.0053
    6.4313E+01   9.45366E-07 0.0036
    6.6174E+01   2.07651E-07 0.0048
    6.8088E+01   1.48252E-07 0.0067
    7.0058E+01   8.81132E-07 0.0035
    7.2084E+01   1.52235E-07 0.0061
    7.4170E+01   7.60771E-07 0.0035
    7.6315E+01   1.58384E-07 0.0048
    7.8523E+01   1.23059E-07 0.0067
    8.0795E+01   7.07840E-07 0.0034
    8.3132E+01   1.16207E-07 0.0064
    8.5537E+01   6.21703E-07 0.0034
    8.8012E+01   1.13533E-07 0.0051
    9.0558E+01   5.48614E-07 0.0034
    9.3178E+01   1.22649E-07 0.0045
    9.5873E+01   9.51412E-08 0.0068
    9.8647E+01   5.06299E-07 0.0034
    1.0150E+02   8.89452E-08 0.0064
    1.0444E+02   4.44356E-07 0.0034
    1.0746E+02   7.94479E-08 0.0050
    1.1057E+02   3.95509E-07 0.0035
    1.1377E+02   8.37150E-08 0.0047
    1.1706E+02   7.07724E-08 0.0070
    1.2044E+02   3.53260E-07 0.0035
    1.2393E+02   6.28779E-08 0.0064
    1.2751E+02   3.08332E-07 0.0035
    1.3120E+02   5.36412E-08 0.0052
    1.3500E+02   2.69250E-07 0.0034
    1.3890E+02   5.99776E-08 0.0072
    1.4292E+02   4.83423E-08 0.0067
    1.4706E+02   2.40378E-07 0.0036
    1.5131E+02   4.46876E-08 0.0066
    1.5569E+02   2.04687E-07 0.0034
    1.6019E+02   4.18342E-08 0.0095
    1.6483E+02   1.79401E-07 0.0033
    1.6959E+02   4.55349E-08 0.0094
    1.7450E+02   3.37837E-08 0.0070
    1.7955E+02   1.58947E-07 0.0035
    1.8474E+02   3.60857E-08 0.0100
    1.9009E+02   1.35159E-07 0.0035
    1.9559E+02   3.24522E-08 0.0099
    2.0124E+02   2.69739E-08 0.0072
    2.0707E+02   1.21534E-07 0.0037
    2.1306E+02   2.82132E-08 0.0113
    2.1922E+02   1.04826E-07 0.0037
    2.2556E+02   2.45260E-08 0.0115
    2.3209E+02   3.88548E-08 0.0057
    2.3880E+02   8.09199E-08 0.0050
    2.4571E+02   1.90411E-08 0.0077
    2.5282E+02   8.15913E-08 0.0040
    2.6013E+02   2.44187E-08 0.0118
    2.6766E+02   6.55670E-08 0.0034
    2.7540E+02   2.75427E-08 0.0122
    2.8337E+02   1.59739E-08 0.0079
    2.9157E+02   6.40055E-08 0.0043
    3.0000E+02   2.25734E-08 0.0126
      total      1.04469E-02 0.0008
 
 cell  421                                                                                                                             
    s(e) (MeV/cm)
    1.0000E+00   6.10456E-04 0.0010
    1.0289E+00   0.00000E+00 0.0000
    1.0587E+00   0.00000E+00 0.0000
    1.0893E+00   0.00000E+00 0.0000
    1.1208E+00   0.00000E+00 0.0000
    1.1533E+00   0.00000E+00 0.0000
    1.1866E+00   0.00000E+00 0.0000
    1.2210E+00   0.00000E+00 0.0000
    1.2563E+00   0.00000E+00 0.0000
    1.2926E+00   0.00000E+00 0.0000
    1.3300E+00   0.00000E+00 0.0000
    1.3685E+00   0.00000E+00 0.0000
    1.4081E+00   0.00000E+00 0.0000
    1.4488E+00   0.00000E+00 0.0000
    1.4907E+00   0.00000E+00 0.0000
    1.5339E+00   0.00000E+00 0.0000
    1.5782E+00   0.00000E+00 0.0000
    1.6239E+00   0.00000E+00 0.0000
    1.6709E+00   0.00000E+00 0.0000
    1.7192E+00   0.00000E+00 0.0000
    1.7689E+00   0.00000E+00 0.0000
    1.8201E+00   0.00000E+00 0.0000
    1.8728E+00   0.00000E+00 0.0000
    1.9269E+00   0.00000E+00 0.0000
    1.9827E+00   0.00000E+00 0.0000
    2.0400E+00   0.00000E+00 0.0000
    2.0991E+00   0.00000E+00 0.0000
    2.1598E+00   1.58321E-06 0.0134
    2.2223E+00   6.27180E-07 0.0172
    2.2866E+00   2.83596E-07 0.0218
    2.3527E+00   1.06702E-07 0.0314
    2.4208E+00   1.24179E-07 0.0195
    2.4908E+00   5.49635E-08 0.0226
    2.5629E+00   4.92692E-08 0.0211
    2.6370E+00   4.63415E-08 0.0200
    2.7133E+00   4.29054E-08 0.0207
    2.7918E+00   4.01037E-08 0.0198
    2.8725E+00   3.54946E-08 0.0176
    2.9557E+00   3.30919E-08 0.0171
    3.0412E+00   0.00000E+00 0.0000
    3.1291E+00   3.02338E-08 0.0172
    3.2197E+00   2.75870E-08 0.0166
    3.3128E+00   0.00000E+00 0.0000
    3.4086E+00   2.55866E-08 0.0170
    3.5072E+00   2.33263E-08 0.0160
    3.6087E+00   2.20868E-10 0.7766
    3.7131E+00   2.14583E-08 0.0157
    3.8205E+00   1.94785E-08 0.0154
    3.9311E+00   0.00000E+00 0.0000
    4.0448E+00   1.81141E-08 0.0154
    4.1618E+00   0.00000E+00 0.0000
    4.2822E+00   1.64961E-08 0.0149
    4.4061E+00   0.00000E+00 0.0000
    4.5335E+00   1.50237E-08 0.0147
    4.6647E+00   0.00000E+00 0.0000
    4.7996E+00   1.37979E-08 0.0144
    4.9385E+00   1.26481E-08 0.0141
    5.0814E+00   0.00000E+00 0.0000
    5.2284E+00   1.16037E-08 0.0140
    5.3796E+00   0.00000E+00 0.0000
    5.5352E+00   1.06295E-08 0.0137
    5.6954E+00   0.00000E+00 0.0000
    5.8601E+00   0.00000E+00 0.0000
    6.0297E+00   9.64454E-09 0.0135
    6.2041E+00   0.00000E+00 0.0000
    6.3836E+00   9.55440E-03 0.0009
    6.5683E+00   5.15200E-07 0.0151
    6.7583E+00   1.85079E-05 0.0027
    6.9538E+00   5.31813E-07 0.0150
    7.1550E+00   1.71448E-05 0.0028
    7.3619E+00   6.30347E-07 0.0141
    7.5749E+00   6.48592E-07 0.0138
    7.7941E+00   1.70312E-05 0.0028
    8.0195E+00   7.48890E-07 0.0131
    8.2515E+00   1.62027E-05 0.0029
    8.4902E+00   8.45078E-07 0.0126
    8.7359E+00   1.50925E-05 0.0031
    8.9886E+00   9.16541E-07 0.0124
    9.2486E+00   1.39977E-05 0.0032
    9.5162E+00   1.02988E-06 0.0119
    9.7915E+00   1.06871E-06 0.0117
    1.0075E+01   1.28654E-05 0.0034
    1.0366E+01   1.17544E-06 0.0113
    1.0666E+01   1.17436E-05 0.0036
    1.0975E+01   1.28517E-06 0.0110
    1.1292E+01   1.07246E-05 0.0039
    1.1619E+01   1.35648E-06 0.0106
    1.1955E+01   1.41827E-06 0.0104
    1.2301E+01   1.00912E-05 0.0040
    1.2657E+01   1.48740E-06 0.0100
    1.3023E+01   9.27470E-06 0.0042
    1.3400E+01   1.40508E-06 0.0099
    1.3787E+01   1.44255E-06 0.0097
    1.4186E+01   8.32128E-06 0.0043
    1.4596E+01   1.29946E-06 0.0095
    1.5019E+01   7.76396E-06 0.0044
    1.5453E+01   1.16760E-06 0.0092
    1.5900E+01   7.11512E-06 0.0045
    1.6360E+01   1.08308E-06 0.0089
    1.6834E+01   1.10115E-06 0.0088
    1.7321E+01   6.42374E-06 0.0045
    1.7822E+01   1.05408E-06 0.0084
    1.8337E+01   5.94695E-06 0.0045
    1.8868E+01   9.62755E-07 0.0082
    1.9413E+01   9.80650E-07 0.0081
    1.9975E+01   5.40545E-06 0.0045
    2.0553E+01   8.80347E-07 0.0080
    2.1148E+01   4.94971E-06 0.0045
    2.1759E+01   8.06891E-07 0.0077
    2.2389E+01   8.04635E-07 0.0077
    2.3037E+01   4.44778E-06 0.0044
    2.3703E+01   7.08487E-07 0.0077
    2.4389E+01   4.07999E-06 0.0044
    2.5094E+01   6.60625E-07 0.0073
    2.5820E+01   6.68779E-07 0.0073
    2.6567E+01   3.68206E-06 0.0043
    2.7336E+01   5.83510E-07 0.0073
    2.8127E+01   3.37597E-06 0.0042
    2.8940E+01   5.42689E-07 0.0070
    2.9777E+01   3.01458E-06 0.0042
    3.0639E+01   5.71107E-07 0.0063
    3.1525E+01   4.61880E-07 0.0071
    3.2437E+01   2.77526E-06 0.0041
    3.3376E+01   4.35211E-07 0.0067
    3.4341E+01   2.46925E-06 0.0040
    3.5335E+01   4.79702E-07 0.0059
    3.6357E+01   3.72742E-07 0.0069
    3.7409E+01   2.29990E-06 0.0039
    3.8491E+01   3.60143E-07 0.0064
    3.9604E+01   2.03189E-06 0.0039
    4.0750E+01   3.96125E-07 0.0057
    4.1929E+01   3.02316E-07 0.0067
    4.3142E+01   1.88733E-06 0.0038
    4.4390E+01   2.86098E-07 0.0064
    4.5674E+01   1.65989E-06 0.0038
    4.6996E+01   3.16844E-07 0.0055
    4.8355E+01   2.50015E-07 0.0065
    4.9754E+01   1.54331E-06 0.0037
    5.1193E+01   2.33919E-07 0.0064
    5.2674E+01   1.36478E-06 0.0036
    5.4198E+01   2.50133E-07 0.0053
    5.5766E+01   2.08816E-07 0.0064
    5.7379E+01   1.25089E-06 0.0036
    5.9039E+01   1.86179E-07 0.0064
    6.0747E+01   1.11320E-06 0.0035
    6.2505E+01   1.92270E-07 0.0053
    6.4313E+01   9.70620E-07 0.0035
    6.6174E+01   2.14035E-07 0.0047
    6.8088E+01   1.51423E-07 0.0065
    7.0058E+01   9.08992E-07 0.0034
    7.2084E+01   1.55814E-07 0.0060
    7.4170E+01   7.86415E-07 0.0034
    7.6315E+01   1.62272E-07 0.0047
    7.8523E+01   1.26251E-07 0.0064
    8.0795E+01   7.31168E-07 0.0034
    8.3132E+01   1.18327E-07 0.0063
    8.5537E+01   6.42424E-07 0.0033
    8.8012E+01   1.17504E-07 0.0049
    9.0558E+01   5.65435E-07 0.0034
    9.3178E+01   1.26948E-07 0.0044
    9.5873E+01   9.65301E-08 0.0065
    9.8647E+01   5.22702E-07 0.0033
    1.0150E+02   9.06183E-08 0.0064
    1.0444E+02   4.58136E-07 0.0034
    1.0746E+02   8.22846E-08 0.0050
    1.1057E+02   4.06162E-07 0.0035
    1.1377E+02   8.56164E-08 0.0046
    1.1706E+02   7.24360E-08 0.0068
    1.2044E+02   3.64615E-07 0.0035
    1.2393E+02   6.50108E-08 0.0065
    1.2751E+02   3.20190E-07 0.0035
    1.3120E+02   5.60244E-08 0.0052
    1.3500E+02   2.78421E-07 0.0033
    1.3890E+02   6.46572E-08 0.0085
    1.4292E+02   5.01119E-08 0.0068
    1.4706E+02   2.50721E-07 0.0036
    1.5131E+02   4.54249E-08 0.0065
    1.5569E+02   2.11665E-07 0.0033
    1.6019E+02   4.40729E-08 0.0095
    1.6483E+02   1.84884E-07 0.0033
    1.6959E+02   4.70969E-08 0.0091
    1.7450E+02   3.43709E-08 0.0069
    1.7955E+02   1.64141E-07 0.0034
    1.8474E+02   3.75624E-08 0.0103
    1.9009E+02   1.39319E-07 0.0034
    1.9559E+02   3.38278E-08 0.0101
    2.0124E+02   2.74767E-08 0.0071
    2.0707E+02   1.25099E-07 0.0035
    2.1306E+02   2.98688E-08 0.0116
    2.1922E+02   1.08018E-07 0.0036
    2.2556E+02   2.68042E-08 0.0119
    2.3209E+02   3.97599E-08 0.0056
    2.3880E+02   8.38491E-08 0.0049
    2.4571E+02   1.94110E-08 0.0077
    2.5282E+02   8.39551E-08 0.0039
    2.6013E+02   2.59183E-08 0.0120
    2.6766E+02   6.78255E-08 0.0033
    2.7540E+02   2.81704E-08 0.0121
    2.8337E+02   1.63810E-08 0.0078
    2.9157E+02   6.53101E-08 0.0041
    3.0000E+02   2.32328E-08 0.0125
      total      1.04496E-02 0.0008
 
 cell  422                                                                                                                             
    s(e) (MeV/cm)
    1.0000E+00   6.24882E-04 0.0010
    1.0289E+00   0.00000E+00 0.0000
    1.0587E+00   0.00000E+00 0.0000
    1.0893E+00   0.00000E+00 0.0000
    1.1208E+00   0.00000E+00 0.0000
    1.1533E+00   0.00000E+00 0.0000
    1.1866E+00   0.00000E+00 0.0000
    1.2210E+00   0.00000E+00 0.0000
    1.2563E+00   0.00000E+00 0.0000
    1.2926E+00   0.00000E+00 0.0000
    1.3300E+00   0.00000E+00 0.0000
    1.3685E+00   0.00000E+00 0.0000
    1.4081E+00   0.00000E+00 0.0000
    1.4488E+00   0.00000E+00 0.0000
    1.4907E+00   0.00000E+00 0.0000
    1.5339E+00   0.00000E+00 0.0000
    1.5782E+00   0.00000E+00 0.0000
    1.6239E+00   0.00000E+00 0.0000
    1.6709E+00   0.00000E+00 0.0000
    1.7192E+00   0.00000E+00 0.0000
    1.7689E+00   0.00000E+00 0.0000
    1.8201E+00   0.00000E+00 0.0000
    1.8728E+00   0.00000E+00 0.0000
    1.9269E+00   0.00000E+00 0.0000
    1.9827E+00   0.00000E+00 0.0000
    2.0400E+00   0.00000E+00 0.0000
    2.0991E+00   0.00000E+00 0.0000
    2.1598E+00   1.61905E-06 0.0134
    2.2223E+00   6.32156E-07 0.0175
    2.2866E+00   2.91658E-07 0.0227
    2.3527E+00   1.06336E-07 0.0327
    2.4208E+00   1.23671E-07 0.0198
    2.4908E+00   5.50258E-08 0.0205
    2.5629E+00   5.03880E-08 0.0191
    2.6370E+00   4.63874E-08 0.0202
    2.7133E+00   4.31137E-08 0.0194
    2.7918E+00   4.16024E-08 0.0409
    2.8725E+00   3.58321E-08 0.0173
    2.9557E+00   3.30675E-08 0.0170
    3.0412E+00   0.00000E+00 0.0000
    3.1291E+00   3.02188E-08 0.0172
    3.2197E+00   2.78367E-08 0.0165
    3.3128E+00   0.00000E+00 0.0000
    3.4086E+00   2.58152E-08 0.0169
    3.5072E+00   2.33713E-08 0.0160
    3.6087E+00   1.67349E-11 1.0000
    3.7131E+00   2.12746E-08 0.0157
    3.8205E+00   1.96215E-08 0.0156
    3.9311E+00   0.00000E+00 0.0000
    4.0448E+00   1.78746E-08 0.0153
    4.1618E+00   0.00000E+00 0.0000
    4.2822E+00   1.63983E-08 0.0150
    4.4061E+00   0.00000E+00 0.0000
    4.5335E+00   1.49274E-08 0.0148
    4.6647E+00   0.00000E+00 0.0000
    4.7996E+00   1.37699E-08 0.0145
    4.9385E+00   1.26261E-08 0.0143
    5.0814E+00   0.00000E+00 0.0000
    5.2284E+00   1.14675E-08 0.0141
    5.3796E+00   0.00000E+00 0.0000
    5.5352E+00   1.04536E-08 0.0139
    5.6954E+00   0.00000E+00 0.0000
    5.8601E+00   0.00000E+00 0.0000
    6.0297E+00   9.74627E-09 0.0136
    6.2041E+00   0.00000E+00 0.0000
    6.3836E+00   9.53059E-03 0.0009
    6.5683E+00   6.33115E-07 0.0137
    6.7583E+00   1.95396E-05 0.0026
    6.9538E+00   5.54921E-07 0.0148
    7.1550E+00   1.78376E-05 0.0027
    7.3619E+00   6.69492E-07 0.0136
    7.5749E+00   6.77060E-07 0.0135
    7.7941E+00   1.77744E-05 0.0027
    8.0195E+00   7.80744E-07 0.0128
    8.2515E+00   1.68930E-05 0.0029
    8.4902E+00   8.71884E-07 0.0124
    8.7359E+00   1.57632E-05 0.0030
    8.9886E+00   9.60546E-07 0.0121
    9.2486E+00   1.45251E-05 0.0032
    9.5162E+00   1.05391E-06 0.0118
    9.7915E+00   1.12187E-06 0.0114
    1.0075E+01   1.34058E-05 0.0033
    1.0366E+01   1.21609E-06 0.0111
    1.0666E+01   1.22089E-05 0.0035
    1.0975E+01   1.29792E-06 0.0109
    1.1292E+01   1.11418E-05 0.0038
    1.1619E+01   1.42706E-06 0.0104
    1.1955E+01   1.45847E-06 0.0102
    1.2301E+01   1.05085E-05 0.0039
    1.2657E+01   1.56867E-06 0.0097
    1.3023E+01   9.70585E-06 0.0041
    1.3400E+01   1.47225E-06 0.0096
    1.3787E+01   1.50597E-06 0.0095
    1.4186E+01   8.59935E-06 0.0042
    1.4596E+01   1.31408E-06 0.0094
    1.5019E+01   8.04129E-06 0.0043
    1.5453E+01   1.20674E-06 0.0090
    1.5900E+01   7.36577E-06 0.0044
    1.6360E+01   1.10713E-06 0.0088
    1.6834E+01   1.16564E-06 0.0086
    1.7321E+01   6.58564E-06 0.0045
    1.7822E+01   1.06003E-06 0.0084
    1.8337E+01   6.07884E-06 0.0045
    1.8868E+01   9.95137E-07 0.0081
    1.9413E+01   1.00227E-06 0.0080
    1.9975E+01   5.51196E-06 0.0044
    2.0553E+01   8.94663E-07 0.0079
    2.1148E+01   5.10315E-06 0.0044
    2.1759E+01   8.30092E-07 0.0076
    2.2389E+01   8.30182E-07 0.0076
    2.3037E+01   4.58016E-06 0.0044
    2.3703E+01   7.22118E-07 0.0076
    2.4389E+01   4.16570E-06 0.0043
    2.5094E+01   6.83597E-07 0.0072
    2.5820E+01   6.76709E-07 0.0073
    2.6567E+01   3.74747E-06 0.0043
    2.7336E+01   5.89663E-07 0.0072
    2.8127E+01   3.42564E-06 0.0042
    2.8940E+01   5.54762E-07 0.0069
    2.9777E+01   3.07283E-06 0.0041
    3.0639E+01   5.78345E-07 0.0063
    3.1525E+01   4.73220E-07 0.0070
    3.2437E+01   2.84343E-06 0.0041
    3.3376E+01   4.47950E-07 0.0066
    3.4341E+01   2.51770E-06 0.0040
    3.5335E+01   4.88993E-07 0.0059
    3.6357E+01   3.81142E-07 0.0068
    3.7409E+01   2.33854E-06 0.0039
    3.8491E+01   3.64342E-07 0.0063
    3.9604E+01   2.07611E-06 0.0038
    4.0750E+01   4.03462E-07 0.0056
    4.1929E+01   3.09727E-07 0.0066
    4.3142E+01   1.92714E-06 0.0038
    4.4390E+01   2.93737E-07 0.0064
    4.5674E+01   1.69888E-06 0.0037
    4.6996E+01   3.24065E-07 0.0054
    4.8355E+01   2.54241E-07 0.0064
    4.9754E+01   1.57792E-06 0.0036
    5.1193E+01   2.37362E-07 0.0063
    5.2674E+01   1.39699E-06 0.0036
    5.4198E+01   2.58495E-07 0.0053
    5.5766E+01   2.13910E-07 0.0063
    5.7379E+01   1.28545E-06 0.0035
    5.9039E+01   1.92818E-07 0.0063
    6.0747E+01   1.14773E-06 0.0035
    6.2505E+01   1.99634E-07 0.0052
    6.4313E+01   1.00147E-06 0.0034
    6.6174E+01   2.19696E-07 0.0046
    6.8088E+01   1.55595E-07 0.0063
    7.0058E+01   9.35745E-07 0.0034
    7.2084E+01   1.59211E-07 0.0058
    7.4170E+01   8.09137E-07 0.0033
    7.6315E+01   1.67311E-07 0.0047
    7.8523E+01   1.28422E-07 0.0064
    8.0795E+01   7.52029E-07 0.0033
    8.3132E+01   1.19610E-07 0.0061
    8.5537E+01   6.59599E-07 0.0033
    8.8012E+01   1.19508E-07 0.0049
    9.0558E+01   5.79411E-07 0.0034
    9.3178E+01   1.30394E-07 0.0043
    9.5873E+01   9.71365E-08 0.0064
    9.8647E+01   5.36107E-07 0.0033
    1.0150E+02   9.14877E-08 0.0062
    1.0444E+02   4.70540E-07 0.0034
    1.0746E+02   8.42118E-08 0.0050
    1.1057E+02   4.15852E-07 0.0034
    1.1377E+02   8.86221E-08 0.0046
    1.1706E+02   7.27077E-08 0.0066
    1.2044E+02   3.73603E-07 0.0034
    1.2393E+02   6.57015E-08 0.0065
    1.2751E+02   3.27995E-07 0.0035
    1.3120E+02   5.73154E-08 0.0053
    1.3500E+02   2.83719E-07 0.0033
    1.3890E+02   6.64452E-08 0.0085
    1.4292E+02   5.05325E-08 0.0067
    1.4706E+02   2.56538E-07 0.0036
    1.5131E+02   4.60837E-08 0.0065
    1.5569E+02   2.16505E-07 0.0033
    1.6019E+02   4.66981E-08 0.0106
    1.6483E+02   1.88401E-07 0.0032
    1.6959E+02   5.03123E-08 0.0099
    1.7450E+02   3.48285E-08 0.0069
    1.7955E+02   1.67571E-07 0.0034
    1.8474E+02   4.02621E-08 0.0112
    1.9009E+02   1.42110E-07 0.0034
    1.9559E+02   3.59544E-08 0.0106
    2.0124E+02   2.76716E-08 0.0071
    2.0707E+02   1.27409E-07 0.0035
    2.1306E+02   3.08808E-08 0.0120
    2.1922E+02   1.09685E-07 0.0035
    2.2556E+02   2.72093E-08 0.0120
    2.3209E+02   3.98996E-08 0.0056
    2.3880E+02   8.59287E-08 0.0048
    2.4571E+02   1.95104E-08 0.0077
    2.5282E+02   8.52408E-08 0.0038
    2.6013E+02   2.60263E-08 0.0120
    2.6766E+02   6.89696E-08 0.0033
    2.7540E+02   2.83120E-08 0.0120
    2.8337E+02   1.63202E-08 0.0078
    2.9157E+02   6.64196E-08 0.0041
    3.0000E+02   2.36428E-08 0.0126
      total      1.04506E-02 0.0008
 
 cell  423                                                                                                                             
    s(e) (MeV/cm)
    1.0000E+00   6.38639E-04 0.0010
    1.0289E+00   0.00000E+00 0.0000
    1.0587E+00   0.00000E+00 0.0000
    1.0893E+00   0.00000E+00 0.0000
    1.1208E+00   0.00000E+00 0.0000
    1.1533E+00   0.00000E+00 0.0000
    1.1866E+00   0.00000E+00 0.0000
    1.2210E+00   0.00000E+00 0.0000
    1.2563E+00   0.00000E+00 0.0000
    1.2926E+00   0.00000E+00 0.0000
    1.3300E+00   0.00000E+00 0.0000
    1.3685E+00   0.00000E+00 0.0000
    1.4081E+00   0.00000E+00 0.0000
    1.4488E+00   0.00000E+00 0.0000
    1.4907E+00   0.00000E+00 0.0000
    1.5339E+00   0.00000E+00 0.0000
    1.5782E+00   0.00000E+00 0.0000
    1.6239E+00   0.00000E+00 0.0000
    1.6709E+00   0.00000E+00 0.0000
    1.7192E+00   0.00000E+00 0.0000
    1.7689E+00   0.00000E+00 0.0000
    1.8201E+00   0.00000E+00 0.0000
    1.8728E+00   0.00000E+00 0.0000
    1.9269E+00   0.00000E+00 0.0000
    1.9827E+00   0.00000E+00 0.0000
    2.0400E+00   0.00000E+00 0.0000
    2.0991E+00   0.00000E+00 0.0000
    2.1598E+00   1.67266E-06 0.0133
    2.2223E+00   6.12842E-07 0.0169
    2.2866E+00   2.93914E-07 0.0218
    2.3527E+00   1.10844E-07 0.0324
    2.4208E+00   1.27416E-07 0.0214
    2.4908E+00   5.49452E-08 0.0201
    2.5629E+00   5.11726E-08 0.0237
    2.6370E+00   4.66714E-08 0.0204
    2.7133E+00   4.32132E-08 0.0185
    2.7918E+00   4.09835E-08 0.0213
    2.8725E+00   3.67812E-08 0.0179
    2.9557E+00   3.35976E-08 0.0168
    3.0412E+00   0.00000E+00 0.0000
    3.1291E+00   3.10293E-08 0.0165
    3.2197E+00   2.89234E-08 0.0166
    3.3128E+00   0.00000E+00 0.0000
    3.4086E+00   2.65217E-08 0.0167
    3.5072E+00   2.42905E-08 0.0158
    3.6087E+00   0.00000E+00 0.0000
    3.7131E+00   2.20245E-08 0.0156
    3.8205E+00   2.02634E-08 0.0153
    3.9311E+00   0.00000E+00 0.0000
    4.0448E+00   1.85986E-08 0.0151
    4.1618E+00   0.00000E+00 0.0000
    4.2822E+00   1.71126E-08 0.0148
    4.4061E+00   0.00000E+00 0.0000
    4.5335E+00   1.55879E-08 0.0146
    4.6647E+00   0.00000E+00 0.0000
    4.7996E+00   1.43038E-08 0.0143
    4.9385E+00   1.30105E-08 0.0142
    5.0814E+00   0.00000E+00 0.0000
    5.2284E+00   1.17784E-08 0.0139
    5.3796E+00   0.00000E+00 0.0000
    5.5352E+00   1.08513E-08 0.0137
    5.6954E+00   0.00000E+00 0.0000
    5.8601E+00   0.00000E+00 0.0000
    6.0297E+00   9.95887E-09 0.0135
    6.2041E+00   0.00000E+00 0.0000
    6.3836E+00   9.50603E-03 0.0009
    6.5683E+00   1.03825E-06 0.0110
    6.7583E+00   2.09122E-05 0.0025
    6.9538E+00   5.82185E-07 0.0144
    7.1550E+00   1.85165E-05 0.0027
    7.3619E+00   6.91978E-07 0.0134
    7.5749E+00   7.05974E-07 0.0132
    7.7941E+00   1.85126E-05 0.0027
    8.0195E+00   8.23503E-07 0.0125
    8.2515E+00   1.75872E-05 0.0028
    8.4902E+00   9.04112E-07 0.0121
    8.7359E+00   1.63816E-05 0.0029
    8.9886E+00   1.02166E-06 0.0117
    9.2486E+00   1.50894E-05 0.0031
    9.5162E+00   1.10524E-06 0.0115
    9.7915E+00   1.17606E-06 0.0111
    1.0075E+01   1.38753E-05 0.0033
    1.0366E+01   1.27717E-06 0.0108
    1.0666E+01   1.27216E-05 0.0035
    1.0975E+01   1.36533E-06 0.0105
    1.1292E+01   1.15152E-05 0.0037
    1.1619E+01   1.43837E-06 0.0103
    1.1955E+01   1.51773E-06 0.0100
    1.2301E+01   1.09073E-05 0.0038
    1.2657E+01   1.62746E-06 0.0095
    1.3023E+01   1.01055E-05 0.0040
    1.3400E+01   1.51305E-06 0.0095
    1.3787E+01   1.58842E-06 0.0092
    1.4186E+01   8.90514E-06 0.0041
    1.4596E+01   1.38278E-06 0.0092
    1.5019E+01   8.21198E-06 0.0042
    1.5453E+01   1.25237E-06 0.0089
    1.5900E+01   7.62949E-06 0.0043
    1.6360E+01   1.14730E-06 0.0086
    1.6834E+01   1.21052E-06 0.0084
    1.7321E+01   6.79473E-06 0.0044
    1.7822E+01   1.09790E-06 0.0082
    1.8337E+01   6.22573E-06 0.0044
    1.8868E+01   9.94683E-07 0.0081
    1.9413E+01   1.02728E-06 0.0079
    1.9975E+01   5.64602E-06 0.0044
    2.0553E+01   9.34987E-07 0.0077
    2.1148E+01   5.17322E-06 0.0044
    2.1759E+01   8.55459E-07 0.0075
    2.2389E+01   8.46491E-07 0.0075
    2.3037E+01   4.69790E-06 0.0043
    2.3703E+01   7.39287E-07 0.0075
    2.4389E+01   4.27670E-06 0.0043
    2.5094E+01   7.03973E-07 0.0071
    2.5820E+01   6.98997E-07 0.0072
    2.6567E+01   3.83336E-06 0.0042
    2.7336E+01   5.98898E-07 0.0072
    2.8127E+01   3.50549E-06 0.0042
    2.8940E+01   5.60999E-07 0.0068
    2.9777E+01   3.13967E-06 0.0041
    3.0639E+01   5.93982E-07 0.0062
    3.1525E+01   4.81112E-07 0.0069
    3.2437E+01   2.89240E-06 0.0040
    3.3376E+01   4.51275E-07 0.0066
    3.4341E+01   2.55800E-06 0.0040
    3.5335E+01   4.94805E-07 0.0059
    3.6357E+01   3.86405E-07 0.0067
    3.7409E+01   2.38134E-06 0.0039
    3.8491E+01   3.71216E-07 0.0063
    3.9604E+01   2.10203E-06 0.0038
    4.0750E+01   4.09810E-07 0.0056
    4.1929E+01   3.13518E-07 0.0066
    4.3142E+01   1.95734E-06 0.0037
    4.4390E+01   2.97159E-07 0.0063
    4.5674E+01   1.72211E-06 0.0037
    4.6996E+01   3.27475E-07 0.0054
    4.8355E+01   2.56892E-07 0.0064
    4.9754E+01   1.59169E-06 0.0036
    5.1193E+01   2.38726E-07 0.0062
    5.2674E+01   1.40564E-06 0.0036
    5.4198E+01   2.59222E-07 0.0052
    5.5766E+01   2.13924E-07 0.0063
    5.7379E+01   1.28960E-06 0.0035
    5.9039E+01   1.91262E-07 0.0064
    6.0747E+01   1.14713E-06 0.0035
    6.2505E+01   2.01205E-07 0.0052
    6.4313E+01   1.00120E-06 0.0034
    6.6174E+01   2.21176E-07 0.0046
    6.8088E+01   1.55020E-07 0.0064
    7.0058E+01   9.36213E-07 0.0034
    7.2084E+01   1.60465E-07 0.0058
    7.4170E+01   8.09535E-07 0.0033
    7.6315E+01   1.68525E-07 0.0046
    7.8523E+01   1.29153E-07 0.0064
    8.0795E+01   7.54320E-07 0.0033
    8.3132E+01   1.21626E-07 0.0062
    8.5537E+01   6.62553E-07 0.0033
    8.8012E+01   1.20729E-07 0.0048
    9.0558E+01   5.83999E-07 0.0033
    9.3178E+01   1.30834E-07 0.0044
    9.5873E+01   9.87978E-08 0.0064
    9.8647E+01   5.40509E-07 0.0033
    1.0150E+02   9.26924E-08 0.0063
    1.0444E+02   4.73621E-07 0.0034
    1.0746E+02   8.40490E-08 0.0049
    1.1057E+02   4.18535E-07 0.0035
    1.1377E+02   8.92949E-08 0.0047
    1.1706E+02   7.30198E-08 0.0066
    1.2044E+02   3.77139E-07 0.0034
    1.2393E+02   6.62649E-08 0.0064
    1.2751E+02   3.30442E-07 0.0035
    1.3120E+02   5.81685E-08 0.0052
    1.3500E+02   2.85424E-07 0.0033
    1.3890E+02   6.77893E-08 0.0087
    1.4292E+02   5.08726E-08 0.0067
    1.4706E+02   2.59571E-07 0.0037
    1.5131E+02   4.66899E-08 0.0065
    1.5569E+02   2.18202E-07 0.0032
    1.6019E+02   4.75295E-08 0.0106
    1.6483E+02   1.90239E-07 0.0032
    1.6959E+02   5.05845E-08 0.0098
    1.7450E+02   3.51560E-08 0.0069
    1.7955E+02   1.69102E-07 0.0033
    1.8474E+02   4.00034E-08 0.0108
    1.9009E+02   1.43345E-07 0.0034
    1.9559E+02   3.67690E-08 0.0107
    2.0124E+02   2.79273E-08 0.0071
    2.0707E+02   1.28852E-07 0.0035
    2.1306E+02   3.19394E-08 0.0121
    2.1922E+02   1.10912E-07 0.0035
    2.2556E+02   2.87363E-08 0.0124
    2.3209E+02   4.02232E-08 0.0055
    2.3880E+02   8.76349E-08 0.0049
    2.4571E+02   1.99755E-08 0.0077
    2.5282E+02   8.61785E-08 0.0038
    2.6013E+02   2.75548E-08 0.0120
    2.6766E+02   6.97783E-08 0.0033
    2.7540E+02   2.96258E-08 0.0119
    2.8337E+02   1.67538E-08 0.0078
    2.9157E+02   6.72952E-08 0.0041
    3.0000E+02   2.47588E-08 0.0125
      total      1.04503E-02 0.0008
 
 cell  424                                                                                                                             
    s(e) (MeV/cm)
    1.0000E+00   6.50981E-04 0.0010
    1.0289E+00   0.00000E+00 0.0000
    1.0587E+00   0.00000E+00 0.0000
    1.0893E+00   0.00000E+00 0.0000
    1.1208E+00   0.00000E+00 0.0000
    1.1533E+00   0.00000E+00 0.0000
    1.1866E+00   0.00000E+00 0.0000
    1.2210E+00   0.00000E+00 0.0000
    1.2563E+00   0.00000E+00 0.0000
    1.2926E+00   0.00000E+00 0.0000
    1.3300E+00   0.00000E+00 0.0000
    1.3685E+00   0.00000E+00 0.0000
    1.4081E+00   0.00000E+00 0.0000
    1.4488E+00   0.00000E+00 0.0000
    1.4907E+00   0.00000E+00 0.0000
    1.5339E+00   0.00000E+00 0.0000
    1.5782E+00   0.00000E+00 0.0000
    1.6239E+00   0.00000E+00 0.0000
    1.6709E+00   0.00000E+00 0.0000
    1.7192E+00   0.00000E+00 0.0000
    1.7689E+00   0.00000E+00 0.0000
    1.8201E+00   0.00000E+00 0.0000
    1.8728E+00   0.00000E+00 0.0000
    1.9269E+00   0.00000E+00 0.0000
    1.9827E+00   0.00000E+00 0.0000
    2.0400E+00   0.00000E+00 0.0000
    2.0991E+00   0.00000E+00 0.0000
    2.1598E+00   1.70118E-06 0.0130
    2.2223E+00   6.35642E-07 0.0170
    2.2866E+00   2.92746E-07 0.0222
    2.3527E+00   1.11215E-07 0.0329
    2.4208E+00   1.23950E-07 0.0194
    2.4908E+00   5.41621E-08 0.0196
    2.5629E+00   4.91142E-08 0.0189
    2.6370E+00   4.71025E-08 0.0213
    2.7133E+00   4.26623E-08 0.0188
    2.7918E+00   4.05002E-08 0.0224
    2.8725E+00   3.60398E-08 0.0181
    2.9557E+00   3.32404E-08 0.0169
    3.0412E+00   0.00000E+00 0.0000
    3.1291E+00   3.02978E-08 0.0167
    3.2197E+00   2.80357E-08 0.0169
    3.3128E+00   0.00000E+00 0.0000
    3.4086E+00   2.60890E-08 0.0168
    3.5072E+00   2.35414E-08 0.0158
    3.6087E+00   0.00000E+00 0.0000
    3.7131E+00   2.18548E-08 0.0155
    3.8205E+00   1.99161E-08 0.0153
    3.9311E+00   0.00000E+00 0.0000
    4.0448E+00   1.79626E-08 0.0152
    4.1618E+00   0.00000E+00 0.0000
    4.2822E+00   1.66236E-08 0.0148
    4.4061E+00   0.00000E+00 0.0000
    4.5335E+00   1.52165E-08 0.0146
    4.6647E+00   0.00000E+00 0.0000
    4.7996E+00   1.39915E-08 0.0144
    4.9385E+00   1.28393E-08 0.0141
    5.0814E+00   0.00000E+00 0.0000
    5.2284E+00   1.18272E-08 0.0139
    5.3796E+00   0.00000E+00 0.0000
    5.5352E+00   1.07118E-08 0.0137
    5.6954E+00   0.00000E+00 0.0000
    5.8601E+00   0.00000E+00 0.0000
    6.0297E+00   9.87389E-09 0.0134
    6.2041E+00   0.00000E+00 0.0000
    6.3836E+00   9.47879E-03 0.0009
    6.5683E+00   2.70654E-06 0.0086
    6.7583E+00   2.35857E-05 0.0025
    6.9538E+00   6.22200E-07 0.0139
    7.1550E+00   1.92370E-05 0.0026
    7.3619E+00   6.95694E-07 0.0134
    7.5749E+00   7.16425E-07 0.0131
    7.7941E+00   1.92210E-05 0.0026
    8.0195E+00   8.27343E-07 0.0124
    8.2515E+00   1.83303E-05 0.0027
    8.4902E+00   9.29526E-07 0.0120
    8.7359E+00   1.70112E-05 0.0029
    8.9886E+00   1.05957E-06 0.0115
    9.2486E+00   1.56642E-05 0.0030
    9.5162E+00   1.14778E-06 0.0112
    9.7915E+00   1.17401E-06 0.0111
    1.0075E+01   1.44301E-05 0.0032
    1.0366E+01   1.29274E-06 0.0108
    1.0666E+01   1.31688E-05 0.0034
    1.0975E+01   1.42031E-06 0.0103
    1.1292E+01   1.18796E-05 0.0036
    1.1619E+01   1.50405E-06 0.0100
    1.1955E+01   1.59716E-06 0.0098
    1.2301E+01   1.12655E-05 0.0037
    1.2657E+01   1.65850E-06 0.0094
    1.3023E+01   1.05755E-05 0.0039
    1.3400E+01   1.54576E-06 0.0094
    1.3787E+01   1.66230E-06 0.0091
    1.4186E+01   9.25733E-06 0.0041
    1.4596E+01   1.43010E-06 0.0091
    1.5019E+01   8.46887E-06 0.0042
    1.5453E+01   1.28957E-06 0.0088
    1.5900E+01   7.78085E-06 0.0043
    1.6360E+01   1.18954E-06 0.0085
    1.6834E+01   1.22492E-06 0.0083
    1.7321E+01   7.04573E-06 0.0043
    1.7822E+01   1.11499E-06 0.0082
    1.8337E+01   6.33494E-06 0.0044
    1.8868E+01   1.03565E-06 0.0079
    1.9413E+01   1.06060E-06 0.0078
    1.9975E+01   5.72198E-06 0.0044
    2.0553E+01   9.28097E-07 0.0078
    2.1148E+01   5.30509E-06 0.0043
    2.1759E+01   8.69119E-07 0.0074
    2.2389E+01   8.71253E-07 0.0074
    2.3037E+01   4.79696E-06 0.0043
    2.3703E+01   7.62960E-07 0.0074
    2.4389E+01   4.35838E-06 0.0042
    2.5094E+01   6.99988E-07 0.0071
    2.5820E+01   7.16982E-07 0.0071
    2.6567E+01   3.90877E-06 0.0042
    2.7336E+01   6.13814E-07 0.0071
    2.8127E+01   3.57303E-06 0.0041
    2.8940E+01   5.71780E-07 0.0068
    2.9777E+01   3.16009E-06 0.0041
    3.0639E+01   6.02245E-07 0.0062
    3.1525E+01   4.89288E-07 0.0069
    3.2437E+01   2.93552E-06 0.0040
    3.3376E+01   4.68409E-07 0.0065
    3.4341E+01   2.60986E-06 0.0039
    3.5335E+01   5.06517E-07 0.0058
    3.6357E+01   3.93164E-07 0.0067
    3.7409E+01   2.41827E-06 0.0038
    3.8491E+01   3.72860E-07 0.0063
    3.9604E+01   2.13781E-06 0.0038
    4.0750E+01   4.11113E-07 0.0055
    4.1929E+01   3.19851E-07 0.0065
    4.3142E+01   1.97888E-06 0.0037
    4.4390E+01   3.04927E-07 0.0063
    4.5674E+01   1.74909E-06 0.0037
    4.6996E+01   3.29824E-07 0.0054
    4.8355E+01   2.62446E-07 0.0063
    4.9754E+01   1.61432E-06 0.0036
    5.1193E+01   2.41341E-07 0.0062
    5.2674E+01   1.42396E-06 0.0035
    5.4198E+01   2.59476E-07 0.0052
    5.5766E+01   2.18355E-07 0.0062
    5.7379E+01   1.30673E-06 0.0035
    5.9039E+01   1.93078E-07 0.0062
    6.0747E+01   1.16175E-06 0.0034
    6.2505E+01   2.00707E-07 0.0052
    6.4313E+01   1.01505E-06 0.0034
    6.6174E+01   2.23030E-07 0.0046
    6.8088E+01   1.57377E-07 0.0064
    7.0058E+01   9.48989E-07 0.0034
    7.2084E+01   1.62024E-07 0.0058
    7.4170E+01   8.19203E-07 0.0033
    7.6315E+01   1.69168E-07 0.0046
    7.8523E+01   1.29639E-07 0.0063
    8.0795E+01   7.59865E-07 0.0033
    8.3132E+01   1.21408E-07 0.0061
    8.5537E+01   6.66060E-07 0.0032
    8.8012E+01   1.21661E-07 0.0048
    9.0558E+01   5.84196E-07 0.0033
    9.3178E+01   1.31399E-07 0.0043
    9.5873E+01   9.85338E-08 0.0063
    9.8647E+01   5.43186E-07 0.0033
    1.0150E+02   9.22207E-08 0.0062
    1.0444E+02   4.77494E-07 0.0034
    1.0746E+02   8.48312E-08 0.0050
    1.1057E+02   4.21657E-07 0.0035
    1.1377E+02   9.00464E-08 0.0047
    1.1706E+02   7.27696E-08 0.0066
    1.2044E+02   3.80993E-07 0.0035
    1.2393E+02   6.62696E-08 0.0064
    1.2751E+02   3.33774E-07 0.0035
    1.3120E+02   5.83392E-08 0.0053
    1.3500E+02   2.86981E-07 0.0032
    1.3890E+02   6.90132E-08 0.0090
    1.4292E+02   5.08280E-08 0.0067
    1.4706E+02   2.61669E-07 0.0037
    1.5131E+02   4.66678E-08 0.0066
    1.5569E+02   2.19129E-07 0.0032
    1.6019E+02   4.79292E-08 0.0107
    1.6483E+02   1.90537E-07 0.0032
    1.6959E+02   5.09105E-08 0.0099
    1.7450E+02   3.52249E-08 0.0070
    1.7955E+02   1.69311E-07 0.0033
    1.8474E+02   4.09503E-08 0.0112
    1.9009E+02   1.43718E-07 0.0033
    1.9559E+02   3.72927E-08 0.0110
    2.0124E+02   2.81188E-08 0.0071
    2.0707E+02   1.29276E-07 0.0034
    2.1306E+02   3.23458E-08 0.0122
    2.1922E+02   1.11639E-07 0.0035
    2.2556E+02   2.84115E-08 0.0122
    2.3209E+02   4.01707E-08 0.0055
    2.3880E+02   8.75382E-08 0.0048
    2.4571E+02   1.97719E-08 0.0076
    2.5282E+02   8.65852E-08 0.0038
    2.6013E+02   2.66540E-08 0.0119
    2.6766E+02   7.00658E-08 0.0032
    2.7540E+02   2.91718E-08 0.0119
    2.8337E+02   1.66360E-08 0.0078
    2.9157E+02   6.73178E-08 0.0041
    3.0000E+02   2.41534E-08 0.0125
      total      1.04483E-02 0.0008
 
 cell union total                                                                                                                      
    s(e) (MeV/cm)
    1.0000E+00   6.23993E-04 0.0008
    1.0289E+00   0.00000E+00 0.0000
    1.0587E+00   0.00000E+00 0.0000
    1.0893E+00   0.00000E+00 0.0000
    1.1208E+00   0.00000E+00 0.0000
    1.1533E+00   0.00000E+00 0.0000
    1.1866E+00   0.00000E+00 0.0000
    1.2210E+00   0.00000E+00 0.0000
    1.2563E+00   0.00000E+00 0.0000
    1.2926E+00   0.00000E+00 0.0000
    1.3300E+00   0.00000E+00 0.0000
    1.3685E+00   0.00000E+00 0.0000
    1.4081E+00   0.00000E+00 0.0000
    1.4488E+00   0.00000E+00 0.0000
    1.4907E+00   0.00000E+00 0.0000
    1.5339E+00   0.00000E+00 0.0000
    1.5782E+00   0.00000E+00 0.0000
    1.6239E+00   0.00000E+00 0.0000
    1.6709E+00   0.00000E+00 0.0000
    1.7192E+00   0.00000E+00 0.0000
    1.7689E+00   0.00000E+00 0.0000
    1.8201E+00   0.00000E+00 0.0000
    1.8728E+00   0.00000E+00 0.0000
    1.9269E+00   0.00000E+00 0.0000
    1.9827E+00   0.00000E+00 0.0000
    2.0400E+00   0.00000E+00 0.0000
    2.0991E+00   0.00000E+00 0.0000
    2.1598E+00   1.63470E-06 0.0090
    2.2223E+00   6.21632E-07 0.0106
    2.2866E+00   2.86954E-07 0.0135
    2.3527E+00   1.06850E-07 0.0194
    2.4208E+00   1.24450E-07 0.0106
    2.4908E+00   5.47719E-08 0.0112
    2.5629E+00   5.02676E-08 0.0111
    2.6370E+00   4.68278E-08 0.0116
    2.7133E+00   4.31242E-08 0.0105
    2.7918E+00   4.06350E-08 0.0154
    2.8725E+00   3.60103E-08 0.0086
    2.9557E+00   3.32146E-08 0.0081
    3.0412E+00   0.00000E+00 0.0000
    3.1291E+00   3.04679E-08 0.0084
    3.2197E+00   2.81002E-08 0.0081
    3.3128E+00   0.00000E+00 0.0000
    3.4086E+00   2.59792E-08 0.0094
    3.5072E+00   2.37028E-08 0.0080
    3.6087E+00   4.75206E-11 0.7883
    3.7131E+00   2.15769E-08 0.0077
    3.8205E+00   1.97300E-08 0.0076
    3.9311E+00   0.00000E+00 0.0000
    4.0448E+00   1.80982E-08 0.0079
    4.1618E+00   0.00000E+00 0.0000
    4.2822E+00   1.65906E-08 0.0075
    4.4061E+00   0.00000E+00 0.0000
    4.5335E+00   1.51715E-08 0.0074
    4.6647E+00   0.00000E+00 0.0000
    4.7996E+00   1.39162E-08 0.0074
    4.9385E+00   1.27387E-08 0.0073
    5.0814E+00   0.00000E+00 0.0000
    5.2284E+00   1.16359E-08 0.0073
    5.3796E+00   0.00000E+00 0.0000
    5.5352E+00   1.06328E-08 0.0072
    5.6954E+00   0.00000E+00 0.0000
    5.8601E+00   0.00000E+00 0.0000
    6.0297E+00   9.79836E-09 0.0071
    6.2041E+00   0.00000E+00 0.0000
    6.3836E+00   9.52952E-03 0.0009
    6.5683E+00   1.07643E-06 0.0058
    6.7583E+00   2.00136E-05 0.0024
    6.9538E+00   5.61306E-07 0.0066
    7.1550E+00   1.78320E-05 0.0025
    7.3619E+00   6.56256E-07 0.0062
    7.5749E+00   6.73842E-07 0.0061
    7.7941E+00   1.77700E-05 0.0025
    8.0195E+00   7.78430E-07 0.0058
    8.2515E+00   1.68985E-05 0.0025
    8.4902E+00   8.69996E-07 0.0056
    8.7359E+00   1.57300E-05 0.0026
    8.9886E+00   9.67751E-07 0.0054
    9.2486E+00   1.45411E-05 0.0027
    9.5162E+00   1.06491E-06 0.0053
    9.7915E+00   1.10935E-06 0.0052
    1.0075E+01   1.33880E-05 0.0027
    1.0366E+01   1.21945E-06 0.0050
    1.0666E+01   1.22269E-05 0.0027
    1.0975E+01   1.32069E-06 0.0049
    1.1292E+01   1.11033E-05 0.0027
    1.1619E+01   1.40490E-06 0.0047
    1.1955E+01   1.47700E-06 0.0046
    1.2301E+01   1.04788E-05 0.0027
    1.2657E+01   1.55711E-06 0.0044
    1.3023E+01   9.69370E-06 0.0026
    1.3400E+01   1.45700E-06 0.0044
    1.3787E+01   1.52707E-06 0.0043
    1.4186E+01   8.61955E-06 0.0026
    1.4596E+01   1.34082E-06 0.0042
    1.5019E+01   7.99458E-06 0.0025
    1.5453E+01   1.20806E-06 0.0041
    1.5900E+01   7.34876E-06 0.0025
    1.6360E+01   1.11586E-06 0.0040
    1.6834E+01   1.15987E-06 0.0039
    1.7321E+01   6.63298E-06 0.0024
    1.7822E+01   1.06634E-06 0.0038
    1.8337E+01   6.08291E-06 0.0024
    1.8868E+01   9.87237E-07 0.0037
    1.9413E+01   1.00701E-06 0.0037
    1.9975E+01   5.50119E-06 0.0023
    2.0553E+01   8.97197E-07 0.0036
    2.1148E+01   5.06601E-06 0.0023
    2.1759E+01   8.28831E-07 0.0035
    2.2389E+01   8.27924E-07 0.0035
    2.3037E+01   4.57925E-06 0.0022
    2.3703E+01   7.24308E-07 0.0035
    2.4389E+01   4.17514E-06 0.0022
    2.5094E+01   6.80069E-07 0.0033
    2.5820E+01   6.82629E-07 0.0033
    2.6567E+01   3.75173E-06 0.0021
    2.7336E+01   5.88196E-07 0.0033
    2.8127E+01   3.43112E-06 0.0021
    2.8940E+01   5.51143E-07 0.0032
    2.9777E+01   3.06279E-06 0.0021
    3.0639E+01   5.80615E-07 0.0029
    3.1525E+01   4.70632E-07 0.0032
    3.2437E+01   2.83177E-06 0.0020
    3.3376E+01   4.46917E-07 0.0031
    3.4341E+01   2.51200E-06 0.0020
    3.5335E+01   4.86607E-07 0.0027
    3.6357E+01   3.79380E-07 0.0031
    3.7409E+01   2.33097E-06 0.0019
    3.8491E+01   3.62844E-07 0.0029
    3.9604E+01   2.06135E-06 0.0019
    4.0750E+01   4.00385E-07 0.0026
    4.1929E+01   3.07641E-07 0.0031
    4.3142E+01   1.91481E-06 0.0019
    4.4390E+01   2.92470E-07 0.0030
    4.5674E+01   1.68804E-06 0.0019
    4.6996E+01   3.21450E-07 0.0026
    4.8355E+01   2.53177E-07 0.0030
    4.9754E+01   1.56390E-06 0.0018
    5.1193E+01   2.35473E-07 0.0030
    5.2674E+01   1.38248E-06 0.0018
    5.4198E+01   2.54178E-07 0.0025
    5.5766E+01   2.11841E-07 0.0030
    5.7379E+01   1.26956E-06 0.0018
    5.9039E+01   1.89244E-07 0.0030
    6.0747E+01   1.13059E-06 0.0018
    6.2505E+01   1.96410E-07 0.0025
    6.4313E+01   9.86741E-07 0.0018
    6.6174E+01   2.17118E-07 0.0022
    6.8088E+01   1.53533E-07 0.0030
    7.0058E+01   9.22214E-07 0.0017
    7.2084E+01   1.57950E-07 0.0028
    7.4170E+01   7.97012E-07 0.0017
    7.6315E+01   1.65132E-07 0.0023
    7.8523E+01   1.27305E-07 0.0030
    8.0795E+01   7.41044E-07 0.0017
    8.3132E+01   1.19436E-07 0.0030
    8.5537E+01   6.50468E-07 0.0017
    8.8012E+01   1.18587E-07 0.0024
    9.0558E+01   5.72331E-07 0.0018
    9.3178E+01   1.28445E-07 0.0022
    9.5873E+01   9.72279E-08 0.0031
    9.8647E+01   5.29760E-07 0.0017
    1.0150E+02   9.11928E-08 0.0030
    1.0444E+02   4.64829E-07 0.0018
    1.0746E+02   8.29649E-08 0.0024
    1.1057E+02   4.11543E-07 0.0018
    1.1377E+02   8.74589E-08 0.0023
    1.1706E+02   7.23411E-08 0.0032
    1.2044E+02   3.69922E-07 0.0018
    1.2393E+02   6.52249E-08 0.0031
    1.2751E+02   3.24147E-07 0.0018
    1.3120E+02   5.66977E-08 0.0025
    1.3500E+02   2.80759E-07 0.0017
    1.3890E+02   6.55765E-08 0.0040
    1.4292E+02   5.01374E-08 0.0032
    1.4706E+02   2.53775E-07 0.0019
    1.5131E+02   4.59108E-08 0.0031
    1.5569E+02   2.14038E-07 0.0017
    1.6019E+02   4.56128E-08 0.0048
    1.6483E+02   1.86692E-07 0.0017
    1.6959E+02   4.88878E-08 0.0045
    1.7450E+02   3.46728E-08 0.0033
    1.7955E+02   1.65814E-07 0.0018
    1.8474E+02   3.89728E-08 0.0050
    1.9009E+02   1.40730E-07 0.0018
    1.9559E+02   3.52592E-08 0.0049
    2.0124E+02   2.76337E-08 0.0033
    2.0707E+02   1.26434E-07 0.0018
    2.1306E+02   3.06496E-08 0.0055
    2.1922E+02   1.09016E-07 0.0019
    2.2556E+02   2.71375E-08 0.0055
    2.3209E+02   3.97817E-08 0.0027
    2.3880E+02   8.51741E-08 0.0024
    2.4571E+02   1.95420E-08 0.0036
    2.5282E+02   8.47102E-08 0.0020
    2.6013E+02   2.61144E-08 0.0055
    2.6766E+02   6.84413E-08 0.0017
    2.7540E+02   2.85646E-08 0.0055
    2.8337E+02   1.64130E-08 0.0037
    2.9157E+02   6.60696E-08 0.0021
    3.0000E+02   2.36722E-08 0.0057
      total      1.04491E-02 0.0008


 ===================================================================================================================================

           results of 10 statistical checks for the estimated answer for the tally fluctuation chart (tfc) bin of tally     9104

 tfc bin     --mean--      ---------relative error---------      ----variance of the variance----      --figure of merit--     -pdf-
 behavior    behavior      value   decrease   decrease rate      value   decrease   decrease rate       value     behavior     slope

 desired      random       <0.10      yes      1/sqrt(nps)       <0.10      yes        1/nps           constant    random      >3.00
 observed     random        0.00      yes          yes            0.00      yes         yes                                    10.00
 passed?        yes          yes      yes          yes             yes      yes         yes                                      yes

 ===================================================================================================================================


 this tally meets the statistical criteria used to form confidence intervals: check the tally fluctuation chart to verify.
 the results in other bins associated with this tally may not meet these statistical criteria.

 ----- estimated confidence intervals:  -----

 estimated asymmetric confidence interval(1,2,3 sigma): 1.0438E-02 to 1.0456E-02; 1.0430E-02 to 1.0464E-02; 1.0421E-02 to 1.0473E-02
 estimated  symmetric confidence interval(1,2,3 sigma): 1.0438E-02 to 1.0456E-02; 1.0430E-02 to 1.0464E-02; 1.0421E-02 to 1.0473E-02

1analysis of the results in the tally fluctuation chart bin (tfc) for tally 9104 with nps = 4000000          print table 160


 normed average tally per history  = 1.04469E-02          unnormed average tally per history  = 2.61173E-02
 estimated tally relative error    = 0.0008               estimated variance of the variance  = 0.0000
 relative error from zero tallies  = 0.0005               relative error from nonzero scores  = 0.0007

 number of nonzero history tallies =     2113008          efficiency for the nonzero tallies  = 0.5283
 history number of largest  tally  =      293618          largest  unnormalized history tally = 1.88294E-01
 (largest  tally)/(average tally)  = 7.20955E+00          (largest  tally)/(avg nonzero tally)= 3.80846E+00

 (confidence interval shift)/mean  = 0.0000               shifted confidence interval center  = 1.04469E-02


 if the largest  history score sampled so far were to occur on the next history, the tfc bin quantities would change as follows:

      estimated quantities           value at nps           value at nps+1           value(nps+1)/value(nps)-1.

      mean                            1.04469E-02             1.04469E-02                     0.000002
      relative error                  8.31568E-04             8.31568E-04                     0.000000
      variance of the variance        3.63326E-07             3.63332E-07                     0.000019
      shifted center                  1.04469E-02             1.04469E-02                     0.000000
      figure of merit                 0.00000E+00             0.00000E+00                     0.000000

 the estimated slope of the 200 largest  tallies starting at  1.49849E-01 appears to be decreasing at least exponentially.
 the empirical history score probability density function appears to be increasing at the largest  history scores:
 please examine. see print table 161.
 the large score tail of the empirical history score probability density function appears to have no unsampled regions.

 fom = (histories/minute)*(f(x) signal-to-noise ratio)**2 = (0.000E+00)*( 6.013E-01)**2 = (0.000E+00)*(3.615E-01) = 0.000E+00

1    some tally scores were not made for various reasons:

                                  beyond last bin     not in
                   tally       user  segment   mult   angle   energy   time             
                   1004          0       0       0       0 2603665       0
                   8004          0       0       0       0 2603665       0
                   8204          0       0       0       0 2603665       0
                   9204          0       0       0       0 2603665       0
                   8104          0       0       0       0********       0
                   9104          0       0       0       010065225       0

1status of the statistical checks used to form confidence intervals for the mean for each tally bin


 tally   result of statistical checks for the tfc bin (the first check not passed is listed) and error magnitude check for all bins

     1006   passed the 10 statistical checks for the tally fluctuation chart bin result               
         passed all bin error check:   205 tally bins all have relative errors less than 0.10 with no zero bins

     8006   passed the 10 statistical checks for the tally fluctuation chart bin result               
         passed all bin error check:     6 tally bins all have relative errors less than 0.10 with no zero bins

       24   passed the 10 statistical checks for the tally fluctuation chart bin result               
         missed all bin error check:   615 tally bins had    20 bins with zeros and     3 bins with relative errors exceeding 0.10

       26   passed the 10 statistical checks for the tally fluctuation chart bin result               
         missed all bin error check:   615 tally bins had    20 bins with zeros and     3 bins with relative errors exceeding 0.10

       34   passed the 10 statistical checks for the tally fluctuation chart bin result               
         passed all bin error check:   205 tally bins all have relative errors less than 0.10 with no zero bins

       36   passed the 10 statistical checks for the tally fluctuation chart bin result               
         passed all bin error check:   205 tally bins all have relative errors less than 0.10 with no zero bins

      124   passed the 10 statistical checks for the tally fluctuation chart bin result               
         passed all bin error check:    18 tally bins all have relative errors less than 0.10 with no zero bins

      126   passed the 10 statistical checks for the tally fluctuation chart bin result               
         passed all bin error check:    18 tally bins all have relative errors less than 0.10 with no zero bins

      134   passed the 10 statistical checks for the tally fluctuation chart bin result               
         passed all bin error check:     6 tally bins all have relative errors less than 0.10 with no zero bins

      136   passed the 10 statistical checks for the tally fluctuation chart bin result               
         passed all bin error check:     6 tally bins all have relative errors less than 0.10 with no zero bins

     1004   passed the 10 statistical checks for the tally fluctuation chart bin result               
         missed all bin error check: 41410 tally bins had 13205 bins with zeros and  1673 bins with relative errors exceeding 0.10

     4004   passed the 10 statistical checks for the tally fluctuation chart bin result               
         missed all bin error check:   615 tally bins had    20 bins with zeros and     3 bins with relative errors exceeding 0.10

     8004   passed the 10 statistical checks for the tally fluctuation chart bin result               
         passed all bin error check:  1212 tally bins had   390 bins with zeros and     0 bins with relative errors exceeding 0.10

     8014   passed the 10 statistical checks for the tally fluctuation chart bin result               
         passed all bin error check:    18 tally bins all have relative errors less than 0.10 with no zero bins

     8204   passed the 10 statistical checks for the tally fluctuation chart bin result               
         missed all bin error check:124230 tally bins had 46568 bins with zeros and 17695 bins with relative errors exceeding 0.10

     9204   passed the 10 statistical checks for the tally fluctuation chart bin result               
         missed all bin error check:  3636 tally bins had  1180 bins with zeros and   763 bins with relative errors exceeding 0.10

       44   passed the 10 statistical checks for the tally fluctuation chart bin result               
         passed all bin error check:   205 tally bins all have relative errors less than 0.10 with no zero bins

       46   passed the 10 statistical checks for the tally fluctuation chart bin result               
         passed all bin error check:   205 tally bins all have relative errors less than 0.10 with no zero bins

      144   passed the 10 statistical checks for the tally fluctuation chart bin result               
         passed all bin error check:     6 tally bins all have relative errors less than 0.10 with no zero bins

      146   passed the 10 statistical checks for the tally fluctuation chart bin result               
         passed all bin error check:     6 tally bins all have relative errors less than 0.10 with no zero bins

       54   passed the 10 statistical checks for the tally fluctuation chart bin result               
         missed all bin error check:   205 tally bins had     0 bins with zeros and    44 bins with relative errors exceeding 0.10

       56   passed the 10 statistical checks for the tally fluctuation chart bin result               
         missed all bin error check:   205 tally bins had     0 bins with zeros and    41 bins with relative errors exceeding 0.10

      154   missed  2 of 10 tfc bin checks: the variance of the variance does not monotonically decrease over the last half of problem
         passed all bin error check:     6 tally bins all have relative errors less than 0.10 with no zero bins

      156   passed the 10 statistical checks for the tally fluctuation chart bin result               
         passed all bin error check:     6 tally bins all have relative errors less than 0.10 with no zero bins

       64   passed the 10 statistical checks for the tally fluctuation chart bin result               
         missed all bin error check:   205 tally bins had    13 bins with zeros and    27 bins with relative errors exceeding 0.10

       66   passed the 10 statistical checks for the tally fluctuation chart bin result               
         missed all bin error check:   205 tally bins had    13 bins with zeros and    26 bins with relative errors exceeding 0.10

      164   missed  1 of 10 tfc bin checks: the estimated mean has a trend during the last half of the problem                        
         passed all bin error check:     6 tally bins all have relative errors less than 0.10 with no zero bins

      166   missed  1 of 10 tfc bin checks: the estimated mean has a trend during the last half of the problem                        
         passed all bin error check:     6 tally bins all have relative errors less than 0.10 with no zero bins

       74   passed the 10 statistical checks for the tally fluctuation chart bin result               
         passed all bin error check:   205 tally bins all have relative errors less than 0.10 with no zero bins

       76   passed the 10 statistical checks for the tally fluctuation chart bin result               
         passed all bin error check:   205 tally bins all have relative errors less than 0.10 with no zero bins

      174   passed the 10 statistical checks for the tally fluctuation chart bin result               
         passed all bin error check:     6 tally bins all have relative errors less than 0.10 with no zero bins

      176   passed the 10 statistical checks for the tally fluctuation chart bin result               
         passed all bin error check:     6 tally bins all have relative errors less than 0.10 with no zero bins

       14   passed the 10 statistical checks for the tally fluctuation chart bin result               
         passed all bin error check:   205 tally bins all have relative errors less than 0.10 with no zero bins

       16   passed the 10 statistical checks for the tally fluctuation chart bin result               
         passed all bin error check:   205 tally bins all have relative errors less than 0.10 with no zero bins

      114   passed the 10 statistical checks for the tally fluctuation chart bin result               
         passed all bin error check:     6 tally bins all have relative errors less than 0.10 with no zero bins

      116   passed the 10 statistical checks for the tally fluctuation chart bin result               
         passed all bin error check:     6 tally bins all have relative errors less than 0.10 with no zero bins

     8104   passed the 10 statistical checks for the tally fluctuation chart bin result               
         missed all bin error check: 41410 tally bins had  6616 bins with zeros and  1686 bins with relative errors exceeding 0.10

     9104   passed the 10 statistical checks for the tally fluctuation chart bin result               
         missed all bin error check:  1212 tally bins had   225 bins with zeros and     3 bins with relative errors exceeding 0.10


 the 10 statistical checks are only for the tally fluctuation chart bin and do not apply to other tally bins.

 the tally bins with zeros may or may not be correct: compare the source, cutoffs, multipliers, et cetera with the tally bins.

 warning.       3 of the    38 tally fluctuation chart bins did not pass all 10 statistical checks.
 warning.      12 of the    38 tallies had bins with relative errors greater than recommended.

# ===================================================
# tally 9204
# ===================================================
1tally     9204        nps =     4000000
           tally type 4    track length estimate of particle flux.      units   1/cm**2        
           particle(s): protons  
 number of histories used for normalizing tallies =      4000000.00
           this tally is modified by   ft  tag  let

           volumes 
                   cell:      420          421          422          423          424         total                
                         2.50000E+00  2.50000E+00  2.50000E+00  2.50000E+00  2.50000E+00  1.25000E+01
 
 cell  420                                                                                                                             
 user bin          -1.00000
    s(e) (MeV/cm)
    1.0000E+00   0.00000E+00 0.0000
    1.0289E+00   0.00000E+00 0.0000
    1.0587E+00   0.00000E+00 0.0000
    1.0893E+00   0.00000E+00 0.0000
    1.1208E+00   0.00000E+00 0.0000
    1.1533E+00   0.00000E+00 0.0000
    1.1866E+00   0.00000E+00 0.0000
    1.2210E+00   0.00000E+00 0.0000
    1.2563E+00   0.00000E+00 0.0000
    1.2926E+00   0.00000E+00 0.0000
    1.3300E+00   0.00000E+00 0.0000
    1.3685E+00   0.00000E+00 0.0000
    1.4081E+00   0.00000E+00 0.0000
    1.4488E+00   0.00000E+00 0.0000
    1.4907E+00   0.00000E+00 0.0000
    1.5339E+00   0.00000E+00 0.0000
    1.5782E+00   0.00000E+00 0.0000
    1.6239E+00   0.00000E+00 0.0000
    1.6709E+00   0.00000E+00 0.0000
    1.7192E+00   0.00000E+00 0.0000
    1.7689E+00   0.00000E+00 0.0000
    1.8201E+00   0.00000E+00 0.0000
    1.8728E+00   0.00000E+00 0.0000
    1.9269E+00   0.00000E+00 0.0000
    1.9827E+00   0.00000E+00 0.0000
    2.0400E+00   0.00000E+00 0.0000
    2.0991E+00   0.00000E+00 0.0000
    2.1598E+00   0.00000E+00 0.0000
    2.2223E+00   0.00000E+00 0.0000
    2.2866E+00   0.00000E+00 0.0000
    2.3527E+00   0.00000E+00 0.0000
    2.4208E+00   0.00000E+00 0.0000
    2.4908E+00   0.00000E+00 0.0000
    2.5629E+00   0.00000E+00 0.0000
    2.6370E+00   0.00000E+00 0.0000
    2.7133E+00   0.00000E+00 0.0000
    2.7918E+00   0.00000E+00 0.0000
    2.8725E+00   0.00000E+00 0.0000
    2.9557E+00   0.00000E+00 0.0000
    3.0412E+00   0.00000E+00 0.0000
    3.1291E+00   0.00000E+00 0.0000
    3.2197E+00   0.00000E+00 0.0000
    3.3128E+00   0.00000E+00 0.0000
    3.4086E+00   0.00000E+00 0.0000
    3.5072E+00   0.00000E+00 0.0000
    3.6087E+00   0.00000E+00 0.0000
    3.7131E+00   0.00000E+00 0.0000
    3.8205E+00   0.00000E+00 0.0000
    3.9311E+00   0.00000E+00 0.0000
    4.0448E+00   0.00000E+00 0.0000
    4.1618E+00   0.00000E+00 0.0000
    4.2822E+00   0.00000E+00 0.0000
    4.4061E+00   0.00000E+00 0.0000
    4.5335E+00   0.00000E+00 0.0000
    4.6647E+00   0.00000E+00 0.0000
    4.7996E+00   0.00000E+00 0.0000
    4.9385E+00   0.00000E+00 0.0000
    5.0814E+00   0.00000E+00 0.0000
    5.2284E+00   0.00000E+00 0.0000
    5.3796E+00   0.00000E+00 0.0000
    5.5352E+00   0.00000E+00 0.0000
    5.6954E+00   0.00000E+00 0.0000
    5.8601E+00   0.00000E+00 0.0000
    6.0297E+00   0.00000E+00 0.0000
    6.2041E+00   0.00000E+00 0.0000
    6.3836E+00   8.44339E-05 0.0010
    6.5683E+00   0.00000E+00 0.0000
    6.7583E+00   2.96634E-09 0.1801
    6.9538E+00   8.39392E-11 0.7181
    7.1550E+00   2.61056E-09 0.1970
    7.3619E+00   0.00000E+00 0.0000
    7.5749E+00   1.23544E-10 1.0000
    7.7941E+00   3.21045E-09 0.1877
    8.0195E+00   3.50994E-10 0.5816
    8.2515E+00   2.30234E-09 0.2331
    8.4902E+00   1.31581E-10 1.0000
    8.7359E+00   2.53308E-09 0.2249
    8.9886E+00   0.00000E+00 0.0000
    9.2486E+00   2.67048E-09 0.2217
    9.5162E+00   0.00000E+00 0.0000
    9.7915E+00   1.45408E-10 1.0000
    1.0075E+01   1.66814E-09 0.2812
    1.0366E+01   0.00000E+00 0.0000
    1.0666E+01   2.27911E-09 0.2507
    1.0975E+01   3.16722E-10 0.7071
    1.1292E+01   2.31687E-09 0.2565
    1.1619E+01   1.64880E-10 1.0000
    1.1955E+01   1.35650E-10 1.0000
    1.2301E+01   1.47855E-09 0.3176
    1.2657E+01   4.68889E-10 0.5800
    1.3023E+01   1.00861E-09 0.3755
    1.3400E+01   1.43062E-10 1.0000
    1.3787E+01   3.27875E-10 0.5918
    1.4186E+01   1.53484E-09 0.3082
    1.4596E+01   1.46548E-11 1.0000
    1.5019E+01   4.76007E-10 0.5228
    1.5453E+01   5.31821E-10 0.4155
    1.5900E+01   8.51416E-10 0.3858
    1.6360E+01   1.79478E-10 0.7071
    1.6834E+01   3.58957E-10 0.5000
    1.7321E+01   1.32722E-09 0.3374
    1.7822E+01   7.67706E-11 1.0000
    1.8337E+01   6.57251E-10 0.4277
    1.8868E+01   1.96980E-10 0.5774
    1.9413E+01   6.56600E-11 1.0000
    1.9975E+01   5.91143E-10 0.4066
    2.0553E+01   5.61456E-11 1.0000
    2.1148E+01   8.60622E-10 0.3688
    2.1759E+01   9.60028E-11 0.7071
    2.2389E+01   1.92006E-10 0.5000
    2.3037E+01   6.47850E-10 0.3732
    2.3703E+01   1.64133E-10 0.5000
    2.4389E+01   6.97389E-10 0.3080
    2.5094E+01   1.29927E-10 0.4948
    2.5820E+01   8.65996E-11 0.6035
    2.6567E+01   7.19875E-10 0.3064
    2.7336E+01   2.99775E-11 1.0000
    2.8127E+01   4.63941E-10 0.3531
    2.8940E+01   7.68594E-11 0.5774
    2.9777E+01   3.57291E-10 0.3235
    3.0639E+01   1.42696E-10 0.3841
    3.1525E+01   4.37894E-11 0.7071
    3.2437E+01   3.01825E-10 0.3503
    3.3376E+01   7.48438E-11 0.5000
    3.4341E+01   2.36338E-10 0.4053
    3.5335E+01   3.19807E-11 0.7071
    3.6357E+01   3.19807E-11 0.7071
    3.7409E+01   2.23310E-10 0.3777
    3.8491E+01   5.46654E-11 0.5000
    3.9604E+01   2.79788E-10 0.3029
    4.0750E+01   4.67292E-11 0.5000
    4.1929E+01   4.67292E-11 0.5000
    4.3142E+01   3.30045E-10 0.2757
    4.4390E+01   9.98775E-12 1.0000
    4.5674E+01   2.87917E-10 0.2740
    4.6996E+01   6.83158E-11 0.3536
    4.8355E+01   1.70789E-11 0.7071
    4.9754E+01   2.50735E-10 0.2825
    5.1193E+01   2.92070E-11 0.5000
    5.2674E+01   2.40445E-10 0.2559
    5.4198E+01   3.74639E-11 0.4082
    5.5766E+01   3.12199E-11 0.4472
    5.7379E+01   2.19846E-10 0.2454
    5.9039E+01   3.20404E-11 0.4082
    6.0747E+01   2.22510E-10 0.2298
    6.2505E+01   4.56759E-11 0.3162
    6.4313E+01   1.87516E-10 0.2208
    6.6174E+01   3.51724E-11 0.3333
    6.8088E+01   3.90805E-11 0.3162
    7.0058E+01   1.62261E-10 0.2231
    7.2084E+01   3.34527E-11 0.3162
    7.4170E+01   1.43716E-10 0.2236
    7.6315E+01   2.57783E-11 0.3333
    7.8523E+01   1.71855E-11 0.4082
    8.0795E+01   1.39006E-10 0.2176
    8.3132E+01   1.96229E-11 0.3536
    8.5537E+01   1.25991E-10 0.2059
    8.8012E+01   2.31125E-11 0.3015
    9.0558E+01   1.01179E-10 0.2037
    9.3178E+01   1.80176E-11 0.3162
    9.5873E+01   2.34228E-11 0.2773
    9.8647E+01   9.17975E-11 0.2085
    1.0150E+02   1.08308E-11 0.3780
    1.0444E+02   7.35607E-11 0.2085
    1.0746E+02   1.59422E-11 0.2887
    1.1057E+02   6.46075E-11 0.2088
    1.1377E+02   1.71075E-11 0.2582
    1.1706E+02   6.84299E-12 0.4082
    1.2044E+02   5.67757E-11 0.2083
    1.2393E+02   1.07678E-11 0.3015
    1.2751E+02   4.65085E-11 0.2084
    1.3120E+02   9.08890E-12 0.3019
    1.3500E+02   3.85350E-11 0.2184
    1.3890E+02   4.32225E-12 0.4082
    1.4292E+02   7.92413E-12 0.3015
    1.4706E+02   3.37633E-11 0.2181
    1.5131E+02   4.94108E-12 0.3536
    1.5569E+02   3.01720E-11 0.2178
    1.6019E+02   2.64662E-12 0.4472
    1.6483E+02   2.44654E-11 0.2177
    1.6959E+02   4.98867E-12 0.3015
    1.7450E+02   1.81406E-12 0.5000
    1.7955E+02   2.14334E-11 0.2222
    1.8474E+02   2.71939E-12 0.3780
    1.9009E+02   1.59137E-11 0.2230
    1.9559E+02   3.32650E-12 0.3162
    2.0124E+02   2.99385E-12 0.3333
    2.0707E+02   1.48569E-11 0.2228
    2.1306E+02   1.70873E-12 0.4082
    2.1922E+02   1.19479E-11 0.2234
    2.2556E+02   2.68169E-12 0.3015
    2.3209E+02   1.46274E-12 0.4082
    2.3880E+02   1.12694E-11 0.2222
    2.4571E+02   1.04346E-12 0.4472
    2.5282E+02   9.19391E-12 0.2239
    2.6013E+02   1.42933E-12 0.3536
    2.6766E+02   7.34790E-12 0.2284
    2.7540E+02   1.37764E-12 0.3333
    2.8337E+02   7.65354E-13 0.4472
    2.9157E+02   6.32499E-12 0.2284
    3.0000E+02   1.31318E-12 0.3162
      total      8.44779E-05 0.0010
 
 cell  420                                                                                                                             
 user bin 10000000000.00000
    s(e) (MeV/cm)
    1.0000E+00   0.00000E+00 0.0000
    1.0289E+00   0.00000E+00 0.0000
    1.0587E+00   0.00000E+00 0.0000
    1.0893E+00   0.00000E+00 0.0000
    1.1208E+00   0.00000E+00 0.0000
    1.1533E+00   0.00000E+00 0.0000
    1.1866E+00   0.00000E+00 0.0000
    1.2210E+00   0.00000E+00 0.0000
    1.2563E+00   0.00000E+00 0.0000
    1.2926E+00   0.00000E+00 0.0000
    1.3300E+00   0.00000E+00 0.0000
    1.3685E+00   0.00000E+00 0.0000
    1.4081E+00   0.00000E+00 0.0000
    1.4488E+00   0.00000E+00 0.0000
    1.4907E+00   0.00000E+00 0.0000
    1.5339E+00   0.00000E+00 0.0000
    1.5782E+00   0.00000E+00 0.0000
    1.6239E+00   0.00000E+00 0.0000
    1.6709E+00   0.00000E+00 0.0000
    1.7192E+00   0.00000E+00 0.0000
    1.7689E+00   0.00000E+00 0.0000
    1.8201E+00   0.00000E+00 0.0000
    1.8728E+00   0.00000E+00 0.0000
    1.9269E+00   0.00000E+00 0.0000
    1.9827E+00   0.00000E+00 0.0000
    2.0400E+00   0.00000E+00 0.0000
    2.0991E+00   0.00000E+00 0.0000
    2.1598E+00   0.00000E+00 0.0000
    2.2223E+00   0.00000E+00 0.0000
    2.2866E+00   0.00000E+00 0.0000
    2.3527E+00   0.00000E+00 0.0000
    2.4208E+00   0.00000E+00 0.0000
    2.4908E+00   0.00000E+00 0.0000
    2.5629E+00   0.00000E+00 0.0000
    2.6370E+00   0.00000E+00 0.0000
    2.7133E+00   0.00000E+00 0.0000
    2.7918E+00   0.00000E+00 0.0000
    2.8725E+00   0.00000E+00 0.0000
    2.9557E+00   0.00000E+00 0.0000
    3.0412E+00   0.00000E+00 0.0000
    3.1291E+00   0.00000E+00 0.0000
    3.2197E+00   0.00000E+00 0.0000
    3.3128E+00   0.00000E+00 0.0000
    3.4086E+00   0.00000E+00 0.0000
    3.5072E+00   0.00000E+00 0.0000
    3.6087E+00   0.00000E+00 0.0000
    3.7131E+00   0.00000E+00 0.0000
    3.8205E+00   0.00000E+00 0.0000
    3.9311E+00   0.00000E+00 0.0000
    4.0448E+00   0.00000E+00 0.0000
    4.1618E+00   0.00000E+00 0.0000
    4.2822E+00   0.00000E+00 0.0000
    4.4061E+00   0.00000E+00 0.0000
    4.5335E+00   0.00000E+00 0.0000
    4.6647E+00   0.00000E+00 0.0000
    4.7996E+00   0.00000E+00 0.0000
    4.9385E+00   0.00000E+00 0.0000
    5.0814E+00   0.00000E+00 0.0000
    5.2284E+00   0.00000E+00 0.0000
    5.3796E+00   0.00000E+00 0.0000
    5.5352E+00   0.00000E+00 0.0000
    5.6954E+00   0.00000E+00 0.0000
    5.8601E+00   0.00000E+00 0.0000
    6.0297E+00   0.00000E+00 0.0000
    6.2041E+00   0.00000E+00 0.0000
    6.3836E+00   9.49336E-03 0.0009
    6.5683E+00   4.89048E-07 0.0155
    6.7583E+00   1.75113E-05 0.0028
    6.9538E+00   5.15324E-07 0.0153
    7.1550E+00   1.64140E-05 0.0028
    7.3619E+00   5.93768E-07 0.0145
    7.5749E+00   6.14219E-07 0.0143
    7.7941E+00   1.63077E-05 0.0029
    8.0195E+00   7.05101E-07 0.0136
    8.2515E+00   1.54771E-05 0.0030
    8.4902E+00   7.93466E-07 0.0131
    8.7359E+00   1.43988E-05 0.0031
    8.9886E+00   8.80438E-07 0.0127
    9.2486E+00   1.34209E-05 0.0033
    9.5162E+00   9.87723E-07 0.0122
    9.7915E+00   1.00111E-06 0.0121
    1.0075E+01   1.23619E-05 0.0035
    1.0366E+01   1.13134E-06 0.0116
    1.0666E+01   1.12895E-05 0.0037
    1.0975E+01   1.23441E-06 0.0112
    1.1292E+01   1.02304E-05 0.0039
    1.1619E+01   1.29629E-06 0.0109
    1.1955E+01   1.38735E-06 0.0106
    1.2301E+01   9.43312E-06 0.0042
    1.2657E+01   1.42938E-06 0.0102
    1.3023E+01   8.66785E-06 0.0043
    1.3400E+01   1.34216E-06 0.0101
    1.3787E+01   1.42731E-06 0.0098
    1.4186E+01   7.96049E-06 0.0044
    1.4596E+01   1.27040E-06 0.0096
    1.5019E+01   7.44392E-06 0.0045
    1.5453E+01   1.11560E-06 0.0094
    1.5900E+01   6.80759E-06 0.0046
    1.6360E+01   1.04624E-06 0.0090
    1.6834E+01   1.08713E-06 0.0089
    1.7321E+01   6.26676E-06 0.0046
    1.7822E+01   9.93897E-07 0.0086
    1.8337E+01   5.77035E-06 0.0046
    1.8868E+01   9.35895E-07 0.0083
    1.9413E+01   9.54504E-07 0.0082
    1.9975E+01   5.15585E-06 0.0046
    2.0553E+01   8.35831E-07 0.0081
    2.1148E+01   4.73161E-06 0.0046
    2.1759E+01   7.68285E-07 0.0079
    2.2389E+01   7.75663E-07 0.0078
    2.3037E+01   4.29758E-06 0.0045
    2.3703E+01   6.75101E-07 0.0078
    2.4389E+01   3.91835E-06 0.0045
    2.5094E+01   6.37498E-07 0.0074
    2.5820E+01   6.37465E-07 0.0074
    2.6567E+01   3.50226E-06 0.0044
    2.7336E+01   5.40294E-07 0.0074
    2.8127E+01   3.18903E-06 0.0043
    2.8940E+01   5.09077E-07 0.0071
    2.9777E+01   2.83601E-06 0.0043
    3.0639E+01   5.39223E-07 0.0064
    3.1525E+01   4.28947E-07 0.0072
    3.2437E+01   2.61333E-06 0.0042
    3.3376E+01   4.14029E-07 0.0068
    3.4341E+01   2.29397E-06 0.0041
    3.5335E+01   4.43198E-07 0.0061
    3.6357E+01   3.41702E-07 0.0069
    3.7409E+01   2.10888E-06 0.0040
    3.8491E+01   3.26996E-07 0.0065
    3.9604E+01   1.84538E-06 0.0040
    4.0750E+01   3.59733E-07 0.0058
    4.1929E+01   2.69442E-07 0.0066
    4.3142E+01   1.70940E-06 0.0039
    4.4390E+01   2.55499E-07 0.0063
    4.5674E+01   1.49550E-06 0.0038
    4.6996E+01   2.87080E-07 0.0055
    4.8355E+01   2.14970E-07 0.0064
    4.9754E+01   1.37452E-06 0.0037
    5.1193E+01   1.98399E-07 0.0061
    5.2674E+01   1.20356E-06 0.0037
    5.4198E+01   2.20465E-07 0.0054
    5.5766E+01   1.74218E-07 0.0061
    5.7379E+01   1.09485E-06 0.0036
    5.9039E+01   1.51954E-07 0.0060
    6.0747E+01   9.64164E-07 0.0036
    6.2505E+01   1.66073E-07 0.0053
    6.4313E+01   8.23170E-07 0.0035
    6.6174E+01   1.81281E-07 0.0048
    6.8088E+01   1.16726E-07 0.0059
    7.0058E+01   7.66010E-07 0.0035
    7.2084E+01   1.19743E-07 0.0054
    7.4170E+01   6.53976E-07 0.0034
    7.6315E+01   1.33216E-07 0.0048
    7.8523E+01   9.23667E-08 0.0057
    8.0795E+01   6.00706E-07 0.0034
    8.3132E+01   8.61461E-08 0.0054
    8.5537E+01   5.21166E-07 0.0034
    8.8012E+01   9.34249E-08 0.0049
    9.0558E+01   4.44266E-07 0.0033
    9.3178E+01   9.92978E-08 0.0044
    9.5873E+01   6.56703E-08 0.0054
    9.8647E+01   4.13222E-07 0.0033
    1.0150E+02   6.07379E-08 0.0052
    1.0444E+02   3.57413E-07 0.0033
    1.0746E+02   6.24676E-08 0.0048
    1.1057E+02   3.04284E-07 0.0033
    1.1377E+02   6.45903E-08 0.0044
    1.1706E+02   4.45475E-08 0.0052
    1.2044E+02   2.76866E-07 0.0032
    1.2393E+02   3.96942E-08 0.0051
    1.2751E+02   2.39182E-07 0.0032
    1.3120E+02   4.03634E-08 0.0047
    1.3500E+02   2.01854E-07 0.0032
    1.3890E+02   4.22825E-08 0.0043
    1.4292E+02   2.89139E-08 0.0051
    1.4706E+02   1.82212E-07 0.0032
    1.5131E+02   2.62582E-08 0.0050
    1.5569E+02   1.55667E-07 0.0032
    1.6019E+02   2.74880E-08 0.0046
    1.6483E+02   1.30831E-07 0.0032
    1.6959E+02   2.80872E-08 0.0042
    1.7450E+02   1.86761E-08 0.0051
    1.7955E+02   1.18108E-07 0.0032
    1.8474E+02   1.81265E-08 0.0048
    1.9009E+02   9.92296E-08 0.0031
    1.9559E+02   1.93493E-08 0.0043
    2.0124E+02   1.42148E-08 0.0050
    2.0707E+02   8.76905E-08 0.0031
    2.1306E+02   1.23833E-08 0.0050
    2.1922E+02   7.46965E-08 0.0031
    2.2556E+02   1.30005E-08 0.0045
    2.3209E+02   1.12600E-08 0.0048
    2.3880E+02   6.42693E-08 0.0031
    2.4571E+02   8.92916E-09 0.0050
    2.5282E+02   5.57473E-08 0.0031
    2.6013E+02   8.84678E-09 0.0047
    2.6766E+02   4.68490E-08 0.0031
    2.7540E+02   9.40571E-09 0.0042
    2.8337E+02   7.00364E-09 0.0048
    2.9157E+02   4.15038E-08 0.0031
    3.0000E+02   6.07978E-09 0.0048
      total      9.75912E-03 0.0009
 
 cell  420                                                                                                                             
 user bin total
    s(e) (MeV/cm)
    1.0000E+00   0.00000E+00 0.0000
    1.0289E+00   0.00000E+00 0.0000
    1.0587E+00   0.00000E+00 0.0000
    1.0893E+00   0.00000E+00 0.0000
    1.1208E+00   0.00000E+00 0.0000
    1.1533E+00   0.00000E+00 0.0000
    1.1866E+00   0.00000E+00 0.0000
    1.2210E+00   0.00000E+00 0.0000
    1.2563E+00   0.00000E+00 0.0000
    1.2926E+00   0.00000E+00 0.0000
    1.3300E+00   0.00000E+00 0.0000
    1.3685E+00   0.00000E+00 0.0000
    1.4081E+00   0.00000E+00 0.0000
    1.4488E+00   0.00000E+00 0.0000
    1.4907E+00   0.00000E+00 0.0000
    1.5339E+00   0.00000E+00 0.0000
    1.5782E+00   0.00000E+00 0.0000
    1.6239E+00   0.00000E+00 0.0000
    1.6709E+00   0.00000E+00 0.0000
    1.7192E+00   0.00000E+00 0.0000
    1.7689E+00   0.00000E+00 0.0000
    1.8201E+00   0.00000E+00 0.0000
    1.8728E+00   0.00000E+00 0.0000
    1.9269E+00   0.00000E+00 0.0000
    1.9827E+00   0.00000E+00 0.0000
    2.0400E+00   0.00000E+00 0.0000
    2.0991E+00   0.00000E+00 0.0000
    2.1598E+00   0.00000E+00 0.0000
    2.2223E+00   0.00000E+00 0.0000
    2.2866E+00   0.00000E+00 0.0000
    2.3527E+00   0.00000E+00 0.0000
    2.4208E+00   0.00000E+00 0.0000
    2.4908E+00   0.00000E+00 0.0000
    2.5629E+00   0.00000E+00 0.0000
    2.6370E+00   0.00000E+00 0.0000
    2.7133E+00   0.00000E+00 0.0000
    2.7918E+00   0.00000E+00 0.0000
    2.8725E+00   0.00000E+00 0.0000
    2.9557E+00   0.00000E+00 0.0000
    3.0412E+00   0.00000E+00 0.0000
    3.1291E+00   0.00000E+00 0.0000
    3.2197E+00   0.00000E+00 0.0000
    3.3128E+00   0.00000E+00 0.0000
    3.4086E+00   0.00000E+00 0.0000
    3.5072E+00   0.00000E+00 0.0000
    3.6087E+00   0.00000E+00 0.0000
    3.7131E+00   0.00000E+00 0.0000
    3.8205E+00   0.00000E+00 0.0000
    3.9311E+00   0.00000E+00 0.0000
    4.0448E+00   0.00000E+00 0.0000
    4.1618E+00   0.00000E+00 0.0000
    4.2822E+00   0.00000E+00 0.0000
    4.4061E+00   0.00000E+00 0.0000
    4.5335E+00   0.00000E+00 0.0000
    4.6647E+00   0.00000E+00 0.0000
    4.7996E+00   0.00000E+00 0.0000
    4.9385E+00   0.00000E+00 0.0000
    5.0814E+00   0.00000E+00 0.0000
    5.2284E+00   0.00000E+00 0.0000
    5.3796E+00   0.00000E+00 0.0000
    5.5352E+00   0.00000E+00 0.0000
    5.6954E+00   0.00000E+00 0.0000
    5.8601E+00   0.00000E+00 0.0000
    6.0297E+00   0.00000E+00 0.0000
    6.2041E+00   0.00000E+00 0.0000
    6.3836E+00   9.57779E-03 0.0009
    6.5683E+00   4.89048E-07 0.0155
    6.7583E+00   1.75142E-05 0.0028
    6.9538E+00   5.15408E-07 0.0153
    7.1550E+00   1.64166E-05 0.0028
    7.3619E+00   5.93768E-07 0.0145
    7.5749E+00   6.14343E-07 0.0143
    7.7941E+00   1.63109E-05 0.0029
    8.0195E+00   7.05452E-07 0.0136
    8.2515E+00   1.54794E-05 0.0030
    8.4902E+00   7.93597E-07 0.0131
    8.7359E+00   1.44014E-05 0.0031
    8.9886E+00   8.80438E-07 0.0127
    9.2486E+00   1.34235E-05 0.0033
    9.5162E+00   9.87723E-07 0.0122
    9.7915E+00   1.00126E-06 0.0121
    1.0075E+01   1.23635E-05 0.0035
    1.0366E+01   1.13134E-06 0.0116
    1.0666E+01   1.12918E-05 0.0037
    1.0975E+01   1.23473E-06 0.0112
    1.1292E+01   1.02328E-05 0.0039
    1.1619E+01   1.29646E-06 0.0109
    1.1955E+01   1.38749E-06 0.0106
    1.2301E+01   9.43460E-06 0.0042
    1.2657E+01   1.42985E-06 0.0102
    1.3023E+01   8.66886E-06 0.0043
    1.3400E+01   1.34230E-06 0.0101
    1.3787E+01   1.42763E-06 0.0098
    1.4186E+01   7.96202E-06 0.0044
    1.4596E+01   1.27042E-06 0.0096
    1.5019E+01   7.44440E-06 0.0045
    1.5453E+01   1.11613E-06 0.0094
    1.5900E+01   6.80844E-06 0.0046
    1.6360E+01   1.04641E-06 0.0090
    1.6834E+01   1.08749E-06 0.0089
    1.7321E+01   6.26808E-06 0.0046
    1.7822E+01   9.93974E-07 0.0086
    1.8337E+01   5.77101E-06 0.0046
    1.8868E+01   9.36092E-07 0.0083
    1.9413E+01   9.54570E-07 0.0082
    1.9975E+01   5.15644E-06 0.0046
    2.0553E+01   8.35888E-07 0.0081
    2.1148E+01   4.73247E-06 0.0046
    2.1759E+01   7.68381E-07 0.0079
    2.2389E+01   7.75855E-07 0.0078
    2.3037E+01   4.29823E-06 0.0045
    2.3703E+01   6.75265E-07 0.0078
    2.4389E+01   3.91904E-06 0.0045
    2.5094E+01   6.37628E-07 0.0074
    2.5820E+01   6.37552E-07 0.0074
    2.6567E+01   3.50298E-06 0.0044
    2.7336E+01   5.40324E-07 0.0074
    2.8127E+01   3.18949E-06 0.0043
    2.8940E+01   5.09154E-07 0.0071
    2.9777E+01   2.83637E-06 0.0043
    3.0639E+01   5.39366E-07 0.0064
    3.1525E+01   4.28990E-07 0.0072
    3.2437E+01   2.61363E-06 0.0042
    3.3376E+01   4.14104E-07 0.0068
    3.4341E+01   2.29421E-06 0.0041
    3.5335E+01   4.43230E-07 0.0061
    3.6357E+01   3.41734E-07 0.0069
    3.7409E+01   2.10910E-06 0.0040
    3.8491E+01   3.27051E-07 0.0065
    3.9604E+01   1.84566E-06 0.0040
    4.0750E+01   3.59780E-07 0.0058
    4.1929E+01   2.69489E-07 0.0066
    4.3142E+01   1.70973E-06 0.0039
    4.4390E+01   2.55509E-07 0.0063
    4.5674E+01   1.49579E-06 0.0038
    4.6996E+01   2.87148E-07 0.0055
    4.8355E+01   2.14988E-07 0.0064
    4.9754E+01   1.37477E-06 0.0037
    5.1193E+01   1.98429E-07 0.0061
    5.2674E+01   1.20380E-06 0.0037
    5.4198E+01   2.20502E-07 0.0054
    5.5766E+01   1.74249E-07 0.0061
    5.7379E+01   1.09507E-06 0.0036
    5.9039E+01   1.51986E-07 0.0060
    6.0747E+01   9.64386E-07 0.0036
    6.2505E+01   1.66119E-07 0.0053
    6.4313E+01   8.23358E-07 0.0035
    6.6174E+01   1.81316E-07 0.0048
    6.8088E+01   1.16765E-07 0.0059
    7.0058E+01   7.66172E-07 0.0035
    7.2084E+01   1.19776E-07 0.0054
    7.4170E+01   6.54119E-07 0.0034
    7.6315E+01   1.33241E-07 0.0048
    7.8523E+01   9.23839E-08 0.0057
    8.0795E+01   6.00845E-07 0.0034
    8.3132E+01   8.61658E-08 0.0054
    8.5537E+01   5.21292E-07 0.0034
    8.8012E+01   9.34480E-08 0.0049
    9.0558E+01   4.44367E-07 0.0033
    9.3178E+01   9.93158E-08 0.0044
    9.5873E+01   6.56937E-08 0.0054
    9.8647E+01   4.13314E-07 0.0033
    1.0150E+02   6.07488E-08 0.0052
    1.0444E+02   3.57487E-07 0.0033
    1.0746E+02   6.24835E-08 0.0048
    1.1057E+02   3.04349E-07 0.0033
    1.1377E+02   6.46074E-08 0.0044
    1.1706E+02   4.45543E-08 0.0052
    1.2044E+02   2.76923E-07 0.0032
    1.2393E+02   3.97050E-08 0.0051
    1.2751E+02   2.39229E-07 0.0032
    1.3120E+02   4.03725E-08 0.0047
    1.3500E+02   2.01892E-07 0.0032
    1.3890E+02   4.22868E-08 0.0043
    1.4292E+02   2.89218E-08 0.0051
    1.4706E+02   1.82246E-07 0.0032
    1.5131E+02   2.62632E-08 0.0050
    1.5569E+02   1.55697E-07 0.0032
    1.6019E+02   2.74906E-08 0.0046
    1.6483E+02   1.30855E-07 0.0032
    1.6959E+02   2.80922E-08 0.0042
    1.7450E+02   1.86780E-08 0.0051
    1.7955E+02   1.18129E-07 0.0032
    1.8474E+02   1.81293E-08 0.0048
    1.9009E+02   9.92455E-08 0.0031
    1.9559E+02   1.93527E-08 0.0043
    2.0124E+02   1.42178E-08 0.0050
    2.0707E+02   8.77053E-08 0.0031
    2.1306E+02   1.23850E-08 0.0050
    2.1922E+02   7.47085E-08 0.0031
    2.2556E+02   1.30032E-08 0.0045
    2.3209E+02   1.12615E-08 0.0048
    2.3880E+02   6.42805E-08 0.0031
    2.4571E+02   8.93020E-09 0.0050
    2.5282E+02   5.57565E-08 0.0031
    2.6013E+02   8.84821E-09 0.0047
    2.6766E+02   4.68563E-08 0.0031
    2.7540E+02   9.40708E-09 0.0042
    2.8337E+02   7.00441E-09 0.0048
    2.9157E+02   4.15101E-08 0.0031
    3.0000E+02   6.08110E-09 0.0048
      total      9.84360E-03 0.0009
 
 cell  421                                                                                                                             
 user bin          -1.00000
    s(e) (MeV/cm)
    1.0000E+00   0.00000E+00 0.0000
    1.0289E+00   0.00000E+00 0.0000
    1.0587E+00   0.00000E+00 0.0000
    1.0893E+00   0.00000E+00 0.0000
    1.1208E+00   0.00000E+00 0.0000
    1.1533E+00   0.00000E+00 0.0000
    1.1866E+00   0.00000E+00 0.0000
    1.2210E+00   0.00000E+00 0.0000
    1.2563E+00   0.00000E+00 0.0000
    1.2926E+00   0.00000E+00 0.0000
    1.3300E+00   0.00000E+00 0.0000
    1.3685E+00   0.00000E+00 0.0000
    1.4081E+00   0.00000E+00 0.0000
    1.4488E+00   0.00000E+00 0.0000
    1.4907E+00   0.00000E+00 0.0000
    1.5339E+00   0.00000E+00 0.0000
    1.5782E+00   0.00000E+00 0.0000
    1.6239E+00   0.00000E+00 0.0000
    1.6709E+00   0.00000E+00 0.0000
    1.7192E+00   0.00000E+00 0.0000
    1.7689E+00   0.00000E+00 0.0000
    1.8201E+00   0.00000E+00 0.0000
    1.8728E+00   0.00000E+00 0.0000
    1.9269E+00   0.00000E+00 0.0000
    1.9827E+00   0.00000E+00 0.0000
    2.0400E+00   0.00000E+00 0.0000
    2.0991E+00   0.00000E+00 0.0000
    2.1598E+00   0.00000E+00 0.0000
    2.2223E+00   0.00000E+00 0.0000
    2.2866E+00   0.00000E+00 0.0000
    2.3527E+00   0.00000E+00 0.0000
    2.4208E+00   0.00000E+00 0.0000
    2.4908E+00   0.00000E+00 0.0000
    2.5629E+00   0.00000E+00 0.0000
    2.6370E+00   0.00000E+00 0.0000
    2.7133E+00   0.00000E+00 0.0000
    2.7918E+00   0.00000E+00 0.0000
    2.8725E+00   0.00000E+00 0.0000
    2.9557E+00   0.00000E+00 0.0000
    3.0412E+00   0.00000E+00 0.0000
    3.1291E+00   0.00000E+00 0.0000
    3.2197E+00   0.00000E+00 0.0000
    3.3128E+00   0.00000E+00 0.0000
    3.4086E+00   0.00000E+00 0.0000
    3.5072E+00   0.00000E+00 0.0000
    3.6087E+00   0.00000E+00 0.0000
    3.7131E+00   0.00000E+00 0.0000
    3.8205E+00   0.00000E+00 0.0000
    3.9311E+00   0.00000E+00 0.0000
    4.0448E+00   0.00000E+00 0.0000
    4.1618E+00   0.00000E+00 0.0000
    4.2822E+00   0.00000E+00 0.0000
    4.4061E+00   0.00000E+00 0.0000
    4.5335E+00   0.00000E+00 0.0000
    4.6647E+00   0.00000E+00 0.0000
    4.7996E+00   0.00000E+00 0.0000
    4.9385E+00   0.00000E+00 0.0000
    5.0814E+00   0.00000E+00 0.0000
    5.2284E+00   0.00000E+00 0.0000
    5.3796E+00   0.00000E+00 0.0000
    5.5352E+00   0.00000E+00 0.0000
    5.6954E+00   0.00000E+00 0.0000
    5.8601E+00   0.00000E+00 0.0000
    6.0297E+00   0.00000E+00 0.0000
    6.2041E+00   0.00000E+00 0.0000
    6.3836E+00   8.38564E-05 0.0010
    6.5683E+00   1.13549E-10 1.0000
    6.7583E+00   5.58917E-09 0.1381
    6.9538E+00   0.00000E+00 0.0000
    7.1550E+00   4.93743E-09 0.1497
    7.3619E+00   1.23629E-10 1.0000
    7.5749E+00   0.00000E+00 0.0000
    7.7941E+00   4.86612E-09 0.1559
    8.0195E+00   2.56510E-10 0.7071
    8.2515E+00   3.40613E-09 0.1875
    8.4902E+00   3.99259E-10 0.5774
    8.7359E+00   3.14681E-09 0.1987
    8.9886E+00   4.19700E-10 0.5774
    9.2486E+00   3.07208E-09 0.2102
    9.5162E+00   2.92125E-10 0.7072
    9.7915E+00   4.47035E-10 0.5600
    1.0075E+01   2.80531E-09 0.2196
    1.0366E+01   2.70030E-10 0.7148
    1.0666E+01   2.75287E-09 0.2292
    1.0975E+01   3.17152E-10 0.7071
    1.1292E+01   3.16662E-09 0.2151
    1.1619E+01   4.84223E-10 0.5774
    1.1955E+01   4.54534E-10 0.5814
    1.2301E+01   3.17487E-09 0.2191
    1.2657E+01   1.65112E-10 1.0000
    1.3023E+01   2.39965E-09 0.2504
    1.3400E+01   1.43062E-10 1.0000
    1.3787E+01   3.82395E-10 0.5596
    1.4186E+01   2.04485E-09 0.2699
    1.4596E+01   2.45519E-10 0.6120
    1.5019E+01   1.81616E-09 0.2833
    1.5453E+01   1.04868E-10 1.0000
    1.5900E+01   1.58940E-09 0.3090
    1.6360E+01   0.00000E+00 0.0000
    1.6834E+01   3.58957E-10 0.5000
    1.7321E+01   1.56261E-09 0.2805
    1.7822E+01   3.52573E-10 0.4542
    1.8337E+01   1.39092E-09 0.3115
    1.8868E+01   2.62640E-10 0.5000
    1.9413E+01   1.87116E-10 0.5790
    1.9975E+01   1.11090E-09 0.3125
    2.0553E+01   2.01949E-10 0.5093
    2.1148E+01   3.56509E-10 0.4175
    2.1759E+01   0.00000E+00 0.0000
    2.2389E+01   1.56056E-10 0.5383
    2.3037E+01   9.21133E-10 0.3097
    2.3703E+01   4.10332E-11 1.0000
    2.4389E+01   1.26797E-09 0.2691
    2.5094E+01   1.75370E-10 0.4472
    2.5820E+01   1.72918E-10 0.4474
    2.6567E+01   1.30864E-09 0.2343
    2.7336E+01   1.46952E-10 0.4476
    2.8127E+01   9.30064E-10 0.2537
    2.8940E+01   1.79339E-10 0.3780
    2.9777E+01   1.04131E-09 0.2190
    3.0639E+01   2.18947E-10 0.3162
    3.1525E+01   1.09474E-10 0.4472
    3.2437E+01   8.92118E-10 0.2218
    3.3376E+01   1.30977E-10 0.3780
    3.4341E+01   6.06433E-10 0.2344
    3.5335E+01   2.07874E-10 0.2773
    3.6357E+01   6.39613E-11 0.5000
    3.7409E+01   6.06980E-10 0.2274
    3.8491E+01   1.77663E-10 0.2773
    3.9604E+01   4.66457E-10 0.2329
    4.0750E+01   9.34584E-11 0.3536
    4.1929E+01   7.00938E-11 0.4082
    4.3142E+01   4.38662E-10 0.2351
    4.4390E+01   6.97087E-11 0.3780
    4.5674E+01   3.05525E-10 0.2492
    4.6996E+01   1.02474E-10 0.2887
    4.8355E+01   3.41579E-11 0.5000
    4.9754E+01   2.96240E-10 0.2489
    5.1193E+01   5.11122E-11 0.3780
    5.2674E+01   2.37513E-10 0.2523
    5.4198E+01   3.74639E-11 0.4082
    5.5766E+01   4.37079E-11 0.3780
    5.7379E+01   2.19846E-10 0.2430
    5.9039E+01   5.34006E-11 0.3162
    6.0747E+01   1.97055E-10 0.2282
    6.2505E+01   3.19732E-11 0.3780
    6.4313E+01   1.92942E-10 0.2290
    6.6174E+01   3.90805E-11 0.3162
    6.8088E+01   2.73563E-11 0.3780
    7.0058E+01   1.58353E-10 0.2286
    7.2084E+01   2.00716E-11 0.4082
    7.4170E+01   1.52790E-10 0.2231
    7.6315E+01   2.00498E-11 0.3780
    7.8523E+01   1.71855E-11 0.4082
    8.0795E+01   1.30824E-10 0.2224
    8.3132E+01   1.96229E-11 0.3536
    8.5537E+01   1.11712E-10 0.2112
    8.8012E+01   1.89102E-11 0.3333
    9.0558E+01   9.94881E-11 0.2114
    9.3178E+01   2.13953E-11 0.2889
    9.5873E+01   1.62158E-11 0.3333
    9.8647E+01   9.64393E-11 0.2042
    1.0150E+02   1.39254E-11 0.3333
    1.0444E+02   8.08046E-11 0.2045
    1.0746E+02   1.19566E-11 0.3333
    1.1057E+02   6.93576E-11 0.2022
    1.1377E+02   1.82480E-11 0.2500
    1.1706E+02   7.98349E-12 0.3780
    1.2044E+02   7.03093E-11 0.1958
    1.2393E+02   4.89446E-12 0.4472
    1.2751E+02   5.62654E-11 0.1970
    1.3120E+02   8.39867E-12 0.3162
    1.3500E+02   4.99271E-11 0.1904
    1.3890E+02   7.20376E-12 0.3162
    1.4292E+02   9.36488E-12 0.2773
    1.4706E+02   4.35180E-11 0.1941
    1.5131E+02   3.70581E-12 0.4082
    1.5569E+02   3.50275E-11 0.1975
    1.6019E+02   5.29324E-12 0.3162
    1.6483E+02   2.81964E-11 0.2007
    1.6959E+02   7.25624E-12 0.2500
    1.7450E+02   4.08164E-12 0.3333
    1.7955E+02   2.56336E-11 0.1969
    1.8474E+02   3.10788E-12 0.3536
    1.9009E+02   2.14694E-11 0.2009
    1.9559E+02   2.99385E-12 0.3333
    2.0124E+02   3.32650E-12 0.3162
    2.0707E+02   1.65177E-11 0.2040
    2.1306E+02   2.84788E-12 0.3162
    2.1922E+02   1.41010E-11 0.2042
    2.2556E+02   2.92548E-12 0.2887
    2.3209E+02   2.19411E-12 0.3333
    2.3880E+02   1.24137E-11 0.2039
    2.4571E+02   2.50431E-12 0.2887
    2.5282E+02   9.94676E-12 0.2054
    2.6013E+02   1.78666E-12 0.3162
    2.6766E+02   9.41461E-12 0.2048
    2.7540E+02   2.29606E-12 0.2582
    2.8337E+02   7.65354E-13 0.4472
    2.9157E+02   8.84178E-12 0.2042
    3.0000E+02   5.25270E-13 0.5000
      total      8.39255E-05 0.0010
 
 cell  421                                                                                                                             
 user bin 10000000000.00000
    s(e) (MeV/cm)
    1.0000E+00   0.00000E+00 0.0000
    1.0289E+00   0.00000E+00 0.0000
    1.0587E+00   0.00000E+00 0.0000
    1.0893E+00   0.00000E+00 0.0000
    1.1208E+00   0.00000E+00 0.0000
    1.1533E+00   0.00000E+00 0.0000
    1.1866E+00   0.00000E+00 0.0000
    1.2210E+00   0.00000E+00 0.0000
    1.2563E+00   0.00000E+00 0.0000
    1.2926E+00   0.00000E+00 0.0000
    1.3300E+00   0.00000E+00 0.0000
    1.3685E+00   0.00000E+00 0.0000
    1.4081E+00   0.00000E+00 0.0000
    1.4488E+00   0.00000E+00 0.0000
    1.4907E+00   0.00000E+00 0.0000
    1.5339E+00   0.00000E+00 0.0000
    1.5782E+00   0.00000E+00 0.0000
    1.6239E+00   0.00000E+00 0.0000
    1.6709E+00   0.00000E+00 0.0000
    1.7192E+00   0.00000E+00 0.0000
    1.7689E+00   0.00000E+00 0.0000
    1.8201E+00   0.00000E+00 0.0000
    1.8728E+00   0.00000E+00 0.0000
    1.9269E+00   0.00000E+00 0.0000
    1.9827E+00   0.00000E+00 0.0000
    2.0400E+00   0.00000E+00 0.0000
    2.0991E+00   0.00000E+00 0.0000
    2.1598E+00   0.00000E+00 0.0000
    2.2223E+00   0.00000E+00 0.0000
    2.2866E+00   0.00000E+00 0.0000
    2.3527E+00   0.00000E+00 0.0000
    2.4208E+00   0.00000E+00 0.0000
    2.4908E+00   0.00000E+00 0.0000
    2.5629E+00   0.00000E+00 0.0000
    2.6370E+00   0.00000E+00 0.0000
    2.7133E+00   0.00000E+00 0.0000
    2.7918E+00   0.00000E+00 0.0000
    2.8725E+00   0.00000E+00 0.0000
    2.9557E+00   0.00000E+00 0.0000
    3.0412E+00   0.00000E+00 0.0000
    3.1291E+00   0.00000E+00 0.0000
    3.2197E+00   0.00000E+00 0.0000
    3.3128E+00   0.00000E+00 0.0000
    3.4086E+00   0.00000E+00 0.0000
    3.5072E+00   0.00000E+00 0.0000
    3.6087E+00   0.00000E+00 0.0000
    3.7131E+00   0.00000E+00 0.0000
    3.8205E+00   0.00000E+00 0.0000
    3.9311E+00   0.00000E+00 0.0000
    4.0448E+00   0.00000E+00 0.0000
    4.1618E+00   0.00000E+00 0.0000
    4.2822E+00   0.00000E+00 0.0000
    4.4061E+00   0.00000E+00 0.0000
    4.5335E+00   0.00000E+00 0.0000
    4.6647E+00   0.00000E+00 0.0000
    4.7996E+00   0.00000E+00 0.0000
    4.9385E+00   0.00000E+00 0.0000
    5.0814E+00   0.00000E+00 0.0000
    5.2284E+00   0.00000E+00 0.0000
    5.3796E+00   0.00000E+00 0.0000
    5.5352E+00   0.00000E+00 0.0000
    5.6954E+00   0.00000E+00 0.0000
    5.8601E+00   0.00000E+00 0.0000
    6.0297E+00   0.00000E+00 0.0000
    6.2041E+00   0.00000E+00 0.0000
    6.3836E+00   9.47054E-03 0.0009
    6.5683E+00   5.15087E-07 0.0151
    6.7583E+00   1.84942E-05 0.0027
    6.9538E+00   5.31813E-07 0.0150
    7.1550E+00   1.71324E-05 0.0028
    7.3619E+00   6.30224E-07 0.0141
    7.5749E+00   6.41725E-07 0.0139
    7.7941E+00   1.70263E-05 0.0028
    8.0195E+00   7.42356E-07 0.0132
    8.2515E+00   1.61993E-05 0.0029
    8.4902E+00   8.38930E-07 0.0127
    8.7359E+00   1.50893E-05 0.0031
    8.9886E+00   9.16121E-07 0.0124
    9.2486E+00   1.39894E-05 0.0032
    9.5162E+00   1.02959E-06 0.0119
    9.7915E+00   1.06344E-06 0.0118
    1.0075E+01   1.28626E-05 0.0034
    1.0366E+01   1.17071E-06 0.0114
    1.0666E+01   1.17408E-05 0.0036
    1.0975E+01   1.28485E-06 0.0110
    1.1292E+01   1.06903E-05 0.0039
    1.1619E+01   1.35107E-06 0.0107
    1.1955E+01   1.40755E-06 0.0105
    1.2301E+01   9.77476E-06 0.0041
    1.2657E+01   1.46483E-06 0.0101
    1.3023E+01   9.01080E-06 0.0042
    1.3400E+01   1.39390E-06 0.0099
    1.3787E+01   1.42870E-06 0.0098
    1.4186E+01   8.22348E-06 0.0043
    1.4596E+01   1.29114E-06 0.0095
    1.5019E+01   7.70301E-06 0.0044
    1.5453E+01   1.15913E-06 0.0092
    1.5900E+01   7.05248E-06 0.0045
    1.6360E+01   1.07590E-06 0.0089
    1.6834E+01   1.09187E-06 0.0088
    1.7321E+01   6.36155E-06 0.0045
    1.7822E+01   1.04256E-06 0.0084
    1.8337E+01   5.88229E-06 0.0046
    1.8868E+01   9.49909E-07 0.0082
    1.9413E+01   9.69177E-07 0.0081
    1.9975E+01   5.33498E-06 0.0045
    2.0553E+01   8.64589E-07 0.0080
    2.1148E+01   4.87444E-06 0.0045
    2.1759E+01   7.94307E-07 0.0077
    2.2389E+01   7.93978E-07 0.0077
    2.3037E+01   4.36655E-06 0.0044
    2.3703E+01   6.93525E-07 0.0077
    2.4389E+01   3.99651E-06 0.0044
    2.5094E+01   6.45045E-07 0.0074
    2.5820E+01   6.54171E-07 0.0073
    2.6567E+01   3.59556E-06 0.0043
    2.7336E+01   5.67612E-07 0.0073
    2.8127E+01   3.28244E-06 0.0043
    2.8940E+01   5.25747E-07 0.0070
    2.9777E+01   2.91864E-06 0.0042
    3.0639E+01   5.52823E-07 0.0063
    3.1525E+01   4.43642E-07 0.0070
    3.2437E+01   2.67764E-06 0.0041
    3.3376E+01   4.18883E-07 0.0067
    3.4341E+01   2.36643E-06 0.0040
    3.5335E+01   4.59438E-07 0.0060
    3.6357E+01   3.49586E-07 0.0068
    3.7409E+01   2.18840E-06 0.0040
    3.8491E+01   3.40682E-07 0.0064
    3.9604E+01   1.91525E-06 0.0039
    4.0750E+01   3.73706E-07 0.0057
    4.1929E+01   2.78929E-07 0.0065
    4.3142E+01   1.77285E-06 0.0038
    4.4390E+01   2.61797E-07 0.0062
    4.5674E+01   1.54232E-06 0.0038
    4.6996E+01   2.95056E-07 0.0055
    4.8355E+01   2.21908E-07 0.0063
    4.9754E+01   1.42268E-06 0.0037
    5.1193E+01   2.05057E-07 0.0060
    5.2674E+01   1.24437E-06 0.0036
    5.4198E+01   2.26678E-07 0.0053
    5.5766E+01   1.79899E-07 0.0060
    5.7379E+01   1.12890E-06 0.0036
    5.9039E+01   1.57304E-07 0.0059
    6.0747E+01   9.94276E-07 0.0035
    6.2505E+01   1.70087E-07 0.0053
    6.4313E+01   8.49358E-07 0.0035
    6.6174E+01   1.87696E-07 0.0047
    6.8088E+01   1.20708E-07 0.0058
    7.0058E+01   7.91867E-07 0.0034
    7.2084E+01   1.24344E-07 0.0053
    7.4170E+01   6.77237E-07 0.0034
    7.6315E+01   1.37364E-07 0.0047
    7.8523E+01   9.65751E-08 0.0056
    8.0795E+01   6.21064E-07 0.0033
    8.3132E+01   8.84999E-08 0.0054
    8.5537E+01   5.38454E-07 0.0033
    8.8012E+01   9.67547E-08 0.0048
    9.0558E+01   4.59110E-07 0.0033
    9.3178E+01   1.02629E-07 0.0043
    9.5873E+01   6.80656E-08 0.0053
    9.8647E+01   4.26673E-07 0.0033
    1.0150E+02   6.26820E-08 0.0051
    1.0444E+02   3.69245E-07 0.0032
    1.0746E+02   6.44702E-08 0.0047
    1.1057E+02   3.14164E-07 0.0032
    1.1377E+02   6.63010E-08 0.0043
    1.1706E+02   4.64709E-08 0.0051
    1.2044E+02   2.86166E-07 0.0032
    1.2393E+02   4.08921E-08 0.0050
    1.2751E+02   2.47590E-07 0.0032
    1.3120E+02   4.20316E-08 0.0046
    1.3500E+02   2.09022E-07 0.0032
    1.3890E+02   4.37044E-08 0.0042
    1.4292E+02   3.01215E-08 0.0050
    1.4706E+02   1.88935E-07 0.0031
    1.5131E+02   2.72246E-08 0.0049
    1.5569E+02   1.61295E-07 0.0031
    1.6019E+02   2.86896E-08 0.0045
    1.6483E+02   1.35349E-07 0.0031
    1.6959E+02   2.92807E-08 0.0041
    1.7450E+02   1.93253E-08 0.0050
    1.7955E+02   1.22244E-07 0.0031
    1.8474E+02   1.87970E-08 0.0047
    1.9009E+02   1.02683E-07 0.0031
    1.9559E+02   1.99658E-08 0.0043
    2.0124E+02   1.47571E-08 0.0049
    2.0707E+02   9.06732E-08 0.0031
    2.1306E+02   1.28951E-08 0.0049
    2.1922E+02   7.72539E-08 0.0031
    2.2556E+02   1.35928E-08 0.0044
    2.3209E+02   1.16271E-08 0.0047
    2.3880E+02   6.65868E-08 0.0031
    2.4571E+02   9.24737E-09 0.0049
    2.5282E+02   5.78452E-08 0.0031
    2.6013E+02   9.15136E-09 0.0046
    2.6766E+02   4.86389E-08 0.0031
    2.7540E+02   9.59403E-09 0.0042
    2.8337E+02   7.39523E-09 0.0047
    2.9157E+02   4.29318E-08 0.0031
    3.0000E+02   6.29716E-09 0.0047
      total      9.74640E-03 0.0009
 
 cell  421                                                                                                                             
 user bin total
    s(e) (MeV/cm)
    1.0000E+00   0.00000E+00 0.0000
    1.0289E+00   0.00000E+00 0.0000
    1.0587E+00   0.00000E+00 0.0000
    1.0893E+00   0.00000E+00 0.0000
    1.1208E+00   0.00000E+00 0.0000
    1.1533E+00   0.00000E+00 0.0000
    1.1866E+00   0.00000E+00 0.0000
    1.2210E+00   0.00000E+00 0.0000
    1.2563E+00   0.00000E+00 0.0000
    1.2926E+00   0.00000E+00 0.0000
    1.3300E+00   0.00000E+00 0.0000
    1.3685E+00   0.00000E+00 0.0000
    1.4081E+00   0.00000E+00 0.0000
    1.4488E+00   0.00000E+00 0.0000
    1.4907E+00   0.00000E+00 0.0000
    1.5339E+00   0.00000E+00 0.0000
    1.5782E+00   0.00000E+00 0.0000
    1.6239E+00   0.00000E+00 0.0000
    1.6709E+00   0.00000E+00 0.0000
    1.7192E+00   0.00000E+00 0.0000
    1.7689E+00   0.00000E+00 0.0000
    1.8201E+00   0.00000E+00 0.0000
    1.8728E+00   0.00000E+00 0.0000
    1.9269E+00   0.00000E+00 0.0000
    1.9827E+00   0.00000E+00 0.0000
    2.0400E+00   0.00000E+00 0.0000
    2.0991E+00   0.00000E+00 0.0000
    2.1598E+00   0.00000E+00 0.0000
    2.2223E+00   0.00000E+00 0.0000
    2.2866E+00   0.00000E+00 0.0000
    2.3527E+00   0.00000E+00 0.0000
    2.4208E+00   0.00000E+00 0.0000
    2.4908E+00   0.00000E+00 0.0000
    2.5629E+00   0.00000E+00 0.0000
    2.6370E+00   0.00000E+00 0.0000
    2.7133E+00   0.00000E+00 0.0000
    2.7918E+00   0.00000E+00 0.0000
    2.8725E+00   0.00000E+00 0.0000
    2.9557E+00   0.00000E+00 0.0000
    3.0412E+00   0.00000E+00 0.0000
    3.1291E+00   0.00000E+00 0.0000
    3.2197E+00   0.00000E+00 0.0000
    3.3128E+00   0.00000E+00 0.0000
    3.4086E+00   0.00000E+00 0.0000
    3.5072E+00   0.00000E+00 0.0000
    3.6087E+00   0.00000E+00 0.0000
    3.7131E+00   0.00000E+00 0.0000
    3.8205E+00   0.00000E+00 0.0000
    3.9311E+00   0.00000E+00 0.0000
    4.0448E+00   0.00000E+00 0.0000
    4.1618E+00   0.00000E+00 0.0000
    4.2822E+00   0.00000E+00 0.0000
    4.4061E+00   0.00000E+00 0.0000
    4.5335E+00   0.00000E+00 0.0000
    4.6647E+00   0.00000E+00 0.0000
    4.7996E+00   0.00000E+00 0.0000
    4.9385E+00   0.00000E+00 0.0000
    5.0814E+00   0.00000E+00 0.0000
    5.2284E+00   0.00000E+00 0.0000
    5.3796E+00   0.00000E+00 0.0000
    5.5352E+00   0.00000E+00 0.0000
    5.6954E+00   0.00000E+00 0.0000
    5.8601E+00   0.00000E+00 0.0000
    6.0297E+00   0.00000E+00 0.0000
    6.2041E+00   0.00000E+00 0.0000
    6.3836E+00   9.55440E-03 0.0009
    6.5683E+00   5.15200E-07 0.0151
    6.7583E+00   1.84998E-05 0.0027
    6.9538E+00   5.31813E-07 0.0150
    7.1550E+00   1.71373E-05 0.0028
    7.3619E+00   6.30347E-07 0.0141
    7.5749E+00   6.41725E-07 0.0139
    7.7941E+00   1.70312E-05 0.0028
    8.0195E+00   7.42613E-07 0.0132
    8.2515E+00   1.62027E-05 0.0029
    8.4902E+00   8.39329E-07 0.0127
    8.7359E+00   1.50925E-05 0.0031
    8.9886E+00   9.16541E-07 0.0124
    9.2486E+00   1.39925E-05 0.0032
    9.5162E+00   1.02988E-06 0.0119
    9.7915E+00   1.06389E-06 0.0118
    1.0075E+01   1.28654E-05 0.0034
    1.0366E+01   1.17098E-06 0.0114
    1.0666E+01   1.17436E-05 0.0036
    1.0975E+01   1.28517E-06 0.0110
    1.1292E+01   1.06934E-05 0.0039
    1.1619E+01   1.35156E-06 0.0107
    1.1955E+01   1.40801E-06 0.0105
    1.2301E+01   9.77793E-06 0.0041
    1.2657E+01   1.46499E-06 0.0101
    1.3023E+01   9.01320E-06 0.0042
    1.3400E+01   1.39405E-06 0.0099
    1.3787E+01   1.42908E-06 0.0098
    1.4186E+01   8.22552E-06 0.0043
    1.4596E+01   1.29139E-06 0.0095
    1.5019E+01   7.70483E-06 0.0044
    1.5453E+01   1.15924E-06 0.0092
    1.5900E+01   7.05406E-06 0.0045
    1.6360E+01   1.07590E-06 0.0089
    1.6834E+01   1.09223E-06 0.0088
    1.7321E+01   6.36311E-06 0.0045
    1.7822E+01   1.04292E-06 0.0084
    1.8337E+01   5.88368E-06 0.0046
    1.8868E+01   9.50171E-07 0.0082
    1.9413E+01   9.69365E-07 0.0081
    1.9975E+01   5.33609E-06 0.0045
    2.0553E+01   8.64790E-07 0.0080
    2.1148E+01   4.87480E-06 0.0045
    2.1759E+01   7.94307E-07 0.0077
    2.2389E+01   7.94135E-07 0.0077
    2.3037E+01   4.36747E-06 0.0044
    2.3703E+01   6.93566E-07 0.0077
    2.4389E+01   3.99777E-06 0.0044
    2.5094E+01   6.45220E-07 0.0074
    2.5820E+01   6.54344E-07 0.0073
    2.6567E+01   3.59687E-06 0.0043
    2.7336E+01   5.67759E-07 0.0073
    2.8127E+01   3.28337E-06 0.0043
    2.8940E+01   5.25927E-07 0.0070
    2.9777E+01   2.91968E-06 0.0042
    3.0639E+01   5.53042E-07 0.0063
    3.1525E+01   4.43752E-07 0.0070
    3.2437E+01   2.67853E-06 0.0041
    3.3376E+01   4.19014E-07 0.0067
    3.4341E+01   2.36704E-06 0.0040
    3.5335E+01   4.59646E-07 0.0060
    3.6357E+01   3.49650E-07 0.0068
    3.7409E+01   2.18901E-06 0.0040
    3.8491E+01   3.40860E-07 0.0064
    3.9604E+01   1.91572E-06 0.0039
    4.0750E+01   3.73800E-07 0.0057
    4.1929E+01   2.78999E-07 0.0065
    4.3142E+01   1.77329E-06 0.0038
    4.4390E+01   2.61866E-07 0.0062
    4.5674E+01   1.54262E-06 0.0038
    4.6996E+01   2.95159E-07 0.0055
    4.8355E+01   2.21942E-07 0.0063
    4.9754E+01   1.42298E-06 0.0037
    5.1193E+01   2.05108E-07 0.0060
    5.2674E+01   1.24461E-06 0.0036
    5.4198E+01   2.26715E-07 0.0053
    5.5766E+01   1.79943E-07 0.0060
    5.7379E+01   1.12912E-06 0.0036
    5.9039E+01   1.57357E-07 0.0059
    6.0747E+01   9.94473E-07 0.0035
    6.2505E+01   1.70119E-07 0.0053
    6.4313E+01   8.49551E-07 0.0035
    6.6174E+01   1.87735E-07 0.0047
    6.8088E+01   1.20735E-07 0.0058
    7.0058E+01   7.92025E-07 0.0034
    7.2084E+01   1.24365E-07 0.0053
    7.4170E+01   6.77389E-07 0.0034
    7.6315E+01   1.37385E-07 0.0047
    7.8523E+01   9.65923E-08 0.0056
    8.0795E+01   6.21195E-07 0.0033
    8.3132E+01   8.85195E-08 0.0054
    8.5537E+01   5.38565E-07 0.0033
    8.8012E+01   9.67736E-08 0.0048
    9.0558E+01   4.59209E-07 0.0033
    9.3178E+01   1.02650E-07 0.0043
    9.5873E+01   6.80818E-08 0.0053
    9.8647E+01   4.26769E-07 0.0033
    1.0150E+02   6.26959E-08 0.0051
    1.0444E+02   3.69326E-07 0.0032
    1.0746E+02   6.44821E-08 0.0047
    1.1057E+02   3.14233E-07 0.0032
    1.1377E+02   6.63192E-08 0.0043
    1.1706E+02   4.64789E-08 0.0051
    1.2044E+02   2.86236E-07 0.0032
    1.2393E+02   4.08970E-08 0.0050
    1.2751E+02   2.47646E-07 0.0032
    1.3120E+02   4.20400E-08 0.0046
    1.3500E+02   2.09071E-07 0.0032
    1.3890E+02   4.37116E-08 0.0042
    1.4292E+02   3.01309E-08 0.0050
    1.4706E+02   1.88979E-07 0.0031
    1.5131E+02   2.72283E-08 0.0049
    1.5569E+02   1.61330E-07 0.0031
    1.6019E+02   2.86949E-08 0.0045
    1.6483E+02   1.35377E-07 0.0031
    1.6959E+02   2.92879E-08 0.0041
    1.7450E+02   1.93294E-08 0.0050
    1.7955E+02   1.22270E-07 0.0031
    1.8474E+02   1.88001E-08 0.0047
    1.9009E+02   1.02704E-07 0.0031
    1.9559E+02   1.99688E-08 0.0043
    2.0124E+02   1.47604E-08 0.0049
    2.0707E+02   9.06898E-08 0.0031
    2.1306E+02   1.28980E-08 0.0049
    2.1922E+02   7.72680E-08 0.0031
    2.2556E+02   1.35958E-08 0.0044
    2.3209E+02   1.16293E-08 0.0047
    2.3880E+02   6.65992E-08 0.0031
    2.4571E+02   9.24987E-09 0.0049
    2.5282E+02   5.78551E-08 0.0031
    2.6013E+02   9.15314E-09 0.0046
    2.6766E+02   4.86483E-08 0.0031
    2.7540E+02   9.59632E-09 0.0042
    2.8337E+02   7.39600E-09 0.0047
    2.9157E+02   4.29407E-08 0.0031
    3.0000E+02   6.29769E-09 0.0047
      total      9.83033E-03 0.0009
 
 cell  422                                                                                                                             
 user bin          -1.00000
    s(e) (MeV/cm)
    1.0000E+00   0.00000E+00 0.0000
    1.0289E+00   0.00000E+00 0.0000
    1.0587E+00   0.00000E+00 0.0000
    1.0893E+00   0.00000E+00 0.0000
    1.1208E+00   0.00000E+00 0.0000
    1.1533E+00   0.00000E+00 0.0000
    1.1866E+00   0.00000E+00 0.0000
    1.2210E+00   0.00000E+00 0.0000
    1.2563E+00   0.00000E+00 0.0000
    1.2926E+00   0.00000E+00 0.0000
    1.3300E+00   0.00000E+00 0.0000
    1.3685E+00   0.00000E+00 0.0000
    1.4081E+00   0.00000E+00 0.0000
    1.4488E+00   0.00000E+00 0.0000
    1.4907E+00   0.00000E+00 0.0000
    1.5339E+00   0.00000E+00 0.0000
    1.5782E+00   0.00000E+00 0.0000
    1.6239E+00   0.00000E+00 0.0000
    1.6709E+00   0.00000E+00 0.0000
    1.7192E+00   0.00000E+00 0.0000
    1.7689E+00   0.00000E+00 0.0000
    1.8201E+00   0.00000E+00 0.0000
    1.8728E+00   0.00000E+00 0.0000
    1.9269E+00   0.00000E+00 0.0000
    1.9827E+00   0.00000E+00 0.0000
    2.0400E+00   0.00000E+00 0.0000
    2.0991E+00   0.00000E+00 0.0000
    2.1598E+00   0.00000E+00 0.0000
    2.2223E+00   0.00000E+00 0.0000
    2.2866E+00   0.00000E+00 0.0000
    2.3527E+00   0.00000E+00 0.0000
    2.4208E+00   0.00000E+00 0.0000
    2.4908E+00   0.00000E+00 0.0000
    2.5629E+00   0.00000E+00 0.0000
    2.6370E+00   0.00000E+00 0.0000
    2.7133E+00   0.00000E+00 0.0000
    2.7918E+00   0.00000E+00 0.0000
    2.8725E+00   0.00000E+00 0.0000
    2.9557E+00   0.00000E+00 0.0000
    3.0412E+00   0.00000E+00 0.0000
    3.1291E+00   0.00000E+00 0.0000
    3.2197E+00   0.00000E+00 0.0000
    3.3128E+00   0.00000E+00 0.0000
    3.4086E+00   0.00000E+00 0.0000
    3.5072E+00   0.00000E+00 0.0000
    3.6087E+00   0.00000E+00 0.0000
    3.7131E+00   0.00000E+00 0.0000
    3.8205E+00   0.00000E+00 0.0000
    3.9311E+00   0.00000E+00 0.0000
    4.0448E+00   0.00000E+00 0.0000
    4.1618E+00   0.00000E+00 0.0000
    4.2822E+00   0.00000E+00 0.0000
    4.4061E+00   0.00000E+00 0.0000
    4.5335E+00   0.00000E+00 0.0000
    4.6647E+00   0.00000E+00 0.0000
    4.7996E+00   0.00000E+00 0.0000
    4.9385E+00   0.00000E+00 0.0000
    5.0814E+00   0.00000E+00 0.0000
    5.2284E+00   0.00000E+00 0.0000
    5.3796E+00   0.00000E+00 0.0000
    5.5352E+00   0.00000E+00 0.0000
    5.6954E+00   0.00000E+00 0.0000
    5.8601E+00   0.00000E+00 0.0000
    6.0297E+00   0.00000E+00 0.0000
    6.2041E+00   0.00000E+00 0.0000
    6.3836E+00   8.33473E-05 0.0010
    6.5683E+00   1.60023E-10 1.0000
    6.7583E+00   9.07447E-09 0.1096
    6.9538E+00   1.17464E-10 1.0000
    7.1550E+00   6.84643E-09 0.1293
    7.3619E+00   1.23147E-10 1.0000
    7.5749E+00   0.00000E+00 0.0000
    7.7941E+00   6.30128E-09 0.1387
    8.0195E+00   4.12330E-10 0.5408
    8.2515E+00   5.08146E-09 0.1548
    8.4902E+00   2.14271E-10 0.7310
    8.7359E+00   4.58858E-09 0.1653
    8.9886E+00   4.17838E-10 0.5774
    9.2486E+00   4.04950E-09 0.1818
    9.5162E+00   2.84557E-10 0.7071
    9.7915E+00   4.66667E-10 0.5410
    1.0075E+01   4.60077E-09 0.1761
    1.0366E+01   5.44193E-10 0.5083
    1.0666E+01   4.00928E-09 0.1911
    1.0975E+01   4.68649E-10 0.5541
    1.1292E+01   4.77777E-09 0.1775
    1.1619E+01   4.46535E-10 0.5859
    1.1955E+01   4.72816E-10 0.5774
    1.2301E+01   4.00880E-09 0.2012
    1.2657E+01   3.33989E-10 0.7071
    1.3023E+01   3.82808E-09 0.2030
    1.3400E+01   3.17189E-10 0.6453
    1.3787E+01   7.44233E-10 0.4305
    1.4186E+01   2.21242E-09 0.2485
    1.4596E+01   3.02509E-10 0.5288
    1.5019E+01   2.62766E-09 0.2410
    1.5453E+01   8.75317E-10 0.3357
    1.5900E+01   2.10973E-09 0.2487
    1.6360E+01   1.84392E-10 0.6675
    1.6834E+01   5.38435E-10 0.4082
    1.7321E+01   2.08129E-09 0.2357
    1.7822E+01   3.40808E-10 0.4537
    1.8337E+01   1.44808E-09 0.2951
    1.8868E+01   5.25280E-10 0.3536
    1.9413E+01   2.62640E-10 0.5000
    1.9975E+01   2.16773E-09 0.2285
    2.0553E+01   1.68437E-10 0.5774
    2.1148E+01   1.69966E-09 0.2455
    2.1759E+01   3.36010E-10 0.3780
    2.2389E+01   1.50470E-10 0.5542
    2.3037E+01   1.32339E-09 0.2664
    2.3703E+01   8.20665E-11 0.7071
    2.4389E+01   5.53527E-10 0.3592
    2.5094E+01   1.40296E-10 0.5000
    2.5820E+01   1.75370E-10 0.4472
    2.6567E+01   9.15744E-10 0.2511
    2.7336E+01   1.86318E-10 0.3956
    2.8127E+01   1.24944E-09 0.2193
    2.8940E+01   2.81818E-10 0.3015
    2.9777E+01   1.35053E-09 0.1813
    3.0639E+01   3.44027E-10 0.2505
    3.1525E+01   1.97052E-10 0.3333
    3.2437E+01   1.24532E-09 0.1832
    3.3376E+01   2.13329E-10 0.2930
    3.4341E+01   8.80569E-10 0.2013
    3.5335E+01   2.39855E-10 0.2582
    3.6357E+01   9.59420E-11 0.4082
    3.7409E+01   7.97338E-10 0.2026
    3.8491E+01   1.12029E-10 0.3459
    3.9604E+01   6.41220E-10 0.2071
    4.0750E+01   1.05141E-10 0.3333
    4.1929E+01   1.63552E-10 0.2673
    4.3142E+01   6.05453E-10 0.1988
    4.4390E+01   6.99142E-11 0.3780
    4.5674E+01   6.32798E-10 0.1836
    4.6996E+01   7.68553E-11 0.3333
    4.8355E+01   1.08130E-10 0.2785
    4.9754E+01   5.15040E-10 0.1908
    5.1193E+01   4.38104E-11 0.4082
    5.2674E+01   5.12644E-10 0.1776
    5.4198E+01   4.37079E-11 0.3780
    5.5766E+01   5.61959E-11 0.3333
    5.7379E+01   4.04003E-10 0.1868
    5.9039E+01   3.20404E-11 0.4082
    6.0747E+01   3.44528E-10 0.1827
    6.2505E+01   6.39463E-11 0.2673
    6.4313E+01   2.73182E-10 0.1832
    6.6174E+01   6.64368E-11 0.2425
    6.8088E+01   3.12644E-11 0.3536
    7.0058E+01   2.44193E-10 0.1870
    7.2084E+01   4.34885E-11 0.2773
    7.4170E+01   1.87568E-10 0.1901
    7.6315E+01   3.72354E-11 0.2773
    7.8523E+01   2.00498E-11 0.3780
    8.0795E+01   1.73701E-10 0.1935
    8.3132E+01   2.69815E-11 0.3015
    8.5537E+01   1.33557E-10 0.1920
    8.8012E+01   3.15170E-11 0.2582
    9.0558E+01   1.24316E-10 0.1879
    9.3178E+01   1.98193E-11 0.3015
    9.5873E+01   2.52246E-11 0.2673
    9.8647E+01   1.13714E-10 0.1866
    1.0150E+02   1.85672E-11 0.2887
    1.0444E+02   9.12139E-11 0.1875
    1.0746E+02   1.72707E-11 0.2773
    1.1057E+02   8.31576E-11 0.1843
    1.1377E+02   1.93885E-11 0.2425
    1.1706E+02   1.02645E-11 0.3333
    1.2044E+02   7.13664E-11 0.1867
    1.2393E+02   1.07678E-11 0.3015
    1.2751E+02   6.21445E-11 0.1897
    1.3120E+02   6.71894E-12 0.3536
    1.3500E+02   5.08577E-11 0.1877
    1.3890E+02   1.00853E-11 0.2673
    1.4292E+02   7.92413E-12 0.3015
    1.4706E+02   4.61160E-11 0.1847
    1.5131E+02   8.02926E-12 0.2773
    1.5569E+02   3.79282E-11 0.1819
    1.6019E+02   7.93985E-12 0.2582
    1.6483E+02   3.48475E-11 0.1810
    1.6959E+02   4.98867E-12 0.3015
    1.7450E+02   7.70976E-12 0.2425
    1.7955E+02   2.89430E-11 0.1796
    1.8474E+02   6.21575E-12 0.2500
    1.9009E+02   2.57839E-11 0.1781
    1.9559E+02   3.99180E-12 0.2887
    2.0124E+02   3.99180E-12 0.2887
    2.0707E+02   2.41615E-11 0.1777
    2.1306E+02   1.70873E-12 0.4082
    2.1922E+02   2.03819E-11 0.1779
    2.2556E+02   2.92548E-12 0.2887
    2.3209E+02   3.16927E-12 0.2773
    2.3880E+02   1.63131E-11 0.1805
    2.4571E+02   2.71301E-12 0.2773
    2.5282E+02   1.33714E-11 0.1785
    2.6013E+02   3.03733E-12 0.2425
    2.6766E+02   1.17107E-11 0.1781
    2.7540E+02   2.14299E-12 0.2673
    2.8337E+02   2.14299E-12 0.2673
    2.9157E+02   1.01332E-11 0.1777
    3.0000E+02   2.10108E-12 0.2500
      total      8.34451E-05 0.0010
 
 cell  422                                                                                                                             
 user bin 10000000000.00000
    s(e) (MeV/cm)
    1.0000E+00   0.00000E+00 0.0000
    1.0289E+00   0.00000E+00 0.0000
    1.0587E+00   0.00000E+00 0.0000
    1.0893E+00   0.00000E+00 0.0000
    1.1208E+00   0.00000E+00 0.0000
    1.1533E+00   0.00000E+00 0.0000
    1.1866E+00   0.00000E+00 0.0000
    1.2210E+00   0.00000E+00 0.0000
    1.2563E+00   0.00000E+00 0.0000
    1.2926E+00   0.00000E+00 0.0000
    1.3300E+00   0.00000E+00 0.0000
    1.3685E+00   0.00000E+00 0.0000
    1.4081E+00   0.00000E+00 0.0000
    1.4488E+00   0.00000E+00 0.0000
    1.4907E+00   0.00000E+00 0.0000
    1.5339E+00   0.00000E+00 0.0000
    1.5782E+00   0.00000E+00 0.0000
    1.6239E+00   0.00000E+00 0.0000
    1.6709E+00   0.00000E+00 0.0000
    1.7192E+00   0.00000E+00 0.0000
    1.7689E+00   0.00000E+00 0.0000
    1.8201E+00   0.00000E+00 0.0000
    1.8728E+00   0.00000E+00 0.0000
    1.9269E+00   0.00000E+00 0.0000
    1.9827E+00   0.00000E+00 0.0000
    2.0400E+00   0.00000E+00 0.0000
    2.0991E+00   0.00000E+00 0.0000
    2.1598E+00   0.00000E+00 0.0000
    2.2223E+00   0.00000E+00 0.0000
    2.2866E+00   0.00000E+00 0.0000
    2.3527E+00   0.00000E+00 0.0000
    2.4208E+00   0.00000E+00 0.0000
    2.4908E+00   0.00000E+00 0.0000
    2.5629E+00   0.00000E+00 0.0000
    2.6370E+00   0.00000E+00 0.0000
    2.7133E+00   0.00000E+00 0.0000
    2.7918E+00   0.00000E+00 0.0000
    2.8725E+00   0.00000E+00 0.0000
    2.9557E+00   0.00000E+00 0.0000
    3.0412E+00   0.00000E+00 0.0000
    3.1291E+00   0.00000E+00 0.0000
    3.2197E+00   0.00000E+00 0.0000
    3.3128E+00   0.00000E+00 0.0000
    3.4086E+00   0.00000E+00 0.0000
    3.5072E+00   0.00000E+00 0.0000
    3.6087E+00   0.00000E+00 0.0000
    3.7131E+00   0.00000E+00 0.0000
    3.8205E+00   0.00000E+00 0.0000
    3.9311E+00   0.00000E+00 0.0000
    4.0448E+00   0.00000E+00 0.0000
    4.1618E+00   0.00000E+00 0.0000
    4.2822E+00   0.00000E+00 0.0000
    4.4061E+00   0.00000E+00 0.0000
    4.5335E+00   0.00000E+00 0.0000
    4.6647E+00   0.00000E+00 0.0000
    4.7996E+00   0.00000E+00 0.0000
    4.9385E+00   0.00000E+00 0.0000
    5.0814E+00   0.00000E+00 0.0000
    5.2284E+00   0.00000E+00 0.0000
    5.3796E+00   0.00000E+00 0.0000
    5.5352E+00   0.00000E+00 0.0000
    5.6954E+00   0.00000E+00 0.0000
    5.8601E+00   0.00000E+00 0.0000
    6.0297E+00   0.00000E+00 0.0000
    6.2041E+00   0.00000E+00 0.0000
    6.3836E+00   9.44724E-03 0.0009
    6.5683E+00   6.32955E-07 0.0137
    6.7583E+00   1.95223E-05 0.0026
    6.9538E+00   5.54804E-07 0.0148
    7.1550E+00   1.78233E-05 0.0027
    7.3619E+00   6.69369E-07 0.0136
    7.5749E+00   6.70217E-07 0.0136
    7.7941E+00   1.77681E-05 0.0027
    8.0195E+00   7.74007E-07 0.0129
    8.2515E+00   1.68880E-05 0.0029
    8.4902E+00   8.65886E-07 0.0125
    8.7359E+00   1.57586E-05 0.0030
    8.9886E+00   9.60128E-07 0.0121
    9.2486E+00   1.45157E-05 0.0032
    9.5162E+00   1.05363E-06 0.0118
    9.7915E+00   1.11645E-06 0.0115
    1.0075E+01   1.34012E-05 0.0033
    1.0366E+01   1.21101E-06 0.0111
    1.0666E+01   1.22049E-05 0.0035
    1.0975E+01   1.29746E-06 0.0109
    1.1292E+01   1.11055E-05 0.0038
    1.1619E+01   1.41870E-06 0.0104
    1.1955E+01   1.44644E-06 0.0103
    1.2301E+01   1.00675E-05 0.0040
    1.2657E+01   1.53573E-06 0.0099
    1.3023E+01   9.30153E-06 0.0042
    1.3400E+01   1.45508E-06 0.0097
    1.3787E+01   1.48240E-06 0.0096
    1.4186E+01   8.44831E-06 0.0043
    1.4596E+01   1.30074E-06 0.0095
    1.5019E+01   7.95804E-06 0.0043
    1.5453E+01   1.19515E-06 0.0091
    1.5900E+01   7.29024E-06 0.0044
    1.6360E+01   1.09674E-06 0.0088
    1.6834E+01   1.15574E-06 0.0086
    1.7321E+01   6.51052E-06 0.0045
    1.7822E+01   1.04613E-06 0.0084
    1.8337E+01   6.00674E-06 0.0045
    1.8868E+01   9.81062E-07 0.0081
    1.9413E+01   9.90948E-07 0.0080
    1.9975E+01   5.43250E-06 0.0045
    2.0553E+01   8.78819E-07 0.0079
    2.1148E+01   5.01722E-06 0.0044
    2.1759E+01   8.16050E-07 0.0076
    2.2389E+01   8.16449E-07 0.0076
    2.3037E+01   4.49503E-06 0.0044
    2.3703E+01   7.07271E-07 0.0076
    2.4389E+01   4.07592E-06 0.0044
    2.5094E+01   6.67202E-07 0.0072
    2.5820E+01   6.62180E-07 0.0073
    2.6567E+01   3.65847E-06 0.0043
    2.7336E+01   5.72139E-07 0.0072
    2.8127E+01   3.33347E-06 0.0042
    2.8940E+01   5.36818E-07 0.0069
    2.9777E+01   2.97400E-06 0.0042
    3.0639E+01   5.59814E-07 0.0063
    3.1525E+01   4.53623E-07 0.0070
    3.2437E+01   2.73932E-06 0.0041
    3.3376E+01   4.30643E-07 0.0066
    3.4341E+01   2.41332E-06 0.0040
    3.5335E+01   4.68109E-07 0.0059
    3.6357E+01   3.59176E-07 0.0067
    3.7409E+01   2.23294E-06 0.0039
    3.8491E+01   3.45272E-07 0.0063
    3.9604E+01   1.96373E-06 0.0038
    4.0750E+01   3.82242E-07 0.0056
    4.1929E+01   2.84853E-07 0.0064
    4.3142E+01   1.80898E-06 0.0038
    4.4390E+01   2.68522E-07 0.0062
    4.5674E+01   1.58078E-06 0.0037
    4.6996E+01   3.01284E-07 0.0054
    4.8355E+01   2.27120E-07 0.0062
    4.9754E+01   1.45636E-06 0.0036
    5.1193E+01   2.09392E-07 0.0060
    5.2674E+01   1.27523E-06 0.0036
    5.4198E+01   2.35359E-07 0.0052
    5.5766E+01   1.83483E-07 0.0059
    5.7379E+01   1.16087E-06 0.0035
    5.9039E+01   1.62254E-07 0.0058
    6.0747E+01   1.02409E-06 0.0035
    6.2505E+01   1.76047E-07 0.0052
    6.4313E+01   8.76017E-07 0.0034
    6.6174E+01   1.91921E-07 0.0046
    6.8088E+01   1.25591E-07 0.0057
    7.0058E+01   8.17227E-07 0.0034
    7.2084E+01   1.27821E-07 0.0052
    7.4170E+01   6.98221E-07 0.0033
    7.6315E+01   1.41643E-07 0.0046
    7.8523E+01   9.88708E-08 0.0055
    8.0795E+01   6.41206E-07 0.0033
    8.3132E+01   9.09355E-08 0.0053
    8.5537E+01   5.56373E-07 0.0033
    8.8012E+01   9.91921E-08 0.0047
    9.0558E+01   4.73466E-07 0.0032
    9.3178E+01   1.06358E-07 0.0043
    9.5873E+01   6.96957E-08 0.0052
    9.8647E+01   4.39637E-07 0.0032
    1.0150E+02   6.44724E-08 0.0050
    1.0444E+02   3.80214E-07 0.0032
    1.0746E+02   6.67455E-08 0.0046
    1.1057E+02   3.23303E-07 0.0032
    1.1377E+02   6.88727E-08 0.0042
    1.1706E+02   4.76435E-08 0.0050
    1.2044E+02   2.94253E-07 0.0031
    1.2393E+02   4.21621E-08 0.0050
    1.2751E+02   2.54469E-07 0.0031
    1.3120E+02   4.29704E-08 0.0046
    1.3500E+02   2.14847E-07 0.0031
    1.3890E+02   4.47047E-08 0.0042
    1.4292E+02   3.10139E-08 0.0050
    1.4706E+02   1.93685E-07 0.0031
    1.5131E+02   2.78458E-08 0.0049
    1.5569E+02   1.65522E-07 0.0031
    1.6019E+02   2.92031E-08 0.0044
    1.6483E+02   1.38928E-07 0.0031
    1.6959E+02   2.99644E-08 0.0041
    1.7450E+02   1.98290E-08 0.0049
    1.7955E+02   1.25432E-07 0.0031
    1.8474E+02   1.92156E-08 0.0047
    1.9009E+02   1.05484E-07 0.0031
    1.9559E+02   2.04764E-08 0.0042
    2.0124E+02   1.50593E-08 0.0049
    2.0707E+02   9.31209E-08 0.0030
    2.1306E+02   1.32606E-08 0.0048
    2.1922E+02   7.91469E-08 0.0030
    2.2556E+02   1.38877E-08 0.0044
    2.3209E+02   1.19975E-08 0.0047
    2.3880E+02   6.82816E-08 0.0030
    2.4571E+02   9.49027E-09 0.0049
    2.5282E+02   5.92630E-08 0.0030
    2.6013E+02   9.41946E-09 0.0045
    2.6766E+02   4.98572E-08 0.0030
    2.7540E+02   9.89894E-09 0.0041
    2.8337E+02   7.49434E-09 0.0047
    2.9157E+02   4.41180E-08 0.0030
    3.0000E+02   6.41684E-09 0.0047
      total      9.73286E-03 0.0009
 
 cell  422                                                                                                                             
 user bin total
    s(e) (MeV/cm)
    1.0000E+00   0.00000E+00 0.0000
    1.0289E+00   0.00000E+00 0.0000
    1.0587E+00   0.00000E+00 0.0000
    1.0893E+00   0.00000E+00 0.0000
    1.1208E+00   0.00000E+00 0.0000
    1.1533E+00   0.00000E+00 0.0000
    1.1866E+00   0.00000E+00 0.0000
    1.2210E+00   0.00000E+00 0.0000
    1.2563E+00   0.00000E+00 0.0000
    1.2926E+00   0.00000E+00 0.0000
    1.3300E+00   0.00000E+00 0.0000
    1.3685E+00   0.00000E+00 0.0000
    1.4081E+00   0.00000E+00 0.0000
    1.4488E+00   0.00000E+00 0.0000
    1.4907E+00   0.00000E+00 0.0000
    1.5339E+00   0.00000E+00 0.0000
    1.5782E+00   0.00000E+00 0.0000
    1.6239E+00   0.00000E+00 0.0000
    1.6709E+00   0.00000E+00 0.0000
    1.7192E+00   0.00000E+00 0.0000
    1.7689E+00   0.00000E+00 0.0000
    1.8201E+00   0.00000E+00 0.0000
    1.8728E+00   0.00000E+00 0.0000
    1.9269E+00   0.00000E+00 0.0000
    1.9827E+00   0.00000E+00 0.0000
    2.0400E+00   0.00000E+00 0.0000
    2.0991E+00   0.00000E+00 0.0000
    2.1598E+00   0.00000E+00 0.0000
    2.2223E+00   0.00000E+00 0.0000
    2.2866E+00   0.00000E+00 0.0000
    2.3527E+00   0.00000E+00 0.0000
    2.4208E+00   0.00000E+00 0.0000
    2.4908E+00   0.00000E+00 0.0000
    2.5629E+00   0.00000E+00 0.0000
    2.6370E+00   0.00000E+00 0.0000
    2.7133E+00   0.00000E+00 0.0000
    2.7918E+00   0.00000E+00 0.0000
    2.8725E+00   0.00000E+00 0.0000
    2.9557E+00   0.00000E+00 0.0000
    3.0412E+00   0.00000E+00 0.0000
    3.1291E+00   0.00000E+00 0.0000
    3.2197E+00   0.00000E+00 0.0000
    3.3128E+00   0.00000E+00 0.0000
    3.4086E+00   0.00000E+00 0.0000
    3.5072E+00   0.00000E+00 0.0000
    3.6087E+00   0.00000E+00 0.0000
    3.7131E+00   0.00000E+00 0.0000
    3.8205E+00   0.00000E+00 0.0000
    3.9311E+00   0.00000E+00 0.0000
    4.0448E+00   0.00000E+00 0.0000
    4.1618E+00   0.00000E+00 0.0000
    4.2822E+00   0.00000E+00 0.0000
    4.4061E+00   0.00000E+00 0.0000
    4.5335E+00   0.00000E+00 0.0000
    4.6647E+00   0.00000E+00 0.0000
    4.7996E+00   0.00000E+00 0.0000
    4.9385E+00   0.00000E+00 0.0000
    5.0814E+00   0.00000E+00 0.0000
    5.2284E+00   0.00000E+00 0.0000
    5.3796E+00   0.00000E+00 0.0000
    5.5352E+00   0.00000E+00 0.0000
    5.6954E+00   0.00000E+00 0.0000
    5.8601E+00   0.00000E+00 0.0000
    6.0297E+00   0.00000E+00 0.0000
    6.2041E+00   0.00000E+00 0.0000
    6.3836E+00   9.53058E-03 0.0009
    6.5683E+00   6.33115E-07 0.0137
    6.7583E+00   1.95314E-05 0.0026
    6.9538E+00   5.54921E-07 0.0148
    7.1550E+00   1.78302E-05 0.0027
    7.3619E+00   6.69492E-07 0.0136
    7.5749E+00   6.70217E-07 0.0136
    7.7941E+00   1.77744E-05 0.0027
    8.0195E+00   7.74420E-07 0.0129
    8.2515E+00   1.68930E-05 0.0029
    8.4902E+00   8.66100E-07 0.0125
    8.7359E+00   1.57632E-05 0.0030
    8.9886E+00   9.60546E-07 0.0121
    9.2486E+00   1.45198E-05 0.0032
    9.5162E+00   1.05391E-06 0.0118
    9.7915E+00   1.11691E-06 0.0115
    1.0075E+01   1.34058E-05 0.0033
    1.0366E+01   1.21155E-06 0.0111
    1.0666E+01   1.22089E-05 0.0035
    1.0975E+01   1.29792E-06 0.0109
    1.1292E+01   1.11103E-05 0.0038
    1.1619E+01   1.41915E-06 0.0104
    1.1955E+01   1.44691E-06 0.0103
    1.2301E+01   1.00715E-05 0.0040
    1.2657E+01   1.53606E-06 0.0099
    1.3023E+01   9.30535E-06 0.0042
    1.3400E+01   1.45539E-06 0.0097
    1.3787E+01   1.48314E-06 0.0096
    1.4186E+01   8.45052E-06 0.0043
    1.4596E+01   1.30105E-06 0.0095
    1.5019E+01   7.96067E-06 0.0043
    1.5453E+01   1.19603E-06 0.0091
    1.5900E+01   7.29235E-06 0.0044
    1.6360E+01   1.09692E-06 0.0088
    1.6834E+01   1.15627E-06 0.0086
    1.7321E+01   6.51260E-06 0.0045
    1.7822E+01   1.04647E-06 0.0084
    1.8337E+01   6.00818E-06 0.0045
    1.8868E+01   9.81587E-07 0.0081
    1.9413E+01   9.91210E-07 0.0080
    1.9975E+01   5.43467E-06 0.0045
    2.0553E+01   8.78987E-07 0.0079
    2.1148E+01   5.01892E-06 0.0044
    2.1759E+01   8.16386E-07 0.0076
    2.2389E+01   8.16599E-07 0.0076
    2.3037E+01   4.49636E-06 0.0044
    2.3703E+01   7.07353E-07 0.0076
    2.4389E+01   4.07647E-06 0.0044
    2.5094E+01   6.67342E-07 0.0072
    2.5820E+01   6.62355E-07 0.0073
    2.6567E+01   3.65938E-06 0.0043
    2.7336E+01   5.72326E-07 0.0072
    2.8127E+01   3.33472E-06 0.0042
    2.8940E+01   5.37100E-07 0.0069
    2.9777E+01   2.97535E-06 0.0042
    3.0639E+01   5.60158E-07 0.0063
    3.1525E+01   4.53821E-07 0.0070
    3.2437E+01   2.74056E-06 0.0041
    3.3376E+01   4.30857E-07 0.0066
    3.4341E+01   2.41420E-06 0.0040
    3.5335E+01   4.68349E-07 0.0059
    3.6357E+01   3.59272E-07 0.0067
    3.7409E+01   2.23373E-06 0.0039
    3.8491E+01   3.45384E-07 0.0063
    3.9604E+01   1.96437E-06 0.0038
    4.0750E+01   3.82347E-07 0.0056
    4.1929E+01   2.85017E-07 0.0064
    4.3142E+01   1.80958E-06 0.0038
    4.4390E+01   2.68592E-07 0.0062
    4.5674E+01   1.58142E-06 0.0037
    4.6996E+01   3.01361E-07 0.0054
    4.8355E+01   2.27228E-07 0.0062
    4.9754E+01   1.45688E-06 0.0036
    5.1193E+01   2.09436E-07 0.0060
    5.2674E+01   1.27574E-06 0.0036
    5.4198E+01   2.35403E-07 0.0052
    5.5766E+01   1.83539E-07 0.0059
    5.7379E+01   1.16127E-06 0.0035
    5.9039E+01   1.62286E-07 0.0058
    6.0747E+01   1.02443E-06 0.0035
    6.2505E+01   1.76111E-07 0.0052
    6.4313E+01   8.76290E-07 0.0034
    6.6174E+01   1.91987E-07 0.0046
    6.8088E+01   1.25622E-07 0.0057
    7.0058E+01   8.17471E-07 0.0034
    7.2084E+01   1.27864E-07 0.0052
    7.4170E+01   6.98408E-07 0.0033
    7.6315E+01   1.41680E-07 0.0046
    7.8523E+01   9.88908E-08 0.0055
    8.0795E+01   6.41379E-07 0.0033
    8.3132E+01   9.09625E-08 0.0053
    8.5537E+01   5.56506E-07 0.0033
    8.8012E+01   9.92236E-08 0.0047
    9.0558E+01   4.73590E-07 0.0032
    9.3178E+01   1.06378E-07 0.0043
    9.5873E+01   6.97209E-08 0.0052
    9.8647E+01   4.39751E-07 0.0032
    1.0150E+02   6.44910E-08 0.0050
    1.0444E+02   3.80306E-07 0.0032
    1.0746E+02   6.67628E-08 0.0046
    1.1057E+02   3.23387E-07 0.0032
    1.1377E+02   6.88920E-08 0.0042
    1.1706E+02   4.76537E-08 0.0050
    1.2044E+02   2.94324E-07 0.0031
    1.2393E+02   4.21729E-08 0.0050
    1.2751E+02   2.54531E-07 0.0031
    1.3120E+02   4.29771E-08 0.0046
    1.3500E+02   2.14898E-07 0.0031
    1.3890E+02   4.47147E-08 0.0042
    1.4292E+02   3.10218E-08 0.0050
    1.4706E+02   1.93731E-07 0.0031
    1.5131E+02   2.78538E-08 0.0049
    1.5569E+02   1.65560E-07 0.0031
    1.6019E+02   2.92110E-08 0.0044
    1.6483E+02   1.38963E-07 0.0031
    1.6959E+02   2.99693E-08 0.0041
    1.7450E+02   1.98367E-08 0.0049
    1.7955E+02   1.25461E-07 0.0031
    1.8474E+02   1.92219E-08 0.0047
    1.9009E+02   1.05510E-07 0.0031
    1.9559E+02   2.04804E-08 0.0042
    2.0124E+02   1.50633E-08 0.0049
    2.0707E+02   9.31451E-08 0.0030
    2.1306E+02   1.32624E-08 0.0048
    2.1922E+02   7.91673E-08 0.0030
    2.2556E+02   1.38906E-08 0.0044
    2.3209E+02   1.20007E-08 0.0047
    2.3880E+02   6.82979E-08 0.0030
    2.4571E+02   9.49298E-09 0.0048
    2.5282E+02   5.92764E-08 0.0030
    2.6013E+02   9.42250E-09 0.0045
    2.6766E+02   4.98689E-08 0.0030
    2.7540E+02   9.90108E-09 0.0041
    2.8337E+02   7.49648E-09 0.0047
    2.9157E+02   4.41281E-08 0.0030
    3.0000E+02   6.41894E-09 0.0047
      total      9.81631E-03 0.0009
 
 cell  423                                                                                                                             
 user bin          -1.00000
    s(e) (MeV/cm)
    1.0000E+00   0.00000E+00 0.0000
    1.0289E+00   0.00000E+00 0.0000
    1.0587E+00   0.00000E+00 0.0000
    1.0893E+00   0.00000E+00 0.0000
    1.1208E+00   0.00000E+00 0.0000
    1.1533E+00   0.00000E+00 0.0000
    1.1866E+00   0.00000E+00 0.0000
    1.2210E+00   0.00000E+00 0.0000
    1.2563E+00   0.00000E+00 0.0000
    1.2926E+00   0.00000E+00 0.0000
    1.3300E+00   0.00000E+00 0.0000
    1.3685E+00   0.00000E+00 0.0000
    1.4081E+00   0.00000E+00 0.0000
    1.4488E+00   0.00000E+00 0.0000
    1.4907E+00   0.00000E+00 0.0000
    1.5339E+00   0.00000E+00 0.0000
    1.5782E+00   0.00000E+00 0.0000
    1.6239E+00   0.00000E+00 0.0000
    1.6709E+00   0.00000E+00 0.0000
    1.7192E+00   0.00000E+00 0.0000
    1.7689E+00   0.00000E+00 0.0000
    1.8201E+00   0.00000E+00 0.0000
    1.8728E+00   0.00000E+00 0.0000
    1.9269E+00   0.00000E+00 0.0000
    1.9827E+00   0.00000E+00 0.0000
    2.0400E+00   0.00000E+00 0.0000
    2.0991E+00   0.00000E+00 0.0000
    2.1598E+00   0.00000E+00 0.0000
    2.2223E+00   0.00000E+00 0.0000
    2.2866E+00   0.00000E+00 0.0000
    2.3527E+00   0.00000E+00 0.0000
    2.4208E+00   0.00000E+00 0.0000
    2.4908E+00   0.00000E+00 0.0000
    2.5629E+00   0.00000E+00 0.0000
    2.6370E+00   0.00000E+00 0.0000
    2.7133E+00   0.00000E+00 0.0000
    2.7918E+00   0.00000E+00 0.0000
    2.8725E+00   0.00000E+00 0.0000
    2.9557E+00   0.00000E+00 0.0000
    3.0412E+00   0.00000E+00 0.0000
    3.1291E+00   0.00000E+00 0.0000
    3.2197E+00   0.00000E+00 0.0000
    3.3128E+00   0.00000E+00 0.0000
    3.4086E+00   0.00000E+00 0.0000
    3.5072E+00   0.00000E+00 0.0000
    3.6087E+00   0.00000E+00 0.0000
    3.7131E+00   0.00000E+00 0.0000
    3.8205E+00   0.00000E+00 0.0000
    3.9311E+00   0.00000E+00 0.0000
    4.0448E+00   0.00000E+00 0.0000
    4.1618E+00   0.00000E+00 0.0000
    4.2822E+00   0.00000E+00 0.0000
    4.4061E+00   0.00000E+00 0.0000
    4.5335E+00   0.00000E+00 0.0000
    4.6647E+00   0.00000E+00 0.0000
    4.7996E+00   0.00000E+00 0.0000
    4.9385E+00   0.00000E+00 0.0000
    5.0814E+00   0.00000E+00 0.0000
    5.2284E+00   0.00000E+00 0.0000
    5.3796E+00   0.00000E+00 0.0000
    5.5352E+00   0.00000E+00 0.0000
    5.6954E+00   0.00000E+00 0.0000
    5.8601E+00   0.00000E+00 0.0000
    6.0297E+00   0.00000E+00 0.0000
    6.2041E+00   0.00000E+00 0.0000
    6.3836E+00   8.28565E-05 0.0010
    6.5683E+00   3.35055E-10 0.5774
    6.7583E+00   1.10195E-08 0.1018
    6.9538E+00   4.43197E-10 0.5024
    7.1550E+00   9.44691E-09 0.1104
    7.3619E+00   3.24910E-10 0.5879
    7.5749E+00   3.36745E-10 0.5835
    7.7941E+00   7.65361E-09 0.1249
    8.0195E+00   1.25961E-10 1.0000
    8.2515E+00   7.13442E-09 0.1320
    8.4902E+00   3.54998E-10 0.5885
    8.7359E+00   5.78388E-09 0.1492
    8.9886E+00   2.80784E-10 0.7071
    9.2486E+00   5.59231E-09 0.1531
    9.5162E+00   5.75624E-10 0.5001
    9.7915E+00   1.42985E-10 1.0000
    1.0075E+01   5.65766E-09 0.1550
    1.0366E+01   1.06714E-09 0.3781
    1.0666E+01   5.61836E-09 0.1596
    1.0975E+01   2.31977E-10 0.7528
    1.1292E+01   6.31187E-09 0.1545
    1.1619E+01   8.15136E-10 0.4473
    1.1955E+01   6.90733E-10 0.4696
    1.2301E+01   4.47687E-09 0.1847
    1.2657E+01   9.73458E-10 0.4089
    1.3023E+01   4.93435E-09 0.1785
    1.3400E+01   1.43062E-10 1.0000
    1.3787E+01   7.71393E-10 0.4210
    1.4186E+01   4.39541E-09 0.1856
    1.4596E+01   4.40017E-10 0.4758
    1.5019E+01   3.07529E-09 0.2101
    1.5453E+01   7.52075E-10 0.3576
    1.5900E+01   3.81622E-09 0.1846
    1.6360E+01   7.16370E-10 0.3462
    1.6834E+01   5.38435E-10 0.4082
    1.7321E+01   2.20896E-09 0.2279
    1.7822E+01   2.62879E-10 0.5208
    1.8337E+01   3.50632E-09 0.2031
    1.8868E+01   5.24855E-10 0.3536
    1.9413E+01   4.23543E-10 0.3861
    1.9975E+01   2.14749E-09 0.2248
    2.0553E+01   5.02443E-10 0.3255
    2.1148E+01   2.51921E-09 0.1992
    2.1759E+01   3.51585E-10 0.3639
    2.2389E+01   4.81778E-10 0.3103
    2.3037E+01   2.00646E-09 0.2052
    2.3703E+01   2.05166E-10 0.4472
    2.4389E+01   1.64151E-09 0.2207
    2.5094E+01   2.49228E-10 0.3654
    2.5820E+01   2.10444E-10 0.4082
    2.6567E+01   1.23821E-09 0.2243
    2.7336E+01   2.00958E-10 0.3802
    2.8127E+01   1.00007E-09 0.2546
    2.8940E+01   1.28099E-10 0.4472
    2.9777E+01   8.76377E-10 0.2285
    3.0639E+01   3.05330E-10 0.2673
    3.1525E+01   1.00731E-10 0.4465
    3.2437E+01   1.23593E-09 0.1897
    3.3376E+01   2.72479E-10 0.2598
    3.4341E+01   1.04022E-09 0.1857
    3.5335E+01   2.71836E-10 0.2425
    3.6357E+01   1.27416E-10 0.3536
    3.7409E+01   9.04548E-10 0.1848
    3.8491E+01   1.63996E-10 0.2887
    3.9604E+01   8.90823E-10 0.1784
    4.0750E+01   1.86917E-10 0.2500
    4.1929E+01   1.05141E-10 0.3333
    4.3142E+01   8.11570E-10 0.1765
    4.4390E+01   1.49816E-10 0.2582
    4.5674E+01   7.38822E-10 0.1640
    4.6996E+01   1.70789E-10 0.2236
    4.8355E+01   1.36632E-10 0.2500
    4.9754E+01   6.72583E-10 0.1615
    5.1193E+01   9.49226E-11 0.2773
    5.2674E+01   5.85363E-10 0.1608
    5.4198E+01   1.24880E-10 0.2236
    5.5766E+01   6.86838E-11 0.3015
    5.7379E+01   5.90057E-10 0.1515
    5.9039E+01   8.01009E-11 0.2582
    6.0747E+01   4.95944E-10 0.1536
    6.2505E+01   5.93787E-11 0.2773
    6.4313E+01   4.14950E-10 0.1556
    6.6174E+01   7.03448E-11 0.2357
    6.8088E+01   5.47126E-11 0.2673
    7.0058E+01   3.61718E-10 0.1512
    7.2084E+01   7.02507E-11 0.2182
    7.4170E+01   3.13188E-10 0.1504
    7.6315E+01   5.44209E-11 0.2294
    7.8523E+01   4.86924E-11 0.2425
    8.0795E+01   2.77145E-10 0.1464
    8.3132E+01   5.64158E-11 0.2085
    8.5537E+01   2.42669E-10 0.1448
    8.8012E+01   5.04272E-11 0.2041
    9.0558E+01   2.08965E-10 0.1418
    9.3178E+01   4.68457E-11 0.1961
    9.5873E+01   3.99081E-11 0.2119
    9.8647E+01   1.89784E-10 0.1421
    1.0150E+02   2.47562E-11 0.2500
    1.0444E+02   1.67579E-10 0.1424
    1.0746E+02   3.45414E-11 0.1961
    1.1057E+02   1.36799E-10 0.1416
    1.1377E+02   2.85124E-11 0.2000
    1.1706E+02   2.00142E-11 0.2370
    1.2044E+02   1.25783E-10 0.1407
    1.2393E+02   1.66412E-11 0.2425
    1.2751E+02   1.13159E-10 0.1384
    1.3120E+02   1.84771E-11 0.2132
    1.3500E+02   9.55607E-11 0.1379
    1.3890E+02   2.08909E-11 0.1857
    1.4292E+02   1.08056E-11 0.2582
    1.4706E+02   8.59528E-11 0.1377
    1.5131E+02   1.29703E-11 0.2182
    1.5569E+02   6.57250E-11 0.1374
    1.6019E+02   1.53504E-11 0.1857
    1.6483E+02   5.58622E-11 0.1374
    1.6959E+02   1.49660E-11 0.1741
    1.7450E+02   7.70976E-12 0.2425
    1.7955E+02   5.05697E-11 0.1378
    1.8474E+02   8.93515E-12 0.2085
    1.9009E+02   4.03224E-11 0.1388
    1.9559E+02   9.31420E-12 0.1890
    2.0124E+02   6.32035E-12 0.2294
    2.0707E+02   3.62639E-11 0.1403
    2.1306E+02   5.98056E-12 0.2182
    2.1922E+02   3.02731E-11 0.1405
    2.2556E+02   5.36338E-12 0.2132
    2.3209E+02   5.36338E-12 0.2132
    2.3880E+02   2.73388E-11 0.1393
    2.4571E+02   3.54778E-12 0.2425
    2.5282E+02   2.33783E-11 0.1393
    2.6013E+02   3.57333E-12 0.2236
    2.6766E+02   2.01050E-11 0.1392
    2.7540E+02   3.52063E-12 0.2085
    2.8337E+02   3.36756E-12 0.2132
    2.9157E+02   1.78149E-11 0.1389
    3.0000E+02   1.96976E-12 0.2582
      total      8.29864E-05 0.0010
 
 cell  423                                                                                                                             
 user bin 10000000000.00000
    s(e) (MeV/cm)
    1.0000E+00   0.00000E+00 0.0000
    1.0289E+00   0.00000E+00 0.0000
    1.0587E+00   0.00000E+00 0.0000
    1.0893E+00   0.00000E+00 0.0000
    1.1208E+00   0.00000E+00 0.0000
    1.1533E+00   0.00000E+00 0.0000
    1.1866E+00   0.00000E+00 0.0000
    1.2210E+00   0.00000E+00 0.0000
    1.2563E+00   0.00000E+00 0.0000
    1.2926E+00   0.00000E+00 0.0000
    1.3300E+00   0.00000E+00 0.0000
    1.3685E+00   0.00000E+00 0.0000
    1.4081E+00   0.00000E+00 0.0000
    1.4488E+00   0.00000E+00 0.0000
    1.4907E+00   0.00000E+00 0.0000
    1.5339E+00   0.00000E+00 0.0000
    1.5782E+00   0.00000E+00 0.0000
    1.6239E+00   0.00000E+00 0.0000
    1.6709E+00   0.00000E+00 0.0000
    1.7192E+00   0.00000E+00 0.0000
    1.7689E+00   0.00000E+00 0.0000
    1.8201E+00   0.00000E+00 0.0000
    1.8728E+00   0.00000E+00 0.0000
    1.9269E+00   0.00000E+00 0.0000
    1.9827E+00   0.00000E+00 0.0000
    2.0400E+00   0.00000E+00 0.0000
    2.0991E+00   0.00000E+00 0.0000
    2.1598E+00   0.00000E+00 0.0000
    2.2223E+00   0.00000E+00 0.0000
    2.2866E+00   0.00000E+00 0.0000
    2.3527E+00   0.00000E+00 0.0000
    2.4208E+00   0.00000E+00 0.0000
    2.4908E+00   0.00000E+00 0.0000
    2.5629E+00   0.00000E+00 0.0000
    2.6370E+00   0.00000E+00 0.0000
    2.7133E+00   0.00000E+00 0.0000
    2.7918E+00   0.00000E+00 0.0000
    2.8725E+00   0.00000E+00 0.0000
    2.9557E+00   0.00000E+00 0.0000
    3.0412E+00   0.00000E+00 0.0000
    3.1291E+00   0.00000E+00 0.0000
    3.2197E+00   0.00000E+00 0.0000
    3.3128E+00   0.00000E+00 0.0000
    3.4086E+00   0.00000E+00 0.0000
    3.5072E+00   0.00000E+00 0.0000
    3.6087E+00   0.00000E+00 0.0000
    3.7131E+00   0.00000E+00 0.0000
    3.8205E+00   0.00000E+00 0.0000
    3.9311E+00   0.00000E+00 0.0000
    4.0448E+00   0.00000E+00 0.0000
    4.1618E+00   0.00000E+00 0.0000
    4.2822E+00   0.00000E+00 0.0000
    4.4061E+00   0.00000E+00 0.0000
    4.5335E+00   0.00000E+00 0.0000
    4.6647E+00   0.00000E+00 0.0000
    4.7996E+00   0.00000E+00 0.0000
    4.9385E+00   0.00000E+00 0.0000
    5.0814E+00   0.00000E+00 0.0000
    5.2284E+00   0.00000E+00 0.0000
    5.3796E+00   0.00000E+00 0.0000
    5.5352E+00   0.00000E+00 0.0000
    5.6954E+00   0.00000E+00 0.0000
    5.8601E+00   0.00000E+00 0.0000
    6.0297E+00   0.00000E+00 0.0000
    6.2041E+00   0.00000E+00 0.0000
    6.3836E+00   9.42317E-03 0.0009
    6.5683E+00   1.03792E-06 0.0109
    6.7583E+00   2.08927E-05 0.0025
    6.9538E+00   5.81742E-07 0.0144
    7.1550E+00   1.84994E-05 0.0027
    7.3619E+00   6.91654E-07 0.0134
    7.5749E+00   6.98670E-07 0.0133
    7.7941E+00   1.85050E-05 0.0027
    8.0195E+00   8.16982E-07 0.0126
    8.2515E+00   1.75801E-05 0.0028
    8.4902E+00   8.97885E-07 0.0122
    8.7359E+00   1.63758E-05 0.0029
    8.9886E+00   1.02138E-06 0.0117
    9.2486E+00   1.50784E-05 0.0031
    9.5162E+00   1.10466E-06 0.0115
    9.7915E+00   1.17099E-06 0.0112
    1.0075E+01   1.38696E-05 0.0033
    1.0366E+01   1.27153E-06 0.0108
    1.0666E+01   1.27160E-05 0.0035
    1.0975E+01   1.36510E-06 0.0105
    1.1292E+01   1.14876E-05 0.0037
    1.1619E+01   1.42811E-06 0.0103
    1.1955E+01   1.50123E-06 0.0101
    1.2301E+01   1.03796E-05 0.0039
    1.2657E+01   1.57782E-06 0.0097
    1.3023E+01   9.54108E-06 0.0041
    1.3400E+01   1.48586E-06 0.0096
    1.3787E+01   1.55976E-06 0.0093
    1.4186E+01   8.69175E-06 0.0042
    1.4596E+01   1.36710E-06 0.0093
    1.5019E+01   8.10316E-06 0.0043
    1.5453E+01   1.23892E-06 0.0089
    1.5900E+01   7.53509E-06 0.0043
    1.6360E+01   1.13728E-06 0.0086
    1.6834E+01   1.19745E-06 0.0084
    1.7321E+01   6.70473E-06 0.0044
    1.7822E+01   1.08410E-06 0.0083
    1.8337E+01   6.13928E-06 0.0045
    1.8868E+01   9.80660E-07 0.0081
    1.9413E+01   1.01385E-06 0.0079
    1.9975E+01   5.55877E-06 0.0044
    2.0553E+01   9.19339E-07 0.0077
    2.1148E+01   5.08035E-06 0.0044
    2.1759E+01   8.37388E-07 0.0075
    2.2389E+01   8.30017E-07 0.0076
    2.3037E+01   4.60611E-06 0.0043
    2.3703E+01   7.24629E-07 0.0075
    2.4389E+01   4.18536E-06 0.0043
    2.5094E+01   6.86151E-07 0.0071
    2.5820E+01   6.79775E-07 0.0072
    2.6567E+01   3.73837E-06 0.0042
    2.7336E+01   5.83293E-07 0.0072
    2.8127E+01   3.41028E-06 0.0042
    2.8940E+01   5.44018E-07 0.0069
    2.9777E+01   3.03883E-06 0.0041
    3.0639E+01   5.74196E-07 0.0062
    3.1525E+01   4.61196E-07 0.0069
    3.2437E+01   2.78588E-06 0.0040
    3.3376E+01   4.33778E-07 0.0066
    3.4341E+01   2.45097E-06 0.0040
    3.5335E+01   4.73041E-07 0.0059
    3.6357E+01   3.66128E-07 0.0066
    3.7409E+01   2.27134E-06 0.0039
    3.8491E+01   3.51825E-07 0.0063
    3.9604E+01   1.98833E-06 0.0038
    4.0750E+01   3.88381E-07 0.0056
    4.1929E+01   2.89754E-07 0.0064
    4.3142E+01   1.84405E-06 0.0037
    4.4390E+01   2.72997E-07 0.0061
    4.5674E+01   1.60845E-06 0.0037
    4.6996E+01   3.04732E-07 0.0054
    4.8355E+01   2.29862E-07 0.0062
    4.9754E+01   1.47337E-06 0.0036
    5.1193E+01   2.10609E-07 0.0059
    5.2674E+01   1.28786E-06 0.0036
    5.4198E+01   2.36250E-07 0.0052
    5.5766E+01   1.84280E-07 0.0059
    5.7379E+01   1.17119E-06 0.0035
    5.9039E+01   1.61810E-07 0.0058
    6.0747E+01   1.02976E-06 0.0035
    6.2505E+01   1.78665E-07 0.0051
    6.4313E+01   8.79729E-07 0.0034
    6.6174E+01   1.94741E-07 0.0046
    6.8088E+01   1.25013E-07 0.0057
    7.0058E+01   8.20686E-07 0.0034
    7.2084E+01   1.29153E-07 0.0052
    7.4170E+01   7.01119E-07 0.0033
    7.6315E+01   1.43417E-07 0.0046
    7.8523E+01   9.88703E-08 0.0055
    8.0795E+01   6.44135E-07 0.0033
    8.3132E+01   9.16415E-08 0.0053
    8.5537E+01   5.57740E-07 0.0033
    8.8012E+01   1.00106E-07 0.0047
    9.0558E+01   4.75682E-07 0.0032
    9.3178E+01   1.06146E-07 0.0043
    9.5873E+01   7.03364E-08 0.0052
    9.8647E+01   4.41972E-07 0.0032
    1.0150E+02   6.48516E-08 0.0050
    1.0444E+02   3.82574E-07 0.0032
    1.0746E+02   6.67688E-08 0.0046
    1.1057E+02   3.25051E-07 0.0032
    1.1377E+02   6.92698E-08 0.0042
    1.1706E+02   4.79690E-08 0.0050
    1.2044E+02   2.96157E-07 0.0031
    1.2393E+02   4.28473E-08 0.0049
    1.2751E+02   2.55737E-07 0.0031
    1.3120E+02   4.38260E-08 0.0045
    1.3500E+02   2.16273E-07 0.0031
    1.3890E+02   4.51821E-08 0.0042
    1.4292E+02   3.12802E-08 0.0049
    1.4706E+02   1.95278E-07 0.0031
    1.5131E+02   2.83635E-08 0.0048
    1.5569E+02   1.67031E-07 0.0031
    1.6019E+02   2.93987E-08 0.0044
    1.6483E+02   1.40272E-07 0.0031
    1.6959E+02   3.01033E-08 0.0041
    1.7450E+02   2.00404E-08 0.0049
    1.7955E+02   1.26566E-07 0.0030
    1.8474E+02   1.94151E-08 0.0046
    1.9009E+02   1.06309E-07 0.0030
    1.9559E+02   2.06869E-08 0.0042
    2.0124E+02   1.52135E-08 0.0048
    2.0707E+02   9.39510E-08 0.0030
    2.1306E+02   1.32659E-08 0.0048
    2.1922E+02   8.00193E-08 0.0030
    2.2556E+02   1.39228E-08 0.0044
    2.3209E+02   1.20425E-08 0.0047
    2.3880E+02   6.88731E-08 0.0030
    2.4571E+02   9.58040E-09 0.0048
    2.5282E+02   5.96868E-08 0.0030
    2.6013E+02   9.53691E-09 0.0045
    2.6766E+02   5.02273E-08 0.0030
    2.7540E+02   9.98613E-09 0.0041
    2.8337E+02   7.62804E-09 0.0046
    2.9157E+02   4.44359E-08 0.0030
    3.0000E+02   6.48223E-09 0.0047
      total      9.71880E-03 0.0009
 
 cell  423                                                                                                                             
 user bin total
    s(e) (MeV/cm)
    1.0000E+00   0.00000E+00 0.0000
    1.0289E+00   0.00000E+00 0.0000
    1.0587E+00   0.00000E+00 0.0000
    1.0893E+00   0.00000E+00 0.0000
    1.1208E+00   0.00000E+00 0.0000
    1.1533E+00   0.00000E+00 0.0000
    1.1866E+00   0.00000E+00 0.0000
    1.2210E+00   0.00000E+00 0.0000
    1.2563E+00   0.00000E+00 0.0000
    1.2926E+00   0.00000E+00 0.0000
    1.3300E+00   0.00000E+00 0.0000
    1.3685E+00   0.00000E+00 0.0000
    1.4081E+00   0.00000E+00 0.0000
    1.4488E+00   0.00000E+00 0.0000
    1.4907E+00   0.00000E+00 0.0000
    1.5339E+00   0.00000E+00 0.0000
    1.5782E+00   0.00000E+00 0.0000
    1.6239E+00   0.00000E+00 0.0000
    1.6709E+00   0.00000E+00 0.0000
    1.7192E+00   0.00000E+00 0.0000
    1.7689E+00   0.00000E+00 0.0000
    1.8201E+00   0.00000E+00 0.0000
    1.8728E+00   0.00000E+00 0.0000
    1.9269E+00   0.00000E+00 0.0000
    1.9827E+00   0.00000E+00 0.0000
    2.0400E+00   0.00000E+00 0.0000
    2.0991E+00   0.00000E+00 0.0000
    2.1598E+00   0.00000E+00 0.0000
    2.2223E+00   0.00000E+00 0.0000
    2.2866E+00   0.00000E+00 0.0000
    2.3527E+00   0.00000E+00 0.0000
    2.4208E+00   0.00000E+00 0.0000
    2.4908E+00   0.00000E+00 0.0000
    2.5629E+00   0.00000E+00 0.0000
    2.6370E+00   0.00000E+00 0.0000
    2.7133E+00   0.00000E+00 0.0000
    2.7918E+00   0.00000E+00 0.0000
    2.8725E+00   0.00000E+00 0.0000
    2.9557E+00   0.00000E+00 0.0000
    3.0412E+00   0.00000E+00 0.0000
    3.1291E+00   0.00000E+00 0.0000
    3.2197E+00   0.00000E+00 0.0000
    3.3128E+00   0.00000E+00 0.0000
    3.4086E+00   0.00000E+00 0.0000
    3.5072E+00   0.00000E+00 0.0000
    3.6087E+00   0.00000E+00 0.0000
    3.7131E+00   0.00000E+00 0.0000
    3.8205E+00   0.00000E+00 0.0000
    3.9311E+00   0.00000E+00 0.0000
    4.0448E+00   0.00000E+00 0.0000
    4.1618E+00   0.00000E+00 0.0000
    4.2822E+00   0.00000E+00 0.0000
    4.4061E+00   0.00000E+00 0.0000
    4.5335E+00   0.00000E+00 0.0000
    4.6647E+00   0.00000E+00 0.0000
    4.7996E+00   0.00000E+00 0.0000
    4.9385E+00   0.00000E+00 0.0000
    5.0814E+00   0.00000E+00 0.0000
    5.2284E+00   0.00000E+00 0.0000
    5.3796E+00   0.00000E+00 0.0000
    5.5352E+00   0.00000E+00 0.0000
    5.6954E+00   0.00000E+00 0.0000
    5.8601E+00   0.00000E+00 0.0000
    6.0297E+00   0.00000E+00 0.0000
    6.2041E+00   0.00000E+00 0.0000
    6.3836E+00   9.50602E-03 0.0009
    6.5683E+00   1.03825E-06 0.0110
    6.7583E+00   2.09038E-05 0.0025
    6.9538E+00   5.82185E-07 0.0144
    7.1550E+00   1.85089E-05 0.0027
    7.3619E+00   6.91978E-07 0.0134
    7.5749E+00   6.99007E-07 0.0133
    7.7941E+00   1.85126E-05 0.0027
    8.0195E+00   8.17108E-07 0.0126
    8.2515E+00   1.75872E-05 0.0028
    8.4902E+00   8.98240E-07 0.0122
    8.7359E+00   1.63816E-05 0.0029
    8.9886E+00   1.02166E-06 0.0117
    9.2486E+00   1.50840E-05 0.0031
    9.5162E+00   1.10524E-06 0.0115
    9.7915E+00   1.17113E-06 0.0112
    1.0075E+01   1.38753E-05 0.0033
    1.0366E+01   1.27260E-06 0.0108
    1.0666E+01   1.27216E-05 0.0035
    1.0975E+01   1.36533E-06 0.0105
    1.1292E+01   1.14939E-05 0.0037
    1.1619E+01   1.42893E-06 0.0103
    1.1955E+01   1.50193E-06 0.0101
    1.2301E+01   1.03841E-05 0.0039
    1.2657E+01   1.57880E-06 0.0097
    1.3023E+01   9.54601E-06 0.0041
    1.3400E+01   1.48600E-06 0.0096
    1.3787E+01   1.56053E-06 0.0093
    1.4186E+01   8.69614E-06 0.0042
    1.4596E+01   1.36754E-06 0.0093
    1.5019E+01   8.10624E-06 0.0043
    1.5453E+01   1.23967E-06 0.0089
    1.5900E+01   7.53890E-06 0.0043
    1.6360E+01   1.13799E-06 0.0086
    1.6834E+01   1.19799E-06 0.0084
    1.7321E+01   6.70694E-06 0.0044
    1.7822E+01   1.08436E-06 0.0083
    1.8337E+01   6.14278E-06 0.0045
    1.8868E+01   9.81185E-07 0.0081
    1.9413E+01   1.01427E-06 0.0079
    1.9975E+01   5.56092E-06 0.0044
    2.0553E+01   9.19842E-07 0.0077
    2.1148E+01   5.08287E-06 0.0044
    2.1759E+01   8.37740E-07 0.0075
    2.2389E+01   8.30499E-07 0.0075
    2.3037E+01   4.60812E-06 0.0043
    2.3703E+01   7.24834E-07 0.0075
    2.4389E+01   4.18700E-06 0.0043
    2.5094E+01   6.86400E-07 0.0071
    2.5820E+01   6.79986E-07 0.0072
    2.6567E+01   3.73961E-06 0.0042
    2.7336E+01   5.83494E-07 0.0072
    2.8127E+01   3.41128E-06 0.0042
    2.8940E+01   5.44147E-07 0.0069
    2.9777E+01   3.03970E-06 0.0041
    3.0639E+01   5.74502E-07 0.0062
    3.1525E+01   4.61297E-07 0.0069
    3.2437E+01   2.78711E-06 0.0040
    3.3376E+01   4.34051E-07 0.0066
    3.4341E+01   2.45201E-06 0.0040
    3.5335E+01   4.73313E-07 0.0059
    3.6357E+01   3.66256E-07 0.0066
    3.7409E+01   2.27224E-06 0.0039
    3.8491E+01   3.51989E-07 0.0063
    3.9604E+01   1.98922E-06 0.0038
    4.0750E+01   3.88568E-07 0.0055
    4.1929E+01   2.89860E-07 0.0064
    4.3142E+01   1.84486E-06 0.0037
    4.4390E+01   2.73147E-07 0.0061
    4.5674E+01   1.60919E-06 0.0037
    4.6996E+01   3.04903E-07 0.0054
    4.8355E+01   2.29998E-07 0.0062
    4.9754E+01   1.47405E-06 0.0036
    5.1193E+01   2.10703E-07 0.0059
    5.2674E+01   1.28844E-06 0.0036
    5.4198E+01   2.36374E-07 0.0052
    5.5766E+01   1.84349E-07 0.0059
    5.7379E+01   1.17178E-06 0.0035
    5.9039E+01   1.61890E-07 0.0058
    6.0747E+01   1.03026E-06 0.0035
    6.2505E+01   1.78725E-07 0.0051
    6.4313E+01   8.80144E-07 0.0034
    6.6174E+01   1.94812E-07 0.0046
    6.8088E+01   1.25068E-07 0.0057
    7.0058E+01   8.21048E-07 0.0034
    7.2084E+01   1.29224E-07 0.0052
    7.4170E+01   7.01433E-07 0.0033
    7.6315E+01   1.43471E-07 0.0046
    7.8523E+01   9.89189E-08 0.0055
    8.0795E+01   6.44412E-07 0.0033
    8.3132E+01   9.16979E-08 0.0053
    8.5537E+01   5.57982E-07 0.0033
    8.8012E+01   1.00156E-07 0.0047
    9.0558E+01   4.75891E-07 0.0032
    9.3178E+01   1.06193E-07 0.0043
    9.5873E+01   7.03763E-08 0.0052
    9.8647E+01   4.42162E-07 0.0032
    1.0150E+02   6.48764E-08 0.0050
    1.0444E+02   3.82741E-07 0.0032
    1.0746E+02   6.68033E-08 0.0046
    1.1057E+02   3.25188E-07 0.0032
    1.1377E+02   6.92983E-08 0.0042
    1.1706E+02   4.79890E-08 0.0050
    1.2044E+02   2.96282E-07 0.0031
    1.2393E+02   4.28639E-08 0.0049
    1.2751E+02   2.55850E-07 0.0031
    1.3120E+02   4.38445E-08 0.0045
    1.3500E+02   2.16368E-07 0.0031
    1.3890E+02   4.52030E-08 0.0042
    1.4292E+02   3.12910E-08 0.0049
    1.4706E+02   1.95364E-07 0.0031
    1.5131E+02   2.83764E-08 0.0048
    1.5569E+02   1.67096E-07 0.0031
    1.6019E+02   2.94140E-08 0.0044
    1.6483E+02   1.40328E-07 0.0031
    1.6959E+02   3.01183E-08 0.0041
    1.7450E+02   2.00482E-08 0.0049
    1.7955E+02   1.26616E-07 0.0030
    1.8474E+02   1.94241E-08 0.0046
    1.9009E+02   1.06350E-07 0.0030
    1.9559E+02   2.06963E-08 0.0042
    2.0124E+02   1.52198E-08 0.0048
    2.0707E+02   9.39872E-08 0.0030
    2.1306E+02   1.32719E-08 0.0048
    2.1922E+02   8.00496E-08 0.0030
    2.2556E+02   1.39282E-08 0.0044
    2.3209E+02   1.20478E-08 0.0047
    2.3880E+02   6.89004E-08 0.0030
    2.4571E+02   9.58394E-09 0.0048
    2.5282E+02   5.97101E-08 0.0030
    2.6013E+02   9.54048E-09 0.0045
    2.6766E+02   5.02475E-08 0.0030
    2.7540E+02   9.98965E-09 0.0041
    2.8337E+02   7.63141E-09 0.0046
    2.9157E+02   4.44537E-08 0.0030
    3.0000E+02   6.48420E-09 0.0047
      total      9.80178E-03 0.0009
 
 cell  424                                                                                                                             
 user bin          -1.00000
    s(e) (MeV/cm)
    1.0000E+00   0.00000E+00 0.0000
    1.0289E+00   0.00000E+00 0.0000
    1.0587E+00   0.00000E+00 0.0000
    1.0893E+00   0.00000E+00 0.0000
    1.1208E+00   0.00000E+00 0.0000
    1.1533E+00   0.00000E+00 0.0000
    1.1866E+00   0.00000E+00 0.0000
    1.2210E+00   0.00000E+00 0.0000
    1.2563E+00   0.00000E+00 0.0000
    1.2926E+00   0.00000E+00 0.0000
    1.3300E+00   0.00000E+00 0.0000
    1.3685E+00   0.00000E+00 0.0000
    1.4081E+00   0.00000E+00 0.0000
    1.4488E+00   0.00000E+00 0.0000
    1.4907E+00   0.00000E+00 0.0000
    1.5339E+00   0.00000E+00 0.0000
    1.5782E+00   0.00000E+00 0.0000
    1.6239E+00   0.00000E+00 0.0000
    1.6709E+00   0.00000E+00 0.0000
    1.7192E+00   0.00000E+00 0.0000
    1.7689E+00   0.00000E+00 0.0000
    1.8201E+00   0.00000E+00 0.0000
    1.8728E+00   0.00000E+00 0.0000
    1.9269E+00   0.00000E+00 0.0000
    1.9827E+00   0.00000E+00 0.0000
    2.0400E+00   0.00000E+00 0.0000
    2.0991E+00   0.00000E+00 0.0000
    2.1598E+00   0.00000E+00 0.0000
    2.2223E+00   0.00000E+00 0.0000
    2.2866E+00   0.00000E+00 0.0000
    2.3527E+00   0.00000E+00 0.0000
    2.4208E+00   0.00000E+00 0.0000
    2.4908E+00   0.00000E+00 0.0000
    2.5629E+00   0.00000E+00 0.0000
    2.6370E+00   0.00000E+00 0.0000
    2.7133E+00   0.00000E+00 0.0000
    2.7918E+00   0.00000E+00 0.0000
    2.8725E+00   0.00000E+00 0.0000
    2.9557E+00   0.00000E+00 0.0000
    3.0412E+00   0.00000E+00 0.0000
    3.1291E+00   0.00000E+00 0.0000
    3.2197E+00   0.00000E+00 0.0000
    3.3128E+00   0.00000E+00 0.0000
    3.4086E+00   0.00000E+00 0.0000
    3.5072E+00   0.00000E+00 0.0000
    3.6087E+00   0.00000E+00 0.0000
    3.7131E+00   0.00000E+00 0.0000
    3.8205E+00   0.00000E+00 0.0000
    3.9311E+00   0.00000E+00 0.0000
    4.0448E+00   0.00000E+00 0.0000
    4.1618E+00   0.00000E+00 0.0000
    4.2822E+00   0.00000E+00 0.0000
    4.4061E+00   0.00000E+00 0.0000
    4.5335E+00   0.00000E+00 0.0000
    4.6647E+00   0.00000E+00 0.0000
    4.7996E+00   0.00000E+00 0.0000
    4.9385E+00   0.00000E+00 0.0000
    5.0814E+00   0.00000E+00 0.0000
    5.2284E+00   0.00000E+00 0.0000
    5.3796E+00   0.00000E+00 0.0000
    5.5352E+00   0.00000E+00 0.0000
    5.6954E+00   0.00000E+00 0.0000
    5.8601E+00   0.00000E+00 0.0000
    6.0297E+00   0.00000E+00 0.0000
    6.2041E+00   0.00000E+00 0.0000
    6.3836E+00   8.23653E-05 0.0010
    6.5683E+00   8.13981E-09 0.1171
    6.7583E+00   1.45264E-08 0.0880
    6.9538E+00   1.16879E-10 1.0000
    7.1550E+00   1.26870E-08 0.1396
    7.3619E+00   2.45086E-10 0.7071
    7.5749E+00   3.64580E-10 0.5774
    7.7941E+00   9.30771E-09 0.1140
    8.0195E+00   1.27679E-10 1.0000
    8.2515E+00   8.52578E-09 0.1213
    8.4902E+00   3.92638E-10 0.5774
    8.7359E+00   7.02160E-09 0.1365
    8.9886E+00   4.14670E-10 0.5774
    9.2486E+00   7.04390E-09 0.1392
    9.5162E+00   2.82935E-10 0.7072
    9.7915E+00   5.78437E-10 0.5002
    1.0075E+01   7.93369E-09 0.1311
    1.0366E+01   5.96985E-10 0.5000
    1.0666E+01   7.46829E-09 0.1401
    1.0975E+01   1.49537E-10 1.0000
    1.1292E+01   6.62884E-09 0.1528
    1.1619E+01   4.88630E-10 0.5774
    1.1955E+01   1.29659E-09 0.3536
    1.2301E+01   5.42047E-09 0.1712
    1.2657E+01   9.96462E-10 0.4083
    1.3023E+01   5.76442E-09 0.1652
    1.3400E+01   1.40470E-09 0.3167
    1.3787E+01   7.27495E-10 0.4128
    1.4186E+01   4.07677E-09 0.1912
    1.4596E+01   4.90033E-10 0.5000
    1.5019E+01   4.72870E-09 0.1747
    1.5453E+01   6.22389E-10 0.3830
    1.5900E+01   4.13975E-09 0.1866
    1.6360E+01   9.21265E-10 0.3081
    1.6834E+01   6.24645E-10 0.3729
    1.7321E+01   4.14933E-09 0.1826
    1.7822E+01   5.03826E-10 0.3687
    1.8337E+01   2.46168E-09 0.1923
    1.8868E+01   1.60463E-10 0.6065
    1.9413E+01   9.77995E-10 0.2583
    1.9975E+01   3.27905E-09 0.1848
    2.0553E+01   4.49165E-10 0.3536
    2.1148E+01   2.37337E-09 0.1840
    2.1759E+01   4.80932E-10 0.3094
    2.2389E+01   4.16271E-10 0.3352
    2.3037E+01   2.32533E-09 0.1871
    2.3703E+01   4.86121E-10 0.2838
    2.4389E+01   2.11795E-09 0.1906
    2.5094E+01   2.42784E-10 0.3781
    2.5820E+01   2.06755E-10 0.4086
    2.6567E+01   1.79599E-09 0.1897
    2.7336E+01   2.57303E-10 0.3365
    2.8127E+01   1.48855E-09 0.1978
    2.8940E+01   2.56198E-10 0.3162
    2.9777E+01   1.31464E-09 0.1893
    3.0639E+01   3.94105E-10 0.2357
    3.1525E+01   1.31368E-10 0.4082
    3.2437E+01   1.29043E-09 0.1872
    3.3376E+01   2.43242E-10 0.2773
    3.4341E+01   1.01546E-09 0.1856
    3.5335E+01   2.07874E-10 0.2773
    3.6357E+01   1.59903E-10 0.3162
    3.7409E+01   1.04602E-09 0.1791
    3.8491E+01   1.22997E-10 0.3333
    3.9604E+01   8.50038E-10 0.1808
    4.0750E+01   1.95838E-10 0.2429
    4.1929E+01   1.05141E-10 0.3333
    4.3142E+01   7.40512E-10 0.1846
    4.4390E+01   1.09865E-10 0.3015
    4.5674E+01   6.32266E-10 0.1847
    4.6996E+01   1.08777E-10 0.2781
    4.8355E+01   1.02474E-10 0.2887
    4.9754E+01   5.66003E-10 0.1765
    5.1193E+01   8.03191E-11 0.3015
    5.2674E+01   4.86023E-10 0.1793
    5.4198E+01   9.99037E-11 0.2500
    5.5766E+01   6.24398E-11 0.3162
    5.7379E+01   4.43743E-10 0.1715
    5.9039E+01   9.02538E-11 0.2426
    6.0747E+01   3.92603E-10 0.1647
    6.2505E+01   7.76491E-11 0.2425
    6.4313E+01   3.58070E-10 0.1634
    6.6174E+01   6.64368E-11 0.2425
    6.8088E+01   6.64368E-11 0.2425
    7.0058E+01   3.22987E-10 0.1613
    7.2084E+01   5.35243E-11 0.2500
    7.4170E+01   2.93679E-10 0.1560
    7.6315E+01   3.72354E-11 0.2773
    7.8523E+01   5.03250E-11 0.2369
    8.0795E+01   2.53261E-10 0.1592
    8.3132E+01   2.69815E-11 0.3015
    8.5537E+01   2.06677E-10 0.1619
    8.8012E+01   3.36181E-11 0.2500
    9.0558E+01   1.67853E-10 0.1646
    9.3178E+01   3.60351E-11 0.2236
    9.5873E+01   2.16211E-11 0.2887
    9.8647E+01   1.63206E-10 0.1593
    1.0150E+02   1.70199E-11 0.3015
    1.0444E+02   1.38525E-10 0.1582
    1.0746E+02   1.85992E-11 0.2673
    1.1057E+02   1.06618E-10 0.1569
    1.1377E+02   3.30744E-11 0.1857
    1.1706E+02   9.12398E-12 0.3536
    1.2044E+02   1.12887E-10 0.1547
    1.2393E+02   1.27256E-11 0.2773
    1.2751E+02   9.23797E-11 0.1513
    1.3120E+02   1.67973E-11 0.2236
    1.3500E+02   7.64725E-11 0.1505
    1.3890E+02   1.87298E-11 0.1961
    1.4292E+02   1.00853E-11 0.2673
    1.4706E+02   6.70128E-11 0.1506
    1.5131E+02   1.42056E-11 0.2085
    1.5569E+02   5.67265E-11 0.1513
    1.6019E+02   1.11158E-11 0.2182
    1.6483E+02   4.93613E-11 0.1507
    1.6959E+02   7.25624E-12 0.2500
    1.7450E+02   8.61679E-12 0.2294
    1.7955E+02   4.44840E-11 0.1507
    1.8474E+02   5.05030E-12 0.2773
    1.9009E+02   3.83405E-11 0.1478
    1.9559E+02   7.98360E-12 0.2041
    2.0124E+02   5.32240E-12 0.2500
    2.0707E+02   3.17551E-11 0.1474
    2.1306E+02   5.69577E-12 0.2236
    2.1922E+02   2.63486E-11 0.1476
    2.2556E+02   6.58233E-12 0.1924
    2.3209E+02   3.90064E-12 0.2500
    2.3880E+02   2.44171E-11 0.1473
    2.4571E+02   4.38255E-12 0.2182
    2.5282E+02   2.00121E-11 0.1476
    2.6013E+02   3.75200E-12 0.2182
    2.6766E+02   1.78596E-11 0.1477
    2.7540E+02   3.36756E-12 0.2132
    2.8337E+02   2.60220E-12 0.2425
    2.9157E+02   1.54512E-11 0.1475
    3.0000E+02   1.96976E-12 0.2582
      total      8.25283E-05 0.0010
 
 cell  424                                                                                                                             
 user bin 10000000000.00000
    s(e) (MeV/cm)
    1.0000E+00   0.00000E+00 0.0000
    1.0289E+00   0.00000E+00 0.0000
    1.0587E+00   0.00000E+00 0.0000
    1.0893E+00   0.00000E+00 0.0000
    1.1208E+00   0.00000E+00 0.0000
    1.1533E+00   0.00000E+00 0.0000
    1.1866E+00   0.00000E+00 0.0000
    1.2210E+00   0.00000E+00 0.0000
    1.2563E+00   0.00000E+00 0.0000
    1.2926E+00   0.00000E+00 0.0000
    1.3300E+00   0.00000E+00 0.0000
    1.3685E+00   0.00000E+00 0.0000
    1.4081E+00   0.00000E+00 0.0000
    1.4488E+00   0.00000E+00 0.0000
    1.4907E+00   0.00000E+00 0.0000
    1.5339E+00   0.00000E+00 0.0000
    1.5782E+00   0.00000E+00 0.0000
    1.6239E+00   0.00000E+00 0.0000
    1.6709E+00   0.00000E+00 0.0000
    1.7192E+00   0.00000E+00 0.0000
    1.7689E+00   0.00000E+00 0.0000
    1.8201E+00   0.00000E+00 0.0000
    1.8728E+00   0.00000E+00 0.0000
    1.9269E+00   0.00000E+00 0.0000
    1.9827E+00   0.00000E+00 0.0000
    2.0400E+00   0.00000E+00 0.0000
    2.0991E+00   0.00000E+00 0.0000
    2.1598E+00   0.00000E+00 0.0000
    2.2223E+00   0.00000E+00 0.0000
    2.2866E+00   0.00000E+00 0.0000
    2.3527E+00   0.00000E+00 0.0000
    2.4208E+00   0.00000E+00 0.0000
    2.4908E+00   0.00000E+00 0.0000
    2.5629E+00   0.00000E+00 0.0000
    2.6370E+00   0.00000E+00 0.0000
    2.7133E+00   0.00000E+00 0.0000
    2.7918E+00   0.00000E+00 0.0000
    2.8725E+00   0.00000E+00 0.0000
    2.9557E+00   0.00000E+00 0.0000
    3.0412E+00   0.00000E+00 0.0000
    3.1291E+00   0.00000E+00 0.0000
    3.2197E+00   0.00000E+00 0.0000
    3.3128E+00   0.00000E+00 0.0000
    3.4086E+00   0.00000E+00 0.0000
    3.5072E+00   0.00000E+00 0.0000
    3.6087E+00   0.00000E+00 0.0000
    3.7131E+00   0.00000E+00 0.0000
    3.8205E+00   0.00000E+00 0.0000
    3.9311E+00   0.00000E+00 0.0000
    4.0448E+00   0.00000E+00 0.0000
    4.1618E+00   0.00000E+00 0.0000
    4.2822E+00   0.00000E+00 0.0000
    4.4061E+00   0.00000E+00 0.0000
    4.5335E+00   0.00000E+00 0.0000
    4.6647E+00   0.00000E+00 0.0000
    4.7996E+00   0.00000E+00 0.0000
    4.9385E+00   0.00000E+00 0.0000
    5.0814E+00   0.00000E+00 0.0000
    5.2284E+00   0.00000E+00 0.0000
    5.3796E+00   0.00000E+00 0.0000
    5.5352E+00   0.00000E+00 0.0000
    5.6954E+00   0.00000E+00 0.0000
    5.8601E+00   0.00000E+00 0.0000
    6.0297E+00   0.00000E+00 0.0000
    6.2041E+00   0.00000E+00 0.0000
    6.3836E+00   9.39641E-03 0.0009
    6.5683E+00   2.69840E-06 0.0085
    6.7583E+00   2.35629E-05 0.0025
    6.9538E+00   6.22083E-07 0.0139
    7.1550E+00   1.92168E-05 0.0026
    7.3619E+00   6.95449E-07 0.0134
    7.5749E+00   7.09146E-07 0.0132
    7.7941E+00   1.92117E-05 0.0026
    8.0195E+00   8.20848E-07 0.0125
    8.2515E+00   1.83218E-05 0.0027
    8.4902E+00   9.23240E-07 0.0121
    8.7359E+00   1.70042E-05 0.0029
    8.9886E+00   1.05916E-06 0.0115
    9.2486E+00   1.56517E-05 0.0030
    9.5162E+00   1.14750E-06 0.0112
    9.7915E+00   1.16843E-06 0.0112
    1.0075E+01   1.44222E-05 0.0032
    1.0366E+01   1.28753E-06 0.0108
    1.0666E+01   1.31614E-05 0.0034
    1.0975E+01   1.42016E-06 0.0104
    1.1292E+01   1.18595E-05 0.0036
    1.1619E+01   1.49466E-06 0.0101
    1.1955E+01   1.58393E-06 0.0098
    1.2301E+01   1.06796E-05 0.0039
    1.2657E+01   1.59536E-06 0.0097
    1.3023E+01   9.83424E-06 0.0040
    1.3400E+01   1.51048E-06 0.0095
    1.3787E+01   1.62294E-06 0.0092
    1.4186E+01   8.97127E-06 0.0041
    1.4596E+01   1.41351E-06 0.0091
    1.5019E+01   8.32741E-06 0.0042
    1.5453E+01   1.27136E-06 0.0088
    1.5900E+01   7.66986E-06 0.0043
    1.6360E+01   1.17646E-06 0.0085
    1.6834E+01   1.20973E-06 0.0084
    1.7321E+01   6.93878E-06 0.0043
    1.7822E+01   1.09858E-06 0.0082
    1.8337E+01   6.24312E-06 0.0044
    1.8868E+01   1.01778E-06 0.0079
    1.9413E+01   1.04243E-06 0.0078
    1.9975E+01   5.62907E-06 0.0044
    2.0553E+01   9.11609E-07 0.0078
    2.1148E+01   5.20681E-06 0.0044
    2.1759E+01   8.52565E-07 0.0075
    2.2389E+01   8.54854E-07 0.0074
    2.3037E+01   4.69139E-06 0.0043
    2.3703E+01   7.47054E-07 0.0074
    2.4389E+01   4.25917E-06 0.0043
    2.5094E+01   6.82333E-07 0.0072
    2.5820E+01   6.99014E-07 0.0071
    2.6567E+01   3.80658E-06 0.0042
    2.7336E+01   5.93558E-07 0.0071
    2.8127E+01   3.47273E-06 0.0041
    2.8940E+01   5.54253E-07 0.0068
    2.9777E+01   3.06237E-06 0.0041
    3.0639E+01   5.82618E-07 0.0062
    3.1525E+01   4.69875E-07 0.0068
    3.2437E+01   2.83191E-06 0.0040
    3.3376E+01   4.50282E-07 0.0065
    3.4341E+01   2.49955E-06 0.0039
    3.5335E+01   4.85289E-07 0.0058
    3.6357E+01   3.70645E-07 0.0066
    3.7409E+01   2.30610E-06 0.0039
    3.8491E+01   3.54304E-07 0.0063
    3.9604E+01   2.02149E-06 0.0038
    4.0750E+01   3.90677E-07 0.0055
    4.1929E+01   2.95004E-07 0.0063
    4.3142E+01   1.86207E-06 0.0037
    4.4390E+01   2.78361E-07 0.0060
    4.5674E+01   1.63295E-06 0.0037
    4.6996E+01   3.06700E-07 0.0054
    4.8355E+01   2.35349E-07 0.0061
    4.9754E+01   1.49514E-06 0.0036
    5.1193E+01   2.15008E-07 0.0059
    5.2674E+01   1.30697E-06 0.0035
    5.4198E+01   2.37964E-07 0.0052
    5.5766E+01   1.89300E-07 0.0058
    5.7379E+01   1.18628E-06 0.0035
    5.9039E+01   1.65421E-07 0.0058
    6.0747E+01   1.04418E-06 0.0034
    6.2505E+01   1.78264E-07 0.0052
    6.4313E+01   8.93993E-07 0.0034
    6.6174E+01   1.96009E-07 0.0046
    6.8088E+01   1.27101E-07 0.0056
    7.0058E+01   8.33647E-07 0.0033
    7.2084E+01   1.30743E-07 0.0052
    7.4170E+01   7.12686E-07 0.0033
    7.6315E+01   1.45085E-07 0.0046
    7.8523E+01   1.00293E-07 0.0055
    8.0795E+01   6.53415E-07 0.0033
    8.3132E+01   9.30704E-08 0.0052
    8.5537E+01   5.65980E-07 0.0032
    8.8012E+01   1.02021E-07 0.0047
    9.0558E+01   4.81238E-07 0.0032
    9.3178E+01   1.08425E-07 0.0042
    9.5873E+01   7.10969E-08 0.0052
    9.8647E+01   4.48198E-07 0.0032
    1.0150E+02   6.61338E-08 0.0050
    1.0444E+02   3.87874E-07 0.0032
    1.0746E+02   6.78878E-08 0.0046
    1.1057E+02   3.29510E-07 0.0031
    1.1377E+02   7.00888E-08 0.0042
    1.1706E+02   4.84861E-08 0.0050
    1.2044E+02   3.00052E-07 0.0031
    1.2393E+02   4.31494E-08 0.0049
    1.2751E+02   2.59429E-07 0.0031
    1.3120E+02   4.39886E-08 0.0045
    1.3500E+02   2.18876E-07 0.0031
    1.3890E+02   4.56933E-08 0.0041
    1.4292E+02   3.15763E-08 0.0049
    1.4706E+02   1.97548E-07 0.0031
    1.5131E+02   2.86169E-08 0.0048
    1.5569E+02   1.68921E-07 0.0031
    1.6019E+02   2.97192E-08 0.0044
    1.6483E+02   1.41577E-07 0.0030
    1.6959E+02   3.05108E-08 0.0040
    1.7450E+02   2.01742E-08 0.0049
    1.7955E+02   1.27739E-07 0.0030
    1.8474E+02   1.96738E-08 0.0046
    1.9009E+02   1.07276E-07 0.0030
    1.9559E+02   2.08805E-08 0.0042
    2.0124E+02   1.53906E-08 0.0048
    2.0707E+02   9.49785E-08 0.0030
    2.1306E+02   1.34453E-08 0.0048
    2.1922E+02   8.08246E-08 0.0030
    2.2556E+02   1.40358E-08 0.0043
    2.3209E+02   1.22457E-08 0.0046
    2.3880E+02   6.95553E-08 0.0030
    2.4571E+02   9.70951E-09 0.0048
    2.5282E+02   6.04265E-08 0.0030
    2.6013E+02   9.56498E-09 0.0045
    2.6766E+02   5.08632E-08 0.0030
    2.7540E+02   1.00421E-08 0.0041
    2.8337E+02   7.71523E-09 0.0046
    2.9157E+02   4.49045E-08 0.0030
    3.0000E+02   6.59461E-09 0.0046
      total      9.70446E-03 0.0009
 
 cell  424                                                                                                                             
 user bin total
    s(e) (MeV/cm)
    1.0000E+00   0.00000E+00 0.0000
    1.0289E+00   0.00000E+00 0.0000
    1.0587E+00   0.00000E+00 0.0000
    1.0893E+00   0.00000E+00 0.0000
    1.1208E+00   0.00000E+00 0.0000
    1.1533E+00   0.00000E+00 0.0000
    1.1866E+00   0.00000E+00 0.0000
    1.2210E+00   0.00000E+00 0.0000
    1.2563E+00   0.00000E+00 0.0000
    1.2926E+00   0.00000E+00 0.0000
    1.3300E+00   0.00000E+00 0.0000
    1.3685E+00   0.00000E+00 0.0000
    1.4081E+00   0.00000E+00 0.0000
    1.4488E+00   0.00000E+00 0.0000
    1.4907E+00   0.00000E+00 0.0000
    1.5339E+00   0.00000E+00 0.0000
    1.5782E+00   0.00000E+00 0.0000
    1.6239E+00   0.00000E+00 0.0000
    1.6709E+00   0.00000E+00 0.0000
    1.7192E+00   0.00000E+00 0.0000
    1.7689E+00   0.00000E+00 0.0000
    1.8201E+00   0.00000E+00 0.0000
    1.8728E+00   0.00000E+00 0.0000
    1.9269E+00   0.00000E+00 0.0000
    1.9827E+00   0.00000E+00 0.0000
    2.0400E+00   0.00000E+00 0.0000
    2.0991E+00   0.00000E+00 0.0000
    2.1598E+00   0.00000E+00 0.0000
    2.2223E+00   0.00000E+00 0.0000
    2.2866E+00   0.00000E+00 0.0000
    2.3527E+00   0.00000E+00 0.0000
    2.4208E+00   0.00000E+00 0.0000
    2.4908E+00   0.00000E+00 0.0000
    2.5629E+00   0.00000E+00 0.0000
    2.6370E+00   0.00000E+00 0.0000
    2.7133E+00   0.00000E+00 0.0000
    2.7918E+00   0.00000E+00 0.0000
    2.8725E+00   0.00000E+00 0.0000
    2.9557E+00   0.00000E+00 0.0000
    3.0412E+00   0.00000E+00 0.0000
    3.1291E+00   0.00000E+00 0.0000
    3.2197E+00   0.00000E+00 0.0000
    3.3128E+00   0.00000E+00 0.0000
    3.4086E+00   0.00000E+00 0.0000
    3.5072E+00   0.00000E+00 0.0000
    3.6087E+00   0.00000E+00 0.0000
    3.7131E+00   0.00000E+00 0.0000
    3.8205E+00   0.00000E+00 0.0000
    3.9311E+00   0.00000E+00 0.0000
    4.0448E+00   0.00000E+00 0.0000
    4.1618E+00   0.00000E+00 0.0000
    4.2822E+00   0.00000E+00 0.0000
    4.4061E+00   0.00000E+00 0.0000
    4.5335E+00   0.00000E+00 0.0000
    4.6647E+00   0.00000E+00 0.0000
    4.7996E+00   0.00000E+00 0.0000
    4.9385E+00   0.00000E+00 0.0000
    5.0814E+00   0.00000E+00 0.0000
    5.2284E+00   0.00000E+00 0.0000
    5.3796E+00   0.00000E+00 0.0000
    5.5352E+00   0.00000E+00 0.0000
    5.6954E+00   0.00000E+00 0.0000
    5.8601E+00   0.00000E+00 0.0000
    6.0297E+00   0.00000E+00 0.0000
    6.2041E+00   0.00000E+00 0.0000
    6.3836E+00   9.47878E-03 0.0009
    6.5683E+00   2.70654E-06 0.0086
    6.7583E+00   2.35775E-05 0.0025
    6.9538E+00   6.22200E-07 0.0139
    7.1550E+00   1.92294E-05 0.0026
    7.3619E+00   6.95694E-07 0.0134
    7.5749E+00   7.09510E-07 0.0132
    7.7941E+00   1.92210E-05 0.0026
    8.0195E+00   8.20975E-07 0.0125
    8.2515E+00   1.83303E-05 0.0027
    8.4902E+00   9.23632E-07 0.0121
    8.7359E+00   1.70112E-05 0.0029
    8.9886E+00   1.05957E-06 0.0115
    9.2486E+00   1.56588E-05 0.0030
    9.5162E+00   1.14778E-06 0.0112
    9.7915E+00   1.16901E-06 0.0112
    1.0075E+01   1.44301E-05 0.0032
    1.0366E+01   1.28813E-06 0.0108
    1.0666E+01   1.31688E-05 0.0034
    1.0975E+01   1.42031E-06 0.0103
    1.1292E+01   1.18661E-05 0.0036
    1.1619E+01   1.49515E-06 0.0101
    1.1955E+01   1.58522E-06 0.0098
    1.2301E+01   1.06850E-05 0.0039
    1.2657E+01   1.59636E-06 0.0096
    1.3023E+01   9.84000E-06 0.0040
    1.3400E+01   1.51189E-06 0.0095
    1.3787E+01   1.62367E-06 0.0092
    1.4186E+01   8.97534E-06 0.0041
    1.4596E+01   1.41400E-06 0.0091
    1.5019E+01   8.33214E-06 0.0042
    1.5453E+01   1.27198E-06 0.0088
    1.5900E+01   7.67400E-06 0.0043
    1.6360E+01   1.17738E-06 0.0085
    1.6834E+01   1.21035E-06 0.0084
    1.7321E+01   6.94293E-06 0.0043
    1.7822E+01   1.09908E-06 0.0082
    1.8337E+01   6.24558E-06 0.0044
    1.8868E+01   1.01794E-06 0.0079
    1.9413E+01   1.04341E-06 0.0078
    1.9975E+01   5.63235E-06 0.0044
    2.0553E+01   9.12058E-07 0.0078
    2.1148E+01   5.20918E-06 0.0043
    2.1759E+01   8.53046E-07 0.0075
    2.2389E+01   8.55270E-07 0.0074
    2.3037E+01   4.69371E-06 0.0043
    2.3703E+01   7.47540E-07 0.0074
    2.4389E+01   4.26129E-06 0.0043
    2.5094E+01   6.82576E-07 0.0072
    2.5820E+01   6.99221E-07 0.0071
    2.6567E+01   3.80837E-06 0.0042
    2.7336E+01   5.93815E-07 0.0071
    2.8127E+01   3.47422E-06 0.0041
    2.8940E+01   5.54509E-07 0.0068
    2.9777E+01   3.06368E-06 0.0041
    3.0639E+01   5.83012E-07 0.0062
    3.1525E+01   4.70007E-07 0.0068
    3.2437E+01   2.83320E-06 0.0040
    3.3376E+01   4.50525E-07 0.0065
    3.4341E+01   2.50057E-06 0.0039
    3.5335E+01   4.85497E-07 0.0058
    3.6357E+01   3.70805E-07 0.0066
    3.7409E+01   2.30715E-06 0.0039
    3.8491E+01   3.54427E-07 0.0063
    3.9604E+01   2.02234E-06 0.0038
    4.0750E+01   3.90873E-07 0.0055
    4.1929E+01   2.95109E-07 0.0063
    4.3142E+01   1.86281E-06 0.0037
    4.4390E+01   2.78470E-07 0.0060
    4.5674E+01   1.63358E-06 0.0037
    4.6996E+01   3.06809E-07 0.0054
    4.8355E+01   2.35451E-07 0.0061
    4.9754E+01   1.49571E-06 0.0036
    5.1193E+01   2.15089E-07 0.0059
    5.2674E+01   1.30745E-06 0.0035
    5.4198E+01   2.38064E-07 0.0052
    5.5766E+01   1.89362E-07 0.0058
    5.7379E+01   1.18672E-06 0.0035
    5.9039E+01   1.65511E-07 0.0058
    6.0747E+01   1.04457E-06 0.0034
    6.2505E+01   1.78341E-07 0.0052
    6.4313E+01   8.94351E-07 0.0034
    6.6174E+01   1.96075E-07 0.0046
    6.8088E+01   1.27168E-07 0.0056
    7.0058E+01   8.33970E-07 0.0033
    7.2084E+01   1.30797E-07 0.0052
    7.4170E+01   7.12980E-07 0.0033
    7.6315E+01   1.45123E-07 0.0046
    7.8523E+01   1.00343E-07 0.0054
    8.0795E+01   6.53668E-07 0.0033
    8.3132E+01   9.30974E-08 0.0052
    8.5537E+01   5.66186E-07 0.0032
    8.8012E+01   1.02054E-07 0.0047
    9.0558E+01   4.81406E-07 0.0032
    9.3178E+01   1.08461E-07 0.0042
    9.5873E+01   7.11185E-08 0.0052
    9.8647E+01   4.48361E-07 0.0032
    1.0150E+02   6.61509E-08 0.0050
    1.0444E+02   3.88012E-07 0.0032
    1.0746E+02   6.79064E-08 0.0046
    1.1057E+02   3.29617E-07 0.0031
    1.1377E+02   7.01219E-08 0.0042
    1.1706E+02   4.84952E-08 0.0050
    1.2044E+02   3.00165E-07 0.0031
    1.2393E+02   4.31621E-08 0.0049
    1.2751E+02   2.59521E-07 0.0031
    1.3120E+02   4.40054E-08 0.0045
    1.3500E+02   2.18952E-07 0.0031
    1.3890E+02   4.57120E-08 0.0041
    1.4292E+02   3.15864E-08 0.0049
    1.4706E+02   1.97615E-07 0.0031
    1.5131E+02   2.86311E-08 0.0048
    1.5569E+02   1.68978E-07 0.0031
    1.6019E+02   2.97303E-08 0.0044
    1.6483E+02   1.41627E-07 0.0030
    1.6959E+02   3.05181E-08 0.0040
    1.7450E+02   2.01828E-08 0.0049
    1.7955E+02   1.27784E-07 0.0030
    1.8474E+02   1.96789E-08 0.0046
    1.9009E+02   1.07314E-07 0.0030
    1.9559E+02   2.08885E-08 0.0042
    2.0124E+02   1.53959E-08 0.0048
    2.0707E+02   9.50102E-08 0.0030
    2.1306E+02   1.34510E-08 0.0048
    2.1922E+02   8.08510E-08 0.0030
    2.2556E+02   1.40424E-08 0.0043
    2.3209E+02   1.22496E-08 0.0046
    2.3880E+02   6.95797E-08 0.0030
    2.4571E+02   9.71390E-09 0.0048
    2.5282E+02   6.04465E-08 0.0030
    2.6013E+02   9.56874E-09 0.0045
    2.6766E+02   5.08811E-08 0.0030
    2.7540E+02   1.00454E-08 0.0041
    2.8337E+02   7.71783E-09 0.0046
    2.9157E+02   4.49200E-08 0.0030
    3.0000E+02   6.59658E-09 0.0046
      total      9.78699E-03 0.0009
 
 cell union total                                                                                                                      
 user bin          -1.00000
    s(e) (MeV/cm)
    1.0000E+00   0.00000E+00 0.0000
    1.0289E+00   0.00000E+00 0.0000
    1.0587E+00   0.00000E+00 0.0000
    1.0893E+00   0.00000E+00 0.0000
    1.1208E+00   0.00000E+00 0.0000
    1.1533E+00   0.00000E+00 0.0000
    1.1866E+00   0.00000E+00 0.0000
    1.2210E+00   0.00000E+00 0.0000
    1.2563E+00   0.00000E+00 0.0000
    1.2926E+00   0.00000E+00 0.0000
    1.3300E+00   0.00000E+00 0.0000
    1.3685E+00   0.00000E+00 0.0000
    1.4081E+00   0.00000E+00 0.0000
    1.4488E+00   0.00000E+00 0.0000
    1.4907E+00   0.00000E+00 0.0000
    1.5339E+00   0.00000E+00 0.0000
    1.5782E+00   0.00000E+00 0.0000
    1.6239E+00   0.00000E+00 0.0000
    1.6709E+00   0.00000E+00 0.0000
    1.7192E+00   0.00000E+00 0.0000
    1.7689E+00   0.00000E+00 0.0000
    1.8201E+00   0.00000E+00 0.0000
    1.8728E+00   0.00000E+00 0.0000
    1.9269E+00   0.00000E+00 0.0000
    1.9827E+00   0.00000E+00 0.0000
    2.0400E+00   0.00000E+00 0.0000
    2.0991E+00   0.00000E+00 0.0000
    2.1598E+00   0.00000E+00 0.0000
    2.2223E+00   0.00000E+00 0.0000
    2.2866E+00   0.00000E+00 0.0000
    2.3527E+00   0.00000E+00 0.0000
    2.4208E+00   0.00000E+00 0.0000
    2.4908E+00   0.00000E+00 0.0000
    2.5629E+00   0.00000E+00 0.0000
    2.6370E+00   0.00000E+00 0.0000
    2.7133E+00   0.00000E+00 0.0000
    2.7918E+00   0.00000E+00 0.0000
    2.8725E+00   0.00000E+00 0.0000
    2.9557E+00   0.00000E+00 0.0000
    3.0412E+00   0.00000E+00 0.0000
    3.1291E+00   0.00000E+00 0.0000
    3.2197E+00   0.00000E+00 0.0000
    3.3128E+00   0.00000E+00 0.0000
    3.4086E+00   0.00000E+00 0.0000
    3.5072E+00   0.00000E+00 0.0000
    3.6087E+00   0.00000E+00 0.0000
    3.7131E+00   0.00000E+00 0.0000
    3.8205E+00   0.00000E+00 0.0000
    3.9311E+00   0.00000E+00 0.0000
    4.0448E+00   0.00000E+00 0.0000
    4.1618E+00   0.00000E+00 0.0000
    4.2822E+00   0.00000E+00 0.0000
    4.4061E+00   0.00000E+00 0.0000
    4.5335E+00   0.00000E+00 0.0000
    4.6647E+00   0.00000E+00 0.0000
    4.7996E+00   0.00000E+00 0.0000
    4.9385E+00   0.00000E+00 0.0000
    5.0814E+00   0.00000E+00 0.0000
    5.2284E+00   0.00000E+00 0.0000
    5.3796E+00   0.00000E+00 0.0000
    5.5352E+00   0.00000E+00 0.0000
    5.6954E+00   0.00000E+00 0.0000
    5.8601E+00   0.00000E+00 0.0000
    6.0297E+00   0.00000E+00 0.0000
    6.2041E+00   0.00000E+00 0.0000
    6.3836E+00   8.33719E-05 0.0010
    6.5683E+00   1.74969E-09 0.1134
    6.7583E+00   8.63516E-09 0.0945
    6.9538E+00   1.52296E-10 0.3730
    7.1550E+00   7.30567E-09 0.1099
    7.3619E+00   1.63354E-10 0.3813
    7.5749E+00   1.64974E-10 0.3799
    7.7941E+00   6.26783E-09 0.1179
    8.0195E+00   2.54695E-10 0.3106
    8.2515E+00   5.29002E-09 0.1223
    8.4902E+00   2.98549E-10 0.2920
    8.7359E+00   4.61479E-09 0.1340
    8.9886E+00   3.06599E-10 0.3015
    9.2486E+00   4.48565E-09 0.1275
    9.5162E+00   2.87048E-10 0.3163
    9.7915E+00   3.56106E-10 0.2818
    1.0075E+01   4.53311E-09 0.1252
    1.0366E+01   4.95670E-10 0.2440
    1.0666E+01   4.42558E-09 0.1302
    1.0975E+01   2.96807E-10 0.3166
    1.1292E+01   4.64039E-09 0.1242
    1.1619E+01   4.79881E-10 0.2590
    1.1955E+01   6.10065E-10 0.2267
    1.2301E+01   3.71191E-09 0.1312
    1.2657E+01   5.87582E-10 0.2361
    1.3023E+01   3.58702E-09 0.1254
    1.3400E+01   4.30215E-10 0.2551
    1.3787E+01   5.90678E-10 0.2092
    1.4186E+01   2.85286E-09 0.1332
    1.4596E+01   2.98546E-10 0.2614
    1.5019E+01   2.54476E-09 0.1286
    1.5453E+01   5.77294E-10 0.1818
    1.5900E+01   2.50130E-09 0.1232
    1.6360E+01   4.00301E-10 0.2080
    1.6834E+01   4.83886E-10 0.1918
    1.7321E+01   2.26588E-09 0.1214
    1.7822E+01   3.07371E-10 0.2145
    1.8337E+01   1.89285E-09 0.1269
    1.8868E+01   3.34044E-10 0.1973
    1.9413E+01   3.83391E-10 0.1836
    1.9975E+01   1.85926E-09 0.1159
    2.0553E+01   2.75628E-10 0.1989
    2.1148E+01   1.56187E-09 0.1183
    2.1759E+01   2.52906E-10 0.1925
    2.2389E+01   2.79316E-10 0.1826
    2.3037E+01   1.44483E-09 0.1163
    2.3703E+01   1.95704E-10 0.2024
    2.4389E+01   1.25567E-09 0.1153
    2.5094E+01   1.87521E-10 0.1906
    2.5820E+01   1.70417E-10 0.2012
    2.6567E+01   1.19569E-09 0.1101
    2.7336E+01   1.64301E-10 0.1885
    2.8127E+01   1.02641E-09 0.1107
    2.8940E+01   1.84463E-10 0.1667
    2.9777E+01   9.88030E-10 0.0993
    3.0639E+01   2.81021E-10 0.1243
    3.1525E+01   1.16483E-10 0.1925
    3.2437E+01   9.93125E-10 0.0968
    3.3376E+01   1.86974E-10 0.1408
    3.4341E+01   7.55805E-10 0.0977
    3.5335E+01   1.91884E-10 0.1291
    3.6357E+01   9.58406E-11 0.1826
    3.7409E+01   7.15639E-10 0.0964
    3.8491E+01   1.26270E-10 0.1469
    3.9604E+01   6.25665E-10 0.0948
    4.0750E+01   1.25617E-10 0.1362
    4.1929E+01   9.81313E-11 0.1543
    4.3142E+01   5.85248E-10 0.0922
    4.4390E+01   8.18584E-11 0.1562
    4.5674E+01   5.19465E-10 0.0903
    4.6996E+01   1.05442E-10 0.1271
    4.8355E+01   7.96944E-11 0.1460
    4.9754E+01   4.60120E-10 0.0897
    5.1193E+01   5.98743E-11 0.1562
    5.2674E+01   4.12398E-10 0.0875
    5.4198E+01   6.86838E-11 0.1348
    5.5766E+01   5.24495E-11 0.1543
    5.7379E+01   3.75499E-10 0.0849
    5.9039E+01   5.75672E-11 0.1361
    6.0747E+01   3.30528E-10 0.0832
    6.2505E+01   5.57247E-11 0.1280
    6.4313E+01   2.85332E-10 0.0825
    6.6174E+01   5.54943E-11 0.1187
    6.8088E+01   4.37701E-11 0.1336
    7.0058E+01   2.49903E-10 0.0821
    7.2084E+01   4.41576E-11 0.1231
    7.4170E+01   2.18188E-10 0.0811
    7.6315E+01   3.49439E-11 0.1280
    7.8523E+01   3.06876E-11 0.1363
    8.0795E+01   1.94787E-10 0.0808
    8.3132E+01   2.99249E-11 0.1280
    8.5537E+01   1.64121E-10 0.0795
    8.8012E+01   3.15170E-11 0.1155
    9.0558E+01   1.40360E-10 0.0788
    9.3178E+01   2.84226E-11 0.1125
    9.5873E+01   2.52785E-11 0.1193
    9.8647E+01   1.30988E-10 0.0780
    1.0150E+02   1.70199E-11 0.1348
    1.0444E+02   1.10337E-10 0.0780
    1.0746E+02   1.96620E-11 0.1162
    1.1057E+02   9.21079E-11 0.0775
    1.1377E+02   2.32662E-11 0.0990
    1.1706E+02   1.08458E-11 0.1446
    1.2044E+02   8.74242E-11 0.0768
    1.2393E+02   1.11594E-11 0.1325
    1.2751E+02   7.40914E-11 0.0763
    1.3120E+02   1.18962E-11 0.1187
    1.3500E+02   6.22706E-11 0.0760
    1.3890E+02   1.22464E-11 0.1085
    1.4292E+02   9.22081E-12 0.1250
    1.4706E+02   5.52726E-11 0.0760
    1.5131E+02   8.77042E-12 0.1187
    1.5569E+02   4.51158E-11 0.0761
    1.6019E+02   8.46918E-12 0.1118
    1.6483E+02   3.85466E-11 0.0760
    1.6959E+02   7.89116E-12 0.1072
    1.7450E+02   5.98640E-12 0.1231
    1.7955E+02   3.42127E-11 0.0760
    1.8474E+02   5.20569E-12 0.1222
    1.9009E+02   2.83660E-11 0.0760
    1.9559E+02   5.52199E-12 0.1098
    2.0124E+02   4.39098E-12 0.1231
    2.0707E+02   2.47110E-11 0.0761
    2.1306E+02   3.58833E-12 0.1260
    2.1922E+02   2.06105E-11 0.0763
    2.2556E+02   4.09567E-12 0.1091
    2.3209E+02   3.21803E-12 0.1231
    2.3880E+02   1.83504E-11 0.0761
    2.4571E+02   2.83822E-12 0.1213
    2.5282E+02   1.51805E-11 0.0763
    2.6013E+02   2.71573E-12 0.1147
    2.6766E+02   1.32875E-11 0.0763
    2.7540E+02   2.54097E-12 0.1098
    2.8337E+02   1.92869E-12 0.1260
    2.9157E+02   1.17132E-11 0.0762
    3.0000E+02   1.57581E-12 0.1291
      total      8.34727E-05 0.0010
 
 cell union total                                                                                                                      
 user bin 10000000000.00000
    s(e) (MeV/cm)
    1.0000E+00   0.00000E+00 0.0000
    1.0289E+00   0.00000E+00 0.0000
    1.0587E+00   0.00000E+00 0.0000
    1.0893E+00   0.00000E+00 0.0000
    1.1208E+00   0.00000E+00 0.0000
    1.1533E+00   0.00000E+00 0.0000
    1.1866E+00   0.00000E+00 0.0000
    1.2210E+00   0.00000E+00 0.0000
    1.2563E+00   0.00000E+00 0.0000
    1.2926E+00   0.00000E+00 0.0000
    1.3300E+00   0.00000E+00 0.0000
    1.3685E+00   0.00000E+00 0.0000
    1.4081E+00   0.00000E+00 0.0000
    1.4488E+00   0.00000E+00 0.0000
    1.4907E+00   0.00000E+00 0.0000
    1.5339E+00   0.00000E+00 0.0000
    1.5782E+00   0.00000E+00 0.0000
    1.6239E+00   0.00000E+00 0.0000
    1.6709E+00   0.00000E+00 0.0000
    1.7192E+00   0.00000E+00 0.0000
    1.7689E+00   0.00000E+00 0.0000
    1.8201E+00   0.00000E+00 0.0000
    1.8728E+00   0.00000E+00 0.0000
    1.9269E+00   0.00000E+00 0.0000
    1.9827E+00   0.00000E+00 0.0000
    2.0400E+00   0.00000E+00 0.0000
    2.0991E+00   0.00000E+00 0.0000
    2.1598E+00   0.00000E+00 0.0000
    2.2223E+00   0.00000E+00 0.0000
    2.2866E+00   0.00000E+00 0.0000
    2.3527E+00   0.00000E+00 0.0000
    2.4208E+00   0.00000E+00 0.0000
    2.4908E+00   0.00000E+00 0.0000
    2.5629E+00   0.00000E+00 0.0000
    2.6370E+00   0.00000E+00 0.0000
    2.7133E+00   0.00000E+00 0.0000
    2.7918E+00   0.00000E+00 0.0000
    2.8725E+00   0.00000E+00 0.0000
    2.9557E+00   0.00000E+00 0.0000
    3.0412E+00   0.00000E+00 0.0000
    3.1291E+00   0.00000E+00 0.0000
    3.2197E+00   0.00000E+00 0.0000
    3.3128E+00   0.00000E+00 0.0000
    3.4086E+00   0.00000E+00 0.0000
    3.5072E+00   0.00000E+00 0.0000
    3.6087E+00   0.00000E+00 0.0000
    3.7131E+00   0.00000E+00 0.0000
    3.8205E+00   0.00000E+00 0.0000
    3.9311E+00   0.00000E+00 0.0000
    4.0448E+00   0.00000E+00 0.0000
    4.1618E+00   0.00000E+00 0.0000
    4.2822E+00   0.00000E+00 0.0000
    4.4061E+00   0.00000E+00 0.0000
    4.5335E+00   0.00000E+00 0.0000
    4.6647E+00   0.00000E+00 0.0000
    4.7996E+00   0.00000E+00 0.0000
    4.9385E+00   0.00000E+00 0.0000
    5.0814E+00   0.00000E+00 0.0000
    5.2284E+00   0.00000E+00 0.0000
    5.3796E+00   0.00000E+00 0.0000
    5.5352E+00   0.00000E+00 0.0000
    5.6954E+00   0.00000E+00 0.0000
    5.8601E+00   0.00000E+00 0.0000
    6.0297E+00   0.00000E+00 0.0000
    6.2041E+00   0.00000E+00 0.0000
    6.3836E+00   9.44614E-03 0.0009
    6.5683E+00   1.07468E-06 0.0057
    6.7583E+00   1.99967E-05 0.0024
    6.9538E+00   5.61153E-07 0.0066
    7.1550E+00   1.78172E-05 0.0025
    7.3619E+00   6.56093E-07 0.0062
    7.5749E+00   6.66796E-07 0.0061
    7.7941E+00   1.77638E-05 0.0025
    8.0195E+00   7.71859E-07 0.0058
    8.2515E+00   1.68932E-05 0.0025
    8.4902E+00   8.63881E-07 0.0056
    8.7359E+00   1.57254E-05 0.0026
    8.9886E+00   9.67444E-07 0.0054
    9.2486E+00   1.45312E-05 0.0027
    9.5162E+00   1.06462E-06 0.0053
    9.7915E+00   1.10408E-06 0.0052
    1.0075E+01   1.33835E-05 0.0027
    1.0366E+01   1.21442E-06 0.0050
    1.0666E+01   1.22225E-05 0.0027
    1.0975E+01   1.32039E-06 0.0049
    1.1292E+01   1.10747E-05 0.0027
    1.1619E+01   1.39777E-06 0.0047
    1.1955E+01   1.46530E-06 0.0046
    1.2301E+01   1.00669E-05 0.0027
    1.2657E+01   1.52063E-06 0.0045
    1.3023E+01   9.27110E-06 0.0027
    1.3400E+01   1.43750E-06 0.0044
    1.3787E+01   1.50422E-06 0.0043
    1.4186E+01   8.45906E-06 0.0026
    1.4596E+01   1.32858E-06 0.0043
    1.5019E+01   7.90711E-06 0.0026
    1.5453E+01   1.19603E-06 0.0041
    1.5900E+01   7.27105E-06 0.0025
    1.6360E+01   1.10652E-06 0.0040
    1.6834E+01   1.14838E-06 0.0039
    1.7321E+01   6.55647E-06 0.0024
    1.7822E+01   1.05305E-06 0.0038
    1.8337E+01   6.00835E-06 0.0024
    1.8868E+01   9.73060E-07 0.0037
    1.9413E+01   9.94182E-07 0.0037
    1.9975E+01   5.42223E-06 0.0023
    2.0553E+01   8.82037E-07 0.0036
    2.1148E+01   4.98208E-06 0.0023
    2.1759E+01   8.13719E-07 0.0035
    2.2389E+01   8.14192E-07 0.0035
    2.3037E+01   4.49133E-06 0.0022
    2.3703E+01   7.09516E-07 0.0035
    2.4389E+01   4.08706E-06 0.0022
    2.5094E+01   6.63646E-07 0.0033
    2.5820E+01   6.66521E-07 0.0033
    2.6567E+01   3.66025E-06 0.0021
    2.7336E+01   5.71379E-07 0.0033
    2.8127E+01   3.33759E-06 0.0021
    2.8940E+01   5.33983E-07 0.0032
    2.9777E+01   2.96597E-06 0.0020
    3.0639E+01   5.61735E-07 0.0029
    3.1525E+01   4.51457E-07 0.0032
    3.2437E+01   2.72961E-06 0.0020
    3.3376E+01   4.29523E-07 0.0031
    3.4341E+01   2.40485E-06 0.0020
    3.5335E+01   4.65815E-07 0.0027
    3.6357E+01   3.57448E-07 0.0031
    3.7409E+01   2.22153E-06 0.0019
    3.8491E+01   3.43816E-07 0.0029
    3.9604E+01   1.94684E-06 0.0019
    4.0750E+01   3.78948E-07 0.0026
    4.1929E+01   2.83597E-07 0.0030
    4.3142E+01   1.79947E-06 0.0019
    4.4390E+01   2.67435E-07 0.0029
    4.5674E+01   1.57200E-06 0.0018
    4.6996E+01   2.98971E-07 0.0025
    4.8355E+01   2.25842E-07 0.0029
    4.9754E+01   1.44442E-06 0.0018
    5.1193E+01   2.07693E-07 0.0028
    5.2674E+01   1.26360E-06 0.0018
    5.4198E+01   2.31343E-07 0.0025
    5.5766E+01   1.82236E-07 0.0028
    5.7379E+01   1.14842E-06 0.0018
    5.9039E+01   1.59748E-07 0.0027
    6.0747E+01   1.01129E-06 0.0018
    6.2505E+01   1.73827E-07 0.0025
    6.4313E+01   8.64453E-07 0.0017
    6.6174E+01   1.90330E-07 0.0022
    6.8088E+01   1.23028E-07 0.0027
    7.0058E+01   8.05887E-07 0.0017
    7.2084E+01   1.26361E-07 0.0025
    7.4170E+01   6.88648E-07 0.0017
    7.6315E+01   1.40145E-07 0.0022
    7.8523E+01   9.73951E-08 0.0026
    8.0795E+01   6.32105E-07 0.0017
    8.3132E+01   9.00587E-08 0.0025
    8.5537E+01   5.47942E-07 0.0017
    8.8012E+01   9.82997E-08 0.0023
    9.0558E+01   4.66752E-07 0.0017
    9.3178E+01   1.04571E-07 0.0021
    9.5873E+01   6.89730E-08 0.0025
    9.8647E+01   4.33940E-07 0.0017
    1.0150E+02   6.37756E-08 0.0024
    1.0444E+02   3.75464E-07 0.0017
    1.0746E+02   6.56680E-08 0.0022
    1.1057E+02   3.19262E-07 0.0016
    1.1377E+02   6.78245E-08 0.0021
    1.1706E+02   4.70234E-08 0.0024
    1.2044E+02   2.90699E-07 0.0016
    1.2393E+02   4.17490E-08 0.0024
    1.2751E+02   2.51281E-07 0.0016
    1.3120E+02   4.26360E-08 0.0022
    1.3500E+02   2.12174E-07 0.0016
    1.3890E+02   4.43134E-08 0.0021
    1.4292E+02   3.05812E-08 0.0024
    1.4706E+02   1.91532E-07 0.0016
    1.5131E+02   2.76618E-08 0.0023
    1.5569E+02   1.63687E-07 0.0016
    1.6019E+02   2.88997E-08 0.0022
    1.6483E+02   1.37391E-07 0.0016
    1.6959E+02   2.95893E-08 0.0020
    1.7450E+02   1.96090E-08 0.0024
    1.7955E+02   1.24018E-07 0.0016
    1.8474E+02   1.90456E-08 0.0022
    1.9009E+02   1.04196E-07 0.0016
    1.9559E+02   2.02718E-08 0.0021
    2.0124E+02   1.49270E-08 0.0023
    2.0707E+02   9.20828E-08 0.0016
    2.1306E+02   1.30500E-08 0.0023
    2.1922E+02   7.83883E-08 0.0016
    2.2556E+02   1.36879E-08 0.0021
    2.3209E+02   1.18346E-08 0.0023
    2.3880E+02   6.75132E-08 0.0016
    2.4571E+02   9.39134E-09 0.0023
    2.5282E+02   5.85938E-08 0.0016
    2.6013E+02   9.30390E-09 0.0022
    2.6766E+02   4.92871E-08 0.0016
    2.7540E+02   9.78537E-09 0.0020
    2.8337E+02   7.44730E-09 0.0023
    2.9157E+02   4.35788E-08 0.0016
    3.0000E+02   6.37413E-09 0.0023
      total      9.73233E-03 0.0009
 
 cell union total                                                                                                                      
 user bin total
    s(e) (MeV/cm)
    1.0000E+00   0.00000E+00 0.0000
    1.0289E+00   0.00000E+00 0.0000
    1.0587E+00   0.00000E+00 0.0000
    1.0893E+00   0.00000E+00 0.0000
    1.1208E+00   0.00000E+00 0.0000
    1.1533E+00   0.00000E+00 0.0000
    1.1866E+00   0.00000E+00 0.0000
    1.2210E+00   0.00000E+00 0.0000
    1.2563E+00   0.00000E+00 0.0000
    1.2926E+00   0.00000E+00 0.0000
    1.3300E+00   0.00000E+00 0.0000
    1.3685E+00   0.00000E+00 0.0000
    1.4081E+00   0.00000E+00 0.0000
    1.4488E+00   0.00000E+00 0.0000
    1.4907E+00   0.00000E+00 0.0000
    1.5339E+00   0.00000E+00 0.0000
    1.5782E+00   0.00000E+00 0.0000
    1.6239E+00   0.00000E+00 0.0000
    1.6709E+00   0.00000E+00 0.0000
    1.7192E+00   0.00000E+00 0.0000
    1.7689E+00   0.00000E+00 0.0000
    1.8201E+00   0.00000E+00 0.0000
    1.8728E+00   0.00000E+00 0.0000
    1.9269E+00   0.00000E+00 0.0000
    1.9827E+00   0.00000E+00 0.0000
    2.0400E+00   0.00000E+00 0.0000
    2.0991E+00   0.00000E+00 0.0000
    2.1598E+00   0.00000E+00 0.0000
    2.2223E+00   0.00000E+00 0.0000
    2.2866E+00   0.00000E+00 0.0000
    2.3527E+00   0.00000E+00 0.0000
    2.4208E+00   0.00000E+00 0.0000
    2.4908E+00   0.00000E+00 0.0000
    2.5629E+00   0.00000E+00 0.0000
    2.6370E+00   0.00000E+00 0.0000
    2.7133E+00   0.00000E+00 0.0000
    2.7918E+00   0.00000E+00 0.0000
    2.8725E+00   0.00000E+00 0.0000
    2.9557E+00   0.00000E+00 0.0000
    3.0412E+00   0.00000E+00 0.0000
    3.1291E+00   0.00000E+00 0.0000
    3.2197E+00   0.00000E+00 0.0000
    3.3128E+00   0.00000E+00 0.0000
    3.4086E+00   0.00000E+00 0.0000
    3.5072E+00   0.00000E+00 0.0000
    3.6087E+00   0.00000E+00 0.0000
    3.7131E+00   0.00000E+00 0.0000
    3.8205E+00   0.00000E+00 0.0000
    3.9311E+00   0.00000E+00 0.0000
    4.0448E+00   0.00000E+00 0.0000
    4.1618E+00   0.00000E+00 0.0000
    4.2822E+00   0.00000E+00 0.0000
    4.4061E+00   0.00000E+00 0.0000
    4.5335E+00   0.00000E+00 0.0000
    4.6647E+00   0.00000E+00 0.0000
    4.7996E+00   0.00000E+00 0.0000
    4.9385E+00   0.00000E+00 0.0000
    5.0814E+00   0.00000E+00 0.0000
    5.2284E+00   0.00000E+00 0.0000
    5.3796E+00   0.00000E+00 0.0000
    5.5352E+00   0.00000E+00 0.0000
    5.6954E+00   0.00000E+00 0.0000
    5.8601E+00   0.00000E+00 0.0000
    6.0297E+00   0.00000E+00 0.0000
    6.2041E+00   0.00000E+00 0.0000
    6.3836E+00   9.52952E-03 0.0009
    6.5683E+00   1.07643E-06 0.0058
    6.7583E+00   2.00053E-05 0.0024
    6.9538E+00   5.61306E-07 0.0066
    7.1550E+00   1.78245E-05 0.0025
    7.3619E+00   6.56256E-07 0.0062
    7.5749E+00   6.66960E-07 0.0061
    7.7941E+00   1.77700E-05 0.0025
    8.0195E+00   7.72113E-07 0.0058
    8.2515E+00   1.68985E-05 0.0025
    8.4902E+00   8.64180E-07 0.0056
    8.7359E+00   1.57300E-05 0.0026
    8.9886E+00   9.67751E-07 0.0054
    9.2486E+00   1.45357E-05 0.0027
    9.5162E+00   1.06491E-06 0.0053
    9.7915E+00   1.10444E-06 0.0052
    1.0075E+01   1.33880E-05 0.0027
    1.0366E+01   1.21492E-06 0.0050
    1.0666E+01   1.22269E-05 0.0027
    1.0975E+01   1.32069E-06 0.0049
    1.1292E+01   1.10793E-05 0.0027
    1.1619E+01   1.39825E-06 0.0047
    1.1955E+01   1.46591E-06 0.0046
    1.2301E+01   1.00706E-05 0.0027
    1.2657E+01   1.52121E-06 0.0045
    1.3023E+01   9.27468E-06 0.0027
    1.3400E+01   1.43793E-06 0.0044
    1.3787E+01   1.50481E-06 0.0043
    1.4186E+01   8.46191E-06 0.0026
    1.4596E+01   1.32888E-06 0.0043
    1.5019E+01   7.90966E-06 0.0026
    1.5453E+01   1.19661E-06 0.0041
    1.5900E+01   7.27355E-06 0.0025
    1.6360E+01   1.10692E-06 0.0040
    1.6834E+01   1.14887E-06 0.0039
    1.7321E+01   6.55873E-06 0.0024
    1.7822E+01   1.05336E-06 0.0038
    1.8337E+01   6.01025E-06 0.0024
    1.8868E+01   9.73394E-07 0.0037
    1.9413E+01   9.94565E-07 0.0037
    1.9975E+01   5.42409E-06 0.0023
    2.0553E+01   8.82313E-07 0.0036
    2.1148E+01   4.98365E-06 0.0023
    2.1759E+01   8.13972E-07 0.0035
    2.2389E+01   8.14472E-07 0.0035
    2.3037E+01   4.49278E-06 0.0022
    2.3703E+01   7.09712E-07 0.0035
    2.4389E+01   4.08831E-06 0.0022
    2.5094E+01   6.63833E-07 0.0033
    2.5820E+01   6.66691E-07 0.0033
    2.6567E+01   3.66144E-06 0.0021
    2.7336E+01   5.71544E-07 0.0033
    2.8127E+01   3.33862E-06 0.0021
    2.8940E+01   5.34167E-07 0.0032
    2.9777E+01   2.96696E-06 0.0020
    3.0639E+01   5.62016E-07 0.0029
    3.1525E+01   4.51573E-07 0.0032
    3.2437E+01   2.73061E-06 0.0020
    3.3376E+01   4.29710E-07 0.0031
    3.4341E+01   2.40560E-06 0.0020
    3.5335E+01   4.66007E-07 0.0027
    3.6357E+01   3.57543E-07 0.0031
    3.7409E+01   2.22225E-06 0.0019
    3.8491E+01   3.43942E-07 0.0029
    3.9604E+01   1.94746E-06 0.0019
    4.0750E+01   3.79074E-07 0.0026
    4.1929E+01   2.83695E-07 0.0030
    4.3142E+01   1.80006E-06 0.0019
    4.4390E+01   2.67517E-07 0.0029
    4.5674E+01   1.57252E-06 0.0018
    4.6996E+01   2.99076E-07 0.0025
    4.8355E+01   2.25922E-07 0.0029
    4.9754E+01   1.44488E-06 0.0018
    5.1193E+01   2.07753E-07 0.0028
    5.2674E+01   1.26401E-06 0.0018
    5.4198E+01   2.31412E-07 0.0025
    5.5766E+01   1.82288E-07 0.0028
    5.7379E+01   1.14879E-06 0.0018
    5.9039E+01   1.59806E-07 0.0027
    6.0747E+01   1.01162E-06 0.0018
    6.2505E+01   1.73883E-07 0.0025
    6.4313E+01   8.64739E-07 0.0017
    6.6174E+01   1.90385E-07 0.0022
    6.8088E+01   1.23072E-07 0.0027
    7.0058E+01   8.06137E-07 0.0017
    7.2084E+01   1.26405E-07 0.0025
    7.4170E+01   6.88866E-07 0.0017
    7.6315E+01   1.40180E-07 0.0022
    7.8523E+01   9.74258E-08 0.0026
    8.0795E+01   6.32300E-07 0.0017
    8.3132E+01   9.00886E-08 0.0025
    8.5537E+01   5.48107E-07 0.0017
    8.8012E+01   9.83312E-08 0.0023
    9.0558E+01   4.66893E-07 0.0017
    9.3178E+01   1.04600E-07 0.0021
    9.5873E+01   6.89982E-08 0.0025
    9.8647E+01   4.34071E-07 0.0017
    1.0150E+02   6.37926E-08 0.0024
    1.0444E+02   3.75574E-07 0.0016
    1.0746E+02   6.56876E-08 0.0022
    1.1057E+02   3.19355E-07 0.0016
    1.1377E+02   6.78478E-08 0.0021
    1.1706E+02   4.70342E-08 0.0024
    1.2044E+02   2.90786E-07 0.0016
    1.2393E+02   4.17602E-08 0.0024
    1.2751E+02   2.51355E-07 0.0016
    1.3120E+02   4.26479E-08 0.0022
    1.3500E+02   2.12236E-07 0.0016
    1.3890E+02   4.43256E-08 0.0021
    1.4292E+02   3.05904E-08 0.0024
    1.4706E+02   1.91587E-07 0.0016
    1.5131E+02   2.76706E-08 0.0023
    1.5569E+02   1.63732E-07 0.0016
    1.6019E+02   2.89082E-08 0.0022
    1.6483E+02   1.37430E-07 0.0016
    1.6959E+02   2.95972E-08 0.0020
    1.7450E+02   1.96150E-08 0.0024
    1.7955E+02   1.24052E-07 0.0016
    1.8474E+02   1.90508E-08 0.0022
    1.9009E+02   1.04225E-07 0.0016
    1.9559E+02   2.02773E-08 0.0021
    2.0124E+02   1.49314E-08 0.0023
    2.0707E+02   9.21075E-08 0.0016
    2.1306E+02   1.30536E-08 0.0023
    2.1922E+02   7.84089E-08 0.0016
    2.2556E+02   1.36920E-08 0.0021
    2.3209E+02   1.18378E-08 0.0023
    2.3880E+02   6.75316E-08 0.0016
    2.4571E+02   9.39418E-09 0.0023
    2.5282E+02   5.86089E-08 0.0016
    2.6013E+02   9.30662E-09 0.0022
    2.6766E+02   4.93004E-08 0.0016
    2.7540E+02   9.78791E-09 0.0020
    2.8337E+02   7.44923E-09 0.0023
    2.9157E+02   4.35905E-08 0.0016
    3.0000E+02   6.37570E-09 0.0023
      total      9.81580E-03 0.0009


 ===================================================================================================================================

           results of 10 statistical checks for the estimated answer for the tally fluctuation chart (tfc) bin of tally     9204

 tfc bin     --mean--      ---------relative error---------      ----variance of the variance----      --figure of merit--     -pdf-
 behavior    behavior      value   decrease   decrease rate      value   decrease   decrease rate       value     behavior     slope

 desired      random       <0.10      yes      1/sqrt(nps)       <0.10      yes        1/nps           constant    random      >3.00
 observed     random        0.00      yes          yes            0.00      yes         yes                                    10.00
 passed?        yes          yes      yes          yes             yes      yes         yes                                      yes

 ===================================================================================================================================


 this tally meets the statistical criteria used to form confidence intervals: check the tally fluctuation chart to verify.
 the results in other bins associated with this tally may not meet these statistical criteria.

 ----- estimated confidence intervals:  -----

 estimated asymmetric confidence interval(1,2,3 sigma): 9.8351E-03 to 9.8521E-03; 9.8266E-03 to 9.8606E-03; 9.8181E-03 to 9.8691E-03
 estimated  symmetric confidence interval(1,2,3 sigma): 9.8351E-03 to 9.8521E-03; 9.8266E-03 to 9.8606E-03; 9.8181E-03 to 9.8691E-03

1analysis of the results in the tally fluctuation chart bin (tfc) for tally 9204 with nps = 4000000          print table 160


 normed average tally per history  = 9.84360E-03          unnormed average tally per history  = 2.46090E-02
 estimated tally relative error    = 0.0009               estimated variance of the variance  = 0.0000
 relative error from zero tallies  = 0.0007               relative error from nonzero scores  = 0.0005

 number of nonzero history tallies =     1330604          efficiency for the nonzero tallies  = 0.3327
 history number of largest  tally  =     2968771          largest  unnormalized history tally = 1.39838E-01
 (largest  tally)/(average tally)  = 5.68238E+00          (largest  tally)/(avg nonzero tally)= 1.89025E+00

 (confidence interval shift)/mean  = 0.0000               shifted confidence interval center  = 9.84360E-03


 if the largest  history score sampled so far were to occur on the next history, the tfc bin quantities would change as follows:

      estimated quantities           value at nps           value at nps+1           value(nps+1)/value(nps)-1.

      mean                            9.84360E-03             9.84361E-03                     0.000001
      relative error                  8.62357E-04             8.62357E-04                     0.000000
      variance of the variance        3.57590E-07             3.57590E-07                     0.000001
      shifted center                  9.84360E-03             9.84360E-03                     0.000000
      figure of merit                 0.00000E+00             0.00000E+00                     0.000000

 the estimated slope of the 196 largest  tallies starting at  1.15656E-01 appears to be decreasing at least exponentially.
 the empirical history score probability density function appears to be increasing at the largest  history scores:
 please examine. see print table 161.
 the large score tail of the empirical history score probability density function appears to have no unsampled regions.

 fom = (histories/minute)*(f(x) signal-to-noise ratio)**2 = (0.000E+00)*( 5.798E-01)**2 = (0.000E+00)*(3.362E-01) = 0.000E+00

