1tally     8004        nps =     4000000
           tally type 4    track length estimate of particle flux.      units   1/cm**2        
           particle(s): protons  
 number of histories used for normalizing tallies =      4000000.00
           this tally is modified by   ft  let

           volumes 
                   cell:      552          553          554          555          556         total                
                         2.50000E+00  2.50000E+00  2.50000E+00  2.50000E+00  2.50000E+00  1.25000E+01
 
 cell  552                                                                                                                             
    s(e) (MeV/cm)
    1.0000E+00   0.00000E+00 0.0000
    1.0289E+00   0.00000E+00 0.0000
    1.0587E+00   0.00000E+00 0.0000
    1.0893E+00   0.00000E+00 0.0000
    1.1208E+00   0.00000E+00 0.0000
    1.1533E+00   0.00000E+00 0.0000
    1.1866E+00   0.00000E+00 0.0000
    1.2210E+00   0.00000E+00 0.0000
    1.2563E+00   0.00000E+00 0.0000
    1.2926E+00   0.00000E+00 0.0000
    1.3300E+00   0.00000E+00 0.0000
    1.3685E+00   0.00000E+00 0.0000
    1.4081E+00   0.00000E+00 0.0000
    1.4488E+00   0.00000E+00 0.0000
    1.4907E+00   0.00000E+00 0.0000
    1.5339E+00   0.00000E+00 0.0000
    1.5782E+00   0.00000E+00 0.0000
    1.6239E+00   0.00000E+00 0.0000
    1.6709E+00   0.00000E+00 0.0000
    1.7192E+00   0.00000E+00 0.0000
    1.7689E+00   0.00000E+00 0.0000
    1.8201E+00   0.00000E+00 0.0000
    1.8728E+00   0.00000E+00 0.0000
    1.9269E+00   0.00000E+00 0.0000
    1.9827E+00   0.00000E+00 0.0000
    2.0400E+00   0.00000E+00 0.0000
    2.0991E+00   0.00000E+00 0.0000
    2.1598E+00   0.00000E+00 0.0000
    2.2223E+00   0.00000E+00 0.0000
    2.2866E+00   0.00000E+00 0.0000
    2.3527E+00   0.00000E+00 0.0000
    2.4208E+00   0.00000E+00 0.0000
    2.4908E+00   0.00000E+00 0.0000
    2.5629E+00   0.00000E+00 0.0000
    2.6370E+00   0.00000E+00 0.0000
    2.7133E+00   0.00000E+00 0.0000
    2.7918E+00   0.00000E+00 0.0000
    2.8725E+00   0.00000E+00 0.0000
    2.9557E+00   0.00000E+00 0.0000
    3.0412E+00   0.00000E+00 0.0000
    3.1291E+00   0.00000E+00 0.0000
    3.2197E+00   0.00000E+00 0.0000
    3.3128E+00   0.00000E+00 0.0000
    3.4086E+00   0.00000E+00 0.0000
    3.5072E+00   0.00000E+00 0.0000
    3.6087E+00   0.00000E+00 0.0000
    3.7131E+00   0.00000E+00 0.0000
    3.8205E+00   0.00000E+00 0.0000
    3.9311E+00   0.00000E+00 0.0000
    4.0448E+00   0.00000E+00 0.0000
    4.1618E+00   0.00000E+00 0.0000
    4.2822E+00   0.00000E+00 0.0000
    4.4061E+00   0.00000E+00 0.0000
    4.5335E+00   0.00000E+00 0.0000
    4.6647E+00   0.00000E+00 0.0000
    4.7996E+00   0.00000E+00 0.0000
    4.9385E+00   0.00000E+00 0.0000
    5.0814E+00   0.00000E+00 0.0000
    5.2284E+00   0.00000E+00 0.0000
    5.3796E+00   0.00000E+00 0.0000
    5.5352E+00   0.00000E+00 0.0000
    5.6954E+00   0.00000E+00 0.0000
    5.8601E+00   0.00000E+00 0.0000
    6.0297E+00   0.00000E+00 0.0000
    6.2041E+00   0.00000E+00 0.0000
    6.3836E+00   0.00000E+00 0.0000
    6.5683E+00   0.00000E+00 0.0000
    6.7583E+00   0.00000E+00 0.0000
    6.9538E+00   0.00000E+00 0.0000
    7.1550E+00   0.00000E+00 0.0000
    7.3619E+00   0.00000E+00 0.0000
    7.5749E+00   0.00000E+00 0.0000
    7.7941E+00   1.04321E-09 0.3283
    8.0195E+00   1.18353E-10 1.0000
    8.2515E+00   1.65205E-09 0.2615
    8.4902E+00   2.29205E-10 0.7071
    8.7359E+00   3.21450E-09 0.1905
    8.9886E+00   2.26664E-10 0.7072
    9.2486E+00   5.57583E-09 0.1467
    9.5162E+00   5.36335E-10 0.4573
    9.7915E+00   3.50517E-10 0.5784
    1.0075E+01   1.00501E-08 0.1103
    1.0366E+01   1.30051E-09 0.3020
    1.0666E+01   1.19445E-08 0.1018
    1.0975E+01   1.96392E-09 0.2511
    1.1292E+01   1.84956E-08 0.0819
    1.1619E+01   1.52122E-09 0.2930
    1.1955E+01   2.09587E-09 0.2547
    1.2301E+01   1.92500E-08 0.0809
    1.2657E+01   3.86107E-09 0.1839
    1.3023E+01   2.27680E-08 0.0769
    1.3400E+01   3.13582E-09 0.1972
    1.3787E+01   3.47315E-09 0.1901
    1.4186E+01   2.75418E-08 0.0695
    1.4596E+01   5.36638E-09 0.1487
    1.5019E+01   2.48450E-08 0.0704
    1.5453E+01   4.56980E-09 0.1495
    1.5900E+01   2.74856E-08 0.0665
    1.6360E+01   4.24546E-09 0.1419
    1.6834E+01   4.23753E-09 0.1411
    1.7321E+01   3.13509E-08 0.0593
    1.7822E+01   4.71292E-09 0.1235
    1.8337E+01   3.81283E-08 0.0514
    1.8868E+01   1.12600E-08 0.0763
    1.9413E+01   1.56819E-08 0.0642
    1.9975E+01   3.60743E-07 0.0199
    2.0553E+01   1.84724E-07 0.0201
    2.1148E+01   3.31232E-06 0.0084
    2.1759E+01   1.27559E-06 0.0081
    2.2389E+01   1.71424E-06 0.0072
    2.3037E+01   1.93072E-05 0.0044
    2.3703E+01   5.87295E-06 0.0042
    2.4389E+01   5.22210E-05 0.0030
    2.5094E+01   1.32342E-05 0.0030
    2.5820E+01   1.49916E-05 0.0028
    2.6567E+01   1.05287E-04 0.0023
    2.7336E+01   2.20574E-05 0.0023
    2.8127E+01   1.49188E-04 0.0020
    2.8940E+01   2.89448E-05 0.0020
    2.9777E+01   1.75303E-04 0.0018
    3.0639E+01   3.32177E-05 0.0018
    3.1525E+01   3.12298E-05 0.0018
    3.2437E+01   1.85746E-04 0.0016
    3.3376E+01   3.01099E-05 0.0017
    3.4341E+01   1.73875E-04 0.0016
    3.5335E+01   3.20381E-05 0.0017
    3.6357E+01   2.71575E-05 0.0017
    3.7409E+01   1.57279E-04 0.0016
    3.8491E+01   2.44000E-05 0.0017
    3.9604E+01   1.33632E-04 0.0016
    4.0750E+01   2.41870E-05 0.0016
    4.1929E+01   1.97651E-05 0.0017
    4.3142E+01   1.14034E-04 0.0016
    4.4390E+01   1.66007E-05 0.0017
    4.5674E+01   9.38233E-05 0.0016
    4.6996E+01   1.63711E-05 0.0017
    4.8355E+01   1.30926E-05 0.0017
    4.9754E+01   7.84476E-05 0.0016
    5.1193E+01   1.09074E-05 0.0017
    5.2674E+01   6.40427E-05 0.0016
    5.4198E+01   1.10139E-05 0.0017
    5.5766E+01   9.01132E-06 0.0017
    5.7379E+01   5.32790E-05 0.0016
    5.9039E+01   7.15911E-06 0.0017
    6.0747E+01   4.41059E-05 0.0016
    6.2505E+01   7.17976E-06 0.0017
    6.4313E+01   3.53495E-05 0.0016
    6.6174E+01   7.47781E-06 0.0017
    6.8088E+01   4.83388E-06 0.0018
    7.0058E+01   3.07686E-05 0.0016
    7.2084E+01   4.65655E-06 0.0017
    7.4170E+01   2.49634E-05 0.0016
    7.6315E+01   4.93177E-06 0.0017
    7.8523E+01   3.41295E-06 0.0018
    8.0795E+01   2.16658E-05 0.0016
    8.3132E+01   3.01188E-06 0.0018
    8.5537E+01   1.79871E-05 0.0016
    8.8012E+01   3.15943E-06 0.0017
    9.0558E+01   1.47377E-05 0.0016
    9.3178E+01   3.24036E-06 0.0017
    9.5873E+01   2.10476E-06 0.0018
    9.8647E+01   1.31604E-05 0.0016
    1.0150E+02   1.89204E-06 0.0018
    1.0444E+02   1.10289E-05 0.0016
    1.0746E+02   1.89624E-06 0.0017
    1.1057E+02   9.10554E-06 0.0016
    1.1377E+02   1.91188E-06 0.0017
    1.1706E+02   1.30695E-06 0.0018
    1.2044E+02   8.06064E-06 0.0016
    1.2393E+02   1.13775E-06 0.0018
    1.2751E+02   6.80192E-06 0.0016
    1.3120E+02   1.14316E-06 0.0017
    1.3500E+02   5.62720E-06 0.0016
    1.3890E+02   1.16633E-06 0.0017
    1.4292E+02   7.99897E-07 0.0018
    1.4706E+02   4.97933E-06 0.0016
    1.5131E+02   7.13852E-07 0.0018
    1.5569E+02   4.18693E-06 0.0016
    1.6019E+02   7.36505E-07 0.0017
    1.6483E+02   3.46611E-06 0.0016
    1.6959E+02   7.42157E-07 0.0017
    1.7450E+02   4.90987E-07 0.0018
    1.7955E+02   3.08561E-06 0.0016
    1.8474E+02   4.72559E-07 0.0018
    1.9009E+02   2.56627E-06 0.0016
    1.9559E+02   4.97175E-07 0.0017
    2.0124E+02   3.65047E-07 0.0018
    2.0707E+02   2.24685E-06 0.0016
    2.1306E+02   3.18160E-07 0.0018
    2.1922E+02   1.89933E-06 0.0016
    2.2556E+02   3.30622E-07 0.0017
    2.3209E+02   2.86309E-07 0.0018
    2.3880E+02   1.62434E-06 0.0016
    2.4571E+02   2.25302E-07 0.0018
    2.5282E+02   1.40290E-06 0.0016
    2.6013E+02   2.21467E-07 0.0018
    2.6766E+02   1.17366E-06 0.0016
    2.7540E+02   2.32451E-07 0.0017
    2.8337E+02   1.76985E-07 0.0018
    2.9157E+02   1.03264E-06 0.0016
    3.0000E+02   1.50582E-07 0.0018
      total      2.28624E-03 0.0015
 
 cell  553                                                                                                                             
    s(e) (MeV/cm)
    1.0000E+00   0.00000E+00 0.0000
    1.0289E+00   0.00000E+00 0.0000
    1.0587E+00   0.00000E+00 0.0000
    1.0893E+00   0.00000E+00 0.0000
    1.1208E+00   0.00000E+00 0.0000
    1.1533E+00   0.00000E+00 0.0000
    1.1866E+00   0.00000E+00 0.0000
    1.2210E+00   0.00000E+00 0.0000
    1.2563E+00   0.00000E+00 0.0000
    1.2926E+00   0.00000E+00 0.0000
    1.3300E+00   0.00000E+00 0.0000
    1.3685E+00   0.00000E+00 0.0000
    1.4081E+00   0.00000E+00 0.0000
    1.4488E+00   0.00000E+00 0.0000
    1.4907E+00   0.00000E+00 0.0000
    1.5339E+00   0.00000E+00 0.0000
    1.5782E+00   0.00000E+00 0.0000
    1.6239E+00   0.00000E+00 0.0000
    1.6709E+00   0.00000E+00 0.0000
    1.7192E+00   0.00000E+00 0.0000
    1.7689E+00   0.00000E+00 0.0000
    1.8201E+00   0.00000E+00 0.0000
    1.8728E+00   0.00000E+00 0.0000
    1.9269E+00   0.00000E+00 0.0000
    1.9827E+00   0.00000E+00 0.0000
    2.0400E+00   0.00000E+00 0.0000
    2.0991E+00   0.00000E+00 0.0000
    2.1598E+00   0.00000E+00 0.0000
    2.2223E+00   0.00000E+00 0.0000
    2.2866E+00   0.00000E+00 0.0000
    2.3527E+00   0.00000E+00 0.0000
    2.4208E+00   0.00000E+00 0.0000
    2.4908E+00   0.00000E+00 0.0000
    2.5629E+00   0.00000E+00 0.0000
    2.6370E+00   0.00000E+00 0.0000
    2.7133E+00   0.00000E+00 0.0000
    2.7918E+00   0.00000E+00 0.0000
    2.8725E+00   0.00000E+00 0.0000
    2.9557E+00   0.00000E+00 0.0000
    3.0412E+00   0.00000E+00 0.0000
    3.1291E+00   0.00000E+00 0.0000
    3.2197E+00   0.00000E+00 0.0000
    3.3128E+00   0.00000E+00 0.0000
    3.4086E+00   0.00000E+00 0.0000
    3.5072E+00   0.00000E+00 0.0000
    3.6087E+00   0.00000E+00 0.0000
    3.7131E+00   0.00000E+00 0.0000
    3.8205E+00   0.00000E+00 0.0000
    3.9311E+00   0.00000E+00 0.0000
    4.0448E+00   0.00000E+00 0.0000
    4.1618E+00   0.00000E+00 0.0000
    4.2822E+00   0.00000E+00 0.0000
    4.4061E+00   0.00000E+00 0.0000
    4.5335E+00   0.00000E+00 0.0000
    4.6647E+00   0.00000E+00 0.0000
    4.7996E+00   0.00000E+00 0.0000
    4.9385E+00   0.00000E+00 0.0000
    5.0814E+00   0.00000E+00 0.0000
    5.2284E+00   0.00000E+00 0.0000
    5.3796E+00   0.00000E+00 0.0000
    5.5352E+00   0.00000E+00 0.0000
    5.6954E+00   0.00000E+00 0.0000
    5.8601E+00   0.00000E+00 0.0000
    6.0297E+00   0.00000E+00 0.0000
    6.2041E+00   0.00000E+00 0.0000
    6.3836E+00   0.00000E+00 0.0000
    6.5683E+00   0.00000E+00 0.0000
    6.7583E+00   0.00000E+00 0.0000
    6.9538E+00   0.00000E+00 0.0000
    7.1550E+00   0.00000E+00 0.0000
    7.3619E+00   0.00000E+00 0.0000
    7.5749E+00   0.00000E+00 0.0000
    7.7941E+00   1.12068E-09 0.3173
    8.0195E+00   1.13893E-10 1.0000
    8.2515E+00   1.39180E-09 0.2891
    8.4902E+00   1.13442E-10 1.0000
    8.7359E+00   3.64851E-09 0.1798
    8.9886E+00   0.00000E+00 0.0000
    9.2486E+00   5.74237E-09 0.1421
    9.5162E+00   3.47288E-10 0.5781
    9.7915E+00   5.97904E-10 0.4476
    1.0075E+01   8.28028E-09 0.1202
    1.0366E+01   1.22906E-09 0.3223
    1.0666E+01   1.35831E-08 0.0950
    1.0975E+01   1.54331E-09 0.2752
    1.1292E+01   1.79104E-08 0.0826
    1.1619E+01   1.95226E-09 0.2611
    1.1955E+01   2.46538E-09 0.2211
    1.2301E+01   1.94840E-08 0.0822
    1.2657E+01   2.69017E-09 0.2139
    1.3023E+01   2.42928E-08 0.0737
    1.3400E+01   3.32600E-09 0.1968
    1.3787E+01   3.57258E-09 0.1863
    1.4186E+01   2.58573E-08 0.0695
    1.4596E+01   5.13646E-09 0.1513
    1.5019E+01   2.58763E-08 0.0688
    1.5453E+01   3.83072E-09 0.1613
    1.5900E+01   2.66373E-08 0.0662
    1.6360E+01   4.77767E-09 0.1312
    1.6834E+01   4.40387E-09 0.1372
    1.7321E+01   3.01475E-08 0.0599
    1.7822E+01   4.29719E-09 0.1289
    1.8337E+01   2.99256E-08 0.0575
    1.8868E+01   5.77604E-09 0.1041
    1.9413E+01   6.03959E-09 0.1014
    1.9975E+01   6.63915E-08 0.0384
    2.0553E+01   2.88627E-08 0.0458
    2.1148E+01   5.39518E-07 0.0167
    2.1759E+01   2.34779E-07 0.0168
    2.2389E+01   3.22911E-07 0.0146
    2.3037E+01   4.32539E-06 0.0072
    2.3703E+01   1.49506E-06 0.0071
    2.4389E+01   1.54023E-05 0.0045
    2.5094E+01   4.38392E-06 0.0045
    2.5820E+01   5.18885E-06 0.0042
    2.6567E+01   4.06233E-05 0.0031
    2.7336E+01   9.50989E-06 0.0031
    2.8127E+01   6.99292E-05 0.0025
    2.8940E+01   1.48307E-05 0.0025
    2.9777E+01   9.72061E-05 0.0021
    3.0639E+01   1.98289E-05 0.0022
    3.1525E+01   1.92312E-05 0.0022
    3.2437E+01   1.21104E-04 0.0019
    3.3376E+01   2.11749E-05 0.0020
    3.4341E+01   1.27738E-04 0.0018
    3.5335E+01   2.47589E-05 0.0018
    3.6357E+01   2.16059E-05 0.0018
    3.7409E+01   1.29381E-04 0.0017
    3.8491E+01   2.10809E-05 0.0018
    3.9604E+01   1.19576E-04 0.0016
    4.0750E+01   2.23824E-05 0.0017
    4.1929E+01   1.86913E-05 0.0017
    4.3142E+01   1.10190E-04 0.0016
    4.4390E+01   1.66719E-05 0.0017
    4.5674E+01   9.60467E-05 0.0016
    4.6996E+01   1.71709E-05 0.0017
    4.8355E+01   1.39849E-05 0.0017
    4.9754E+01   8.45846E-05 0.0016
    5.1193E+01   1.20688E-05 0.0017
    5.2674E+01   7.16855E-05 0.0016
    5.4198E+01   1.25044E-05 0.0016
    5.5766E+01   1.03703E-05 0.0017
    5.7379E+01   6.16380E-05 0.0016
    5.9039E+01   8.43664E-06 0.0017
    6.0747E+01   5.23298E-05 0.0016
    6.2505E+01   8.61235E-06 0.0017
    6.4313E+01   4.28025E-05 0.0016
    6.6174E+01   9.10598E-06 0.0016
    6.8088E+01   5.92406E-06 0.0017
    7.0058E+01   3.78783E-05 0.0016
    7.2084E+01   5.76863E-06 0.0017
    7.4170E+01   3.11227E-05 0.0016
    7.6315E+01   6.17234E-06 0.0016
    7.8523E+01   4.30003E-06 0.0017
    8.0795E+01   2.73026E-05 0.0016
    8.3132E+01   3.81496E-06 0.0017
    8.5537E+01   2.28652E-05 0.0016
    8.8012E+01   4.02780E-06 0.0017
    9.0558E+01   1.88580E-05 0.0016
    9.3178E+01   4.15915E-06 0.0016
    9.5873E+01   2.70402E-06 0.0017
    9.8647E+01   1.69384E-05 0.0016
    1.0150E+02   2.43999E-06 0.0017
    1.0444E+02   1.42431E-05 0.0016
    1.0746E+02   2.45857E-06 0.0017
    1.1057E+02   1.18023E-05 0.0016
    1.1377E+02   2.48017E-06 0.0016
    1.1706E+02   1.70238E-06 0.0017
    1.2044E+02   1.04765E-05 0.0016
    1.2393E+02   1.48372E-06 0.0017
    1.2751E+02   8.86313E-06 0.0016
    1.3120E+02   1.49137E-06 0.0017
    1.3500E+02   7.34452E-06 0.0016
    1.3890E+02   1.52400E-06 0.0016
    1.4292E+02   1.04525E-06 0.0017
    1.4706E+02   6.50879E-06 0.0016
    1.5131E+02   9.33467E-07 0.0017
    1.5569E+02   5.48013E-06 0.0016
    1.6019E+02   9.63406E-07 0.0017
    1.6483E+02   4.54076E-06 0.0016
    1.6959E+02   9.73561E-07 0.0016
    1.7450E+02   6.42940E-07 0.0017
    1.7955E+02   4.04667E-06 0.0016
    1.8474E+02   6.19041E-07 0.0017
    1.9009E+02   3.36707E-06 0.0016
    1.9559E+02   6.53218E-07 0.0017
    2.0124E+02   4.78571E-07 0.0017
    2.0707E+02   2.95050E-06 0.0016
    2.1306E+02   4.17866E-07 0.0017
    2.1922E+02   2.49486E-06 0.0016
    2.2556E+02   4.34284E-07 0.0017
    2.3209E+02   3.75801E-07 0.0017
    2.3880E+02   2.13481E-06 0.0016
    2.4571E+02   2.96386E-07 0.0017
    2.5282E+02   1.84430E-06 0.0016
    2.6013E+02   2.91036E-07 0.0017
    2.6766E+02   1.54403E-06 0.0016
    2.7540E+02   3.05475E-07 0.0016
    2.8337E+02   2.33037E-07 0.0017
    2.9157E+02   1.35823E-06 0.0016
    3.0000E+02   1.98047E-07 0.0017
      total      1.86241E-03 0.0015
 
 cell  554                                                                                                                             
    s(e) (MeV/cm)
    1.0000E+00   0.00000E+00 0.0000
    1.0289E+00   0.00000E+00 0.0000
    1.0587E+00   0.00000E+00 0.0000
    1.0893E+00   0.00000E+00 0.0000
    1.1208E+00   0.00000E+00 0.0000
    1.1533E+00   0.00000E+00 0.0000
    1.1866E+00   0.00000E+00 0.0000
    1.2210E+00   0.00000E+00 0.0000
    1.2563E+00   0.00000E+00 0.0000
    1.2926E+00   0.00000E+00 0.0000
    1.3300E+00   0.00000E+00 0.0000
    1.3685E+00   0.00000E+00 0.0000
    1.4081E+00   0.00000E+00 0.0000
    1.4488E+00   0.00000E+00 0.0000
    1.4907E+00   0.00000E+00 0.0000
    1.5339E+00   0.00000E+00 0.0000
    1.5782E+00   0.00000E+00 0.0000
    1.6239E+00   0.00000E+00 0.0000
    1.6709E+00   0.00000E+00 0.0000
    1.7192E+00   0.00000E+00 0.0000
    1.7689E+00   0.00000E+00 0.0000
    1.8201E+00   0.00000E+00 0.0000
    1.8728E+00   0.00000E+00 0.0000
    1.9269E+00   0.00000E+00 0.0000
    1.9827E+00   0.00000E+00 0.0000
    2.0400E+00   0.00000E+00 0.0000
    2.0991E+00   0.00000E+00 0.0000
    2.1598E+00   0.00000E+00 0.0000
    2.2223E+00   0.00000E+00 0.0000
    2.2866E+00   0.00000E+00 0.0000
    2.3527E+00   0.00000E+00 0.0000
    2.4208E+00   0.00000E+00 0.0000
    2.4908E+00   0.00000E+00 0.0000
    2.5629E+00   0.00000E+00 0.0000
    2.6370E+00   0.00000E+00 0.0000
    2.7133E+00   0.00000E+00 0.0000
    2.7918E+00   0.00000E+00 0.0000
    2.8725E+00   0.00000E+00 0.0000
    2.9557E+00   0.00000E+00 0.0000
    3.0412E+00   0.00000E+00 0.0000
    3.1291E+00   0.00000E+00 0.0000
    3.2197E+00   0.00000E+00 0.0000
    3.3128E+00   0.00000E+00 0.0000
    3.4086E+00   0.00000E+00 0.0000
    3.5072E+00   0.00000E+00 0.0000
    3.6087E+00   0.00000E+00 0.0000
    3.7131E+00   0.00000E+00 0.0000
    3.8205E+00   0.00000E+00 0.0000
    3.9311E+00   0.00000E+00 0.0000
    4.0448E+00   0.00000E+00 0.0000
    4.1618E+00   0.00000E+00 0.0000
    4.2822E+00   0.00000E+00 0.0000
    4.4061E+00   0.00000E+00 0.0000
    4.5335E+00   0.00000E+00 0.0000
    4.6647E+00   0.00000E+00 0.0000
    4.7996E+00   0.00000E+00 0.0000
    4.9385E+00   0.00000E+00 0.0000
    5.0814E+00   0.00000E+00 0.0000
    5.2284E+00   0.00000E+00 0.0000
    5.3796E+00   0.00000E+00 0.0000
    5.5352E+00   0.00000E+00 0.0000
    5.6954E+00   0.00000E+00 0.0000
    5.8601E+00   0.00000E+00 0.0000
    6.0297E+00   0.00000E+00 0.0000
    6.2041E+00   0.00000E+00 0.0000
    6.3836E+00   0.00000E+00 0.0000
    6.5683E+00   0.00000E+00 0.0000
    6.7583E+00   0.00000E+00 0.0000
    6.9538E+00   0.00000E+00 0.0000
    7.1550E+00   0.00000E+00 0.0000
    7.3619E+00   0.00000E+00 0.0000
    7.5749E+00   0.00000E+00 0.0000
    7.7941E+00   1.15837E-09 0.3165
    8.0195E+00   0.00000E+00 0.0000
    8.2515E+00   1.55038E-09 0.2713
    8.4902E+00   0.00000E+00 0.0000
    8.7359E+00   3.79333E-09 0.1753
    8.9886E+00   2.56532E-10 0.7123
    9.2486E+00   5.22843E-09 0.1495
    9.5162E+00   7.27014E-10 0.4099
    9.7915E+00   6.55021E-10 0.4510
    1.0075E+01   8.09208E-09 0.1215
    1.0366E+01   3.40212E-10 0.5774
    1.0666E+01   1.39707E-08 0.0943
    1.0975E+01   1.21801E-09 0.3169
    1.1292E+01   1.84515E-08 0.0814
    1.1619E+01   1.95779E-09 0.2508
    1.1955E+01   2.16342E-09 0.2383
    1.2301E+01   1.97539E-08 0.0805
    1.2657E+01   2.73732E-09 0.2063
    1.3023E+01   2.42517E-08 0.0730
    1.3400E+01   3.05135E-09 0.2051
    1.3787E+01   3.43795E-09 0.1941
    1.4186E+01   2.31881E-08 0.0732
    1.4596E+01   5.01331E-09 0.1536
    1.5019E+01   2.63854E-08 0.0693
    1.5453E+01   4.43824E-09 0.1501
    1.5900E+01   2.81263E-08 0.0661
    1.6360E+01   4.27901E-09 0.1386
    1.6834E+01   3.81097E-09 0.1468
    1.7321E+01   2.86017E-08 0.0625
    1.7822E+01   5.18321E-09 0.1173
    1.8337E+01   3.10555E-08 0.0576
    1.8868E+01   5.18012E-09 0.1086
    1.9413E+01   4.81465E-09 0.1137
    1.9975E+01   3.34269E-08 0.0531
    2.0553E+01   8.87144E-09 0.0795
    2.1148E+01   9.01577E-08 0.0323
    2.1759E+01   3.55437E-08 0.0391
    2.2389E+01   5.00628E-08 0.0333
    2.3037E+01   7.49350E-07 0.0141
    2.3703E+01   2.83335E-07 0.0143
    2.4389E+01   3.39023E-06 0.0075
    2.5094E+01   1.07403E-06 0.0077
    2.5820E+01   1.32990E-06 0.0070
    2.6567E+01   1.17383E-05 0.0047
    2.7336E+01   3.04961E-06 0.0047
    2.8127E+01   2.46569E-05 0.0035
    2.8940E+01   5.74302E-06 0.0036
    2.9777E+01   4.07050E-05 0.0028
    3.0639E+01   8.94542E-06 0.0029
    3.1525E+01   8.91664E-06 0.0028
    3.2437E+01   5.97225E-05 0.0024
    3.3376E+01   1.11924E-05 0.0025
    3.4341E+01   7.12840E-05 0.0021
    3.5335E+01   1.45586E-05 0.0022
    3.6357E+01   1.30402E-05 0.0022
    3.7409E+01   8.12473E-05 0.0019
    3.8491E+01   1.39491E-05 0.0020
    3.9604E+01   8.21475E-05 0.0018
    4.0750E+01   1.59316E-05 0.0019
    4.1929E+01   1.36300E-05 0.0019
    4.3142E+01   8.21656E-05 0.0018
    4.4390E+01   1.29359E-05 0.0019
    4.5674E+01   7.63109E-05 0.0017
    4.6996E+01   1.40294E-05 0.0018
    4.8355E+01   1.16297E-05 0.0018
    4.9754E+01   7.12178E-05 0.0017
    5.1193E+01   1.04892E-05 0.0018
    5.2674E+01   6.31903E-05 0.0016
    5.4198E+01   1.12177E-05 0.0017
    5.5766E+01   9.45072E-06 0.0017
    5.7379E+01   5.65581E-05 0.0016
    5.9039E+01   7.92718E-06 0.0017
    6.0747E+01   4.95545E-05 0.0016
    6.2505E+01   8.26004E-06 0.0017
    6.4313E+01   4.16955E-05 0.0016
    6.6174E+01   8.93855E-06 0.0017
    6.8088E+01   5.89842E-06 0.0017
    7.0058E+01   3.78321E-05 0.0016
    7.2084E+01   5.81791E-06 0.0017
    7.4170E+01   3.16857E-05 0.0016
    7.6315E+01   6.31886E-06 0.0016
    7.8523E+01   4.44200E-06 0.0017
    8.0795E+01   2.82799E-05 0.0016
    8.3132E+01   3.98200E-06 0.0017
    8.5537E+01   2.40019E-05 0.0016
    8.8012E+01   4.25203E-06 0.0017
    9.0558E+01   2.00225E-05 0.0016
    9.3178E+01   4.43433E-06 0.0016
    9.5873E+01   2.89609E-06 0.0017
    9.8647E+01   1.81771E-05 0.0016
    1.0150E+02   2.63943E-06 0.0017
    1.0444E+02   1.54146E-05 0.0016
    1.0746E+02   2.66719E-06 0.0016
    1.1057E+02   1.28616E-05 0.0016
    1.1377E+02   2.71058E-06 0.0016
    1.1706E+02   1.86125E-06 0.0017
    1.2044E+02   1.14854E-05 0.0016
    1.2393E+02   1.63308E-06 0.0017
    1.2751E+02   9.76295E-06 0.0016
    1.3120E+02   1.64544E-06 0.0016
    1.3500E+02   8.12348E-06 0.0016
    1.3890E+02   1.68670E-06 0.0016
    1.4292E+02   1.15969E-06 0.0017
    1.4706E+02   7.22699E-06 0.0016
    1.5131E+02   1.03654E-06 0.0017
    1.5569E+02   6.10252E-06 0.0016
    1.6019E+02   1.07296E-06 0.0016
    1.6483E+02   5.06884E-06 0.0016
    1.6959E+02   1.08683E-06 0.0016
    1.7450E+02   7.18775E-07 0.0017
    1.7955E+02   4.52747E-06 0.0016
    1.8474E+02   6.92793E-07 0.0017
    1.9009E+02   3.77405E-06 0.0016
    1.9559E+02   7.31617E-07 0.0016
    2.0124E+02   5.38061E-07 0.0017
    2.0707E+02   3.31118E-06 0.0016
    2.1306E+02   4.69293E-07 0.0017
    2.1922E+02   2.80449E-06 0.0016
    2.2556E+02   4.88709E-07 0.0016
    2.3209E+02   4.22669E-07 0.0017
    2.3880E+02   2.40265E-06 0.0016
    2.4571E+02   3.33593E-07 0.0017
    2.5282E+02   2.07710E-06 0.0016
    2.6013E+02   3.28434E-07 0.0017
    2.6766E+02   1.73995E-06 0.0016
    2.7540E+02   3.44607E-07 0.0016
    2.8337E+02   2.62737E-07 0.0017
    2.9157E+02   1.53200E-06 0.0016
    3.0000E+02   2.23977E-07 0.0017
      total      1.34437E-03 0.0016
 
 cell  555                                                                                                                             
    s(e) (MeV/cm)
    1.0000E+00   0.00000E+00 0.0000
    1.0289E+00   0.00000E+00 0.0000
    1.0587E+00   0.00000E+00 0.0000
    1.0893E+00   0.00000E+00 0.0000
    1.1208E+00   0.00000E+00 0.0000
    1.1533E+00   0.00000E+00 0.0000
    1.1866E+00   0.00000E+00 0.0000
    1.2210E+00   0.00000E+00 0.0000
    1.2563E+00   0.00000E+00 0.0000
    1.2926E+00   0.00000E+00 0.0000
    1.3300E+00   0.00000E+00 0.0000
    1.3685E+00   0.00000E+00 0.0000
    1.4081E+00   0.00000E+00 0.0000
    1.4488E+00   0.00000E+00 0.0000
    1.4907E+00   0.00000E+00 0.0000
    1.5339E+00   0.00000E+00 0.0000
    1.5782E+00   0.00000E+00 0.0000
    1.6239E+00   0.00000E+00 0.0000
    1.6709E+00   0.00000E+00 0.0000
    1.7192E+00   0.00000E+00 0.0000
    1.7689E+00   0.00000E+00 0.0000
    1.8201E+00   0.00000E+00 0.0000
    1.8728E+00   0.00000E+00 0.0000
    1.9269E+00   0.00000E+00 0.0000
    1.9827E+00   0.00000E+00 0.0000
    2.0400E+00   0.00000E+00 0.0000
    2.0991E+00   0.00000E+00 0.0000
    2.1598E+00   0.00000E+00 0.0000
    2.2223E+00   0.00000E+00 0.0000
    2.2866E+00   0.00000E+00 0.0000
    2.3527E+00   0.00000E+00 0.0000
    2.4208E+00   0.00000E+00 0.0000
    2.4908E+00   0.00000E+00 0.0000
    2.5629E+00   0.00000E+00 0.0000
    2.6370E+00   0.00000E+00 0.0000
    2.7133E+00   0.00000E+00 0.0000
    2.7918E+00   0.00000E+00 0.0000
    2.8725E+00   0.00000E+00 0.0000
    2.9557E+00   0.00000E+00 0.0000
    3.0412E+00   0.00000E+00 0.0000
    3.1291E+00   0.00000E+00 0.0000
    3.2197E+00   0.00000E+00 0.0000
    3.3128E+00   0.00000E+00 0.0000
    3.4086E+00   0.00000E+00 0.0000
    3.5072E+00   0.00000E+00 0.0000
    3.6087E+00   0.00000E+00 0.0000
    3.7131E+00   0.00000E+00 0.0000
    3.8205E+00   0.00000E+00 0.0000
    3.9311E+00   0.00000E+00 0.0000
    4.0448E+00   0.00000E+00 0.0000
    4.1618E+00   0.00000E+00 0.0000
    4.2822E+00   0.00000E+00 0.0000
    4.4061E+00   0.00000E+00 0.0000
    4.5335E+00   0.00000E+00 0.0000
    4.6647E+00   0.00000E+00 0.0000
    4.7996E+00   0.00000E+00 0.0000
    4.9385E+00   0.00000E+00 0.0000
    5.0814E+00   0.00000E+00 0.0000
    5.2284E+00   0.00000E+00 0.0000
    5.3796E+00   0.00000E+00 0.0000
    5.5352E+00   0.00000E+00 0.0000
    5.6954E+00   0.00000E+00 0.0000
    5.8601E+00   0.00000E+00 0.0000
    6.0297E+00   0.00000E+00 0.0000
    6.2041E+00   0.00000E+00 0.0000
    6.3836E+00   0.00000E+00 0.0000
    6.5683E+00   0.00000E+00 0.0000
    6.7583E+00   0.00000E+00 0.0000
    6.9538E+00   0.00000E+00 0.0000
    7.1550E+00   0.00000E+00 0.0000
    7.3619E+00   0.00000E+00 0.0000
    7.5749E+00   0.00000E+00 0.0000
    7.7941E+00   5.86884E-10 0.4477
    8.0195E+00   4.49419E-10 0.5000
    8.2515E+00   1.60420E-09 0.2695
    8.4902E+00   1.15970E-10 1.0000
    8.7359E+00   3.74208E-09 0.1761
    8.9886E+00   2.66122E-10 0.7093
    9.2486E+00   5.54188E-09 0.1446
    9.5162E+00   3.68860E-10 0.5777
    9.7915E+00   3.51418E-10 0.5775
    1.0075E+01   9.34501E-09 0.1138
    1.0366E+01   8.06406E-10 0.3786
    1.0666E+01   1.29449E-08 0.0969
    1.0975E+01   1.22823E-09 0.3173
    1.1292E+01   1.76844E-08 0.0845
    1.1619E+01   1.87084E-09 0.2545
    1.1955E+01   1.62908E-09 0.2722
    1.2301E+01   1.92461E-08 0.0801
    1.2657E+01   2.94049E-09 0.2100
    1.3023E+01   2.14711E-08 0.0768
    1.3400E+01   5.04593E-09 0.1572
    1.3787E+01   3.87899E-09 0.1781
    1.4186E+01   2.22267E-08 0.0763
    1.4596E+01   3.51556E-09 0.1845
    1.5019E+01   2.68626E-08 0.0675
    1.5453E+01   4.02344E-09 0.1557
    1.5900E+01   2.72766E-08 0.0658
    1.6360E+01   3.79905E-09 0.1468
    1.6834E+01   5.30892E-09 0.1244
    1.7321E+01   2.74194E-08 0.0643
    1.7822E+01   4.50187E-09 0.1252
    1.8337E+01   2.82200E-08 0.0608
    1.8868E+01   4.87194E-09 0.1132
    1.9413E+01   5.06142E-09 0.1114
    1.9975E+01   2.98474E-08 0.0566
    2.0553E+01   5.19782E-09 0.1024
    2.1148E+01   3.72636E-08 0.0487
    2.1759E+01   8.09594E-09 0.0769
    2.2389E+01   1.01306E-08 0.0691
    2.3037E+01   1.19876E-07 0.0275
    2.3703E+01   4.41459E-08 0.0327
    2.4389E+01   5.78224E-07 0.0150
    2.5094E+01   2.02752E-07 0.0158
    2.5820E+01   2.55990E-07 0.0140
    2.6567E+01   2.52528E-06 0.0080
    2.7336E+01   7.29911E-07 0.0083
    2.8127E+01   6.49184E-06 0.0054
    2.8940E+01   1.64213E-06 0.0057
    2.9777E+01   1.27727E-05 0.0041
    3.0639E+01   3.03776E-06 0.0043
    3.1525E+01   3.11165E-06 0.0041
    3.2437E+01   2.21804E-05 0.0033
    3.3376E+01   4.47902E-06 0.0034
    3.4341E+01   3.00270E-05 0.0028
    3.5335E+01   6.43458E-06 0.0029
    3.6357E+01   5.96028E-06 0.0029
    3.7409E+01   3.85557E-05 0.0025
    3.8491E+01   6.97679E-06 0.0026
    3.9604E+01   4.26399E-05 0.0023
    4.0750E+01   8.59881E-06 0.0024
    4.1929E+01   7.52820E-06 0.0024
    4.3142E+01   4.65594E-05 0.0021
    4.4390E+01   7.65282E-06 0.0022
    4.5674E+01   4.61388E-05 0.0020
    4.6996E+01   8.72290E-06 0.0021
    4.8355E+01   7.39644E-06 0.0021
    4.9754E+01   4.58588E-05 0.0019
    5.1193E+01   6.98964E-06 0.0020
    5.2674E+01   4.26918E-05 0.0019
    5.4198E+01   7.73762E-06 0.0020
    5.5766E+01   6.63165E-06 0.0020
    5.7379E+01   4.00112E-05 0.0018
    5.9039E+01   5.74608E-06 0.0019
    6.0747E+01   3.62222E-05 0.0018
    6.2505E+01   6.12398E-06 0.0019
    6.4313E+01   3.13679E-05 0.0017
    6.6174E+01   6.77709E-06 0.0018
    6.8088E+01   4.53815E-06 0.0019
    7.0058E+01   2.92352E-05 0.0017
    7.2084E+01   4.55562E-06 0.0018
    7.4170E+01   2.50354E-05 0.0017
    7.6315E+01   5.02229E-06 0.0018
    7.8523E+01   3.57135E-06 0.0018
    8.0795E+01   2.27782E-05 0.0017
    8.3132E+01   3.24305E-06 0.0018
    8.5537E+01   1.96407E-05 0.0017
    8.8012E+01   3.49505E-06 0.0018
    9.0558E+01   1.65986E-05 0.0017
    9.3178E+01   3.68430E-06 0.0017
    9.5873E+01   2.43117E-06 0.0018
    9.8647E+01   1.52407E-05 0.0017
    1.0150E+02   2.22322E-06 0.0018
    1.0444E+02   1.30525E-05 0.0017
    1.0746E+02   2.26391E-06 0.0018
    1.1057E+02   1.09834E-05 0.0017
    1.1377E+02   2.32015E-06 0.0017
    1.1706E+02   1.59976E-06 0.0018
    1.2044E+02   9.88649E-06 0.0016
    1.2393E+02   1.41035E-06 0.0018
    1.2751E+02   8.45485E-06 0.0016
    1.3120E+02   1.42731E-06 0.0017
    1.3500E+02   7.07413E-06 0.0016
    1.3890E+02   1.47092E-06 0.0017
    1.4292E+02   1.01337E-06 0.0018
    1.4706E+02   6.32152E-06 0.0016
    1.5131E+02   9.09185E-07 0.0018
    1.5569E+02   5.35766E-06 0.0016
    1.6019E+02   9.44100E-07 0.0017
    1.6483E+02   4.46472E-06 0.0016
    1.6959E+02   9.58721E-07 0.0017
    1.7450E+02   6.34669E-07 0.0018
    1.7955E+02   3.99878E-06 0.0016
    1.8474E+02   6.13523E-07 0.0017
    1.9009E+02   3.34081E-06 0.0016
    1.9559E+02   6.48735E-07 0.0017
    2.0124E+02   4.77081E-07 0.0018
    2.0707E+02   2.93839E-06 0.0016
    2.1306E+02   4.16907E-07 0.0018
    2.1922E+02   2.49240E-06 0.0016
    2.2556E+02   4.34291E-07 0.0017
    2.3209E+02   3.76443E-07 0.0017
    2.3880E+02   2.13841E-06 0.0016
    2.4571E+02   2.97162E-07 0.0018
    2.5282E+02   1.85111E-06 0.0016
    2.6013E+02   2.92766E-07 0.0017
    2.6766E+02   1.55256E-06 0.0016
    2.7540E+02   3.07353E-07 0.0017
    2.8337E+02   2.34645E-07 0.0017
    2.9157E+02   1.36826E-06 0.0016
    3.0000E+02   1.99834E-07 0.0017
      total      8.23706E-04 0.0018
 
 cell  556                                                                                                                             
    s(e) (MeV/cm)
    1.0000E+00   0.00000E+00 0.0000
    1.0289E+00   0.00000E+00 0.0000
    1.0587E+00   0.00000E+00 0.0000
    1.0893E+00   0.00000E+00 0.0000
    1.1208E+00   0.00000E+00 0.0000
    1.1533E+00   0.00000E+00 0.0000
    1.1866E+00   0.00000E+00 0.0000
    1.2210E+00   0.00000E+00 0.0000
    1.2563E+00   0.00000E+00 0.0000
    1.2926E+00   0.00000E+00 0.0000
    1.3300E+00   0.00000E+00 0.0000
    1.3685E+00   0.00000E+00 0.0000
    1.4081E+00   0.00000E+00 0.0000
    1.4488E+00   0.00000E+00 0.0000
    1.4907E+00   0.00000E+00 0.0000
    1.5339E+00   0.00000E+00 0.0000
    1.5782E+00   0.00000E+00 0.0000
    1.6239E+00   0.00000E+00 0.0000
    1.6709E+00   0.00000E+00 0.0000
    1.7192E+00   0.00000E+00 0.0000
    1.7689E+00   0.00000E+00 0.0000
    1.8201E+00   0.00000E+00 0.0000
    1.8728E+00   0.00000E+00 0.0000
    1.9269E+00   0.00000E+00 0.0000
    1.9827E+00   0.00000E+00 0.0000
    2.0400E+00   0.00000E+00 0.0000
    2.0991E+00   0.00000E+00 0.0000
    2.1598E+00   0.00000E+00 0.0000
    2.2223E+00   0.00000E+00 0.0000
    2.2866E+00   0.00000E+00 0.0000
    2.3527E+00   0.00000E+00 0.0000
    2.4208E+00   0.00000E+00 0.0000
    2.4908E+00   0.00000E+00 0.0000
    2.5629E+00   0.00000E+00 0.0000
    2.6370E+00   0.00000E+00 0.0000
    2.7133E+00   0.00000E+00 0.0000
    2.7918E+00   0.00000E+00 0.0000
    2.8725E+00   0.00000E+00 0.0000
    2.9557E+00   0.00000E+00 0.0000
    3.0412E+00   0.00000E+00 0.0000
    3.1291E+00   0.00000E+00 0.0000
    3.2197E+00   0.00000E+00 0.0000
    3.3128E+00   0.00000E+00 0.0000
    3.4086E+00   0.00000E+00 0.0000
    3.5072E+00   0.00000E+00 0.0000
    3.6087E+00   0.00000E+00 0.0000
    3.7131E+00   0.00000E+00 0.0000
    3.8205E+00   0.00000E+00 0.0000
    3.9311E+00   0.00000E+00 0.0000
    4.0448E+00   0.00000E+00 0.0000
    4.1618E+00   0.00000E+00 0.0000
    4.2822E+00   0.00000E+00 0.0000
    4.4061E+00   0.00000E+00 0.0000
    4.5335E+00   0.00000E+00 0.0000
    4.6647E+00   0.00000E+00 0.0000
    4.7996E+00   0.00000E+00 0.0000
    4.9385E+00   0.00000E+00 0.0000
    5.0814E+00   0.00000E+00 0.0000
    5.2284E+00   0.00000E+00 0.0000
    5.3796E+00   0.00000E+00 0.0000
    5.5352E+00   0.00000E+00 0.0000
    5.6954E+00   0.00000E+00 0.0000
    5.8601E+00   0.00000E+00 0.0000
    6.0297E+00   0.00000E+00 0.0000
    6.2041E+00   0.00000E+00 0.0000
    6.3836E+00   0.00000E+00 0.0000
    6.5683E+00   0.00000E+00 0.0000
    6.7583E+00   0.00000E+00 0.0000
    6.9538E+00   0.00000E+00 0.0000
    7.1550E+00   0.00000E+00 0.0000
    7.3619E+00   0.00000E+00 0.0000
    7.5749E+00   0.00000E+00 0.0000
    7.7941E+00   5.54116E-10 0.4524
    8.0195E+00   0.00000E+00 0.0000
    8.2515E+00   2.20225E-09 0.2300
    8.4902E+00   0.00000E+00 0.0000
    8.7359E+00   3.60206E-09 0.1802
    8.9886E+00   5.18220E-10 0.5106
    9.2486E+00   5.85720E-09 0.1406
    9.5162E+00   6.15913E-10 0.4496
    9.7915E+00   6.60109E-10 0.4478
    1.0075E+01   7.46603E-09 0.1266
    1.0366E+01   2.09998E-09 0.2433
    1.0666E+01   1.32699E-08 0.0953
    1.0975E+01   1.63688E-09 0.2803
    1.1292E+01   1.53344E-08 0.0893
    1.1619E+01   2.20490E-09 0.2361
    1.1955E+01   2.84749E-09 0.2102
    1.2301E+01   1.94478E-08 0.0817
    1.2657E+01   3.06798E-09 0.2009
    1.3023E+01   1.96839E-08 0.0815
    1.3400E+01   2.74519E-09 0.2111
    1.3787E+01   3.88694E-09 0.1759
    1.4186E+01   2.43899E-08 0.0736
    1.4596E+01   4.77507E-09 0.1559
    1.5019E+01   2.46694E-08 0.0712
    1.5453E+01   4.73878E-09 0.1464
    1.5900E+01   2.74439E-08 0.0652
    1.6360E+01   3.33801E-09 0.1569
    1.6834E+01   4.75174E-09 0.1337
    1.7321E+01   2.87025E-08 0.0625
    1.7822E+01   3.88183E-09 0.1344
    1.8337E+01   2.84563E-08 0.0602
    1.8868E+01   4.99488E-09 0.1124
    1.9413E+01   5.25200E-09 0.1090
    1.9975E+01   3.01340E-08 0.0566
    2.0553E+01   5.05142E-09 0.1044
    2.1148E+01   3.02369E-08 0.0538
    2.1759E+01   5.29585E-09 0.0938
    2.2389E+01   5.26340E-09 0.0946
    2.3037E+01   3.95232E-08 0.0444
    2.3703E+01   9.61077E-09 0.0659
    2.4389E+01   9.61748E-08 0.0285
    2.5094E+01   3.01577E-08 0.0362
    2.5820E+01   4.07164E-08 0.0319
    2.6567E+01   4.26163E-07 0.0160
    2.7336E+01   1.33930E-07 0.0175
    2.8127E+01   1.28383E-06 0.0098
    2.8940E+01   3.54977E-07 0.0106
    2.9777E+01   2.98026E-06 0.0068
    3.0639E+01   7.59581E-07 0.0073
    3.1525E+01   8.10311E-07 0.0070
    3.2437E+01   6.15845E-06 0.0050
    3.3376E+01   1.34298E-06 0.0054
    3.4341E+01   9.46699E-06 0.0041
    3.5335E+01   2.15127E-06 0.0044
    3.6357E+01   2.04034E-06 0.0043
    3.7409E+01   1.37577E-05 0.0035
    3.8491E+01   2.63159E-06 0.0037
    3.9604E+01   1.67007E-05 0.0031
    4.0750E+01   3.50150E-06 0.0033
    4.1929E+01   3.12806E-06 0.0033
    4.3142E+01   1.99339E-05 0.0028
    4.4390E+01   3.41255E-06 0.0030
    4.5674E+01   2.10755E-05 0.0026
    4.6996E+01   4.09522E-06 0.0027
    4.8355E+01   3.55298E-06 0.0028
    4.9754E+01   2.23201E-05 0.0024
    5.1193E+01   3.51403E-06 0.0026
    5.2674E+01   2.18157E-05 0.0023
    5.4198E+01   4.01843E-06 0.0025
    5.5766E+01   3.51655E-06 0.0025
    5.7379E+01   2.13984E-05 0.0022
    5.9039E+01   3.15519E-06 0.0024
    6.0747E+01   2.01019E-05 0.0022
    6.2505E+01   3.45159E-06 0.0023
    6.4313E+01   1.79471E-05 0.0021
    6.6174E+01   3.91707E-06 0.0022
    6.8088E+01   2.65525E-06 0.0023
    7.0058E+01   1.71991E-05 0.0021
    7.2084E+01   2.71521E-06 0.0022
    7.4170E+01   1.50608E-05 0.0020
    7.6315E+01   3.04293E-06 0.0021
    7.8523E+01   2.19279E-06 0.0022
    8.0795E+01   1.39911E-05 0.0020
    8.3132E+01   2.01437E-06 0.0022
    8.5537E+01   1.22629E-05 0.0020
    8.8012E+01   2.19398E-06 0.0021
    9.0558E+01   1.05153E-05 0.0019
    9.3178E+01   2.34487E-06 0.0020
    9.5873E+01   1.55727E-06 0.0021
    9.8647E+01   9.78231E-06 0.0019
    1.0150E+02   1.43771E-06 0.0021
    1.0444E+02   8.46590E-06 0.0019
    1.0746E+02   1.47558E-06 0.0020
    1.1057E+02   7.18414E-06 0.0019
    1.1377E+02   1.52196E-06 0.0020
    1.1706E+02   1.05472E-06 0.0021
    1.2044E+02   6.51782E-06 0.0019
    1.2393E+02   9.32659E-07 0.0021
    1.2751E+02   5.61228E-06 0.0019
    1.3120E+02   9.49308E-07 0.0020
    1.3500E+02   4.72007E-06 0.0019
    1.3890E+02   9.83501E-07 0.0020
    1.4292E+02   6.79099E-07 0.0020
    1.4706E+02   4.24037E-06 0.0019
    1.5131E+02   6.11844E-07 0.0020
    1.5569E+02   3.60853E-06 0.0019
    1.6019E+02   6.36958E-07 0.0020
    1.6483E+02   3.01764E-06 0.0019
    1.6959E+02   6.48100E-07 0.0019
    1.7450E+02   4.30866E-07 0.0020
    1.7955E+02   2.71249E-06 0.0019
    1.8474E+02   4.16254E-07 0.0020
    1.9009E+02   2.27206E-06 0.0019
    1.9559E+02   4.41506E-07 0.0020
    2.0124E+02   3.25405E-07 0.0020
    2.0707E+02   2.00251E-06 0.0019
    2.1306E+02   2.84768E-07 0.0020
    2.1922E+02   1.70218E-06 0.0019
    2.2556E+02   2.96974E-07 0.0020
    2.3209E+02   2.57466E-07 0.0020
    2.3880E+02   1.46315E-06 0.0018
    2.4571E+02   2.03493E-07 0.0020
    2.5282E+02   1.26834E-06 0.0018
    2.6013E+02   2.00748E-07 0.0020
    2.6766E+02   1.06481E-06 0.0018
    2.7540E+02   2.11035E-07 0.0019
    2.8337E+02   1.61067E-07 0.0020
    2.9157E+02   9.39663E-07 0.0018
    3.0000E+02   1.37295E-07 0.0020
      total      4.14038E-04 0.0022
 
 cell union total                                                                                                                      
    s(e) (MeV/cm)
    1.0000E+00   0.00000E+00 0.0000
    1.0289E+00   0.00000E+00 0.0000
    1.0587E+00   0.00000E+00 0.0000
    1.0893E+00   0.00000E+00 0.0000
    1.1208E+00   0.00000E+00 0.0000
    1.1533E+00   0.00000E+00 0.0000
    1.1866E+00   0.00000E+00 0.0000
    1.2210E+00   0.00000E+00 0.0000
    1.2563E+00   0.00000E+00 0.0000
    1.2926E+00   0.00000E+00 0.0000
    1.3300E+00   0.00000E+00 0.0000
    1.3685E+00   0.00000E+00 0.0000
    1.4081E+00   0.00000E+00 0.0000
    1.4488E+00   0.00000E+00 0.0000
    1.4907E+00   0.00000E+00 0.0000
    1.5339E+00   0.00000E+00 0.0000
    1.5782E+00   0.00000E+00 0.0000
    1.6239E+00   0.00000E+00 0.0000
    1.6709E+00   0.00000E+00 0.0000
    1.7192E+00   0.00000E+00 0.0000
    1.7689E+00   0.00000E+00 0.0000
    1.8201E+00   0.00000E+00 0.0000
    1.8728E+00   0.00000E+00 0.0000
    1.9269E+00   0.00000E+00 0.0000
    1.9827E+00   0.00000E+00 0.0000
    2.0400E+00   0.00000E+00 0.0000
    2.0991E+00   0.00000E+00 0.0000
    2.1598E+00   0.00000E+00 0.0000
    2.2223E+00   0.00000E+00 0.0000
    2.2866E+00   0.00000E+00 0.0000
    2.3527E+00   0.00000E+00 0.0000
    2.4208E+00   0.00000E+00 0.0000
    2.4908E+00   0.00000E+00 0.0000
    2.5629E+00   0.00000E+00 0.0000
    2.6370E+00   0.00000E+00 0.0000
    2.7133E+00   0.00000E+00 0.0000
    2.7918E+00   0.00000E+00 0.0000
    2.8725E+00   0.00000E+00 0.0000
    2.9557E+00   0.00000E+00 0.0000
    3.0412E+00   0.00000E+00 0.0000
    3.1291E+00   0.00000E+00 0.0000
    3.2197E+00   0.00000E+00 0.0000
    3.3128E+00   0.00000E+00 0.0000
    3.4086E+00   0.00000E+00 0.0000
    3.5072E+00   0.00000E+00 0.0000
    3.6087E+00   0.00000E+00 0.0000
    3.7131E+00   0.00000E+00 0.0000
    3.8205E+00   0.00000E+00 0.0000
    3.9311E+00   0.00000E+00 0.0000
    4.0448E+00   0.00000E+00 0.0000
    4.1618E+00   0.00000E+00 0.0000
    4.2822E+00   0.00000E+00 0.0000
    4.4061E+00   0.00000E+00 0.0000
    4.5335E+00   0.00000E+00 0.0000
    4.6647E+00   0.00000E+00 0.0000
    4.7996E+00   0.00000E+00 0.0000
    4.9385E+00   0.00000E+00 0.0000
    5.0814E+00   0.00000E+00 0.0000
    5.2284E+00   0.00000E+00 0.0000
    5.3796E+00   0.00000E+00 0.0000
    5.5352E+00   0.00000E+00 0.0000
    5.6954E+00   0.00000E+00 0.0000
    5.8601E+00   0.00000E+00 0.0000
    6.0297E+00   0.00000E+00 0.0000
    6.2041E+00   0.00000E+00 0.0000
    6.3836E+00   0.00000E+00 0.0000
    6.5683E+00   0.00000E+00 0.0000
    6.7583E+00   0.00000E+00 0.0000
    6.9538E+00   0.00000E+00 0.0000
    7.1550E+00   0.00000E+00 0.0000
    7.3619E+00   0.00000E+00 0.0000
    7.5749E+00   0.00000E+00 0.0000
    7.7941E+00   8.92652E-10 0.3153
    8.0195E+00   1.36333E-10 0.4083
    8.2515E+00   1.68014E-09 0.2304
    8.4902E+00   9.17236E-11 0.5000
    8.7359E+00   3.60009E-09 0.1625
    8.9886E+00   2.53508E-10 0.3202
    9.2486E+00   5.58914E-09 0.1182
    9.5162E+00   5.19082E-10 0.2150
    9.7915E+00   5.22994E-10 0.2192
    1.0075E+01   8.64671E-09 0.0959
    1.0366E+01   1.15523E-09 0.1453
    1.0666E+01   1.31426E-08 0.0768
    1.0975E+01   1.51807E-09 0.1274
    1.1292E+01   1.75753E-08 0.0647
    1.1619E+01   1.90140E-09 0.1151
    1.1955E+01   2.24025E-09 0.1057
    1.2301E+01   1.94364E-08 0.0579
    1.2657E+01   3.05941E-09 0.0905
    1.3023E+01   2.24935E-08 0.0519
    1.3400E+01   3.46086E-09 0.0851
    1.3787E+01   3.64992E-09 0.0825
    1.4186E+01   2.46408E-08 0.0452
    1.4596E+01   4.76135E-09 0.0704
    1.5019E+01   2.57277E-08 0.0416
    1.5453E+01   4.32020E-09 0.0681
    1.5900E+01   2.73939E-08 0.0383
    1.6360E+01   4.08784E-09 0.0636
    1.6834E+01   4.50260E-09 0.0608
    1.7321E+01   2.92444E-08 0.0344
    1.7822E+01   4.51540E-09 0.0561
    1.8337E+01   3.11571E-08 0.0305
    1.8868E+01   6.41659E-09 0.0446
    1.9413E+01   7.36991E-09 0.0416
    1.9975E+01   1.04108E-07 0.0177
    2.0553E+01   4.65414E-08 0.0185
    2.1148E+01   8.01898E-07 0.0088
    2.1759E+01   3.11862E-07 0.0081
    2.2389E+01   4.20521E-07 0.0072
    2.3037E+01   4.90827E-06 0.0047
    2.3703E+01   1.54102E-06 0.0043
    2.4389E+01   1.43376E-05 0.0033
    2.5094E+01   3.78501E-06 0.0031
    2.5820E+01   4.36140E-06 0.0030
    2.6567E+01   3.21201E-05 0.0025
    2.7336E+01   7.09614E-06 0.0024
    2.8127E+01   5.03100E-05 0.0022
    2.8940E+01   1.03031E-05 0.0021
    2.9777E+01   6.57934E-05 0.0019
    3.0639E+01   1.31579E-05 0.0019
    3.1525E+01   1.26599E-05 0.0019
    3.2437E+01   7.89823E-05 0.0018
    3.3376E+01   1.36598E-05 0.0018
    3.4341E+01   8.24783E-05 0.0017
    3.5335E+01   1.59883E-05 0.0017
    3.6357E+01   1.39609E-05 0.0017
    3.7409E+01   8.40441E-05 0.0016
    3.8491E+01   1.38077E-05 0.0016
    3.9604E+01   7.89393E-05 0.0016
    4.0750E+01   1.49203E-05 0.0016
    4.1929E+01   1.25485E-05 0.0016
    4.3142E+01   7.45766E-05 0.0015
    4.4390E+01   1.14548E-05 0.0016
    4.5674E+01   6.66791E-05 0.0015
    4.6996E+01   1.20779E-05 0.0015
    4.8355E+01   9.93133E-06 0.0015
    4.9754E+01   6.04858E-05 0.0015
    5.1193E+01   8.79382E-06 0.0015
    5.2674E+01   5.26852E-05 0.0015
    5.4198E+01   9.29842E-06 0.0015
    5.5766E+01   7.79611E-06 0.0015
    5.7379E+01   4.65770E-05 0.0015
    5.9039E+01   6.48484E-06 0.0015
    6.0747E+01   4.04629E-05 0.0015
    6.2505E+01   6.72554E-06 0.0015
    6.4313E+01   3.38325E-05 0.0015
    6.6174E+01   7.24330E-06 0.0015
    6.8088E+01   4.76995E-06 0.0015
    7.0058E+01   3.05827E-05 0.0015
    7.2084E+01   4.70278E-06 0.0015
    7.4170E+01   2.55736E-05 0.0014
    7.6315E+01   5.09764E-06 0.0015
    7.8523E+01   3.58383E-06 0.0015
    8.0795E+01   2.28035E-05 0.0014
    8.3132E+01   3.21325E-06 0.0015
    8.5537E+01   1.93516E-05 0.0014
    8.8012E+01   3.42566E-06 0.0015
    9.0558E+01   1.61464E-05 0.0014
    9.3178E+01   3.57260E-06 0.0015
    9.5873E+01   2.33866E-06 0.0015
    9.8647E+01   1.46598E-05 0.0014
    1.0150E+02   2.12648E-06 0.0015
    1.0444E+02   1.24410E-05 0.0014
    1.0746E+02   2.15230E-06 0.0015
    1.1057E+02   1.03874E-05 0.0014
    1.1377E+02   2.18895E-06 0.0014
    1.1706E+02   1.50501E-06 0.0015
    1.2044E+02   9.28536E-06 0.0014
    1.2393E+02   1.31951E-06 0.0015
    1.2751E+02   7.89903E-06 0.0014
    1.3120E+02   1.33132E-06 0.0015
    1.3500E+02   6.57788E-06 0.0014
    1.3890E+02   1.36629E-06 0.0014
    1.4292E+02   9.39460E-07 0.0015
    1.4706E+02   5.85540E-06 0.0014
    1.5131E+02   8.40978E-07 0.0015
    1.5569E+02   4.94715E-06 0.0014
    1.6019E+02   8.70785E-07 0.0015
    1.6483E+02   4.11161E-06 0.0014
    1.6959E+02   8.81873E-07 0.0014
    1.7450E+02   5.83647E-07 0.0015
    1.7955E+02   3.67421E-06 0.0014
    1.8474E+02   5.62834E-07 0.0015
    1.9009E+02   3.06405E-06 0.0014
    1.9559E+02   5.94450E-07 0.0014
    2.0124E+02   4.36833E-07 0.0015
    2.0707E+02   2.68989E-06 0.0014
    2.1306E+02   3.81399E-07 0.0015
    2.1922E+02   2.27865E-06 0.0014
    2.2556E+02   3.96976E-07 0.0014
    2.3209E+02   3.43738E-07 0.0015
    2.3880E+02   1.95267E-06 0.0014
    2.4571E+02   2.71187E-07 0.0015
    2.5282E+02   1.68875E-06 0.0014
    2.6013E+02   2.66890E-07 0.0015
    2.6766E+02   1.41500E-06 0.0014
    2.7540E+02   2.80184E-07 0.0014
    2.8337E+02   2.13694E-07 0.0015
    2.9157E+02   1.24616E-06 0.0014
    3.0000E+02   1.81947E-07 0.0015
      total      1.34615E-03 0.0016


 ===================================================================================================================================

           results of 10 statistical checks for the estimated answer for the tally fluctuation chart (tfc) bin of tally     8004

 tfc bin     --mean--      ---------relative error---------      ----variance of the variance----      --figure of merit--     -pdf-
 behavior    behavior      value   decrease   decrease rate      value   decrease   decrease rate       value     behavior     slope

 desired      random       <0.10      yes      1/sqrt(nps)       <0.10      yes        1/nps           constant    random      >3.00
 observed     random        0.00      yes          yes            0.00      yes         yes                                    10.00
 passed?        yes          yes      yes          yes             yes      yes         yes                                      yes

 ===================================================================================================================================


 this tally meets the statistical criteria used to form confidence intervals: check the tally fluctuation chart to verify.
 the results in other bins associated with this tally may not meet these statistical criteria.

 ----- estimated confidence intervals:  -----

 estimated asymmetric confidence interval(1,2,3 sigma): 2.2829E-03 to 2.2896E-03; 2.2796E-03 to 2.2929E-03; 2.2763E-03 to 2.2962E-03
 estimated  symmetric confidence interval(1,2,3 sigma): 2.2829E-03 to 2.2896E-03; 2.2796E-03 to 2.2929E-03; 2.2762E-03 to 2.2962E-03

1analysis of the results in the tally fluctuation chart bin (tfc) for tally 8004 with nps = 4000000          print table 160


 normed average tally per history  = 2.28624E-03          unnormed average tally per history  = 5.71559E-03
 estimated tally relative error    = 0.0015               estimated variance of the variance  = 0.0000
 relative error from zero tallies  = 0.0010               relative error from nonzero scores  = 0.0011

 number of nonzero history tallies =      866332          efficiency for the nonzero tallies  = 0.2166
 history number of largest  tally  =     2450759          largest  unnormalized history tally = 9.11938E-02
 (largest  tally)/(average tally)  = 1.59553E+01          (largest  tally)/(avg nonzero tally)= 3.45564E+00

 (confidence interval shift)/mean  = 0.0000               shifted confidence interval center  = 2.28624E-03


 if the largest  history score sampled so far were to occur on the next history, the tfc bin quantities would change as follows:

      estimated quantities           value at nps           value at nps+1           value(nps+1)/value(nps)-1.

      mean                            2.28624E-03             2.28625E-03                     0.000004
      relative error                  1.45634E-03             1.45634E-03                    -0.000001
      variance of the variance        2.50737E-06             2.50737E-06                     0.000001
      shifted center                  2.28624E-03             2.28624E-03                     0.000000
      figure of merit                 0.00000E+00             0.00000E+00                     0.000000

 the estimated slope of the 198 largest  tallies starting at  8.56632E-02 appears to be decreasing at least exponentially.
 the empirical history score probability density function appears to be increasing at the largest  history scores:
 please examine. see print table 161.
 the large score tail of the empirical history score probability density function appears to have no unsampled regions.

 fom = (histories/minute)*(f(x) signal-to-noise ratio)**2 = (0.000E+00)*( 3.433E-01)**2 = (0.000E+00)*(1.179E-01) = 0.000E+00


# ===================================================
# tally 9104
# ===================================================
1tally     9104        nps =     4000000
           tally type 4    track length estimate of particle flux.      units   1/cm**2        
           particle(s): neutrons  photons   electrons protons   deuterons tritons   helions   alphas   

 number of histories used for normalizing tallies =      4000000.00
           this tally is modified by   ft  let

           volumes 
                   cell:      552          553          554          555          556         total                
                         2.50000E+00  2.50000E+00  2.50000E+00  2.50000E+00  2.50000E+00  1.25000E+01
 
 cell  552                                                                                                                             
    s(e) (MeV/cm)
    1.0000E+00   4.14451E-04 0.0010
    1.0289E+00   0.00000E+00 0.0000
    1.0587E+00   0.00000E+00 0.0000
    1.0893E+00   0.00000E+00 0.0000
    1.1208E+00   0.00000E+00 0.0000
    1.1533E+00   0.00000E+00 0.0000
    1.1866E+00   0.00000E+00 0.0000
    1.2210E+00   0.00000E+00 0.0000
    1.2563E+00   0.00000E+00 0.0000
    1.2926E+00   0.00000E+00 0.0000
    1.3300E+00   0.00000E+00 0.0000
    1.3685E+00   0.00000E+00 0.0000
    1.4081E+00   0.00000E+00 0.0000
    1.4488E+00   0.00000E+00 0.0000
    1.4907E+00   0.00000E+00 0.0000
    1.5339E+00   0.00000E+00 0.0000
    1.5782E+00   0.00000E+00 0.0000
    1.6239E+00   0.00000E+00 0.0000
    1.6709E+00   0.00000E+00 0.0000
    1.7192E+00   0.00000E+00 0.0000
    1.7689E+00   0.00000E+00 0.0000
    1.8201E+00   0.00000E+00 0.0000
    1.8728E+00   0.00000E+00 0.0000
    1.9269E+00   0.00000E+00 0.0000
    1.9827E+00   0.00000E+00 0.0000
    2.0400E+00   0.00000E+00 0.0000
    2.0991E+00   0.00000E+00 0.0000
    2.1598E+00   1.22411E-06 0.0149
    2.2223E+00   4.62288E-07 0.0193
    2.2866E+00   2.20544E-07 0.0260
    2.3527E+00   8.10462E-08 0.0410
    2.4208E+00   8.39868E-08 0.0238
    2.4908E+00   3.67253E-08 0.0235
    2.5629E+00   3.35768E-08 0.0232
    2.6370E+00   3.07852E-08 0.0223
    2.7133E+00   2.90408E-08 0.0249
    2.7918E+00   2.67782E-08 0.0267
    2.8725E+00   2.42924E-08 0.0216
    2.9557E+00   2.22153E-08 0.0207
    3.0412E+00   0.00000E+00 0.0000
    3.1291E+00   2.03093E-08 0.0204
    3.2197E+00   1.89821E-08 0.0199
    3.3128E+00   1.46000E-10 1.0000
    3.4086E+00   1.73143E-08 0.0196
    3.5072E+00   1.59320E-08 0.0193
    3.6087E+00   0.00000E+00 0.0000
    3.7131E+00   1.44818E-08 0.0190
    3.8205E+00   1.32028E-08 0.0188
    3.9311E+00   0.00000E+00 0.0000
    4.0448E+00   1.20226E-08 0.0184
    4.1618E+00   0.00000E+00 0.0000
    4.2822E+00   1.12216E-08 0.0181
    4.4061E+00   0.00000E+00 0.0000
    4.5335E+00   1.03233E-08 0.0178
    4.6647E+00   0.00000E+00 0.0000
    4.7996E+00   9.32284E-09 0.0175
    4.9385E+00   8.48452E-09 0.0173
    5.0814E+00   0.00000E+00 0.0000
    5.2284E+00   7.88295E-09 0.0169
    5.3796E+00   0.00000E+00 0.0000
    5.5352E+00   7.28535E-09 0.0165
    5.6954E+00   0.00000E+00 0.0000
    5.8601E+00   0.00000E+00 0.0000
    6.0297E+00   6.63146E-09 0.0163
    6.2041E+00   0.00000E+00 0.0000
    6.3836E+00   6.13136E-09 0.0160
    6.5683E+00   0.00000E+00 0.0000
    6.7583E+00   5.64064E-09 0.0157
    6.9538E+00   0.00000E+00 0.0000
    7.1550E+00   5.18011E-09 0.0156
    7.3619E+00   0.00000E+00 0.0000
    7.5749E+00   4.78134E-09 0.0154
    7.7941E+00   1.04321E-09 0.3283
    8.0195E+00   4.53394E-09 0.0299
    8.2515E+00   1.65205E-09 0.2615
    8.4902E+00   4.28584E-09 0.0403
    8.7359E+00   3.21450E-09 0.1905
    8.9886E+00   2.26664E-10 0.7072
    9.2486E+00   9.33520E-09 0.0878
    9.5162E+00   5.36335E-10 0.4573
    9.7915E+00   3.86667E-09 0.0540
    1.0075E+01   1.00501E-08 0.1103
    1.0366E+01   4.50985E-09 0.0877
    1.0666E+01   1.19445E-08 0.1018
    1.0975E+01   1.96392E-09 0.2511
    1.1292E+01   2.14555E-08 0.0706
    1.1619E+01   1.52122E-09 0.2930
    1.1955E+01   4.82161E-09 0.1110
    1.2301E+01   1.92500E-08 0.0809
    1.2657E+01   6.38544E-09 0.1113
    1.3023E+01   2.27680E-08 0.0769
    1.3400E+01   3.13582E-09 0.1972
    1.3787E+01   5.80658E-09 0.1138
    1.4186E+01   2.75418E-08 0.0695
    1.4596E+01   7.51712E-09 0.1062
    1.5019E+01   2.54644E-08 0.0695
    1.5453E+01   6.55517E-09 0.1043
    1.5900E+01   2.82634E-08 0.0655
    1.6360E+01   4.36240E-09 0.1407
    1.6834E+01   6.32773E-09 0.0981
    1.7321E+01   3.33619E-08 0.0577
    1.7822E+01   6.55743E-09 0.0909
    1.8337E+01   4.02155E-08 0.0504
    1.8868E+01   1.28739E-08 0.0668
    1.9413E+01   1.62008E-08 0.0641
    1.9975E+01   3.62682E-07 0.0198
    2.0553E+01   1.86428E-07 0.0200
    2.1148E+01   3.31388E-06 0.0084
    2.1759E+01   1.27756E-06 0.0081
    2.2389E+01   1.71465E-06 0.0072
    2.3037E+01   1.93106E-05 0.0044
    2.3703E+01   5.87330E-06 0.0042
    2.4389E+01   5.22238E-05 0.0030
    2.5094E+01   1.32358E-05 0.0030
    2.5820E+01   1.49918E-05 0.0028
    2.6567E+01   1.05291E-04 0.0023
    2.7336E+01   2.20581E-05 0.0023
    2.8127E+01   1.49191E-04 0.0020
    2.8940E+01   2.89465E-05 0.0020
    2.9777E+01   1.75306E-04 0.0018
    3.0639E+01   3.32191E-05 0.0018
    3.1525E+01   3.12302E-05 0.0018
    3.2437E+01   1.85750E-04 0.0016
    3.3376E+01   3.01104E-05 0.0017
    3.4341E+01   1.73878E-04 0.0016
    3.5335E+01   3.20394E-05 0.0017
    3.6357E+01   2.71579E-05 0.0017
    3.7409E+01   1.57282E-04 0.0016
    3.8491E+01   2.44005E-05 0.0017
    3.9604E+01   1.33636E-04 0.0016
    4.0750E+01   2.41873E-05 0.0016
    4.1929E+01   1.97657E-05 0.0017
    4.3142E+01   1.14038E-04 0.0016
    4.4390E+01   1.66011E-05 0.0017
    4.5674E+01   9.38264E-05 0.0016
    4.6996E+01   1.63715E-05 0.0017
    4.8355E+01   1.30936E-05 0.0017
    4.9754E+01   7.84498E-05 0.0016
    5.1193E+01   1.09084E-05 0.0017
    5.2674E+01   6.40447E-05 0.0016
    5.4198E+01   1.10143E-05 0.0017
    5.5766E+01   9.01219E-06 0.0017
    5.7379E+01   5.32809E-05 0.0016
    5.9039E+01   7.16001E-06 0.0017
    6.0747E+01   4.41076E-05 0.0016
    6.2505E+01   7.18051E-06 0.0017
    6.4313E+01   3.53511E-05 0.0016
    6.6174E+01   7.47820E-06 0.0017
    6.8088E+01   4.83465E-06 0.0018
    7.0058E+01   3.07703E-05 0.0016
    7.2084E+01   4.65734E-06 0.0017
    7.4170E+01   2.49651E-05 0.0016
    7.6315E+01   4.93250E-06 0.0017
    7.8523E+01   3.41325E-06 0.0018
    8.0795E+01   2.16677E-05 0.0016
    8.3132E+01   3.01221E-06 0.0018
    8.5537E+01   1.79890E-05 0.0016
    8.8012E+01   3.15970E-06 0.0017
    9.0558E+01   1.47395E-05 0.0016
    9.3178E+01   3.24069E-06 0.0017
    9.5873E+01   2.10504E-06 0.0018
    9.8647E+01   1.31622E-05 0.0016
    1.0150E+02   1.89232E-06 0.0018
    1.0444E+02   1.10307E-05 0.0016
    1.0746E+02   1.89649E-06 0.0017
    1.1057E+02   9.10727E-06 0.0016
    1.1377E+02   1.91225E-06 0.0017
    1.1706E+02   1.30747E-06 0.0018
    1.2044E+02   8.06216E-06 0.0016
    1.2393E+02   1.13828E-06 0.0018
    1.2751E+02   6.80326E-06 0.0016
    1.3120E+02   1.14370E-06 0.0017
    1.3500E+02   5.62854E-06 0.0016
    1.3890E+02   1.16685E-06 0.0017
    1.4292E+02   8.00171E-07 0.0018
    1.4706E+02   4.98062E-06 0.0016
    1.5131E+02   7.14115E-07 0.0018
    1.5569E+02   4.18814E-06 0.0016
    1.6019E+02   7.36722E-07 0.0017
    1.6483E+02   3.46723E-06 0.0016
    1.6959E+02   7.42406E-07 0.0017
    1.7450E+02   4.91195E-07 0.0018
    1.7955E+02   3.08664E-06 0.0016
    1.8474E+02   4.72754E-07 0.0018
    1.9009E+02   2.56717E-06 0.0016
    1.9559E+02   4.97374E-07 0.0017
    2.0124E+02   3.65203E-07 0.0018
    2.0707E+02   2.24770E-06 0.0016
    2.1306E+02   3.18305E-07 0.0018
    2.1922E+02   1.90007E-06 0.0016
    2.2556E+02   3.30786E-07 0.0017
    2.3209E+02   2.86972E-07 0.0018
    2.3880E+02   1.62452E-06 0.0016
    2.4571E+02   2.25426E-07 0.0018
    2.5282E+02   1.40351E-06 0.0016
    2.6013E+02   2.21642E-07 0.0018
    2.6766E+02   1.17419E-06 0.0016
    2.7540E+02   2.32624E-07 0.0017
    2.8337E+02   1.77085E-07 0.0018
    2.9157E+02   1.03314E-06 0.0016
    3.0000E+02   1.50749E-07 0.0018
      total      2.70331E-03 0.0013
 
 cell  553                                                                                                                             
    s(e) (MeV/cm)
    1.0000E+00   4.05687E-04 0.0010
    1.0289E+00   0.00000E+00 0.0000
    1.0587E+00   0.00000E+00 0.0000
    1.0893E+00   0.00000E+00 0.0000
    1.1208E+00   0.00000E+00 0.0000
    1.1533E+00   0.00000E+00 0.0000
    1.1866E+00   0.00000E+00 0.0000
    1.2210E+00   0.00000E+00 0.0000
    1.2563E+00   0.00000E+00 0.0000
    1.2926E+00   0.00000E+00 0.0000
    1.3300E+00   0.00000E+00 0.0000
    1.3685E+00   0.00000E+00 0.0000
    1.4081E+00   0.00000E+00 0.0000
    1.4488E+00   0.00000E+00 0.0000
    1.4907E+00   0.00000E+00 0.0000
    1.5339E+00   0.00000E+00 0.0000
    1.5782E+00   0.00000E+00 0.0000
    1.6239E+00   0.00000E+00 0.0000
    1.6709E+00   0.00000E+00 0.0000
    1.7192E+00   0.00000E+00 0.0000
    1.7689E+00   0.00000E+00 0.0000
    1.8201E+00   0.00000E+00 0.0000
    1.8728E+00   0.00000E+00 0.0000
    1.9269E+00   0.00000E+00 0.0000
    1.9827E+00   0.00000E+00 0.0000
    2.0400E+00   0.00000E+00 0.0000
    2.0991E+00   0.00000E+00 0.0000
    2.1598E+00   1.18400E-06 0.0151
    2.2223E+00   4.43708E-07 0.0195
    2.2866E+00   2.07730E-07 0.0262
    2.3527E+00   7.60069E-08 0.0336
    2.4208E+00   8.68195E-08 0.0224
    2.4908E+00   3.69627E-08 0.0232
    2.5629E+00   3.44189E-08 0.0249
    2.6370E+00   3.17536E-08 0.0223
    2.7133E+00   2.94645E-08 0.0221
    2.7918E+00   2.69726E-08 0.0214
    2.8725E+00   2.51699E-08 0.0246
    2.9557E+00   2.27899E-08 0.0316
    3.0412E+00   0.00000E+00 0.0000
    3.1291E+00   2.06541E-08 0.0203
    3.2197E+00   1.93327E-08 0.0199
    3.3128E+00   1.46348E-10 1.0000
    3.4086E+00   1.74195E-08 0.0197
    3.5072E+00   1.61124E-08 0.0194
    3.6087E+00   0.00000E+00 0.0000
    3.7131E+00   1.47913E-08 0.0191
    3.8205E+00   1.36532E-08 0.0187
    3.9311E+00   0.00000E+00 0.0000
    4.0448E+00   1.23823E-08 0.0184
    4.1618E+00   0.00000E+00 0.0000
    4.2822E+00   1.15240E-08 0.0180
    4.4061E+00   0.00000E+00 0.0000
    4.5335E+00   1.04312E-08 0.0179
    4.6647E+00   0.00000E+00 0.0000
    4.7996E+00   9.51463E-09 0.0176
    4.9385E+00   8.64614E-09 0.0173
    5.0814E+00   0.00000E+00 0.0000
    5.2284E+00   7.96973E-09 0.0169
    5.3796E+00   0.00000E+00 0.0000
    5.5352E+00   7.23269E-09 0.0168
    5.6954E+00   0.00000E+00 0.0000
    5.8601E+00   0.00000E+00 0.0000
    6.0297E+00   6.64199E-09 0.0165
    6.2041E+00   0.00000E+00 0.0000
    6.3836E+00   6.12706E-09 0.0161
    6.5683E+00   0.00000E+00 0.0000
    6.7583E+00   5.55287E-09 0.0159
    6.9538E+00   0.00000E+00 0.0000
    7.1550E+00   5.10031E-09 0.0156
    7.3619E+00   0.00000E+00 0.0000
    7.5749E+00   4.71829E-09 0.0154
    7.7941E+00   1.12068E-09 0.3173
    8.0195E+00   4.47008E-09 0.0294
    8.2515E+00   1.39180E-09 0.2891
    8.4902E+00   4.10614E-09 0.0312
    8.7359E+00   3.64851E-09 0.1798
    8.9886E+00   0.00000E+00 0.0000
    9.2486E+00   9.42150E-09 0.0868
    9.5162E+00   3.47288E-10 0.5781
    9.7915E+00   4.01432E-09 0.0678
    1.0075E+01   8.28028E-09 0.1202
    1.0366E+01   4.38075E-09 0.0910
    1.0666E+01   1.35831E-08 0.0950
    1.0975E+01   1.54331E-09 0.2752
    1.1292E+01   2.08117E-08 0.0711
    1.1619E+01   1.95226E-09 0.2611
    1.1955E+01   5.15708E-09 0.1059
    1.2301E+01   1.94840E-08 0.0822
    1.2657E+01   5.17278E-09 0.1115
    1.3023E+01   2.43228E-08 0.0736
    1.3400E+01   3.32600E-09 0.1968
    1.3787E+01   5.87939E-09 0.1133
    1.4186E+01   2.58573E-08 0.0695
    1.4596E+01   7.26937E-09 0.1070
    1.5019E+01   2.61397E-08 0.0685
    1.5453E+01   5.93504E-09 0.1062
    1.5900E+01   2.75111E-08 0.0652
    1.6360E+01   5.01257E-09 0.1294
    1.6834E+01   6.35144E-09 0.0969
    1.7321E+01   3.22384E-08 0.0581
    1.7822E+01   6.31997E-09 0.0925
    1.8337E+01   3.18412E-08 0.0563
    1.8868E+01   7.75138E-09 0.0828
    1.9413E+01   6.29427E-09 0.1014
    1.9975E+01   6.84453E-08 0.0380
    2.0553E+01   3.07708E-08 0.0435
    2.1148E+01   5.41450E-07 0.0167
    2.1759E+01   2.36336E-07 0.0167
    2.2389E+01   3.23173E-07 0.0146
    2.3037E+01   4.32845E-06 0.0072
    2.3703E+01   1.49538E-06 0.0071
    2.4389E+01   1.54047E-05 0.0045
    2.5094E+01   4.38570E-06 0.0045
    2.5820E+01   5.18921E-06 0.0042
    2.6567E+01   4.06271E-05 0.0031
    2.7336E+01   9.51024E-06 0.0031
    2.8127E+01   6.99324E-05 0.0025
    2.8940E+01   1.48321E-05 0.0025
    2.9777E+01   9.72095E-05 0.0021
    3.0639E+01   1.98304E-05 0.0022
    3.1525E+01   1.92317E-05 0.0022
    3.2437E+01   1.21108E-04 0.0019
    3.3376E+01   2.11754E-05 0.0020
    3.4341E+01   1.27741E-04 0.0018
    3.5335E+01   2.47601E-05 0.0018
    3.6357E+01   2.16064E-05 0.0018
    3.7409E+01   1.29384E-04 0.0017
    3.8491E+01   2.10813E-05 0.0018
    3.9604E+01   1.19579E-04 0.0016
    4.0750E+01   2.23828E-05 0.0017
    4.1929E+01   1.86917E-05 0.0017
    4.3142E+01   1.10193E-04 0.0016
    4.4390E+01   1.66723E-05 0.0017
    4.5674E+01   9.60499E-05 0.0016
    4.6996E+01   1.71714E-05 0.0017
    4.8355E+01   1.39859E-05 0.0017
    4.9754E+01   8.45872E-05 0.0016
    5.1193E+01   1.20697E-05 0.0017
    5.2674E+01   7.16877E-05 0.0016
    5.4198E+01   1.25049E-05 0.0016
    5.5766E+01   1.03712E-05 0.0017
    5.7379E+01   6.16402E-05 0.0016
    5.9039E+01   8.43756E-06 0.0017
    6.0747E+01   5.23317E-05 0.0016
    6.2505E+01   8.61323E-06 0.0017
    6.4313E+01   4.28044E-05 0.0016
    6.6174E+01   9.10631E-06 0.0016
    6.8088E+01   5.92485E-06 0.0017
    7.0058E+01   3.78800E-05 0.0016
    7.2084E+01   5.76925E-06 0.0017
    7.4170E+01   3.11243E-05 0.0016
    7.6315E+01   6.17306E-06 0.0016
    7.8523E+01   4.30022E-06 0.0017
    8.0795E+01   2.73044E-05 0.0016
    8.3132E+01   3.81516E-06 0.0017
    8.5537E+01   2.28669E-05 0.0016
    8.8012E+01   4.02803E-06 0.0017
    9.0558E+01   1.88596E-05 0.0016
    9.3178E+01   4.15946E-06 0.0016
    9.5873E+01   2.70424E-06 0.0017
    9.8647E+01   1.69401E-05 0.0016
    1.0150E+02   2.44020E-06 0.0017
    1.0444E+02   1.42446E-05 0.0016
    1.0746E+02   2.45878E-06 0.0017
    1.1057E+02   1.18036E-05 0.0016
    1.1377E+02   2.48044E-06 0.0016
    1.1706E+02   1.70281E-06 0.0017
    1.2044E+02   1.04776E-05 0.0016
    1.2393E+02   1.48415E-06 0.0017
    1.2751E+02   8.86419E-06 0.0016
    1.3120E+02   1.49182E-06 0.0017
    1.3500E+02   7.34548E-06 0.0016
    1.3890E+02   1.52447E-06 0.0016
    1.4292E+02   1.04540E-06 0.0017
    1.4706E+02   6.50976E-06 0.0016
    1.5131E+02   9.33647E-07 0.0017
    1.5569E+02   5.48099E-06 0.0016
    1.6019E+02   9.63594E-07 0.0017
    1.6483E+02   4.54154E-06 0.0016
    1.6959E+02   9.73744E-07 0.0016
    1.7450E+02   6.43102E-07 0.0017
    1.7955E+02   4.04739E-06 0.0016
    1.8474E+02   6.19209E-07 0.0017
    1.9009E+02   3.36769E-06 0.0016
    1.9559E+02   6.53388E-07 0.0017
    2.0124E+02   4.78701E-07 0.0017
    2.0707E+02   2.95110E-06 0.0016
    2.1306E+02   4.18030E-07 0.0017
    2.1922E+02   2.49539E-06 0.0016
    2.2556E+02   4.34421E-07 0.0017
    2.3209E+02   3.76262E-07 0.0017
    2.3880E+02   2.13497E-06 0.0016
    2.4571E+02   2.96460E-07 0.0017
    2.5282E+02   1.84473E-06 0.0016
    2.6013E+02   2.91153E-07 0.0017
    2.6766E+02   1.54438E-06 0.0016
    2.7540E+02   3.05611E-07 0.0017
    2.8337E+02   2.33110E-07 0.0017
    2.9157E+02   1.35857E-06 0.0016
    3.0000E+02   1.98196E-07 0.0017
      total      2.27064E-03 0.0013
 
 cell  554                                                                                                                             
    s(e) (MeV/cm)
    1.0000E+00   3.97408E-04 0.0010
    1.0289E+00   0.00000E+00 0.0000
    1.0587E+00   0.00000E+00 0.0000
    1.0893E+00   0.00000E+00 0.0000
    1.1208E+00   0.00000E+00 0.0000
    1.1533E+00   0.00000E+00 0.0000
    1.1866E+00   0.00000E+00 0.0000
    1.2210E+00   0.00000E+00 0.0000
    1.2563E+00   0.00000E+00 0.0000
    1.2926E+00   0.00000E+00 0.0000
    1.3300E+00   0.00000E+00 0.0000
    1.3685E+00   0.00000E+00 0.0000
    1.4081E+00   0.00000E+00 0.0000
    1.4488E+00   0.00000E+00 0.0000
    1.4907E+00   0.00000E+00 0.0000
    1.5339E+00   0.00000E+00 0.0000
    1.5782E+00   0.00000E+00 0.0000
    1.6239E+00   0.00000E+00 0.0000
    1.6709E+00   0.00000E+00 0.0000
    1.7192E+00   0.00000E+00 0.0000
    1.7689E+00   0.00000E+00 0.0000
    1.8201E+00   0.00000E+00 0.0000
    1.8728E+00   0.00000E+00 0.0000
    1.9269E+00   0.00000E+00 0.0000
    1.9827E+00   0.00000E+00 0.0000
    2.0400E+00   0.00000E+00 0.0000
    2.0991E+00   0.00000E+00 0.0000
    2.1598E+00   1.15789E-06 0.0153
    2.2223E+00   4.27619E-07 0.0195
    2.2866E+00   1.97415E-07 0.0276
    2.3527E+00   7.47430E-08 0.0395
    2.4208E+00   7.82090E-08 0.0239
    2.4908E+00   3.49557E-08 0.0315
    2.5629E+00   3.22690E-08 0.0302
    2.6370E+00   2.99362E-08 0.0335
    2.7133E+00   2.80115E-08 0.0226
    2.7918E+00   2.53466E-08 0.0222
    2.8725E+00   2.44908E-08 0.0466
    2.9557E+00   2.23047E-08 0.0332
    3.0412E+00   0.00000E+00 0.0000
    3.1291E+00   2.01980E-08 0.0207
    3.2197E+00   1.86183E-08 0.0217
    3.3128E+00   0.00000E+00 0.0000
    3.4086E+00   1.65232E-08 0.0201
    3.5072E+00   1.53797E-08 0.0197
    3.6087E+00   0.00000E+00 0.0000
    3.7131E+00   1.41248E-08 0.0193
    3.8205E+00   1.28487E-08 0.0191
    3.9311E+00   0.00000E+00 0.0000
    4.0448E+00   1.19398E-08 0.0187
    4.1618E+00   0.00000E+00 0.0000
    4.2822E+00   1.08677E-08 0.0183
    4.4061E+00   0.00000E+00 0.0000
    4.5335E+00   9.77847E-09 0.0181
    4.6647E+00   0.00000E+00 0.0000
    4.7996E+00   9.00659E-09 0.0179
    4.9385E+00   8.31507E-09 0.0176
    5.0814E+00   0.00000E+00 0.0000
    5.2284E+00   7.67060E-09 0.0173
    5.3796E+00   0.00000E+00 0.0000
    5.5352E+00   6.94771E-09 0.0171
    5.6954E+00   0.00000E+00 0.0000
    5.8601E+00   0.00000E+00 0.0000
    6.0297E+00   6.45332E-09 0.0168
    6.2041E+00   0.00000E+00 0.0000
    6.3836E+00   5.86605E-09 0.0165
    6.5683E+00   0.00000E+00 0.0000
    6.7583E+00   5.42739E-09 0.0161
    6.9538E+00   0.00000E+00 0.0000
    7.1550E+00   4.95151E-09 0.0160
    7.3619E+00   0.00000E+00 0.0000
    7.5749E+00   4.54605E-09 0.0157
    7.7941E+00   1.15837E-09 0.3165
    8.0195E+00   4.21488E-09 0.0153
    8.2515E+00   1.55038E-09 0.2713
    8.4902E+00   3.90993E-09 0.0152
    8.7359E+00   3.79333E-09 0.1753
    8.9886E+00   2.56532E-10 0.7123
    9.2486E+00   8.83866E-09 0.0886
    9.5162E+00   7.27014E-10 0.4099
    9.7915E+00   3.95980E-09 0.0756
    1.0075E+01   8.09208E-09 0.1215
    1.0366E+01   3.39224E-09 0.0594
    1.0666E+01   1.39707E-08 0.0943
    1.0975E+01   1.21801E-09 0.3169
    1.1292E+01   2.12639E-08 0.0707
    1.1619E+01   1.95779E-09 0.2508
    1.1955E+01   4.76823E-09 0.1084
    1.2301E+01   1.97539E-08 0.0805
    1.2657E+01   5.13466E-09 0.1102
    1.3023E+01   2.42517E-08 0.0730
    1.3400E+01   3.05135E-09 0.2051
    1.3787E+01   5.66351E-09 0.1180
    1.4186E+01   2.33317E-08 0.0730
    1.4596E+01   7.04844E-09 0.1093
    1.5019E+01   2.66766E-08 0.0689
    1.5453E+01   6.33793E-09 0.1052
    1.5900E+01   2.89808E-08 0.0651
    1.6360E+01   4.27901E-09 0.1386
    1.6834E+01   5.79876E-09 0.1006
    1.7321E+01   3.06006E-08 0.0606
    1.7822E+01   7.07036E-09 0.0896
    1.8337E+01   3.32398E-08 0.0561
    1.8868E+01   6.94885E-09 0.0848
    1.9413E+01   5.37507E-09 0.1125
    1.9975E+01   3.51988E-08 0.0522
    2.0553E+01   1.08625E-08 0.0689
    2.1148E+01   9.21719E-08 0.0321
    2.1759E+01   3.71948E-08 0.0376
    2.2389E+01   5.05165E-08 0.0332
    2.3037E+01   7.52481E-07 0.0141
    2.3703E+01   2.83922E-07 0.0143
    2.4389E+01   3.39201E-06 0.0075
    2.5094E+01   1.07554E-06 0.0077
    2.5820E+01   1.33030E-06 0.0070
    2.6567E+01   1.17419E-05 0.0047
    2.7336E+01   3.05020E-06 0.0047
    2.8127E+01   2.46601E-05 0.0035
    2.8940E+01   5.74418E-06 0.0036
    2.9777E+01   4.07087E-05 0.0028
    3.0639E+01   8.94712E-06 0.0029
    3.1525E+01   8.91721E-06 0.0028
    3.2437E+01   5.97269E-05 0.0024
    3.3376E+01   1.11930E-05 0.0025
    3.4341E+01   7.12872E-05 0.0021
    3.5335E+01   1.45598E-05 0.0022
    3.6357E+01   1.30407E-05 0.0022
    3.7409E+01   8.12510E-05 0.0019
    3.8491E+01   1.39495E-05 0.0020
    3.9604E+01   8.21511E-05 0.0018
    4.0750E+01   1.59320E-05 0.0019
    4.1929E+01   1.36304E-05 0.0019
    4.3142E+01   8.21687E-05 0.0018
    4.4390E+01   1.29363E-05 0.0019
    4.5674E+01   7.63141E-05 0.0017
    4.6996E+01   1.40298E-05 0.0018
    4.8355E+01   1.16306E-05 0.0018
    4.9754E+01   7.12204E-05 0.0017
    5.1193E+01   1.04901E-05 0.0018
    5.2674E+01   6.31929E-05 0.0016
    5.4198E+01   1.12181E-05 0.0017
    5.5766E+01   9.45161E-06 0.0017
    5.7379E+01   5.65603E-05 0.0016
    5.9039E+01   7.92810E-06 0.0017
    6.0747E+01   4.95565E-05 0.0016
    6.2505E+01   8.26083E-06 0.0017
    6.4313E+01   4.16973E-05 0.0016
    6.6174E+01   8.93898E-06 0.0017
    6.8088E+01   5.89916E-06 0.0017
    7.0058E+01   3.78339E-05 0.0016
    7.2084E+01   5.81858E-06 0.0017
    7.4170E+01   3.16872E-05 0.0016
    7.6315E+01   6.31960E-06 0.0016
    7.8523E+01   4.44220E-06 0.0017
    8.0795E+01   2.82819E-05 0.0016
    8.3132E+01   3.98223E-06 0.0017
    8.5537E+01   2.40036E-05 0.0016
    8.8012E+01   4.25229E-06 0.0017
    9.0558E+01   2.00240E-05 0.0016
    9.3178E+01   4.43462E-06 0.0016
    9.5873E+01   2.89629E-06 0.0017
    9.8647E+01   1.81787E-05 0.0016
    1.0150E+02   2.63965E-06 0.0017
    1.0444E+02   1.54161E-05 0.0016
    1.0746E+02   2.66742E-06 0.0016
    1.1057E+02   1.28630E-05 0.0016
    1.1377E+02   2.71083E-06 0.0016
    1.1706E+02   1.86173E-06 0.0017
    1.2044E+02   1.14864E-05 0.0016
    1.2393E+02   1.63350E-06 0.0017
    1.2751E+02   9.76391E-06 0.0016
    1.3120E+02   1.64583E-06 0.0016
    1.3500E+02   8.12429E-06 0.0016
    1.3890E+02   1.68710E-06 0.0016
    1.4292E+02   1.15983E-06 0.0017
    1.4706E+02   7.22776E-06 0.0016
    1.5131E+02   1.03667E-06 0.0017
    1.5569E+02   6.10320E-06 0.0016
    1.6019E+02   1.07308E-06 0.0016
    1.6483E+02   5.06942E-06 0.0016
    1.6959E+02   1.08697E-06 0.0016
    1.7450E+02   7.18879E-07 0.0017
    1.7955E+02   4.52801E-06 0.0016
    1.8474E+02   6.92945E-07 0.0017
    1.9009E+02   3.77452E-06 0.0016
    1.9559E+02   7.31764E-07 0.0016
    2.0124E+02   5.38154E-07 0.0017
    2.0707E+02   3.31162E-06 0.0016
    2.1306E+02   4.69425E-07 0.0017
    2.1922E+02   2.80488E-06 0.0016
    2.2556E+02   4.88847E-07 0.0016
    2.3209E+02   4.23030E-07 0.0017
    2.3880E+02   2.40279E-06 0.0016
    2.4571E+02   3.33672E-07 0.0017
    2.5282E+02   2.07743E-06 0.0016
    2.6013E+02   3.28563E-07 0.0017
    2.6766E+02   1.74023E-06 0.0016
    2.7540E+02   3.44738E-07 0.0016
    2.8337E+02   2.62793E-07 0.0017
    2.9157E+02   1.53227E-06 0.0016
    3.0000E+02   2.24087E-07 0.0017
      total      1.74424E-03 0.0013
 
 cell  555                                                                                                                             
    s(e) (MeV/cm)
    1.0000E+00   3.88743E-04 0.0010
    1.0289E+00   0.00000E+00 0.0000
    1.0587E+00   0.00000E+00 0.0000
    1.0893E+00   0.00000E+00 0.0000
    1.1208E+00   0.00000E+00 0.0000
    1.1533E+00   0.00000E+00 0.0000
    1.1866E+00   0.00000E+00 0.0000
    1.2210E+00   0.00000E+00 0.0000
    1.2563E+00   0.00000E+00 0.0000
    1.2926E+00   0.00000E+00 0.0000
    1.3300E+00   0.00000E+00 0.0000
    1.3685E+00   0.00000E+00 0.0000
    1.4081E+00   0.00000E+00 0.0000
    1.4488E+00   0.00000E+00 0.0000
    1.4907E+00   0.00000E+00 0.0000
    1.5339E+00   0.00000E+00 0.0000
    1.5782E+00   0.00000E+00 0.0000
    1.6239E+00   0.00000E+00 0.0000
    1.6709E+00   0.00000E+00 0.0000
    1.7192E+00   0.00000E+00 0.0000
    1.7689E+00   0.00000E+00 0.0000
    1.8201E+00   0.00000E+00 0.0000
    1.8728E+00   0.00000E+00 0.0000
    1.9269E+00   0.00000E+00 0.0000
    1.9827E+00   0.00000E+00 0.0000
    2.0400E+00   0.00000E+00 0.0000
    2.0991E+00   0.00000E+00 0.0000
    2.1598E+00   1.13617E-06 0.0155
    2.2223E+00   4.28098E-07 0.0197
    2.2866E+00   1.96574E-07 0.0262
    2.3527E+00   7.55334E-08 0.0357
    2.4208E+00   8.28203E-08 0.0247
    2.4908E+00   3.52358E-08 0.0241
    2.5629E+00   3.18746E-08 0.0225
    2.6370E+00   3.00542E-08 0.0231
    2.7133E+00   2.74004E-08 0.0227
    2.7918E+00   2.59608E-08 0.0317
    2.8725E+00   2.29002E-08 0.0225
    2.9557E+00   2.11933E-08 0.0214
    3.0412E+00   0.00000E+00 0.0000
    3.1291E+00   1.91511E-08 0.0210
    3.2197E+00   1.79330E-08 0.0220
    3.3128E+00   0.00000E+00 0.0000
    3.4086E+00   1.63505E-08 0.0201
    3.5072E+00   1.52362E-08 0.0198
    3.6087E+00   0.00000E+00 0.0000
    3.7131E+00   1.38833E-08 0.0194
    3.8205E+00   1.28037E-08 0.0191
    3.9311E+00   0.00000E+00 0.0000
    4.0448E+00   1.16757E-08 0.0188
    4.1618E+00   0.00000E+00 0.0000
    4.2822E+00   1.06222E-08 0.0186
    4.4061E+00   0.00000E+00 0.0000
    4.5335E+00   9.82134E-09 0.0182
    4.6647E+00   0.00000E+00 0.0000
    4.7996E+00   8.98923E-09 0.0180
    4.9385E+00   8.19140E-09 0.0177
    5.0814E+00   0.00000E+00 0.0000
    5.2284E+00   7.40612E-09 0.0174
    5.3796E+00   0.00000E+00 0.0000
    5.5352E+00   6.93628E-09 0.0171
    5.6954E+00   0.00000E+00 0.0000
    5.8601E+00   0.00000E+00 0.0000
    6.0297E+00   6.38019E-09 0.0168
    6.2041E+00   0.00000E+00 0.0000
    6.3836E+00   5.78819E-09 0.0165
    6.5683E+00   0.00000E+00 0.0000
    6.7583E+00   5.41015E-09 0.0162
    6.9538E+00   0.00000E+00 0.0000
    7.1550E+00   4.97924E-09 0.0160
    7.3619E+00   0.00000E+00 0.0000
    7.5749E+00   4.55438E-09 0.0159
    7.7941E+00   5.86884E-10 0.4477
    8.0195E+00   4.62522E-09 0.0506
    8.2515E+00   1.60420E-09 0.2695
    8.4902E+00   3.98512E-09 0.0327
    8.7359E+00   3.74208E-09 0.1761
    8.9886E+00   2.66122E-10 0.7093
    9.2486E+00   9.07306E-09 0.0885
    9.5162E+00   3.68860E-10 0.5777
    9.7915E+00   3.62566E-09 0.0575
    1.0075E+01   9.34501E-09 0.1138
    1.0366E+01   3.80345E-09 0.0811
    1.0666E+01   1.29449E-08 0.0969
    1.0975E+01   1.22823E-09 0.3173
    1.1292E+01   2.04389E-08 0.0731
    1.1619E+01   1.87084E-09 0.2545
    1.1955E+01   4.18012E-09 0.1065
    1.2301E+01   1.92461E-08 0.0801
    1.2657E+01   5.31461E-09 0.1164
    1.3023E+01   2.14711E-08 0.0768
    1.3400E+01   5.04593E-09 0.1572
    1.3787E+01   6.07253E-09 0.1138
    1.4186E+01   2.23706E-08 0.0760
    1.4596E+01   5.54356E-09 0.1171
    1.5019E+01   2.69752E-08 0.0673
    1.5453E+01   5.91424E-09 0.1060
    1.5900E+01   2.82864E-08 0.0646
    1.6360E+01   4.10319E-09 0.1458
    1.6834E+01   7.04066E-09 0.0939
    1.7321E+01   2.95275E-08 0.0622
    1.7822E+01   6.33562E-09 0.0926
    1.8337E+01   3.06403E-08 0.0590
    1.8868E+01   6.73279E-09 0.0873
    1.9413E+01   5.62485E-09 0.1100
    1.9975E+01   3.16714E-08 0.0555
    2.0553E+01   7.02913E-09 0.0809
    2.1148E+01   3.95972E-08 0.0476
    2.1759E+01   9.49602E-09 0.0664
    2.2389E+01   1.04428E-08 0.0690
    2.3037E+01   1.23553E-07 0.0270
    2.3703E+01   4.44934E-08 0.0326
    2.4389E+01   5.80515E-07 0.0149
    2.5094E+01   2.04280E-07 0.0157
    2.5820E+01   2.56201E-07 0.0140
    2.6567E+01   2.52842E-06 0.0079
    2.7336E+01   7.30404E-07 0.0083
    2.8127E+01   6.49462E-06 0.0054
    2.8940E+01   1.64369E-06 0.0057
    2.9777E+01   1.27754E-05 0.0041
    3.0639E+01   3.03911E-06 0.0043
    3.1525E+01   3.11227E-06 0.0041
    3.2437E+01   2.21847E-05 0.0033
    3.3376E+01   4.47951E-06 0.0034
    3.4341E+01   3.00305E-05 0.0028
    3.5335E+01   6.43602E-06 0.0029
    3.6357E+01   5.96077E-06 0.0029
    3.7409E+01   3.85591E-05 0.0025
    3.8491E+01   6.97725E-06 0.0026
    3.9604E+01   4.26431E-05 0.0023
    4.0750E+01   8.59936E-06 0.0024
    4.1929E+01   7.52854E-06 0.0024
    4.3142E+01   4.65631E-05 0.0021
    4.4390E+01   7.65330E-06 0.0022
    4.5674E+01   4.61418E-05 0.0020
    4.6996E+01   8.72345E-06 0.0021
    4.8355E+01   7.39751E-06 0.0021
    4.9754E+01   4.58611E-05 0.0019
    5.1193E+01   6.99065E-06 0.0020
    5.2674E+01   4.26941E-05 0.0019
    5.4198E+01   7.73797E-06 0.0020
    5.5766E+01   6.63249E-06 0.0020
    5.7379E+01   4.00134E-05 0.0018
    5.9039E+01   5.74684E-06 0.0019
    6.0747E+01   3.62242E-05 0.0018
    6.2505E+01   6.12489E-06 0.0019
    6.4313E+01   3.13698E-05 0.0017
    6.6174E+01   6.77758E-06 0.0018
    6.8088E+01   4.53882E-06 0.0019
    7.0058E+01   2.92370E-05 0.0017
    7.2084E+01   4.55641E-06 0.0018
    7.4170E+01   2.50369E-05 0.0017
    7.6315E+01   5.02296E-06 0.0018
    7.8523E+01   3.57163E-06 0.0018
    8.0795E+01   2.27800E-05 0.0017
    8.3132E+01   3.24327E-06 0.0018
    8.5537E+01   1.96424E-05 0.0017
    8.8012E+01   3.49523E-06 0.0018
    9.0558E+01   1.66000E-05 0.0017
    9.3178E+01   3.68456E-06 0.0017
    9.5873E+01   2.43135E-06 0.0018
    9.8647E+01   1.52421E-05 0.0017
    1.0150E+02   2.22337E-06 0.0018
    1.0444E+02   1.30537E-05 0.0017
    1.0746E+02   2.26407E-06 0.0018
    1.1057E+02   1.09844E-05 0.0017
    1.1377E+02   2.32036E-06 0.0017
    1.1706E+02   1.60013E-06 0.0018
    1.2044E+02   9.88727E-06 0.0016
    1.2393E+02   1.41073E-06 0.0018
    1.2751E+02   8.45555E-06 0.0016
    1.3120E+02   1.42767E-06 0.0017
    1.3500E+02   7.07475E-06 0.0016
    1.3890E+02   1.47132E-06 0.0017
    1.4292E+02   1.01348E-06 0.0018
    1.4706E+02   6.32214E-06 0.0016
    1.5131E+02   9.09310E-07 0.0018
    1.5569E+02   5.35821E-06 0.0016
    1.6019E+02   9.44217E-07 0.0017
    1.6483E+02   4.46524E-06 0.0016
    1.6959E+02   9.58871E-07 0.0017
    1.7450E+02   6.34766E-07 0.0018
    1.7955E+02   3.99925E-06 0.0016
    1.8474E+02   6.13653E-07 0.0017
    1.9009E+02   3.34121E-06 0.0016
    1.9559E+02   6.48835E-07 0.0017
    2.0124E+02   4.77158E-07 0.0018
    2.0707E+02   2.93877E-06 0.0016
    2.1306E+02   4.16993E-07 0.0018
    2.1922E+02   2.49272E-06 0.0016
    2.2556E+02   4.34364E-07 0.0017
    2.3209E+02   3.76717E-07 0.0017
    2.3880E+02   2.13851E-06 0.0016
    2.4571E+02   2.97214E-07 0.0018
    2.5282E+02   1.85136E-06 0.0016
    2.6013E+02   2.92861E-07 0.0017
    2.6766E+02   1.55277E-06 0.0016
    2.7540E+02   3.07454E-07 0.0017
    2.8337E+02   2.34693E-07 0.0017
    2.9157E+02   1.36848E-06 0.0016
    3.0000E+02   1.99949E-07 0.0018
      total      1.21489E-03 0.0013
 
 cell  556                                                                                                                             
    s(e) (MeV/cm)
    1.0000E+00   3.80161E-04 0.0010
    1.0289E+00   0.00000E+00 0.0000
    1.0587E+00   0.00000E+00 0.0000
    1.0893E+00   0.00000E+00 0.0000
    1.1208E+00   0.00000E+00 0.0000
    1.1533E+00   0.00000E+00 0.0000
    1.1866E+00   0.00000E+00 0.0000
    1.2210E+00   0.00000E+00 0.0000
    1.2563E+00   0.00000E+00 0.0000
    1.2926E+00   0.00000E+00 0.0000
    1.3300E+00   0.00000E+00 0.0000
    1.3685E+00   0.00000E+00 0.0000
    1.4081E+00   0.00000E+00 0.0000
    1.4488E+00   0.00000E+00 0.0000
    1.4907E+00   0.00000E+00 0.0000
    1.5339E+00   0.00000E+00 0.0000
    1.5782E+00   0.00000E+00 0.0000
    1.6239E+00   0.00000E+00 0.0000
    1.6709E+00   0.00000E+00 0.0000
    1.7192E+00   0.00000E+00 0.0000
    1.7689E+00   0.00000E+00 0.0000
    1.8201E+00   0.00000E+00 0.0000
    1.8728E+00   0.00000E+00 0.0000
    1.9269E+00   0.00000E+00 0.0000
    1.9827E+00   0.00000E+00 0.0000
    2.0400E+00   0.00000E+00 0.0000
    2.0991E+00   0.00000E+00 0.0000
    2.1598E+00   1.09498E-06 0.0155
    2.2223E+00   4.18634E-07 0.0198
    2.2866E+00   1.88392E-07 0.0272
    2.3527E+00   6.93778E-08 0.0355
    2.4208E+00   7.74868E-08 0.0240
    2.4908E+00   3.32505E-08 0.0251
    2.5629E+00   2.99431E-08 0.0234
    2.6370E+00   2.83004E-08 0.0238
    2.7133E+00   2.59565E-08 0.0234
    2.7918E+00   2.41602E-08 0.0283
    2.8725E+00   2.24290E-08 0.0234
    2.9557E+00   2.02134E-08 0.0223
    3.0412E+00   0.00000E+00 0.0000
    3.1291E+00   1.87189E-08 0.0213
    3.2197E+00   1.72823E-08 0.0225
    3.3128E+00   0.00000E+00 0.0000
    3.4086E+00   1.56558E-08 0.0207
    3.5072E+00   1.44978E-08 0.0204
    3.6087E+00   0.00000E+00 0.0000
    3.7131E+00   1.31480E-08 0.0199
    3.8205E+00   1.20276E-08 0.0196
    3.9311E+00   0.00000E+00 0.0000
    4.0448E+00   1.09813E-08 0.0194
    4.1618E+00   0.00000E+00 0.0000
    4.2822E+00   1.01296E-08 0.0190
    4.4061E+00   0.00000E+00 0.0000
    4.5335E+00   9.16609E-09 0.0188
    4.6647E+00   0.00000E+00 0.0000
    4.7996E+00   8.48176E-09 0.0184
    4.9385E+00   7.81975E-09 0.0182
    5.0814E+00   0.00000E+00 0.0000
    5.2284E+00   7.08290E-09 0.0179
    5.3796E+00   0.00000E+00 0.0000
    5.5352E+00   6.50914E-09 0.0176
    5.6954E+00   0.00000E+00 0.0000
    5.8601E+00   0.00000E+00 0.0000
    6.0297E+00   6.00762E-09 0.0172
    6.2041E+00   0.00000E+00 0.0000
    6.3836E+00   5.51650E-09 0.0169
    6.5683E+00   0.00000E+00 0.0000
    6.7583E+00   5.03098E-09 0.0166
    6.9538E+00   0.00000E+00 0.0000
    7.1550E+00   4.61034E-09 0.0163
    7.3619E+00   0.00000E+00 0.0000
    7.5749E+00   4.26502E-09 0.0160
    7.7941E+00   5.54116E-10 0.4524
    8.0195E+00   3.94156E-09 0.0157
    8.2515E+00   2.20225E-09 0.2300
    8.4902E+00   3.64560E-09 0.0156
    8.7359E+00   3.60206E-09 0.1802
    8.9886E+00   5.18220E-10 0.5106
    9.2486E+00   9.17108E-09 0.0900
    9.5162E+00   6.15913E-10 0.4496
    9.7915E+00   3.76281E-09 0.0795
    1.0075E+01   7.46603E-09 0.1266
    1.0366E+01   4.95757E-09 0.1034
    1.0666E+01   1.32699E-08 0.0953
    1.0975E+01   1.63688E-09 0.2803
    1.1292E+01   1.79905E-08 0.0762
    1.1619E+01   2.20490E-09 0.2361
    1.1955E+01   5.30133E-09 0.1131
    1.2301E+01   1.94478E-08 0.0817
    1.2657E+01   5.33977E-09 0.1156
    1.3023E+01   1.96839E-08 0.0815
    1.3400E+01   2.74519E-09 0.2111
    1.3787E+01   5.98523E-09 0.1143
    1.4186E+01   2.45332E-08 0.0734
    1.4596E+01   6.71473E-09 0.1109
    1.5019E+01   2.48877E-08 0.0708
    1.5453E+01   6.53387E-09 0.1062
    1.5900E+01   2.83335E-08 0.0643
    1.6360E+01   3.45272E-09 0.1553
    1.6834E+01   6.42583E-09 0.0990
    1.7321E+01   3.01842E-08 0.0611
    1.7822E+01   5.82996E-09 0.0978
    1.8337E+01   3.09191E-08 0.0587
    1.8868E+01   7.06463E-09 0.0889
    1.9413E+01   5.48644E-09 0.1086
    1.9975E+01   3.32599E-08 0.0549
    2.0553E+01   6.51403E-09 0.0828
    2.1148E+01   3.27113E-08 0.0525
    2.1759E+01   6.98852E-09 0.0766
    2.2389E+01   5.59107E-09 0.0941
    2.3037E+01   4.26477E-08 0.0424
    2.3703E+01   1.01449E-08 0.0656
    2.4389E+01   9.86534E-08 0.0283
    2.5094E+01   3.18140E-08 0.0349
    2.5820E+01   4.11581E-08 0.0318
    2.6567E+01   4.29667E-07 0.0159
    2.7336E+01   1.34514E-07 0.0175
    2.8127E+01   1.28649E-06 0.0097
    2.8940E+01   3.56350E-07 0.0106
    2.9777E+01   2.98301E-06 0.0068
    3.0639E+01   7.60906E-07 0.0072
    3.1525E+01   8.10916E-07 0.0070
    3.2437E+01   6.16228E-06 0.0050
    3.3376E+01   1.34347E-06 0.0054
    3.4341E+01   9.47023E-06 0.0041
    3.5335E+01   2.15297E-06 0.0044
    3.6357E+01   2.04074E-06 0.0043
    3.7409E+01   1.37624E-05 0.0035
    3.8491E+01   2.63208E-06 0.0037
    3.9604E+01   1.67046E-05 0.0031
    4.0750E+01   3.50216E-06 0.0033
    4.1929E+01   3.12849E-06 0.0033
    4.3142E+01   1.99374E-05 0.0028
    4.4390E+01   3.41287E-06 0.0030
    4.5674E+01   2.10788E-05 0.0026
    4.6996E+01   4.09556E-06 0.0027
    4.8355E+01   3.55386E-06 0.0028
    4.9754E+01   2.23225E-05 0.0024
    5.1193E+01   3.51484E-06 0.0026
    5.2674E+01   2.18181E-05 0.0023
    5.4198E+01   4.01879E-06 0.0025
    5.5766E+01   3.51747E-06 0.0025
    5.7379E+01   2.14005E-05 0.0022
    5.9039E+01   3.15596E-06 0.0024
    6.0747E+01   2.01038E-05 0.0022
    6.2505E+01   3.45227E-06 0.0023
    6.4313E+01   1.79487E-05 0.0021
    6.6174E+01   3.91744E-06 0.0022
    6.8088E+01   2.65597E-06 0.0023
    7.0058E+01   1.72007E-05 0.0021
    7.2084E+01   2.71592E-06 0.0022
    7.4170E+01   1.50623E-05 0.0020
    7.6315E+01   3.04357E-06 0.0021
    7.8523E+01   2.19302E-06 0.0022
    8.0795E+01   1.39928E-05 0.0020
    8.3132E+01   2.01459E-06 0.0022
    8.5537E+01   1.22646E-05 0.0020
    8.8012E+01   2.19421E-06 0.0021
    9.0558E+01   1.05168E-05 0.0019
    9.3178E+01   2.34514E-06 0.0020
    9.5873E+01   1.55745E-06 0.0021
    9.8647E+01   9.78378E-06 0.0019
    1.0150E+02   1.43789E-06 0.0021
    1.0444E+02   8.46724E-06 0.0019
    1.0746E+02   1.47577E-06 0.0020
    1.1057E+02   7.18538E-06 0.0019
    1.1377E+02   1.52217E-06 0.0020
    1.1706E+02   1.05515E-06 0.0021
    1.2044E+02   6.51872E-06 0.0019
    1.2393E+02   9.33056E-07 0.0021
    1.2751E+02   5.61305E-06 0.0019
    1.3120E+02   9.49667E-07 0.0020
    1.3500E+02   4.72076E-06 0.0019
    1.3890E+02   9.83868E-07 0.0020
    1.4292E+02   6.79203E-07 0.0020
    1.4706E+02   4.24105E-06 0.0019
    1.5131E+02   6.12007E-07 0.0020
    1.5569E+02   3.60907E-06 0.0019
    1.6019E+02   6.37168E-07 0.0020
    1.6483E+02   3.01815E-06 0.0019
    1.6959E+02   6.48279E-07 0.0019
    1.7450E+02   4.30992E-07 0.0020
    1.7955E+02   2.71294E-06 0.0019
    1.8474E+02   4.16428E-07 0.0020
    1.9009E+02   2.27245E-06 0.0019
    1.9559E+02   4.41665E-07 0.0020
    2.0124E+02   3.25491E-07 0.0020
    2.0707E+02   2.00290E-06 0.0019
    2.1306E+02   2.84912E-07 0.0020
    2.1922E+02   1.70251E-06 0.0019
    2.2556E+02   2.97131E-07 0.0020
    2.3209E+02   2.57762E-07 0.0020
    2.3880E+02   1.46328E-06 0.0018
    2.4571E+02   2.03577E-07 0.0020
    2.5282E+02   1.26859E-06 0.0018
    2.6013E+02   2.00868E-07 0.0020
    2.6766E+02   1.06503E-06 0.0018
    2.7540E+02   2.11152E-07 0.0019
    2.8337E+02   1.61128E-07 0.0020
    2.9157E+02   9.39868E-07 0.0018
    3.0000E+02   1.37425E-07 0.0020
      total      7.96550E-04 0.0013
 
 cell union total                                                                                                                      
    s(e) (MeV/cm)
    1.0000E+00   3.97290E-04 0.0009
    1.0289E+00   0.00000E+00 0.0000
    1.0587E+00   0.00000E+00 0.0000
    1.0893E+00   0.00000E+00 0.0000
    1.1208E+00   0.00000E+00 0.0000
    1.1533E+00   0.00000E+00 0.0000
    1.1866E+00   0.00000E+00 0.0000
    1.2210E+00   0.00000E+00 0.0000
    1.2563E+00   0.00000E+00 0.0000
    1.2926E+00   0.00000E+00 0.0000
    1.3300E+00   0.00000E+00 0.0000
    1.3685E+00   0.00000E+00 0.0000
    1.4081E+00   0.00000E+00 0.0000
    1.4488E+00   0.00000E+00 0.0000
    1.4907E+00   0.00000E+00 0.0000
    1.5339E+00   0.00000E+00 0.0000
    1.5782E+00   0.00000E+00 0.0000
    1.6239E+00   0.00000E+00 0.0000
    1.6709E+00   0.00000E+00 0.0000
    1.7192E+00   0.00000E+00 0.0000
    1.7689E+00   0.00000E+00 0.0000
    1.8201E+00   0.00000E+00 0.0000
    1.8728E+00   0.00000E+00 0.0000
    1.9269E+00   0.00000E+00 0.0000
    1.9827E+00   0.00000E+00 0.0000
    2.0400E+00   0.00000E+00 0.0000
    2.0991E+00   0.00000E+00 0.0000
    2.1598E+00   1.15943E-06 0.0106
    2.2223E+00   4.36069E-07 0.0125
    2.2866E+00   2.02131E-07 0.0166
    2.3527E+00   7.53415E-08 0.0229
    2.4208E+00   8.18645E-08 0.0124
    2.4908E+00   3.54260E-08 0.0132
    2.5629E+00   3.24165E-08 0.0127
    2.6370E+00   3.01659E-08 0.0130
    2.7133E+00   2.79747E-08 0.0120
    2.7918E+00   2.58437E-08 0.0142
    2.8725E+00   2.38564E-08 0.0161
    2.9557E+00   2.17433E-08 0.0145
    3.0412E+00   0.00000E+00 0.0000
    3.1291E+00   1.98063E-08 0.0100
    3.2197E+00   1.84297E-08 0.0109
    3.3128E+00   5.84695E-11 1.0000
    3.4086E+00   1.66527E-08 0.0098
    3.5072E+00   1.54316E-08 0.0097
    3.6087E+00   0.00000E+00 0.0000
    3.7131E+00   1.40859E-08 0.0096
    3.8205E+00   1.29072E-08 0.0095
    3.9311E+00   0.00000E+00 0.0000
    4.0448E+00   1.18003E-08 0.0094
    4.1618E+00   0.00000E+00 0.0000
    4.2822E+00   1.08730E-08 0.0093
    4.4061E+00   0.00000E+00 0.0000
    4.5335E+00   9.90409E-09 0.0092
    4.6647E+00   0.00000E+00 0.0000
    4.7996E+00   9.06301E-09 0.0091
    4.9385E+00   8.29138E-09 0.0091
    5.0814E+00   0.00000E+00 0.0000
    5.2284E+00   7.60246E-09 0.0090
    5.3796E+00   0.00000E+00 0.0000
    5.5352E+00   6.98224E-09 0.0089
    5.6954E+00   0.00000E+00 0.0000
    5.8601E+00   0.00000E+00 0.0000
    6.0297E+00   6.42292E-09 0.0088
    6.2041E+00   0.00000E+00 0.0000
    6.3836E+00   5.88583E-09 0.0088
    6.5683E+00   0.00000E+00 0.0000
    6.7583E+00   5.41241E-09 0.0087
    6.9538E+00   0.00000E+00 0.0000
    7.1550E+00   4.96430E-09 0.0086
    7.3619E+00   0.00000E+00 0.0000
    7.5749E+00   4.57302E-09 0.0086
    7.7941E+00   8.92652E-10 0.3153
    8.0195E+00   4.35714E-09 0.0152
    8.2515E+00   1.68014E-09 0.2304
    8.4902E+00   3.98653E-09 0.0142
    8.7359E+00   3.60009E-09 0.1625
    8.9886E+00   2.53508E-10 0.3202
    9.2486E+00   9.16790E-09 0.0721
    9.5162E+00   5.19082E-10 0.2150
    9.7915E+00   3.84585E-09 0.0307
    1.0075E+01   8.64671E-09 0.0959
    1.0366E+01   4.20877E-09 0.0403
    1.0666E+01   1.31426E-08 0.0768
    1.0975E+01   1.51807E-09 0.1274
    1.1292E+01   2.03921E-08 0.0558
    1.1619E+01   1.90140E-09 0.1151
    1.1955E+01   4.84567E-09 0.0491
    1.2301E+01   1.94364E-08 0.0579
    1.2657E+01   5.46945E-09 0.0507
    1.3023E+01   2.24995E-08 0.0519
    1.3400E+01   3.46086E-09 0.0851
    1.3787E+01   5.88145E-09 0.0513
    1.4186E+01   2.47269E-08 0.0452
    1.4596E+01   6.81864E-09 0.0492
    1.5019E+01   2.60287E-08 0.0415
    1.5453E+01   6.25525E-09 0.0473
    1.5900E+01   2.82750E-08 0.0381
    1.6360E+01   4.24198E-09 0.0631
    1.6834E+01   6.38888E-09 0.0437
    1.7321E+01   3.11825E-08 0.0342
    1.7822E+01   6.42267E-09 0.0414
    1.8337E+01   3.33712E-08 0.0304
    1.8868E+01   8.27431E-09 0.0362
    1.9413E+01   7.79629E-09 0.0414
    1.9975E+01   1.06251E-07 0.0176
    2.0553E+01   4.83209E-08 0.0179
    2.1148E+01   8.03962E-07 0.0087
    2.1759E+01   3.13516E-07 0.0081
    2.2389E+01   4.20874E-07 0.0072
    2.3037E+01   4.91155E-06 0.0047
    2.3703E+01   1.54145E-06 0.0043
    2.4389E+01   1.43399E-05 0.0033
    2.5094E+01   3.78662E-06 0.0031
    2.5820E+01   4.36173E-06 0.0030
    2.6567E+01   3.21237E-05 0.0025
    2.7336E+01   7.09669E-06 0.0024
    2.8127E+01   5.03129E-05 0.0022
    2.8940E+01   1.03046E-05 0.0021
    2.9777E+01   6.57964E-05 0.0019
    3.0639E+01   1.31593E-05 0.0019
    3.1525E+01   1.26605E-05 0.0019
    3.2437E+01   7.89863E-05 0.0018
    3.3376E+01   1.36604E-05 0.0018
    3.4341E+01   8.24813E-05 0.0017
    3.5335E+01   1.59897E-05 0.0017
    3.6357E+01   1.39613E-05 0.0017
    3.7409E+01   8.40477E-05 0.0016
    3.8491E+01   1.38081E-05 0.0016
    3.9604E+01   7.89427E-05 0.0016
    4.0750E+01   1.49207E-05 0.0016
    4.1929E+01   1.25490E-05 0.0016
    4.3142E+01   7.45800E-05 0.0015
    4.4390E+01   1.14552E-05 0.0016
    4.5674E+01   6.66822E-05 0.0015
    4.6996E+01   1.20783E-05 0.0015
    4.8355E+01   9.93230E-06 0.0015
    4.9754E+01   6.04882E-05 0.0015
    5.1193E+01   8.79475E-06 0.0015
    5.2674E+01   5.26875E-05 0.0015
    5.4198E+01   9.29881E-06 0.0015
    5.5766E+01   7.79699E-06 0.0015
    5.7379E+01   4.65791E-05 0.0015
    5.9039E+01   6.48570E-06 0.0015
    6.0747E+01   4.04648E-05 0.0015
    6.2505E+01   6.72634E-06 0.0015
    6.4313E+01   3.38343E-05 0.0015
    6.6174E+01   7.24370E-06 0.0015
    6.8088E+01   4.77069E-06 0.0015
    7.0058E+01   3.05844E-05 0.0015
    7.2084E+01   4.70350E-06 0.0015
    7.4170E+01   2.55751E-05 0.0014
    7.6315E+01   5.09834E-06 0.0015
    7.8523E+01   3.58406E-06 0.0015
    8.0795E+01   2.28054E-05 0.0014
    8.3132E+01   3.21349E-06 0.0015
    8.5537E+01   1.93533E-05 0.0014
    8.8012E+01   3.42589E-06 0.0015
    9.0558E+01   1.61480E-05 0.0014
    9.3178E+01   3.57289E-06 0.0015
    9.5873E+01   2.33887E-06 0.0015
    9.8647E+01   1.46613E-05 0.0014
    1.0150E+02   2.12669E-06 0.0015
    1.0444E+02   1.24425E-05 0.0014
    1.0746E+02   2.15251E-06 0.0015
    1.1057E+02   1.03887E-05 0.0014
    1.1377E+02   2.18921E-06 0.0014
    1.1706E+02   1.50546E-06 0.0015
    1.2044E+02   9.28644E-06 0.0014
    1.2393E+02   1.31994E-06 0.0015
    1.2751E+02   7.89999E-06 0.0014
    1.3120E+02   1.33174E-06 0.0015
    1.3500E+02   6.57876E-06 0.0014
    1.3890E+02   1.36672E-06 0.0014
    1.4292E+02   9.39617E-07 0.0015
    1.4706E+02   5.85627E-06 0.0014
    1.5131E+02   8.41149E-07 0.0015
    1.5569E+02   4.94792E-06 0.0014
    1.6019E+02   8.70956E-07 0.0015
    1.6483E+02   4.11232E-06 0.0014
    1.6959E+02   8.82054E-07 0.0014
    1.7450E+02   5.83787E-07 0.0015
    1.7955E+02   3.67485E-06 0.0014
    1.8474E+02   5.62998E-07 0.0015
    1.9009E+02   3.06461E-06 0.0014
    1.9559E+02   5.94605E-07 0.0014
    2.0124E+02   4.36941E-07 0.0015
    2.0707E+02   2.69042E-06 0.0014
    2.1306E+02   3.81533E-07 0.0015
    2.1922E+02   2.27912E-06 0.0014
    2.2556E+02   3.97110E-07 0.0014
    2.3209E+02   3.44148E-07 0.0015
    2.3880E+02   1.95281E-06 0.0014
    2.4571E+02   2.71270E-07 0.0015
    2.5282E+02   1.68912E-06 0.0014
    2.6013E+02   2.67017E-07 0.0015
    2.6766E+02   1.41532E-06 0.0014
    2.7540E+02   2.80316E-07 0.0014
    2.8337E+02   2.13762E-07 0.0015
    2.9157E+02   1.24647E-06 0.0014
    3.0000E+02   1.82081E-07 0.0015
      total      1.74593E-03 0.0013


 ===================================================================================================================================

           results of 10 statistical checks for the estimated answer for the tally fluctuation chart (tfc) bin of tally     9104

 tfc bin     --mean--      ---------relative error---------      ----variance of the variance----      --figure of merit--     -pdf-
 behavior    behavior      value   decrease   decrease rate      value   decrease   decrease rate       value     behavior     slope

 desired      random       <0.10      yes      1/sqrt(nps)       <0.10      yes        1/nps           constant    random      >3.00
 observed     random        0.00      yes          yes            0.00      yes         yes                                    10.00
 passed?        yes          yes      yes          yes             yes      yes         yes                                      yes

 ===================================================================================================================================


 this tally meets the statistical criteria used to form confidence intervals: check the tally fluctuation chart to verify.
 the results in other bins associated with this tally may not meet these statistical criteria.

 ----- estimated confidence intervals:  -----

 estimated asymmetric confidence interval(1,2,3 sigma): 2.6999E-03 to 2.7067E-03; 2.6965E-03 to 2.7102E-03; 2.6930E-03 to 2.7136E-03
 estimated  symmetric confidence interval(1,2,3 sigma): 2.6999E-03 to 2.7067E-03; 2.6965E-03 to 2.7102E-03; 2.6930E-03 to 2.7136E-03

1analysis of the results in the tally fluctuation chart bin (tfc) for tally 9104 with nps = 4000000          print table 160


 normed average tally per history  = 2.70331E-03          unnormed average tally per history  = 6.75828E-03
 estimated tally relative error    = 0.0013               estimated variance of the variance  = 0.0000
 relative error from zero tallies  = 0.0005               relative error from nonzero scores  = 0.0012

 number of nonzero history tallies =     1963979          efficiency for the nonzero tallies  = 0.4910
 history number of largest  tally  =      149550          largest  unnormalized history tally = 1.41665E-01
 (largest  tally)/(average tally)  = 2.09617E+01          (largest  tally)/(avg nonzero tally)= 1.02921E+01

 (confidence interval shift)/mean  = 0.0000               shifted confidence interval center  = 2.70331E-03


 if the largest  history score sampled so far were to occur on the next history, the tfc bin quantities would change as follows:

      estimated quantities           value at nps           value at nps+1           value(nps+1)/value(nps)-1.

      mean                            2.70331E-03             2.70332E-03                     0.000005
      relative error                  1.26849E-03             1.26849E-03                     0.000002
      variance of the variance        2.44842E-06             2.44857E-06                     0.000061
      shifted center                  2.70331E-03             2.70331E-03                     0.000000
      figure of merit                 0.00000E+00             0.00000E+00                     0.000000

 the estimated slope of the 200 largest  tallies starting at  9.81182E-02 appears to be decreasing at least exponentially.
 the empirical history score probability density function appears to be increasing at the largest  history scores:
 please examine. see print table 161.
 the large score tail of the empirical history score probability density function appears to have no unsampled regions.

 fom = (histories/minute)*(f(x) signal-to-noise ratio)**2 = (0.000E+00)*( 3.942E-01)**2 = (0.000E+00)*(1.554E-01) = 0.000E+00

1    some tally scores were not made for various reasons:

                                  beyond last bin     not in
                   tally       user  segment   mult   angle   energy   time             
                   1004          0       0       0       074170540       0
                   8004          0       0       0       074170540       0
                   8204          0       0       0       074170540       0
                   9204          0       0       0       074170540       0
                   8104          0       0       0       0********       0
                   9104          0       0       0       074380297       0

1status of the statistical checks used to form confidence intervals for the mean for each tally bin


 tally   result of statistical checks for the tfc bin (the first check not passed is listed) and error magnitude check for all bins

     1006   passed the 10 statistical checks for the tally fluctuation chart bin result               
         passed all bin error check:   205 tally bins all have relative errors less than 0.10 with no zero bins

     8006   passed the 10 statistical checks for the tally fluctuation chart bin result               
         passed all bin error check:     6 tally bins all have relative errors less than 0.10 with no zero bins

       24   passed the 10 statistical checks for the tally fluctuation chart bin result               
         missed all bin error check:   615 tally bins had    41 bins with zeros and     2 bins with relative errors exceeding 0.10

       26   passed the 10 statistical checks for the tally fluctuation chart bin result               
         missed all bin error check:   615 tally bins had    41 bins with zeros and     2 bins with relative errors exceeding 0.10

       34   passed the 10 statistical checks for the tally fluctuation chart bin result               
         passed all bin error check:   205 tally bins all have relative errors less than 0.10 with no zero bins

       36   passed the 10 statistical checks for the tally fluctuation chart bin result               
         passed all bin error check:   205 tally bins all have relative errors less than 0.10 with no zero bins

      124   passed the 10 statistical checks for the tally fluctuation chart bin result               
         passed all bin error check:    18 tally bins all have relative errors less than 0.10 with no zero bins

      126   passed the 10 statistical checks for the tally fluctuation chart bin result               
         passed all bin error check:    18 tally bins all have relative errors less than 0.10 with no zero bins

      134   passed the 10 statistical checks for the tally fluctuation chart bin result               
         passed all bin error check:     6 tally bins all have relative errors less than 0.10 with no zero bins

      136   passed the 10 statistical checks for the tally fluctuation chart bin result               
         passed all bin error check:     6 tally bins all have relative errors less than 0.10 with no zero bins

     1004   passed the 10 statistical checks for the tally fluctuation chart bin result               
         missed all bin error check: 41410 tally bins had 13775 bins with zeros and  2354 bins with relative errors exceeding 0.10

     4004   passed the 10 statistical checks for the tally fluctuation chart bin result               
         missed all bin error check:   615 tally bins had    41 bins with zeros and     2 bins with relative errors exceeding 0.10

     8004   passed the 10 statistical checks for the tally fluctuation chart bin result               
         missed all bin error check:  1212 tally bins had   437 bins with zeros and   129 bins with relative errors exceeding 0.10

     8014   passed the 10 statistical checks for the tally fluctuation chart bin result               
         passed all bin error check:    18 tally bins all have relative errors less than 0.10 with no zero bins

     8204   passed the 10 statistical checks for the tally fluctuation chart bin result               
         missed all bin error check:124230 tally bins had 48200 bins with zeros and  9315 bins with relative errors exceeding 0.10

     9204   passed the 10 statistical checks for the tally fluctuation chart bin result               
         missed all bin error check:  3636 tally bins had  1512 bins with zeros and   288 bins with relative errors exceeding 0.10

       44   passed the 10 statistical checks for the tally fluctuation chart bin result               
         passed all bin error check:   205 tally bins all have relative errors less than 0.10 with no zero bins

       46   passed the 10 statistical checks for the tally fluctuation chart bin result               
         passed all bin error check:   205 tally bins all have relative errors less than 0.10 with no zero bins

      144   passed the 10 statistical checks for the tally fluctuation chart bin result               
         passed all bin error check:     6 tally bins all have relative errors less than 0.10 with no zero bins

      146   passed the 10 statistical checks for the tally fluctuation chart bin result               
         passed all bin error check:     6 tally bins all have relative errors less than 0.10 with no zero bins

       54   passed the 10 statistical checks for the tally fluctuation chart bin result               
         missed all bin error check:   205 tally bins had     0 bins with zeros and    64 bins with relative errors exceeding 0.10

       56   passed the 10 statistical checks for the tally fluctuation chart bin result               
         missed all bin error check:   205 tally bins had     0 bins with zeros and    62 bins with relative errors exceeding 0.10

      154   missed  3 of 10 tfc bin checks: the relative error exceeds the recommended value of 0.1 for nonpoint detector tallies     
         missed all bin error check:     6 tally bins had     0 bins with zeros and     6 bins with relative errors exceeding 0.10

      156   missed  2 of 10 tfc bin checks: the relative error exceeds the recommended value of 0.1 for nonpoint detector tallies     
         missed all bin error check:     6 tally bins had     0 bins with zeros and     6 bins with relative errors exceeding 0.10

       64   passed the 10 statistical checks for the tally fluctuation chart bin result               
         missed all bin error check:   205 tally bins had    37 bins with zeros and    24 bins with relative errors exceeding 0.10

       66   passed the 10 statistical checks for the tally fluctuation chart bin result               
         missed all bin error check:   205 tally bins had    37 bins with zeros and    22 bins with relative errors exceeding 0.10

      164   no nonzero tallies were made in the tally fluctuation chart bin                           
         missed all bin error check:     6 tally bins had     2 bins with zeros and     4 bins with relative errors exceeding 0.10

      166   no nonzero tallies were made in the tally fluctuation chart bin                           
         missed all bin error check:     6 tally bins had     2 bins with zeros and     4 bins with relative errors exceeding 0.10

       74   passed the 10 statistical checks for the tally fluctuation chart bin result               
         missed all bin error check:   205 tally bins had     0 bins with zeros and    12 bins with relative errors exceeding 0.10

       76   passed the 10 statistical checks for the tally fluctuation chart bin result               
         passed all bin error check:   205 tally bins all have relative errors less than 0.10 with no zero bins

      174   passed the 10 statistical checks for the tally fluctuation chart bin result               
         passed all bin error check:     6 tally bins all have relative errors less than 0.10 with no zero bins

      176   passed the 10 statistical checks for the tally fluctuation chart bin result               
         passed all bin error check:     6 tally bins all have relative errors less than 0.10 with no zero bins

       14   passed the 10 statistical checks for the tally fluctuation chart bin result               
         passed all bin error check:   205 tally bins all have relative errors less than 0.10 with no zero bins

       16   passed the 10 statistical checks for the tally fluctuation chart bin result               
         passed all bin error check:   205 tally bins all have relative errors less than 0.10 with no zero bins

      114   passed the 10 statistical checks for the tally fluctuation chart bin result               
         passed all bin error check:     6 tally bins all have relative errors less than 0.10 with no zero bins

      116   passed the 10 statistical checks for the tally fluctuation chart bin result               
         passed all bin error check:     6 tally bins all have relative errors less than 0.10 with no zero bins

     8104   passed the 10 statistical checks for the tally fluctuation chart bin result               
         missed all bin error check: 41410 tally bins had  7044 bins with zeros and  2605 bins with relative errors exceeding 0.10

     9104   passed the 10 statistical checks for the tally fluctuation chart bin result               
         missed all bin error check:  1212 tally bins had   244 bins with zeros and    91 bins with relative errors exceeding 0.10


 the 10 statistical checks are only for the tally fluctuation chart bin and do not apply to other tally bins.

 the tally bins with zeros may or may not be correct: compare the source, cutoffs, multipliers, et cetera with the tally bins.

 warning.       4 of the    38 tally fluctuation chart bins did not pass all 10 statistical checks.
 warning.      18 of the    38 tallies had bins with relative errors greater than recommended.

# ===================================================
# tally 9204
# ===================================================
1tally     9204        nps =     4000000
           tally type 4    track length estimate of particle flux.      units   1/cm**2        
           particle(s): protons  
 number of histories used for normalizing tallies =      4000000.00
           this tally is modified by   ft  tag  let

           volumes 
                   cell:      552          553          554          555          556         total                
                         2.50000E+00  2.50000E+00  2.50000E+00  2.50000E+00  2.50000E+00  1.25000E+01
 
 cell  552                                                                                                                             
 user bin          -1.00000
    s(e) (MeV/cm)
    1.0000E+00   0.00000E+00 0.0000
    1.0289E+00   0.00000E+00 0.0000
    1.0587E+00   0.00000E+00 0.0000
    1.0893E+00   0.00000E+00 0.0000
    1.1208E+00   0.00000E+00 0.0000
    1.1533E+00   0.00000E+00 0.0000
    1.1866E+00   0.00000E+00 0.0000
    1.2210E+00   0.00000E+00 0.0000
    1.2563E+00   0.00000E+00 0.0000
    1.2926E+00   0.00000E+00 0.0000
    1.3300E+00   0.00000E+00 0.0000
    1.3685E+00   0.00000E+00 0.0000
    1.4081E+00   0.00000E+00 0.0000
    1.4488E+00   0.00000E+00 0.0000
    1.4907E+00   0.00000E+00 0.0000
    1.5339E+00   0.00000E+00 0.0000
    1.5782E+00   0.00000E+00 0.0000
    1.6239E+00   0.00000E+00 0.0000
    1.6709E+00   0.00000E+00 0.0000
    1.7192E+00   0.00000E+00 0.0000
    1.7689E+00   0.00000E+00 0.0000
    1.8201E+00   0.00000E+00 0.0000
    1.8728E+00   0.00000E+00 0.0000
    1.9269E+00   0.00000E+00 0.0000
    1.9827E+00   0.00000E+00 0.0000
    2.0400E+00   0.00000E+00 0.0000
    2.0991E+00   0.00000E+00 0.0000
    2.1598E+00   0.00000E+00 0.0000
    2.2223E+00   0.00000E+00 0.0000
    2.2866E+00   0.00000E+00 0.0000
    2.3527E+00   0.00000E+00 0.0000
    2.4208E+00   0.00000E+00 0.0000
    2.4908E+00   0.00000E+00 0.0000
    2.5629E+00   0.00000E+00 0.0000
    2.6370E+00   0.00000E+00 0.0000
    2.7133E+00   0.00000E+00 0.0000
    2.7918E+00   0.00000E+00 0.0000
    2.8725E+00   0.00000E+00 0.0000
    2.9557E+00   0.00000E+00 0.0000
    3.0412E+00   0.00000E+00 0.0000
    3.1291E+00   0.00000E+00 0.0000
    3.2197E+00   0.00000E+00 0.0000
    3.3128E+00   0.00000E+00 0.0000
    3.4086E+00   0.00000E+00 0.0000
    3.5072E+00   0.00000E+00 0.0000
    3.6087E+00   0.00000E+00 0.0000
    3.7131E+00   0.00000E+00 0.0000
    3.8205E+00   0.00000E+00 0.0000
    3.9311E+00   0.00000E+00 0.0000
    4.0448E+00   0.00000E+00 0.0000
    4.1618E+00   0.00000E+00 0.0000
    4.2822E+00   0.00000E+00 0.0000
    4.4061E+00   0.00000E+00 0.0000
    4.5335E+00   0.00000E+00 0.0000
    4.6647E+00   0.00000E+00 0.0000
    4.7996E+00   0.00000E+00 0.0000
    4.9385E+00   0.00000E+00 0.0000
    5.0814E+00   0.00000E+00 0.0000
    5.2284E+00   0.00000E+00 0.0000
    5.3796E+00   0.00000E+00 0.0000
    5.5352E+00   0.00000E+00 0.0000
    5.6954E+00   0.00000E+00 0.0000
    5.8601E+00   0.00000E+00 0.0000
    6.0297E+00   0.00000E+00 0.0000
    6.2041E+00   0.00000E+00 0.0000
    6.3836E+00   0.00000E+00 0.0000
    6.5683E+00   0.00000E+00 0.0000
    6.7583E+00   0.00000E+00 0.0000
    6.9538E+00   0.00000E+00 0.0000
    7.1550E+00   0.00000E+00 0.0000
    7.3619E+00   0.00000E+00 0.0000
    7.5749E+00   0.00000E+00 0.0000
    7.7941E+00   0.00000E+00 0.0000
    8.0195E+00   0.00000E+00 0.0000
    8.2515E+00   0.00000E+00 0.0000
    8.4902E+00   0.00000E+00 0.0000
    8.7359E+00   0.00000E+00 0.0000
    8.9886E+00   0.00000E+00 0.0000
    9.2486E+00   0.00000E+00 0.0000
    9.5162E+00   0.00000E+00 0.0000
    9.7915E+00   0.00000E+00 0.0000
    1.0075E+01   0.00000E+00 0.0000
    1.0366E+01   0.00000E+00 0.0000
    1.0666E+01   0.00000E+00 0.0000
    1.0975E+01   0.00000E+00 0.0000
    1.1292E+01   0.00000E+00 0.0000
    1.1619E+01   0.00000E+00 0.0000
    1.1955E+01   0.00000E+00 0.0000
    1.2301E+01   0.00000E+00 0.0000
    1.2657E+01   0.00000E+00 0.0000
    1.3023E+01   0.00000E+00 0.0000
    1.3400E+01   0.00000E+00 0.0000
    1.3787E+01   0.00000E+00 0.0000
    1.4186E+01   0.00000E+00 0.0000
    1.4596E+01   0.00000E+00 0.0000
    1.5019E+01   0.00000E+00 0.0000
    1.5453E+01   0.00000E+00 0.0000
    1.5900E+01   0.00000E+00 0.0000
    1.6360E+01   0.00000E+00 0.0000
    1.6834E+01   0.00000E+00 0.0000
    1.7321E+01   0.00000E+00 0.0000
    1.7822E+01   0.00000E+00 0.0000
    1.8337E+01   0.00000E+00 0.0000
    1.8868E+01   6.56600E-11 1.0000
    1.9413E+01   1.31320E-10 0.7071
    1.9975E+01   2.83126E-09 0.1676
    2.0553E+01   1.62249E-09 0.1857
    2.1148E+01   2.87635E-08 0.0530
    2.1759E+01   1.11775E-08 0.0652
    2.2389E+01   1.20849E-08 0.0624
    2.3037E+01   1.49471E-07 0.0217
    2.3703E+01   4.58919E-08 0.0294
    2.4389E+01   4.12567E-07 0.0127
    2.5094E+01   1.03046E-07 0.0184
    2.5820E+01   1.18560E-07 0.0172
    2.6567E+01   8.00178E-07 0.0086
    2.7336E+01   1.69851E-07 0.0131
    2.8127E+01   1.13599E-06 0.0068
    2.8940E+01   2.17045E-07 0.0108
    2.9777E+01   1.33527E-06 0.0059
    3.0639E+01   2.48894E-07 0.0093
    3.1525E+01   2.38892E-07 0.0094
    3.2437E+01   1.40911E-06 0.0054
    3.3376E+01   2.28974E-07 0.0089
    3.4341E+01   1.31322E-06 0.0052
    3.5335E+01   2.39907E-07 0.0081
    3.6357E+01   2.03958E-07 0.0088
    3.7409E+01   1.16681E-06 0.0051
    3.8491E+01   1.80448E-07 0.0087
    3.9604E+01   9.74860E-07 0.0052
    4.0750E+01   1.78133E-07 0.0081
    4.1929E+01   1.42270E-07 0.0090
    4.3142E+01   8.21578E-07 0.0053
    4.4390E+01   1.18470E-07 0.0092
    4.5674E+01   6.65875E-07 0.0055
    4.6996E+01   1.16132E-07 0.0085
    4.8355E+01   9.24908E-08 0.0096
    4.9754E+01   5.49591E-07 0.0056
    5.1193E+01   7.60920E-08 0.0097
    5.2674E+01   4.44789E-07 0.0058
    5.4198E+01   7.65955E-08 0.0090
    5.5766E+01   6.29214E-08 0.0099
    5.7379E+01   3.66135E-07 0.0059
    5.9039E+01   4.93981E-08 0.0103
    6.0747E+01   3.02189E-07 0.0061
    6.2505E+01   4.87974E-08 0.0097
    6.4313E+01   2.41864E-07 0.0062
    6.6174E+01   5.09940E-08 0.0087
    6.8088E+01   3.28236E-08 0.0109
    7.0058E+01   2.08526E-07 0.0063
    7.2084E+01   3.16278E-08 0.0103
    7.4170E+01   1.68951E-07 0.0064
    7.6315E+01   3.30724E-08 0.0093
    7.8523E+01   2.31217E-08 0.0111
    8.0795E+01   1.44919E-07 0.0065
    8.3132E+01   2.02172E-08 0.0110
    8.5537E+01   1.20102E-07 0.0066
    8.8012E+01   2.10855E-08 0.0100
    9.0558E+01   9.82721E-08 0.0067
    9.3178E+01   2.14638E-08 0.0091
    9.5873E+01   1.40667E-08 0.0113
    9.8647E+01   8.73021E-08 0.0067
    1.0150E+02   1.23770E-08 0.0112
    1.0444E+02   7.32717E-08 0.0068
    1.0746E+02   1.23044E-08 0.0104
    1.1057E+02   6.01325E-08 0.0068
    1.1377E+02   1.25925E-08 0.0095
    1.1706E+02   8.49408E-09 0.0116
    1.2044E+02   5.31913E-08 0.0069
    1.2393E+02   7.34414E-09 0.0115
    1.2751E+02   4.45094E-08 0.0069
    1.3120E+02   7.60289E-09 0.0105
    1.3500E+02   3.67856E-08 0.0069
    1.3890E+02   7.56249E-09 0.0097
    1.4292E+02   5.25347E-09 0.0117
    1.4706E+02   3.24807E-08 0.0069
    1.5131E+02   4.68477E-09 0.0115
    1.5569E+02   2.72586E-08 0.0070
    1.6019E+02   4.85589E-09 0.0104
    1.6483E+02   2.25143E-08 0.0070
    1.6959E+02   4.84588E-09 0.0097
    1.7450E+02   3.18828E-09 0.0119
    1.7955E+02   2.00287E-08 0.0070
    1.8474E+02   3.09015E-09 0.0112
    1.9009E+02   1.66175E-08 0.0070
    1.9559E+02   3.27810E-09 0.0101
    2.0124E+02   2.35593E-09 0.0119
    2.0707E+02   1.45688E-08 0.0070
    2.1306E+02   2.06564E-09 0.0117
    2.1922E+02   1.22995E-08 0.0070
    2.2556E+02   2.14968E-09 0.0106
    2.3209E+02   1.83922E-09 0.0115
    2.3880E+02   1.05316E-08 0.0070
    2.4571E+02   1.44523E-09 0.0120
    2.5282E+02   9.08226E-09 0.0071
    2.6013E+02   1.42925E-09 0.0112
    2.6766E+02   7.60004E-09 0.0071
    2.7540E+02   1.50626E-09 0.0101
    2.8337E+02   1.14405E-09 0.0116
    2.9157E+02   6.66861E-09 0.0071
    3.0000E+02   9.91131E-10 0.0115
      total      1.67394E-05 0.0025
 
 cell  552                                                                                                                             
 user bin 10000000000.00000
    s(e) (MeV/cm)
    1.0000E+00   0.00000E+00 0.0000
    1.0289E+00   0.00000E+00 0.0000
    1.0587E+00   0.00000E+00 0.0000
    1.0893E+00   0.00000E+00 0.0000
    1.1208E+00   0.00000E+00 0.0000
    1.1533E+00   0.00000E+00 0.0000
    1.1866E+00   0.00000E+00 0.0000
    1.2210E+00   0.00000E+00 0.0000
    1.2563E+00   0.00000E+00 0.0000
    1.2926E+00   0.00000E+00 0.0000
    1.3300E+00   0.00000E+00 0.0000
    1.3685E+00   0.00000E+00 0.0000
    1.4081E+00   0.00000E+00 0.0000
    1.4488E+00   0.00000E+00 0.0000
    1.4907E+00   0.00000E+00 0.0000
    1.5339E+00   0.00000E+00 0.0000
    1.5782E+00   0.00000E+00 0.0000
    1.6239E+00   0.00000E+00 0.0000
    1.6709E+00   0.00000E+00 0.0000
    1.7192E+00   0.00000E+00 0.0000
    1.7689E+00   0.00000E+00 0.0000
    1.8201E+00   0.00000E+00 0.0000
    1.8728E+00   0.00000E+00 0.0000
    1.9269E+00   0.00000E+00 0.0000
    1.9827E+00   0.00000E+00 0.0000
    2.0400E+00   0.00000E+00 0.0000
    2.0991E+00   0.00000E+00 0.0000
    2.1598E+00   0.00000E+00 0.0000
    2.2223E+00   0.00000E+00 0.0000
    2.2866E+00   0.00000E+00 0.0000
    2.3527E+00   0.00000E+00 0.0000
    2.4208E+00   0.00000E+00 0.0000
    2.4908E+00   0.00000E+00 0.0000
    2.5629E+00   0.00000E+00 0.0000
    2.6370E+00   0.00000E+00 0.0000
    2.7133E+00   0.00000E+00 0.0000
    2.7918E+00   0.00000E+00 0.0000
    2.8725E+00   0.00000E+00 0.0000
    2.9557E+00   0.00000E+00 0.0000
    3.0412E+00   0.00000E+00 0.0000
    3.1291E+00   0.00000E+00 0.0000
    3.2197E+00   0.00000E+00 0.0000
    3.3128E+00   0.00000E+00 0.0000
    3.4086E+00   0.00000E+00 0.0000
    3.5072E+00   0.00000E+00 0.0000
    3.6087E+00   0.00000E+00 0.0000
    3.7131E+00   0.00000E+00 0.0000
    3.8205E+00   0.00000E+00 0.0000
    3.9311E+00   0.00000E+00 0.0000
    4.0448E+00   0.00000E+00 0.0000
    4.1618E+00   0.00000E+00 0.0000
    4.2822E+00   0.00000E+00 0.0000
    4.4061E+00   0.00000E+00 0.0000
    4.5335E+00   0.00000E+00 0.0000
    4.6647E+00   0.00000E+00 0.0000
    4.7996E+00   0.00000E+00 0.0000
    4.9385E+00   0.00000E+00 0.0000
    5.0814E+00   0.00000E+00 0.0000
    5.2284E+00   0.00000E+00 0.0000
    5.3796E+00   0.00000E+00 0.0000
    5.5352E+00   0.00000E+00 0.0000
    5.6954E+00   0.00000E+00 0.0000
    5.8601E+00   0.00000E+00 0.0000
    6.0297E+00   0.00000E+00 0.0000
    6.2041E+00   0.00000E+00 0.0000
    6.3836E+00   0.00000E+00 0.0000
    6.5683E+00   0.00000E+00 0.0000
    6.7583E+00   0.00000E+00 0.0000
    6.9538E+00   0.00000E+00 0.0000
    7.1550E+00   0.00000E+00 0.0000
    7.3619E+00   0.00000E+00 0.0000
    7.5749E+00   0.00000E+00 0.0000
    7.7941E+00   1.04321E-09 0.3283
    8.0195E+00   1.18353E-10 1.0000
    8.2515E+00   1.65205E-09 0.2615
    8.4902E+00   2.29205E-10 0.7071
    8.7359E+00   3.21450E-09 0.1905
    8.9886E+00   2.26664E-10 0.7072
    9.2486E+00   5.57583E-09 0.1467
    9.5162E+00   5.36335E-10 0.4573
    9.7915E+00   3.50517E-10 0.5784
    1.0075E+01   1.00501E-08 0.1103
    1.0366E+01   1.30051E-09 0.3020
    1.0666E+01   1.19445E-08 0.1018
    1.0975E+01   1.96392E-09 0.2511
    1.1292E+01   1.84956E-08 0.0819
    1.1619E+01   1.52122E-09 0.2930
    1.1955E+01   2.09587E-09 0.2547
    1.2301E+01   1.92500E-08 0.0809
    1.2657E+01   3.86107E-09 0.1839
    1.3023E+01   2.27680E-08 0.0769
    1.3400E+01   3.13582E-09 0.1972
    1.3787E+01   3.47315E-09 0.1901
    1.4186E+01   2.75418E-08 0.0695
    1.4596E+01   5.36638E-09 0.1487
    1.5019E+01   2.48450E-08 0.0704
    1.5453E+01   4.56980E-09 0.1495
    1.5900E+01   2.74856E-08 0.0665
    1.6360E+01   4.24546E-09 0.1419
    1.6834E+01   4.23753E-09 0.1411
    1.7321E+01   3.13509E-08 0.0593
    1.7822E+01   4.71292E-09 0.1235
    1.8337E+01   3.81283E-08 0.0514
    1.8868E+01   1.11943E-08 0.0761
    1.9413E+01   1.55506E-08 0.0645
    1.9975E+01   3.57911E-07 0.0199
    2.0553E+01   1.83101E-07 0.0202
    2.1148E+01   3.28355E-06 0.0084
    2.1759E+01   1.26442E-06 0.0081
    2.2389E+01   1.70215E-06 0.0072
    2.3037E+01   1.91578E-05 0.0044
    2.3703E+01   5.82706E-06 0.0042
    2.4389E+01   5.18084E-05 0.0030
    2.5094E+01   1.31312E-05 0.0030
    2.5820E+01   1.48730E-05 0.0028
    2.6567E+01   1.04487E-04 0.0023
    2.7336E+01   2.18875E-05 0.0023
    2.8127E+01   1.48052E-04 0.0020
    2.8940E+01   2.87278E-05 0.0020
    2.9777E+01   1.73967E-04 0.0018
    3.0639E+01   3.29688E-05 0.0018
    3.1525E+01   3.09909E-05 0.0018
    3.2437E+01   1.84337E-04 0.0017
    3.3376E+01   2.98809E-05 0.0017
    3.4341E+01   1.72562E-04 0.0016
    3.5335E+01   3.17982E-05 0.0017
    3.6357E+01   2.69536E-05 0.0017
    3.7409E+01   1.56112E-04 0.0016
    3.8491E+01   2.42195E-05 0.0017
    3.9604E+01   1.32658E-04 0.0016
    4.0750E+01   2.40088E-05 0.0016
    4.1929E+01   1.96228E-05 0.0017
    4.3142E+01   1.13213E-04 0.0016
    4.4390E+01   1.64822E-05 0.0017
    4.5674E+01   9.31575E-05 0.0016
    4.6996E+01   1.62549E-05 0.0017
    4.8355E+01   1.30001E-05 0.0017
    4.9754E+01   7.78980E-05 0.0016
    5.1193E+01   1.08313E-05 0.0017
    5.2674E+01   6.35979E-05 0.0016
    5.4198E+01   1.09373E-05 0.0017
    5.5766E+01   8.94840E-06 0.0017
    5.7379E+01   5.29129E-05 0.0016
    5.9039E+01   7.10971E-06 0.0017
    6.0747E+01   4.38037E-05 0.0016
    6.2505E+01   7.13096E-06 0.0017
    6.4313E+01   3.51076E-05 0.0016
    6.6174E+01   7.42681E-06 0.0017
    6.8088E+01   4.80106E-06 0.0018
    7.0058E+01   3.05600E-05 0.0016
    7.2084E+01   4.62492E-06 0.0017
    7.4170E+01   2.47945E-05 0.0016
    7.6315E+01   4.89870E-06 0.0017
    7.8523E+01   3.38983E-06 0.0018
    8.0795E+01   2.15209E-05 0.0016
    8.3132E+01   2.99166E-06 0.0018
    8.5537E+01   1.78670E-05 0.0016
    8.8012E+01   3.13834E-06 0.0017
    9.0558E+01   1.46394E-05 0.0016
    9.3178E+01   3.21889E-06 0.0017
    9.5873E+01   2.09070E-06 0.0018
    9.8647E+01   1.30731E-05 0.0016
    1.0150E+02   1.87966E-06 0.0018
    1.0444E+02   1.09556E-05 0.0016
    1.0746E+02   1.88393E-06 0.0017
    1.1057E+02   9.04541E-06 0.0016
    1.1377E+02   1.89929E-06 0.0017
    1.1706E+02   1.29845E-06 0.0018
    1.2044E+02   8.00745E-06 0.0016
    1.2393E+02   1.13040E-06 0.0018
    1.2751E+02   6.75742E-06 0.0016
    1.3120E+02   1.13556E-06 0.0017
    1.3500E+02   5.59041E-06 0.0016
    1.3890E+02   1.15876E-06 0.0017
    1.4292E+02   7.94643E-07 0.0018
    1.4706E+02   4.94684E-06 0.0016
    1.5131E+02   7.09167E-07 0.0018
    1.5569E+02   4.15967E-06 0.0016
    1.6019E+02   7.31649E-07 0.0017
    1.6483E+02   3.44360E-06 0.0016
    1.6959E+02   7.37311E-07 0.0017
    1.7450E+02   4.87799E-07 0.0018
    1.7955E+02   3.06558E-06 0.0016
    1.8474E+02   4.69469E-07 0.0018
    1.9009E+02   2.54966E-06 0.0016
    1.9559E+02   4.93897E-07 0.0017
    2.0124E+02   3.62692E-07 0.0018
    2.0707E+02   2.23228E-06 0.0016
    2.1306E+02   3.16094E-07 0.0018
    2.1922E+02   1.88703E-06 0.0016
    2.2556E+02   3.28472E-07 0.0017
    2.3209E+02   2.84470E-07 0.0018
    2.3880E+02   1.61381E-06 0.0016
    2.4571E+02   2.23857E-07 0.0018
    2.5282E+02   1.39382E-06 0.0016
    2.6013E+02   2.20038E-07 0.0018
    2.6766E+02   1.16606E-06 0.0016
    2.7540E+02   2.30945E-07 0.0017
    2.8337E+02   1.75841E-07 0.0018
    2.9157E+02   1.02597E-06 0.0016
    3.0000E+02   1.49591E-07 0.0018
      total      2.26950E-03 0.0015
 
 cell  552                                                                                                                             
 user bin total
    s(e) (MeV/cm)
    1.0000E+00   0.00000E+00 0.0000
    1.0289E+00   0.00000E+00 0.0000
    1.0587E+00   0.00000E+00 0.0000
    1.0893E+00   0.00000E+00 0.0000
    1.1208E+00   0.00000E+00 0.0000
    1.1533E+00   0.00000E+00 0.0000
    1.1866E+00   0.00000E+00 0.0000
    1.2210E+00   0.00000E+00 0.0000
    1.2563E+00   0.00000E+00 0.0000
    1.2926E+00   0.00000E+00 0.0000
    1.3300E+00   0.00000E+00 0.0000
    1.3685E+00   0.00000E+00 0.0000
    1.4081E+00   0.00000E+00 0.0000
    1.4488E+00   0.00000E+00 0.0000
    1.4907E+00   0.00000E+00 0.0000
    1.5339E+00   0.00000E+00 0.0000
    1.5782E+00   0.00000E+00 0.0000
    1.6239E+00   0.00000E+00 0.0000
    1.6709E+00   0.00000E+00 0.0000
    1.7192E+00   0.00000E+00 0.0000
    1.7689E+00   0.00000E+00 0.0000
    1.8201E+00   0.00000E+00 0.0000
    1.8728E+00   0.00000E+00 0.0000
    1.9269E+00   0.00000E+00 0.0000
    1.9827E+00   0.00000E+00 0.0000
    2.0400E+00   0.00000E+00 0.0000
    2.0991E+00   0.00000E+00 0.0000
    2.1598E+00   0.00000E+00 0.0000
    2.2223E+00   0.00000E+00 0.0000
    2.2866E+00   0.00000E+00 0.0000
    2.3527E+00   0.00000E+00 0.0000
    2.4208E+00   0.00000E+00 0.0000
    2.4908E+00   0.00000E+00 0.0000
    2.5629E+00   0.00000E+00 0.0000
    2.6370E+00   0.00000E+00 0.0000
    2.7133E+00   0.00000E+00 0.0000
    2.7918E+00   0.00000E+00 0.0000
    2.8725E+00   0.00000E+00 0.0000
    2.9557E+00   0.00000E+00 0.0000
    3.0412E+00   0.00000E+00 0.0000
    3.1291E+00   0.00000E+00 0.0000
    3.2197E+00   0.00000E+00 0.0000
    3.3128E+00   0.00000E+00 0.0000
    3.4086E+00   0.00000E+00 0.0000
    3.5072E+00   0.00000E+00 0.0000
    3.6087E+00   0.00000E+00 0.0000
    3.7131E+00   0.00000E+00 0.0000
    3.8205E+00   0.00000E+00 0.0000
    3.9311E+00   0.00000E+00 0.0000
    4.0448E+00   0.00000E+00 0.0000
    4.1618E+00   0.00000E+00 0.0000
    4.2822E+00   0.00000E+00 0.0000
    4.4061E+00   0.00000E+00 0.0000
    4.5335E+00   0.00000E+00 0.0000
    4.6647E+00   0.00000E+00 0.0000
    4.7996E+00   0.00000E+00 0.0000
    4.9385E+00   0.00000E+00 0.0000
    5.0814E+00   0.00000E+00 0.0000
    5.2284E+00   0.00000E+00 0.0000
    5.3796E+00   0.00000E+00 0.0000
    5.5352E+00   0.00000E+00 0.0000
    5.6954E+00   0.00000E+00 0.0000
    5.8601E+00   0.00000E+00 0.0000
    6.0297E+00   0.00000E+00 0.0000
    6.2041E+00   0.00000E+00 0.0000
    6.3836E+00   0.00000E+00 0.0000
    6.5683E+00   0.00000E+00 0.0000
    6.7583E+00   0.00000E+00 0.0000
    6.9538E+00   0.00000E+00 0.0000
    7.1550E+00   0.00000E+00 0.0000
    7.3619E+00   0.00000E+00 0.0000
    7.5749E+00   0.00000E+00 0.0000
    7.7941E+00   1.04321E-09 0.3283
    8.0195E+00   1.18353E-10 1.0000
    8.2515E+00   1.65205E-09 0.2615
    8.4902E+00   2.29205E-10 0.7071
    8.7359E+00   3.21450E-09 0.1905
    8.9886E+00   2.26664E-10 0.7072
    9.2486E+00   5.57583E-09 0.1467
    9.5162E+00   5.36335E-10 0.4573
    9.7915E+00   3.50517E-10 0.5784
    1.0075E+01   1.00501E-08 0.1103
    1.0366E+01   1.30051E-09 0.3020
    1.0666E+01   1.19445E-08 0.1018
    1.0975E+01   1.96392E-09 0.2511
    1.1292E+01   1.84956E-08 0.0819
    1.1619E+01   1.52122E-09 0.2930
    1.1955E+01   2.09587E-09 0.2547
    1.2301E+01   1.92500E-08 0.0809
    1.2657E+01   3.86107E-09 0.1839
    1.3023E+01   2.27680E-08 0.0769
    1.3400E+01   3.13582E-09 0.1972
    1.3787E+01   3.47315E-09 0.1901
    1.4186E+01   2.75418E-08 0.0695
    1.4596E+01   5.36638E-09 0.1487
    1.5019E+01   2.48450E-08 0.0704
    1.5453E+01   4.56980E-09 0.1495
    1.5900E+01   2.74856E-08 0.0665
    1.6360E+01   4.24546E-09 0.1419
    1.6834E+01   4.23753E-09 0.1411
    1.7321E+01   3.13509E-08 0.0593
    1.7822E+01   4.71292E-09 0.1235
    1.8337E+01   3.81283E-08 0.0514
    1.8868E+01   1.12600E-08 0.0763
    1.9413E+01   1.56819E-08 0.0642
    1.9975E+01   3.60743E-07 0.0199
    2.0553E+01   1.84724E-07 0.0201
    2.1148E+01   3.31232E-06 0.0084
    2.1759E+01   1.27559E-06 0.0081
    2.2389E+01   1.71424E-06 0.0072
    2.3037E+01   1.93072E-05 0.0044
    2.3703E+01   5.87295E-06 0.0042
    2.4389E+01   5.22210E-05 0.0030
    2.5094E+01   1.32342E-05 0.0030
    2.5820E+01   1.49916E-05 0.0028
    2.6567E+01   1.05287E-04 0.0023
    2.7336E+01   2.20574E-05 0.0023
    2.8127E+01   1.49188E-04 0.0020
    2.8940E+01   2.89448E-05 0.0020
    2.9777E+01   1.75303E-04 0.0018
    3.0639E+01   3.32177E-05 0.0018
    3.1525E+01   3.12298E-05 0.0018
    3.2437E+01   1.85746E-04 0.0016
    3.3376E+01   3.01099E-05 0.0017
    3.4341E+01   1.73875E-04 0.0016
    3.5335E+01   3.20381E-05 0.0017
    3.6357E+01   2.71575E-05 0.0017
    3.7409E+01   1.57279E-04 0.0016
    3.8491E+01   2.44000E-05 0.0017
    3.9604E+01   1.33632E-04 0.0016
    4.0750E+01   2.41870E-05 0.0016
    4.1929E+01   1.97651E-05 0.0017
    4.3142E+01   1.14034E-04 0.0016
    4.4390E+01   1.66007E-05 0.0017
    4.5674E+01   9.38233E-05 0.0016
    4.6996E+01   1.63711E-05 0.0017
    4.8355E+01   1.30926E-05 0.0017
    4.9754E+01   7.84476E-05 0.0016
    5.1193E+01   1.09074E-05 0.0017
    5.2674E+01   6.40427E-05 0.0016
    5.4198E+01   1.10139E-05 0.0017
    5.5766E+01   9.01132E-06 0.0017
    5.7379E+01   5.32790E-05 0.0016
    5.9039E+01   7.15911E-06 0.0017
    6.0747E+01   4.41059E-05 0.0016
    6.2505E+01   7.17976E-06 0.0017
    6.4313E+01   3.53495E-05 0.0016
    6.6174E+01   7.47781E-06 0.0017
    6.8088E+01   4.83388E-06 0.0018
    7.0058E+01   3.07686E-05 0.0016
    7.2084E+01   4.65655E-06 0.0017
    7.4170E+01   2.49634E-05 0.0016
    7.6315E+01   4.93177E-06 0.0017
    7.8523E+01   3.41295E-06 0.0018
    8.0795E+01   2.16658E-05 0.0016
    8.3132E+01   3.01188E-06 0.0018
    8.5537E+01   1.79871E-05 0.0016
    8.8012E+01   3.15943E-06 0.0017
    9.0558E+01   1.47377E-05 0.0016
    9.3178E+01   3.24036E-06 0.0017
    9.5873E+01   2.10476E-06 0.0018
    9.8647E+01   1.31604E-05 0.0016
    1.0150E+02   1.89204E-06 0.0018
    1.0444E+02   1.10289E-05 0.0016
    1.0746E+02   1.89624E-06 0.0017
    1.1057E+02   9.10554E-06 0.0016
    1.1377E+02   1.91188E-06 0.0017
    1.1706E+02   1.30695E-06 0.0018
    1.2044E+02   8.06064E-06 0.0016
    1.2393E+02   1.13775E-06 0.0018
    1.2751E+02   6.80192E-06 0.0016
    1.3120E+02   1.14316E-06 0.0017
    1.3500E+02   5.62720E-06 0.0016
    1.3890E+02   1.16633E-06 0.0017
    1.4292E+02   7.99897E-07 0.0018
    1.4706E+02   4.97933E-06 0.0016
    1.5131E+02   7.13852E-07 0.0018
    1.5569E+02   4.18693E-06 0.0016
    1.6019E+02   7.36505E-07 0.0017
    1.6483E+02   3.46611E-06 0.0016
    1.6959E+02   7.42157E-07 0.0017
    1.7450E+02   4.90987E-07 0.0018
    1.7955E+02   3.08561E-06 0.0016
    1.8474E+02   4.72559E-07 0.0018
    1.9009E+02   2.56627E-06 0.0016
    1.9559E+02   4.97175E-07 0.0017
    2.0124E+02   3.65047E-07 0.0018
    2.0707E+02   2.24685E-06 0.0016
    2.1306E+02   3.18160E-07 0.0018
    2.1922E+02   1.89933E-06 0.0016
    2.2556E+02   3.30622E-07 0.0017
    2.3209E+02   2.86309E-07 0.0018
    2.3880E+02   1.62434E-06 0.0016
    2.4571E+02   2.25302E-07 0.0018
    2.5282E+02   1.40290E-06 0.0016
    2.6013E+02   2.21467E-07 0.0018
    2.6766E+02   1.17366E-06 0.0016
    2.7540E+02   2.32451E-07 0.0017
    2.8337E+02   1.76985E-07 0.0018
    2.9157E+02   1.03264E-06 0.0016
    3.0000E+02   1.50582E-07 0.0018
      total      2.28624E-03 0.0015
 
 cell  553                                                                                                                             
 user bin          -1.00000
    s(e) (MeV/cm)
    1.0000E+00   0.00000E+00 0.0000
    1.0289E+00   0.00000E+00 0.0000
    1.0587E+00   0.00000E+00 0.0000
    1.0893E+00   0.00000E+00 0.0000
    1.1208E+00   0.00000E+00 0.0000
    1.1533E+00   0.00000E+00 0.0000
    1.1866E+00   0.00000E+00 0.0000
    1.2210E+00   0.00000E+00 0.0000
    1.2563E+00   0.00000E+00 0.0000
    1.2926E+00   0.00000E+00 0.0000
    1.3300E+00   0.00000E+00 0.0000
    1.3685E+00   0.00000E+00 0.0000
    1.4081E+00   0.00000E+00 0.0000
    1.4488E+00   0.00000E+00 0.0000
    1.4907E+00   0.00000E+00 0.0000
    1.5339E+00   0.00000E+00 0.0000
    1.5782E+00   0.00000E+00 0.0000
    1.6239E+00   0.00000E+00 0.0000
    1.6709E+00   0.00000E+00 0.0000
    1.7192E+00   0.00000E+00 0.0000
    1.7689E+00   0.00000E+00 0.0000
    1.8201E+00   0.00000E+00 0.0000
    1.8728E+00   0.00000E+00 0.0000
    1.9269E+00   0.00000E+00 0.0000
    1.9827E+00   0.00000E+00 0.0000
    2.0400E+00   0.00000E+00 0.0000
    2.0991E+00   0.00000E+00 0.0000
    2.1598E+00   0.00000E+00 0.0000
    2.2223E+00   0.00000E+00 0.0000
    2.2866E+00   0.00000E+00 0.0000
    2.3527E+00   0.00000E+00 0.0000
    2.4208E+00   0.00000E+00 0.0000
    2.4908E+00   0.00000E+00 0.0000
    2.5629E+00   0.00000E+00 0.0000
    2.6370E+00   0.00000E+00 0.0000
    2.7133E+00   0.00000E+00 0.0000
    2.7918E+00   0.00000E+00 0.0000
    2.8725E+00   0.00000E+00 0.0000
    2.9557E+00   0.00000E+00 0.0000
    3.0412E+00   0.00000E+00 0.0000
    3.1291E+00   0.00000E+00 0.0000
    3.2197E+00   0.00000E+00 0.0000
    3.3128E+00   0.00000E+00 0.0000
    3.4086E+00   0.00000E+00 0.0000
    3.5072E+00   0.00000E+00 0.0000
    3.6087E+00   0.00000E+00 0.0000
    3.7131E+00   0.00000E+00 0.0000
    3.8205E+00   0.00000E+00 0.0000
    3.9311E+00   0.00000E+00 0.0000
    4.0448E+00   0.00000E+00 0.0000
    4.1618E+00   0.00000E+00 0.0000
    4.2822E+00   0.00000E+00 0.0000
    4.4061E+00   0.00000E+00 0.0000
    4.5335E+00   0.00000E+00 0.0000
    4.6647E+00   0.00000E+00 0.0000
    4.7996E+00   0.00000E+00 0.0000
    4.9385E+00   0.00000E+00 0.0000
    5.0814E+00   0.00000E+00 0.0000
    5.2284E+00   0.00000E+00 0.0000
    5.3796E+00   0.00000E+00 0.0000
    5.5352E+00   0.00000E+00 0.0000
    5.6954E+00   0.00000E+00 0.0000
    5.8601E+00   0.00000E+00 0.0000
    6.0297E+00   0.00000E+00 0.0000
    6.2041E+00   0.00000E+00 0.0000
    6.3836E+00   0.00000E+00 0.0000
    6.5683E+00   0.00000E+00 0.0000
    6.7583E+00   0.00000E+00 0.0000
    6.9538E+00   0.00000E+00 0.0000
    7.1550E+00   0.00000E+00 0.0000
    7.3619E+00   0.00000E+00 0.0000
    7.5749E+00   0.00000E+00 0.0000
    7.7941E+00   0.00000E+00 0.0000
    8.0195E+00   0.00000E+00 0.0000
    8.2515E+00   0.00000E+00 0.0000
    8.4902E+00   0.00000E+00 0.0000
    8.7359E+00   0.00000E+00 0.0000
    8.9886E+00   0.00000E+00 0.0000
    9.2486E+00   0.00000E+00 0.0000
    9.5162E+00   0.00000E+00 0.0000
    9.7915E+00   0.00000E+00 0.0000
    1.0075E+01   0.00000E+00 0.0000
    1.0366E+01   0.00000E+00 0.0000
    1.0666E+01   0.00000E+00 0.0000
    1.0975E+01   0.00000E+00 0.0000
    1.1292E+01   0.00000E+00 0.0000
    1.1619E+01   0.00000E+00 0.0000
    1.1955E+01   0.00000E+00 0.0000
    1.2301E+01   0.00000E+00 0.0000
    1.2657E+01   0.00000E+00 0.0000
    1.3023E+01   0.00000E+00 0.0000
    1.3400E+01   0.00000E+00 0.0000
    1.3787E+01   0.00000E+00 0.0000
    1.4186E+01   0.00000E+00 0.0000
    1.4596E+01   0.00000E+00 0.0000
    1.5019E+01   0.00000E+00 0.0000
    1.5453E+01   0.00000E+00 0.0000
    1.5900E+01   0.00000E+00 0.0000
    1.6360E+01   0.00000E+00 0.0000
    1.6834E+01   0.00000E+00 0.0000
    1.7321E+01   0.00000E+00 0.0000
    1.7822E+01   0.00000E+00 0.0000
    1.8337E+01   0.00000E+00 0.0000
    1.8868E+01   0.00000E+00 0.0000
    1.9413E+01   0.00000E+00 0.0000
    1.9975E+01   2.80046E-10 0.5286
    2.0553E+01   2.79895E-10 0.4472
    2.1148E+01   4.29480E-09 0.1285
    2.1759E+01   2.25607E-09 0.1459
    2.2389E+01   3.30520E-09 0.1197
    2.3037E+01   3.59842E-08 0.0443
    2.3703E+01   1.13654E-08 0.0589
    2.4389E+01   1.17618E-07 0.0234
    2.5094E+01   3.51960E-08 0.0316
    2.5820E+01   4.07818E-08 0.0293
    2.6567E+01   3.22546E-07 0.0135
    2.7336E+01   7.27714E-08 0.0200
    2.8127E+01   5.40587E-07 0.0099
    2.8940E+01   1.12200E-07 0.0151
    2.9777E+01   7.39744E-07 0.0079
    3.0639E+01   1.52256E-07 0.0119
    3.1525E+01   1.45653E-07 0.0121
    3.2437E+01   9.19942E-07 0.0067
    3.3376E+01   1.62216E-07 0.0106
    3.4341E+01   9.69561E-07 0.0060
    3.5335E+01   1.85891E-07 0.0093
    3.6357E+01   1.66344E-07 0.0098
    3.7409E+01   9.81590E-07 0.0056
    3.8491E+01   1.59326E-07 0.0092
    3.9604E+01   9.08492E-07 0.0054
    4.0750E+01   1.69087E-07 0.0083
    4.1929E+01   1.41250E-07 0.0091
    4.3142E+01   8.28324E-07 0.0053
    4.4390E+01   1.24097E-07 0.0089
    4.5674E+01   7.15757E-07 0.0053
    4.6996E+01   1.28360E-07 0.0081
    4.8355E+01   1.02300E-07 0.0091
    4.9754E+01   6.26779E-07 0.0053
    5.1193E+01   8.88459E-08 0.0090
    5.2674E+01   5.24002E-07 0.0053
    5.4198E+01   9.18539E-08 0.0082
    5.5766E+01   7.46866E-08 0.0091
    5.7379E+01   4.47824E-07 0.0054
    5.9039E+01   6.11092E-08 0.0093
    6.0747E+01   3.76814E-07 0.0054
    6.2505E+01   6.18678E-08 0.0086
    6.4313E+01   3.06734E-07 0.0055
    6.6174E+01   6.46403E-08 0.0078
    6.8088E+01   4.30359E-08 0.0095
    7.0058E+01   2.69589E-07 0.0055
    7.2084E+01   4.09489E-08 0.0090
    7.4170E+01   2.20767E-07 0.0056
    7.6315E+01   4.38245E-08 0.0081
    7.8523E+01   3.08967E-08 0.0096
    8.0795E+01   1.92727E-07 0.0056
    8.3132E+01   2.66583E-08 0.0096
    8.5537E+01   1.61255E-07 0.0057
    8.8012E+01   2.83970E-08 0.0086
    9.0558E+01   1.32214E-07 0.0057
    9.3178E+01   2.89482E-08 0.0079
    9.5873E+01   1.90709E-08 0.0097
    9.8647E+01   1.17989E-07 0.0058
    1.0150E+02   1.71295E-08 0.0095
    1.0444E+02   9.89617E-08 0.0058
    1.0746E+02   1.70612E-08 0.0088
    1.1057E+02   8.19898E-08 0.0058
    1.1377E+02   1.72702E-08 0.0081
    1.1706E+02   1.17078E-08 0.0099
    1.2044E+02   7.26980E-08 0.0058
    1.2393E+02   1.02531E-08 0.0098
    1.2751E+02   6.15384E-08 0.0059
    1.3120E+02   1.03847E-08 0.0090
    1.3500E+02   5.08119E-08 0.0059
    1.3890E+02   1.05574E-08 0.0082
    1.4292E+02   7.21986E-09 0.0100
    1.4706E+02   4.51430E-08 0.0059
    1.5131E+02   6.47569E-09 0.0098
    1.5569E+02   3.78589E-08 0.0059
    1.6019E+02   6.67862E-09 0.0089
    1.6483E+02   3.14507E-08 0.0059
    1.6959E+02   6.73809E-09 0.0082
    1.7450E+02   4.44790E-09 0.0101
    1.7955E+02   2.80015E-08 0.0059
    1.8474E+02   4.26646E-09 0.0095
    1.9009E+02   2.32786E-08 0.0059
    1.9559E+02   4.49626E-09 0.0086
    2.0124E+02   3.33301E-09 0.0100
    2.0707E+02   2.03678E-08 0.0059
    2.1306E+02   2.89431E-09 0.0099
    2.1922E+02   1.72259E-08 0.0059
    2.2556E+02   3.03838E-09 0.0089
    2.3209E+02   2.56519E-09 0.0097
    2.3880E+02   1.47675E-08 0.0059
    2.4571E+02   2.03923E-09 0.0101
    2.5282E+02   1.27311E-08 0.0060
    2.6013E+02   2.00499E-09 0.0094
    2.6766E+02   1.06592E-08 0.0060
    2.7540E+02   2.08225E-09 0.0086
    2.8337E+02   1.63672E-09 0.0097
    2.9157E+02   9.35276E-09 0.0060
    3.0000E+02   1.37676E-09 0.0098
      total      1.38536E-05 0.0027
 
 cell  553                                                                                                                             
 user bin 10000000000.00000
    s(e) (MeV/cm)
    1.0000E+00   0.00000E+00 0.0000
    1.0289E+00   0.00000E+00 0.0000
    1.0587E+00   0.00000E+00 0.0000
    1.0893E+00   0.00000E+00 0.0000
    1.1208E+00   0.00000E+00 0.0000
    1.1533E+00   0.00000E+00 0.0000
    1.1866E+00   0.00000E+00 0.0000
    1.2210E+00   0.00000E+00 0.0000
    1.2563E+00   0.00000E+00 0.0000
    1.2926E+00   0.00000E+00 0.0000
    1.3300E+00   0.00000E+00 0.0000
    1.3685E+00   0.00000E+00 0.0000
    1.4081E+00   0.00000E+00 0.0000
    1.4488E+00   0.00000E+00 0.0000
    1.4907E+00   0.00000E+00 0.0000
    1.5339E+00   0.00000E+00 0.0000
    1.5782E+00   0.00000E+00 0.0000
    1.6239E+00   0.00000E+00 0.0000
    1.6709E+00   0.00000E+00 0.0000
    1.7192E+00   0.00000E+00 0.0000
    1.7689E+00   0.00000E+00 0.0000
    1.8201E+00   0.00000E+00 0.0000
    1.8728E+00   0.00000E+00 0.0000
    1.9269E+00   0.00000E+00 0.0000
    1.9827E+00   0.00000E+00 0.0000
    2.0400E+00   0.00000E+00 0.0000
    2.0991E+00   0.00000E+00 0.0000
    2.1598E+00   0.00000E+00 0.0000
    2.2223E+00   0.00000E+00 0.0000
    2.2866E+00   0.00000E+00 0.0000
    2.3527E+00   0.00000E+00 0.0000
    2.4208E+00   0.00000E+00 0.0000
    2.4908E+00   0.00000E+00 0.0000
    2.5629E+00   0.00000E+00 0.0000
    2.6370E+00   0.00000E+00 0.0000
    2.7133E+00   0.00000E+00 0.0000
    2.7918E+00   0.00000E+00 0.0000
    2.8725E+00   0.00000E+00 0.0000
    2.9557E+00   0.00000E+00 0.0000
    3.0412E+00   0.00000E+00 0.0000
    3.1291E+00   0.00000E+00 0.0000
    3.2197E+00   0.00000E+00 0.0000
    3.3128E+00   0.00000E+00 0.0000
    3.4086E+00   0.00000E+00 0.0000
    3.5072E+00   0.00000E+00 0.0000
    3.6087E+00   0.00000E+00 0.0000
    3.7131E+00   0.00000E+00 0.0000
    3.8205E+00   0.00000E+00 0.0000
    3.9311E+00   0.00000E+00 0.0000
    4.0448E+00   0.00000E+00 0.0000
    4.1618E+00   0.00000E+00 0.0000
    4.2822E+00   0.00000E+00 0.0000
    4.4061E+00   0.00000E+00 0.0000
    4.5335E+00   0.00000E+00 0.0000
    4.6647E+00   0.00000E+00 0.0000
    4.7996E+00   0.00000E+00 0.0000
    4.9385E+00   0.00000E+00 0.0000
    5.0814E+00   0.00000E+00 0.0000
    5.2284E+00   0.00000E+00 0.0000
    5.3796E+00   0.00000E+00 0.0000
    5.5352E+00   0.00000E+00 0.0000
    5.6954E+00   0.00000E+00 0.0000
    5.8601E+00   0.00000E+00 0.0000
    6.0297E+00   0.00000E+00 0.0000
    6.2041E+00   0.00000E+00 0.0000
    6.3836E+00   0.00000E+00 0.0000
    6.5683E+00   0.00000E+00 0.0000
    6.7583E+00   0.00000E+00 0.0000
    6.9538E+00   0.00000E+00 0.0000
    7.1550E+00   0.00000E+00 0.0000
    7.3619E+00   0.00000E+00 0.0000
    7.5749E+00   0.00000E+00 0.0000
    7.7941E+00   1.12068E-09 0.3173
    8.0195E+00   1.13893E-10 1.0000
    8.2515E+00   1.39180E-09 0.2891
    8.4902E+00   1.13442E-10 1.0000
    8.7359E+00   3.64851E-09 0.1798
    8.9886E+00   0.00000E+00 0.0000
    9.2486E+00   5.74237E-09 0.1421
    9.5162E+00   3.47288E-10 0.5781
    9.7915E+00   5.97904E-10 0.4476
    1.0075E+01   8.28028E-09 0.1202
    1.0366E+01   1.22906E-09 0.3223
    1.0666E+01   1.35831E-08 0.0950
    1.0975E+01   1.54331E-09 0.2752
    1.1292E+01   1.79104E-08 0.0826
    1.1619E+01   1.95226E-09 0.2611
    1.1955E+01   2.46538E-09 0.2211
    1.2301E+01   1.94840E-08 0.0822
    1.2657E+01   2.69017E-09 0.2139
    1.3023E+01   2.42928E-08 0.0737
    1.3400E+01   3.32600E-09 0.1968
    1.3787E+01   3.57258E-09 0.1863
    1.4186E+01   2.58573E-08 0.0695
    1.4596E+01   5.13646E-09 0.1513
    1.5019E+01   2.58763E-08 0.0688
    1.5453E+01   3.83072E-09 0.1613
    1.5900E+01   2.66373E-08 0.0662
    1.6360E+01   4.77767E-09 0.1312
    1.6834E+01   4.40387E-09 0.1372
    1.7321E+01   3.01475E-08 0.0599
    1.7822E+01   4.29719E-09 0.1289
    1.8337E+01   2.99256E-08 0.0575
    1.8868E+01   5.77604E-09 0.1041
    1.9413E+01   6.03959E-09 0.1014
    1.9975E+01   6.61115E-08 0.0384
    2.0553E+01   2.85828E-08 0.0460
    2.1148E+01   5.35223E-07 0.0167
    2.1759E+01   2.32523E-07 0.0169
    2.2389E+01   3.19605E-07 0.0147
    2.3037E+01   4.28941E-06 0.0072
    2.3703E+01   1.48370E-06 0.0071
    2.4389E+01   1.52847E-05 0.0045
    2.5094E+01   4.34872E-06 0.0045
    2.5820E+01   5.14807E-06 0.0042
    2.6567E+01   4.03007E-05 0.0031
    2.7336E+01   9.43711E-06 0.0031
    2.8127E+01   6.93887E-05 0.0025
    2.8940E+01   1.47185E-05 0.0025
    2.9777E+01   9.64664E-05 0.0021
    3.0639E+01   1.96766E-05 0.0022
    3.1525E+01   1.90856E-05 0.0022
    3.2437E+01   1.20184E-04 0.0019
    3.3376E+01   2.10127E-05 0.0020
    3.4341E+01   1.26769E-04 0.0018
    3.5335E+01   2.45730E-05 0.0018
    3.6357E+01   2.14396E-05 0.0018
    3.7409E+01   1.28399E-04 0.0017
    3.8491E+01   2.09216E-05 0.0018
    3.9604E+01   1.18667E-04 0.0016
    4.0750E+01   2.22133E-05 0.0017
    4.1929E+01   1.85500E-05 0.0017
    4.3142E+01   1.09361E-04 0.0016
    4.4390E+01   1.65478E-05 0.0017
    4.5674E+01   9.53309E-05 0.0016
    4.6996E+01   1.70426E-05 0.0017
    4.8355E+01   1.38826E-05 0.0017
    4.9754E+01   8.39578E-05 0.0016
    5.1193E+01   1.19800E-05 0.0017
    5.2674E+01   7.11615E-05 0.0016
    5.4198E+01   1.24126E-05 0.0016
    5.5766E+01   1.02956E-05 0.0017
    5.7379E+01   6.11902E-05 0.0016
    5.9039E+01   8.37553E-06 0.0017
    6.0747E+01   5.19530E-05 0.0016
    6.2505E+01   8.55048E-06 0.0017
    6.4313E+01   4.24958E-05 0.0016
    6.6174E+01   9.04134E-06 0.0016
    6.8088E+01   5.88103E-06 0.0017
    7.0058E+01   3.76087E-05 0.0016
    7.2084E+01   5.72768E-06 0.0017
    7.4170E+01   3.09020E-05 0.0016
    7.6315E+01   6.12852E-06 0.0016
    7.8523E+01   4.26913E-06 0.0017
    8.0795E+01   2.71098E-05 0.0016
    8.3132E+01   3.78831E-06 0.0017
    8.5537E+01   2.27039E-05 0.0016
    8.8012E+01   3.99940E-06 0.0017
    9.0558E+01   1.87258E-05 0.0016
    9.3178E+01   4.13020E-06 0.0016
    9.5873E+01   2.68495E-06 0.0017
    9.8647E+01   1.68205E-05 0.0016
    1.0150E+02   2.42286E-06 0.0017
    1.0444E+02   1.41442E-05 0.0016
    1.0746E+02   2.44151E-06 0.0017
    1.1057E+02   1.17203E-05 0.0016
    1.1377E+02   2.46290E-06 0.0016
    1.1706E+02   1.69067E-06 0.0017
    1.2044E+02   1.04038E-05 0.0016
    1.2393E+02   1.47347E-06 0.0017
    1.2751E+02   8.80159E-06 0.0016
    1.3120E+02   1.48099E-06 0.0017
    1.3500E+02   7.29371E-06 0.0016
    1.3890E+02   1.51344E-06 0.0016
    1.4292E+02   1.03803E-06 0.0017
    1.4706E+02   6.46365E-06 0.0016
    1.5131E+02   9.26991E-07 0.0017
    1.5569E+02   5.44227E-06 0.0016
    1.6019E+02   9.56727E-07 0.0017
    1.6483E+02   4.50931E-06 0.0016
    1.6959E+02   9.66823E-07 0.0016
    1.7450E+02   6.38492E-07 0.0017
    1.7955E+02   4.01867E-06 0.0016
    1.8474E+02   6.14774E-07 0.0017
    1.9009E+02   3.34379E-06 0.0016
    1.9559E+02   6.48722E-07 0.0017
    2.0124E+02   4.75238E-07 0.0017
    2.0707E+02   2.93013E-06 0.0016
    2.1306E+02   4.14971E-07 0.0017
    2.1922E+02   2.47763E-06 0.0016
    2.2556E+02   4.31245E-07 0.0017
    2.3209E+02   3.73236E-07 0.0017
    2.3880E+02   2.12004E-06 0.0016
    2.4571E+02   2.94347E-07 0.0017
    2.5282E+02   1.83157E-06 0.0016
    2.6013E+02   2.89031E-07 0.0017
    2.6766E+02   1.53337E-06 0.0016
    2.7540E+02   3.03393E-07 0.0016
    2.8337E+02   2.31400E-07 0.0017
    2.9157E+02   1.34888E-06 0.0016
    3.0000E+02   1.96671E-07 0.0017
      total      1.84855E-03 0.0015
 
 cell  553                                                                                                                             
 user bin total
    s(e) (MeV/cm)
    1.0000E+00   0.00000E+00 0.0000
    1.0289E+00   0.00000E+00 0.0000
    1.0587E+00   0.00000E+00 0.0000
    1.0893E+00   0.00000E+00 0.0000
    1.1208E+00   0.00000E+00 0.0000
    1.1533E+00   0.00000E+00 0.0000
    1.1866E+00   0.00000E+00 0.0000
    1.2210E+00   0.00000E+00 0.0000
    1.2563E+00   0.00000E+00 0.0000
    1.2926E+00   0.00000E+00 0.0000
    1.3300E+00   0.00000E+00 0.0000
    1.3685E+00   0.00000E+00 0.0000
    1.4081E+00   0.00000E+00 0.0000
    1.4488E+00   0.00000E+00 0.0000
    1.4907E+00   0.00000E+00 0.0000
    1.5339E+00   0.00000E+00 0.0000
    1.5782E+00   0.00000E+00 0.0000
    1.6239E+00   0.00000E+00 0.0000
    1.6709E+00   0.00000E+00 0.0000
    1.7192E+00   0.00000E+00 0.0000
    1.7689E+00   0.00000E+00 0.0000
    1.8201E+00   0.00000E+00 0.0000
    1.8728E+00   0.00000E+00 0.0000
    1.9269E+00   0.00000E+00 0.0000
    1.9827E+00   0.00000E+00 0.0000
    2.0400E+00   0.00000E+00 0.0000
    2.0991E+00   0.00000E+00 0.0000
    2.1598E+00   0.00000E+00 0.0000
    2.2223E+00   0.00000E+00 0.0000
    2.2866E+00   0.00000E+00 0.0000
    2.3527E+00   0.00000E+00 0.0000
    2.4208E+00   0.00000E+00 0.0000
    2.4908E+00   0.00000E+00 0.0000
    2.5629E+00   0.00000E+00 0.0000
    2.6370E+00   0.00000E+00 0.0000
    2.7133E+00   0.00000E+00 0.0000
    2.7918E+00   0.00000E+00 0.0000
    2.8725E+00   0.00000E+00 0.0000
    2.9557E+00   0.00000E+00 0.0000
    3.0412E+00   0.00000E+00 0.0000
    3.1291E+00   0.00000E+00 0.0000
    3.2197E+00   0.00000E+00 0.0000
    3.3128E+00   0.00000E+00 0.0000
    3.4086E+00   0.00000E+00 0.0000
    3.5072E+00   0.00000E+00 0.0000
    3.6087E+00   0.00000E+00 0.0000
    3.7131E+00   0.00000E+00 0.0000
    3.8205E+00   0.00000E+00 0.0000
    3.9311E+00   0.00000E+00 0.0000
    4.0448E+00   0.00000E+00 0.0000
    4.1618E+00   0.00000E+00 0.0000
    4.2822E+00   0.00000E+00 0.0000
    4.4061E+00   0.00000E+00 0.0000
    4.5335E+00   0.00000E+00 0.0000
    4.6647E+00   0.00000E+00 0.0000
    4.7996E+00   0.00000E+00 0.0000
    4.9385E+00   0.00000E+00 0.0000
    5.0814E+00   0.00000E+00 0.0000
    5.2284E+00   0.00000E+00 0.0000
    5.3796E+00   0.00000E+00 0.0000
    5.5352E+00   0.00000E+00 0.0000
    5.6954E+00   0.00000E+00 0.0000
    5.8601E+00   0.00000E+00 0.0000
    6.0297E+00   0.00000E+00 0.0000
    6.2041E+00   0.00000E+00 0.0000
    6.3836E+00   0.00000E+00 0.0000
    6.5683E+00   0.00000E+00 0.0000
    6.7583E+00   0.00000E+00 0.0000
    6.9538E+00   0.00000E+00 0.0000
    7.1550E+00   0.00000E+00 0.0000
    7.3619E+00   0.00000E+00 0.0000
    7.5749E+00   0.00000E+00 0.0000
    7.7941E+00   1.12068E-09 0.3173
    8.0195E+00   1.13893E-10 1.0000
    8.2515E+00   1.39180E-09 0.2891
    8.4902E+00   1.13442E-10 1.0000
    8.7359E+00   3.64851E-09 0.1798
    8.9886E+00   0.00000E+00 0.0000
    9.2486E+00   5.74237E-09 0.1421
    9.5162E+00   3.47288E-10 0.5781
    9.7915E+00   5.97904E-10 0.4476
    1.0075E+01   8.28028E-09 0.1202
    1.0366E+01   1.22906E-09 0.3223
    1.0666E+01   1.35831E-08 0.0950
    1.0975E+01   1.54331E-09 0.2752
    1.1292E+01   1.79104E-08 0.0826
    1.1619E+01   1.95226E-09 0.2611
    1.1955E+01   2.46538E-09 0.2211
    1.2301E+01   1.94840E-08 0.0822
    1.2657E+01   2.69017E-09 0.2139
    1.3023E+01   2.42928E-08 0.0737
    1.3400E+01   3.32600E-09 0.1968
    1.3787E+01   3.57258E-09 0.1863
    1.4186E+01   2.58573E-08 0.0695
    1.4596E+01   5.13646E-09 0.1513
    1.5019E+01   2.58763E-08 0.0688
    1.5453E+01   3.83072E-09 0.1613
    1.5900E+01   2.66373E-08 0.0662
    1.6360E+01   4.77767E-09 0.1312
    1.6834E+01   4.40387E-09 0.1372
    1.7321E+01   3.01475E-08 0.0599
    1.7822E+01   4.29719E-09 0.1289
    1.8337E+01   2.99256E-08 0.0575
    1.8868E+01   5.77604E-09 0.1041
    1.9413E+01   6.03959E-09 0.1014
    1.9975E+01   6.63915E-08 0.0384
    2.0553E+01   2.88627E-08 0.0458
    2.1148E+01   5.39518E-07 0.0167
    2.1759E+01   2.34779E-07 0.0168
    2.2389E+01   3.22911E-07 0.0146
    2.3037E+01   4.32539E-06 0.0072
    2.3703E+01   1.49506E-06 0.0071
    2.4389E+01   1.54023E-05 0.0045
    2.5094E+01   4.38392E-06 0.0045
    2.5820E+01   5.18885E-06 0.0042
    2.6567E+01   4.06233E-05 0.0031
    2.7336E+01   9.50989E-06 0.0031
    2.8127E+01   6.99292E-05 0.0025
    2.8940E+01   1.48307E-05 0.0025
    2.9777E+01   9.72061E-05 0.0021
    3.0639E+01   1.98289E-05 0.0022
    3.1525E+01   1.92312E-05 0.0022
    3.2437E+01   1.21104E-04 0.0019
    3.3376E+01   2.11749E-05 0.0020
    3.4341E+01   1.27738E-04 0.0018
    3.5335E+01   2.47589E-05 0.0018
    3.6357E+01   2.16059E-05 0.0018
    3.7409E+01   1.29381E-04 0.0017
    3.8491E+01   2.10809E-05 0.0018
    3.9604E+01   1.19576E-04 0.0016
    4.0750E+01   2.23824E-05 0.0017
    4.1929E+01   1.86913E-05 0.0017
    4.3142E+01   1.10190E-04 0.0016
    4.4390E+01   1.66719E-05 0.0017
    4.5674E+01   9.60467E-05 0.0016
    4.6996E+01   1.71709E-05 0.0017
    4.8355E+01   1.39849E-05 0.0017
    4.9754E+01   8.45846E-05 0.0016
    5.1193E+01   1.20688E-05 0.0017
    5.2674E+01   7.16855E-05 0.0016
    5.4198E+01   1.25044E-05 0.0016
    5.5766E+01   1.03703E-05 0.0017
    5.7379E+01   6.16380E-05 0.0016
    5.9039E+01   8.43664E-06 0.0017
    6.0747E+01   5.23298E-05 0.0016
    6.2505E+01   8.61235E-06 0.0017
    6.4313E+01   4.28025E-05 0.0016
    6.6174E+01   9.10598E-06 0.0016
    6.8088E+01   5.92406E-06 0.0017
    7.0058E+01   3.78783E-05 0.0016
    7.2084E+01   5.76863E-06 0.0017
    7.4170E+01   3.11227E-05 0.0016
    7.6315E+01   6.17234E-06 0.0016
    7.8523E+01   4.30003E-06 0.0017
    8.0795E+01   2.73026E-05 0.0016
    8.3132E+01   3.81496E-06 0.0017
    8.5537E+01   2.28652E-05 0.0016
    8.8012E+01   4.02780E-06 0.0017
    9.0558E+01   1.88580E-05 0.0016
    9.3178E+01   4.15915E-06 0.0016
    9.5873E+01   2.70402E-06 0.0017
    9.8647E+01   1.69384E-05 0.0016
    1.0150E+02   2.43999E-06 0.0017
    1.0444E+02   1.42431E-05 0.0016
    1.0746E+02   2.45857E-06 0.0017
    1.1057E+02   1.18023E-05 0.0016
    1.1377E+02   2.48017E-06 0.0016
    1.1706E+02   1.70238E-06 0.0017
    1.2044E+02   1.04765E-05 0.0016
    1.2393E+02   1.48372E-06 0.0017
    1.2751E+02   8.86313E-06 0.0016
    1.3120E+02   1.49137E-06 0.0017
    1.3500E+02   7.34452E-06 0.0016
    1.3890E+02   1.52400E-06 0.0016
    1.4292E+02   1.04525E-06 0.0017
    1.4706E+02   6.50879E-06 0.0016
    1.5131E+02   9.33467E-07 0.0017
    1.5569E+02   5.48013E-06 0.0016
    1.6019E+02   9.63406E-07 0.0017
    1.6483E+02   4.54076E-06 0.0016
    1.6959E+02   9.73561E-07 0.0016
    1.7450E+02   6.42940E-07 0.0017
    1.7955E+02   4.04667E-06 0.0016
    1.8474E+02   6.19041E-07 0.0017
    1.9009E+02   3.36707E-06 0.0016
    1.9559E+02   6.53218E-07 0.0017
    2.0124E+02   4.78571E-07 0.0017
    2.0707E+02   2.95050E-06 0.0016
    2.1306E+02   4.17866E-07 0.0017
    2.1922E+02   2.49486E-06 0.0016
    2.2556E+02   4.34284E-07 0.0017
    2.3209E+02   3.75801E-07 0.0017
    2.3880E+02   2.13481E-06 0.0016
    2.4571E+02   2.96386E-07 0.0017
    2.5282E+02   1.84430E-06 0.0016
    2.6013E+02   2.91036E-07 0.0017
    2.6766E+02   1.54403E-06 0.0016
    2.7540E+02   3.05475E-07 0.0016
    2.8337E+02   2.33037E-07 0.0017
    2.9157E+02   1.35823E-06 0.0016
    3.0000E+02   1.98047E-07 0.0017
      total      1.86241E-03 0.0015
 
 cell  554                                                                                                                             
 user bin          -1.00000
    s(e) (MeV/cm)
    1.0000E+00   0.00000E+00 0.0000
    1.0289E+00   0.00000E+00 0.0000
    1.0587E+00   0.00000E+00 0.0000
    1.0893E+00   0.00000E+00 0.0000
    1.1208E+00   0.00000E+00 0.0000
    1.1533E+00   0.00000E+00 0.0000
    1.1866E+00   0.00000E+00 0.0000
    1.2210E+00   0.00000E+00 0.0000
    1.2563E+00   0.00000E+00 0.0000
    1.2926E+00   0.00000E+00 0.0000
    1.3300E+00   0.00000E+00 0.0000
    1.3685E+00   0.00000E+00 0.0000
    1.4081E+00   0.00000E+00 0.0000
    1.4488E+00   0.00000E+00 0.0000
    1.4907E+00   0.00000E+00 0.0000
    1.5339E+00   0.00000E+00 0.0000
    1.5782E+00   0.00000E+00 0.0000
    1.6239E+00   0.00000E+00 0.0000
    1.6709E+00   0.00000E+00 0.0000
    1.7192E+00   0.00000E+00 0.0000
    1.7689E+00   0.00000E+00 0.0000
    1.8201E+00   0.00000E+00 0.0000
    1.8728E+00   0.00000E+00 0.0000
    1.9269E+00   0.00000E+00 0.0000
    1.9827E+00   0.00000E+00 0.0000
    2.0400E+00   0.00000E+00 0.0000
    2.0991E+00   0.00000E+00 0.0000
    2.1598E+00   0.00000E+00 0.0000
    2.2223E+00   0.00000E+00 0.0000
    2.2866E+00   0.00000E+00 0.0000
    2.3527E+00   0.00000E+00 0.0000
    2.4208E+00   0.00000E+00 0.0000
    2.4908E+00   0.00000E+00 0.0000
    2.5629E+00   0.00000E+00 0.0000
    2.6370E+00   0.00000E+00 0.0000
    2.7133E+00   0.00000E+00 0.0000
    2.7918E+00   0.00000E+00 0.0000
    2.8725E+00   0.00000E+00 0.0000
    2.9557E+00   0.00000E+00 0.0000
    3.0412E+00   0.00000E+00 0.0000
    3.1291E+00   0.00000E+00 0.0000
    3.2197E+00   0.00000E+00 0.0000
    3.3128E+00   0.00000E+00 0.0000
    3.4086E+00   0.00000E+00 0.0000
    3.5072E+00   0.00000E+00 0.0000
    3.6087E+00   0.00000E+00 0.0000
    3.7131E+00   0.00000E+00 0.0000
    3.8205E+00   0.00000E+00 0.0000
    3.9311E+00   0.00000E+00 0.0000
    4.0448E+00   0.00000E+00 0.0000
    4.1618E+00   0.00000E+00 0.0000
    4.2822E+00   0.00000E+00 0.0000
    4.4061E+00   0.00000E+00 0.0000
    4.5335E+00   0.00000E+00 0.0000
    4.6647E+00   0.00000E+00 0.0000
    4.7996E+00   0.00000E+00 0.0000
    4.9385E+00   0.00000E+00 0.0000
    5.0814E+00   0.00000E+00 0.0000
    5.2284E+00   0.00000E+00 0.0000
    5.3796E+00   0.00000E+00 0.0000
    5.5352E+00   0.00000E+00 0.0000
    5.6954E+00   0.00000E+00 0.0000
    5.8601E+00   0.00000E+00 0.0000
    6.0297E+00   0.00000E+00 0.0000
    6.2041E+00   0.00000E+00 0.0000
    6.3836E+00   0.00000E+00 0.0000
    6.5683E+00   0.00000E+00 0.0000
    6.7583E+00   0.00000E+00 0.0000
    6.9538E+00   0.00000E+00 0.0000
    7.1550E+00   0.00000E+00 0.0000
    7.3619E+00   0.00000E+00 0.0000
    7.5749E+00   0.00000E+00 0.0000
    7.7941E+00   0.00000E+00 0.0000
    8.0195E+00   0.00000E+00 0.0000
    8.2515E+00   0.00000E+00 0.0000
    8.4902E+00   0.00000E+00 0.0000
    8.7359E+00   0.00000E+00 0.0000
    8.9886E+00   0.00000E+00 0.0000
    9.2486E+00   0.00000E+00 0.0000
    9.5162E+00   0.00000E+00 0.0000
    9.7915E+00   0.00000E+00 0.0000
    1.0075E+01   0.00000E+00 0.0000
    1.0366E+01   0.00000E+00 0.0000
    1.0666E+01   0.00000E+00 0.0000
    1.0975E+01   0.00000E+00 0.0000
    1.1292E+01   0.00000E+00 0.0000
    1.1619E+01   0.00000E+00 0.0000
    1.1955E+01   0.00000E+00 0.0000
    1.2301E+01   0.00000E+00 0.0000
    1.2657E+01   0.00000E+00 0.0000
    1.3023E+01   0.00000E+00 0.0000
    1.3400E+01   0.00000E+00 0.0000
    1.3787E+01   0.00000E+00 0.0000
    1.4186E+01   0.00000E+00 0.0000
    1.4596E+01   0.00000E+00 0.0000
    1.5019E+01   0.00000E+00 0.0000
    1.5453E+01   0.00000E+00 0.0000
    1.5900E+01   0.00000E+00 0.0000
    1.6360E+01   0.00000E+00 0.0000
    1.6834E+01   0.00000E+00 0.0000
    1.7321E+01   0.00000E+00 0.0000
    1.7822E+01   0.00000E+00 0.0000
    1.8337E+01   0.00000E+00 0.0000
    1.8868E+01   0.00000E+00 0.0000
    1.9413E+01   0.00000E+00 0.0000
    1.9975E+01   0.00000E+00 0.0000
    2.0553E+01   0.00000E+00 0.0000
    2.1148E+01   7.03001E-10 0.3400
    2.1759E+01   2.40007E-10 0.4472
    2.2389E+01   3.36010E-10 0.3780
    2.3037E+01   6.29196E-09 0.1019
    2.3703E+01   2.42609E-09 0.1284
    2.4389E+01   2.94280E-08 0.0470
    2.5094E+01   8.26043E-09 0.0651
    2.5820E+01   1.03519E-08 0.0582
    2.6567E+01   8.86974E-08 0.0253
    2.7336E+01   2.31104E-08 0.0357
    2.8127E+01   1.97365E-07 0.0164
    2.8940E+01   4.58254E-08 0.0236
    2.9777E+01   3.19628E-07 0.0121
    3.0639E+01   6.98519E-08 0.0175
    3.1525E+01   6.78293E-08 0.0178
    3.2437E+01   4.55877E-07 0.0095
    3.3376E+01   8.54526E-08 0.0147
    3.4341E+01   5.43641E-07 0.0081
    3.5335E+01   1.09641E-07 0.0121
    3.6357E+01   9.96182E-08 0.0126
    3.7409E+01   6.18630E-07 0.0071
    3.8491E+01   1.04530E-07 0.0114
    3.9604E+01   6.23747E-07 0.0065
    4.0750E+01   1.21724E-07 0.0098
    4.1929E+01   1.03391E-07 0.0106
    4.3142E+01   6.22332E-07 0.0061
    4.4390E+01   9.89822E-08 0.0100
    4.5674E+01   5.78289E-07 0.0059
    4.6996E+01   1.07222E-07 0.0089
    4.8355E+01   8.92207E-08 0.0097
    4.9754E+01   5.39753E-07 0.0057
    5.1193E+01   7.88062E-08 0.0096
    5.2674E+01   4.80290E-07 0.0056
    5.4198E+01   8.36368E-08 0.0086
    5.5766E+01   7.27321E-08 0.0092
    5.7379E+01   4.28547E-07 0.0055
    5.9039E+01   5.98778E-08 0.0094
    6.0747E+01   3.73291E-07 0.0055
    6.2505E+01   6.23147E-08 0.0085
    6.4313E+01   3.13178E-07 0.0054
    6.6174E+01   6.70327E-08 0.0076
    6.8088E+01   4.41593E-08 0.0094
    7.0058E+01   2.83371E-07 0.0054
    7.2084E+01   4.32551E-08 0.0088
    7.4170E+01   2.35746E-07 0.0054
    7.6315E+01   4.65851E-08 0.0078
    7.8523E+01   3.30452E-08 0.0093
    8.0795E+01   2.09553E-07 0.0054
    8.3132E+01   2.95556E-08 0.0091
    8.5537E+01   1.77718E-07 0.0054
    8.8012E+01   3.14804E-08 0.0082
    9.0558E+01   1.47769E-07 0.0054
    9.3178E+01   3.27225E-08 0.0074
    9.5873E+01   2.14009E-08 0.0092
    9.8647E+01   1.34400E-07 0.0054
    1.0150E+02   1.94393E-08 0.0089
    1.0444E+02   1.13697E-07 0.0054
    1.0746E+02   1.97378E-08 0.0082
    1.1057E+02   9.47489E-08 0.0054
    1.1377E+02   1.99560E-08 0.0075
    1.1706E+02   1.36399E-08 0.0091
    1.2044E+02   8.45076E-08 0.0054
    1.2393E+02   1.19627E-08 0.0090
    1.2751E+02   7.14636E-08 0.0054
    1.3120E+02   1.20121E-08 0.0083
    1.3500E+02   5.93643E-08 0.0054
    1.3890E+02   1.22442E-08 0.0077
    1.4292E+02   8.59577E-09 0.0091
    1.4706E+02   5.25535E-08 0.0055
    1.5131E+02   7.60960E-09 0.0090
    1.5569E+02   4.44488E-08 0.0055
    1.6019E+02   7.79410E-09 0.0082
    1.6483E+02   3.68996E-08 0.0055
    1.6959E+02   7.92103E-09 0.0075
    1.7450E+02   5.20827E-09 0.0093
    1.7955E+02   3.29751E-08 0.0055
    1.8474E+02   4.99604E-09 0.0088
    1.9009E+02   2.74606E-08 0.0055
    1.9559E+02   5.32459E-09 0.0079
    2.0124E+02   3.88576E-09 0.0092
    2.0707E+02   2.40851E-08 0.0055
    2.1306E+02   3.38438E-09 0.0092
    2.1922E+02   2.03438E-08 0.0055
    2.2556E+02   3.55632E-09 0.0083
    2.3209E+02   3.09715E-09 0.0089
    2.3880E+02   1.74304E-08 0.0055
    2.4571E+02   2.44343E-09 0.0092
    2.5282E+02   1.50516E-08 0.0055
    2.6013E+02   2.40076E-09 0.0086
    2.6766E+02   1.26211E-08 0.0055
    2.7540E+02   2.48487E-09 0.0078
    2.8337E+02   1.92990E-09 0.0089
    2.9157E+02   1.10937E-08 0.0055
    3.0000E+02   1.63251E-09 0.0090
      total      1.01629E-05 0.0032
 
 cell  554                                                                                                                             
 user bin 10000000000.00000
    s(e) (MeV/cm)
    1.0000E+00   0.00000E+00 0.0000
    1.0289E+00   0.00000E+00 0.0000
    1.0587E+00   0.00000E+00 0.0000
    1.0893E+00   0.00000E+00 0.0000
    1.1208E+00   0.00000E+00 0.0000
    1.1533E+00   0.00000E+00 0.0000
    1.1866E+00   0.00000E+00 0.0000
    1.2210E+00   0.00000E+00 0.0000
    1.2563E+00   0.00000E+00 0.0000
    1.2926E+00   0.00000E+00 0.0000
    1.3300E+00   0.00000E+00 0.0000
    1.3685E+00   0.00000E+00 0.0000
    1.4081E+00   0.00000E+00 0.0000
    1.4488E+00   0.00000E+00 0.0000
    1.4907E+00   0.00000E+00 0.0000
    1.5339E+00   0.00000E+00 0.0000
    1.5782E+00   0.00000E+00 0.0000
    1.6239E+00   0.00000E+00 0.0000
    1.6709E+00   0.00000E+00 0.0000
    1.7192E+00   0.00000E+00 0.0000
    1.7689E+00   0.00000E+00 0.0000
    1.8201E+00   0.00000E+00 0.0000
    1.8728E+00   0.00000E+00 0.0000
    1.9269E+00   0.00000E+00 0.0000
    1.9827E+00   0.00000E+00 0.0000
    2.0400E+00   0.00000E+00 0.0000
    2.0991E+00   0.00000E+00 0.0000
    2.1598E+00   0.00000E+00 0.0000
    2.2223E+00   0.00000E+00 0.0000
    2.2866E+00   0.00000E+00 0.0000
    2.3527E+00   0.00000E+00 0.0000
    2.4208E+00   0.00000E+00 0.0000
    2.4908E+00   0.00000E+00 0.0000
    2.5629E+00   0.00000E+00 0.0000
    2.6370E+00   0.00000E+00 0.0000
    2.7133E+00   0.00000E+00 0.0000
    2.7918E+00   0.00000E+00 0.0000
    2.8725E+00   0.00000E+00 0.0000
    2.9557E+00   0.00000E+00 0.0000
    3.0412E+00   0.00000E+00 0.0000
    3.1291E+00   0.00000E+00 0.0000
    3.2197E+00   0.00000E+00 0.0000
    3.3128E+00   0.00000E+00 0.0000
    3.4086E+00   0.00000E+00 0.0000
    3.5072E+00   0.00000E+00 0.0000
    3.6087E+00   0.00000E+00 0.0000
    3.7131E+00   0.00000E+00 0.0000
    3.8205E+00   0.00000E+00 0.0000
    3.9311E+00   0.00000E+00 0.0000
    4.0448E+00   0.00000E+00 0.0000
    4.1618E+00   0.00000E+00 0.0000
    4.2822E+00   0.00000E+00 0.0000
    4.4061E+00   0.00000E+00 0.0000
    4.5335E+00   0.00000E+00 0.0000
    4.6647E+00   0.00000E+00 0.0000
    4.7996E+00   0.00000E+00 0.0000
    4.9385E+00   0.00000E+00 0.0000
    5.0814E+00   0.00000E+00 0.0000
    5.2284E+00   0.00000E+00 0.0000
    5.3796E+00   0.00000E+00 0.0000
    5.5352E+00   0.00000E+00 0.0000
    5.6954E+00   0.00000E+00 0.0000
    5.8601E+00   0.00000E+00 0.0000
    6.0297E+00   0.00000E+00 0.0000
    6.2041E+00   0.00000E+00 0.0000
    6.3836E+00   0.00000E+00 0.0000
    6.5683E+00   0.00000E+00 0.0000
    6.7583E+00   0.00000E+00 0.0000
    6.9538E+00   0.00000E+00 0.0000
    7.1550E+00   0.00000E+00 0.0000
    7.3619E+00   0.00000E+00 0.0000
    7.5749E+00   0.00000E+00 0.0000
    7.7941E+00   1.15837E-09 0.3165
    8.0195E+00   0.00000E+00 0.0000
    8.2515E+00   1.55038E-09 0.2713
    8.4902E+00   0.00000E+00 0.0000
    8.7359E+00   3.79333E-09 0.1753
    8.9886E+00   2.56532E-10 0.7123
    9.2486E+00   5.22843E-09 0.1495
    9.5162E+00   7.27014E-10 0.4099
    9.7915E+00   6.55021E-10 0.4510
    1.0075E+01   8.09208E-09 0.1215
    1.0366E+01   3.40212E-10 0.5774
    1.0666E+01   1.39707E-08 0.0943
    1.0975E+01   1.21801E-09 0.3169
    1.1292E+01   1.84515E-08 0.0814
    1.1619E+01   1.95779E-09 0.2508
    1.1955E+01   2.16342E-09 0.2383
    1.2301E+01   1.97539E-08 0.0805
    1.2657E+01   2.73732E-09 0.2063
    1.3023E+01   2.42517E-08 0.0730
    1.3400E+01   3.05135E-09 0.2051
    1.3787E+01   3.43795E-09 0.1941
    1.4186E+01   2.31881E-08 0.0732
    1.4596E+01   5.01331E-09 0.1536
    1.5019E+01   2.63854E-08 0.0693
    1.5453E+01   4.43824E-09 0.1501
    1.5900E+01   2.81263E-08 0.0661
    1.6360E+01   4.27901E-09 0.1386
    1.6834E+01   3.81097E-09 0.1468
    1.7321E+01   2.86017E-08 0.0625
    1.7822E+01   5.18321E-09 0.1173
    1.8337E+01   3.10555E-08 0.0576
    1.8868E+01   5.18012E-09 0.1086
    1.9413E+01   4.81465E-09 0.1137
    1.9975E+01   3.34269E-08 0.0531
    2.0553E+01   8.87144E-09 0.0795
    2.1148E+01   8.94547E-08 0.0323
    2.1759E+01   3.53037E-08 0.0392
    2.2389E+01   4.97268E-08 0.0334
    2.3037E+01   7.43058E-07 0.0141
    2.3703E+01   2.80909E-07 0.0144
    2.4389E+01   3.36080E-06 0.0076
    2.5094E+01   1.06576E-06 0.0077
    2.5820E+01   1.31955E-06 0.0071
    2.6567E+01   1.16497E-05 0.0047
    2.7336E+01   3.02650E-06 0.0047
    2.8127E+01   2.44595E-05 0.0035
    2.8940E+01   5.69720E-06 0.0036
    2.9777E+01   4.03854E-05 0.0028
    3.0639E+01   8.87556E-06 0.0029
    3.1525E+01   8.84881E-06 0.0028
    3.2437E+01   5.92667E-05 0.0024
    3.3376E+01   1.11070E-05 0.0025
    3.4341E+01   7.07404E-05 0.0021
    3.5335E+01   1.44489E-05 0.0022
    3.6357E+01   1.29405E-05 0.0022
    3.7409E+01   8.06286E-05 0.0019
    3.8491E+01   1.38446E-05 0.0020
    3.9604E+01   8.15238E-05 0.0018
    4.0750E+01   1.58098E-05 0.0019
    4.1929E+01   1.35266E-05 0.0019
    4.3142E+01   8.15432E-05 0.0018
    4.4390E+01   1.28370E-05 0.0019
    4.5674E+01   7.57327E-05 0.0017
    4.6996E+01   1.39221E-05 0.0018
    4.8355E+01   1.15405E-05 0.0018
    4.9754E+01   7.06780E-05 0.0017
    5.1193E+01   1.04104E-05 0.0018
    5.2674E+01   6.27101E-05 0.0016
    5.4198E+01   1.11341E-05 0.0017
    5.5766E+01   9.37799E-06 0.0017
    5.7379E+01   5.61296E-05 0.0016
    5.9039E+01   7.86731E-06 0.0017
    6.0747E+01   4.91812E-05 0.0016
    6.2505E+01   8.19772E-06 0.0017
    6.4313E+01   4.13823E-05 0.0016
    6.6174E+01   8.87151E-06 0.0017
    6.8088E+01   5.85426E-06 0.0017
    7.0058E+01   3.75488E-05 0.0016
    7.2084E+01   5.77465E-06 0.0017
    7.4170E+01   3.14499E-05 0.0016
    7.6315E+01   6.27228E-06 0.0016
    7.8523E+01   4.40896E-06 0.0017
    8.0795E+01   2.80704E-05 0.0016
    8.3132E+01   3.95244E-06 0.0017
    8.5537E+01   2.38241E-05 0.0016
    8.8012E+01   4.22055E-06 0.0017
    9.0558E+01   1.98747E-05 0.0016
    9.3178E+01   4.40161E-06 0.0016
    9.5873E+01   2.87469E-06 0.0017
    9.8647E+01   1.80427E-05 0.0016
    1.0150E+02   2.61999E-06 0.0017
    1.0444E+02   1.53009E-05 0.0016
    1.0746E+02   2.64745E-06 0.0016
    1.1057E+02   1.27669E-05 0.0016
    1.1377E+02   2.69062E-06 0.0016
    1.1706E+02   1.84761E-06 0.0017
    1.2044E+02   1.14009E-05 0.0016
    1.2393E+02   1.62111E-06 0.0017
    1.2751E+02   9.69149E-06 0.0016
    1.3120E+02   1.63343E-06 0.0016
    1.3500E+02   8.06411E-06 0.0016
    1.3890E+02   1.67445E-06 0.0016
    1.4292E+02   1.15109E-06 0.0017
    1.4706E+02   7.17444E-06 0.0016
    1.5131E+02   1.02893E-06 0.0017
    1.5569E+02   6.05807E-06 0.0016
    1.6019E+02   1.06516E-06 0.0016
    1.6483E+02   5.03194E-06 0.0016
    1.6959E+02   1.07891E-06 0.0016
    1.7450E+02   7.13566E-07 0.0017
    1.7955E+02   4.49450E-06 0.0016
    1.8474E+02   6.87797E-07 0.0017
    1.9009E+02   3.74659E-06 0.0016
    1.9559E+02   7.26292E-07 0.0016
    2.0124E+02   5.34175E-07 0.0017
    2.0707E+02   3.28710E-06 0.0016
    2.1306E+02   4.65909E-07 0.0017
    2.1922E+02   2.78414E-06 0.0016
    2.2556E+02   4.85153E-07 0.0016
    2.3209E+02   4.19572E-07 0.0017
    2.3880E+02   2.38522E-06 0.0016
    2.4571E+02   3.31149E-07 0.0017
    2.5282E+02   2.06205E-06 0.0016
    2.6013E+02   3.26033E-07 0.0017
    2.6766E+02   1.72733E-06 0.0016
    2.7540E+02   3.42122E-07 0.0016
    2.8337E+02   2.60808E-07 0.0017
    2.9157E+02   1.52091E-06 0.0016
    3.0000E+02   2.22345E-07 0.0017
      total      1.33421E-03 0.0016
 
 cell  554                                                                                                                             
 user bin total
    s(e) (MeV/cm)
    1.0000E+00   0.00000E+00 0.0000
    1.0289E+00   0.00000E+00 0.0000
    1.0587E+00   0.00000E+00 0.0000
    1.0893E+00   0.00000E+00 0.0000
    1.1208E+00   0.00000E+00 0.0000
    1.1533E+00   0.00000E+00 0.0000
    1.1866E+00   0.00000E+00 0.0000
    1.2210E+00   0.00000E+00 0.0000
    1.2563E+00   0.00000E+00 0.0000
    1.2926E+00   0.00000E+00 0.0000
    1.3300E+00   0.00000E+00 0.0000
    1.3685E+00   0.00000E+00 0.0000
    1.4081E+00   0.00000E+00 0.0000
    1.4488E+00   0.00000E+00 0.0000
    1.4907E+00   0.00000E+00 0.0000
    1.5339E+00   0.00000E+00 0.0000
    1.5782E+00   0.00000E+00 0.0000
    1.6239E+00   0.00000E+00 0.0000
    1.6709E+00   0.00000E+00 0.0000
    1.7192E+00   0.00000E+00 0.0000
    1.7689E+00   0.00000E+00 0.0000
    1.8201E+00   0.00000E+00 0.0000
    1.8728E+00   0.00000E+00 0.0000
    1.9269E+00   0.00000E+00 0.0000
    1.9827E+00   0.00000E+00 0.0000
    2.0400E+00   0.00000E+00 0.0000
    2.0991E+00   0.00000E+00 0.0000
    2.1598E+00   0.00000E+00 0.0000
    2.2223E+00   0.00000E+00 0.0000
    2.2866E+00   0.00000E+00 0.0000
    2.3527E+00   0.00000E+00 0.0000
    2.4208E+00   0.00000E+00 0.0000
    2.4908E+00   0.00000E+00 0.0000
    2.5629E+00   0.00000E+00 0.0000
    2.6370E+00   0.00000E+00 0.0000
    2.7133E+00   0.00000E+00 0.0000
    2.7918E+00   0.00000E+00 0.0000
    2.8725E+00   0.00000E+00 0.0000
    2.9557E+00   0.00000E+00 0.0000
    3.0412E+00   0.00000E+00 0.0000
    3.1291E+00   0.00000E+00 0.0000
    3.2197E+00   0.00000E+00 0.0000
    3.3128E+00   0.00000E+00 0.0000
    3.4086E+00   0.00000E+00 0.0000
    3.5072E+00   0.00000E+00 0.0000
    3.6087E+00   0.00000E+00 0.0000
    3.7131E+00   0.00000E+00 0.0000
    3.8205E+00   0.00000E+00 0.0000
    3.9311E+00   0.00000E+00 0.0000
    4.0448E+00   0.00000E+00 0.0000
    4.1618E+00   0.00000E+00 0.0000
    4.2822E+00   0.00000E+00 0.0000
    4.4061E+00   0.00000E+00 0.0000
    4.5335E+00   0.00000E+00 0.0000
    4.6647E+00   0.00000E+00 0.0000
    4.7996E+00   0.00000E+00 0.0000
    4.9385E+00   0.00000E+00 0.0000
    5.0814E+00   0.00000E+00 0.0000
    5.2284E+00   0.00000E+00 0.0000
    5.3796E+00   0.00000E+00 0.0000
    5.5352E+00   0.00000E+00 0.0000
    5.6954E+00   0.00000E+00 0.0000
    5.8601E+00   0.00000E+00 0.0000
    6.0297E+00   0.00000E+00 0.0000
    6.2041E+00   0.00000E+00 0.0000
    6.3836E+00   0.00000E+00 0.0000
    6.5683E+00   0.00000E+00 0.0000
    6.7583E+00   0.00000E+00 0.0000
    6.9538E+00   0.00000E+00 0.0000
    7.1550E+00   0.00000E+00 0.0000
    7.3619E+00   0.00000E+00 0.0000
    7.5749E+00   0.00000E+00 0.0000
    7.7941E+00   1.15837E-09 0.3165
    8.0195E+00   0.00000E+00 0.0000
    8.2515E+00   1.55038E-09 0.2713
    8.4902E+00   0.00000E+00 0.0000
    8.7359E+00   3.79333E-09 0.1753
    8.9886E+00   2.56532E-10 0.7123
    9.2486E+00   5.22843E-09 0.1495
    9.5162E+00   7.27014E-10 0.4099
    9.7915E+00   6.55021E-10 0.4510
    1.0075E+01   8.09208E-09 0.1215
    1.0366E+01   3.40212E-10 0.5774
    1.0666E+01   1.39707E-08 0.0943
    1.0975E+01   1.21801E-09 0.3169
    1.1292E+01   1.84515E-08 0.0814
    1.1619E+01   1.95779E-09 0.2508
    1.1955E+01   2.16342E-09 0.2383
    1.2301E+01   1.97539E-08 0.0805
    1.2657E+01   2.73732E-09 0.2063
    1.3023E+01   2.42517E-08 0.0730
    1.3400E+01   3.05135E-09 0.2051
    1.3787E+01   3.43795E-09 0.1941
    1.4186E+01   2.31881E-08 0.0732
    1.4596E+01   5.01331E-09 0.1536
    1.5019E+01   2.63854E-08 0.0693
    1.5453E+01   4.43824E-09 0.1501
    1.5900E+01   2.81263E-08 0.0661
    1.6360E+01   4.27901E-09 0.1386
    1.6834E+01   3.81097E-09 0.1468
    1.7321E+01   2.86017E-08 0.0625
    1.7822E+01   5.18321E-09 0.1173
    1.8337E+01   3.10555E-08 0.0576
    1.8868E+01   5.18012E-09 0.1086
    1.9413E+01   4.81465E-09 0.1137
    1.9975E+01   3.34269E-08 0.0531
    2.0553E+01   8.87144E-09 0.0795
    2.1148E+01   9.01577E-08 0.0323
    2.1759E+01   3.55437E-08 0.0391
    2.2389E+01   5.00628E-08 0.0333
    2.3037E+01   7.49350E-07 0.0141
    2.3703E+01   2.83335E-07 0.0143
    2.4389E+01   3.39023E-06 0.0075
    2.5094E+01   1.07403E-06 0.0077
    2.5820E+01   1.32990E-06 0.0070
    2.6567E+01   1.17383E-05 0.0047
    2.7336E+01   3.04961E-06 0.0047
    2.8127E+01   2.46569E-05 0.0035
    2.8940E+01   5.74302E-06 0.0036
    2.9777E+01   4.07050E-05 0.0028
    3.0639E+01   8.94542E-06 0.0029
    3.1525E+01   8.91664E-06 0.0028
    3.2437E+01   5.97225E-05 0.0024
    3.3376E+01   1.11924E-05 0.0025
    3.4341E+01   7.12840E-05 0.0021
    3.5335E+01   1.45586E-05 0.0022
    3.6357E+01   1.30402E-05 0.0022
    3.7409E+01   8.12473E-05 0.0019
    3.8491E+01   1.39491E-05 0.0020
    3.9604E+01   8.21475E-05 0.0018
    4.0750E+01   1.59316E-05 0.0019
    4.1929E+01   1.36300E-05 0.0019
    4.3142E+01   8.21656E-05 0.0018
    4.4390E+01   1.29359E-05 0.0019
    4.5674E+01   7.63109E-05 0.0017
    4.6996E+01   1.40294E-05 0.0018
    4.8355E+01   1.16297E-05 0.0018
    4.9754E+01   7.12178E-05 0.0017
    5.1193E+01   1.04892E-05 0.0018
    5.2674E+01   6.31903E-05 0.0016
    5.4198E+01   1.12177E-05 0.0017
    5.5766E+01   9.45072E-06 0.0017
    5.7379E+01   5.65581E-05 0.0016
    5.9039E+01   7.92718E-06 0.0017
    6.0747E+01   4.95545E-05 0.0016
    6.2505E+01   8.26004E-06 0.0017
    6.4313E+01   4.16955E-05 0.0016
    6.6174E+01   8.93855E-06 0.0017
    6.8088E+01   5.89842E-06 0.0017
    7.0058E+01   3.78321E-05 0.0016
    7.2084E+01   5.81791E-06 0.0017
    7.4170E+01   3.16857E-05 0.0016
    7.6315E+01   6.31886E-06 0.0016
    7.8523E+01   4.44200E-06 0.0017
    8.0795E+01   2.82799E-05 0.0016
    8.3132E+01   3.98200E-06 0.0017
    8.5537E+01   2.40019E-05 0.0016
    8.8012E+01   4.25203E-06 0.0017
    9.0558E+01   2.00225E-05 0.0016
    9.3178E+01   4.43433E-06 0.0016
    9.5873E+01   2.89609E-06 0.0017
    9.8647E+01   1.81771E-05 0.0016
    1.0150E+02   2.63943E-06 0.0017
    1.0444E+02   1.54146E-05 0.0016
    1.0746E+02   2.66719E-06 0.0016
    1.1057E+02   1.28616E-05 0.0016
    1.1377E+02   2.71058E-06 0.0016
    1.1706E+02   1.86125E-06 0.0017
    1.2044E+02   1.14854E-05 0.0016
    1.2393E+02   1.63308E-06 0.0017
    1.2751E+02   9.76295E-06 0.0016
    1.3120E+02   1.64544E-06 0.0016
    1.3500E+02   8.12348E-06 0.0016
    1.3890E+02   1.68670E-06 0.0016
    1.4292E+02   1.15969E-06 0.0017
    1.4706E+02   7.22699E-06 0.0016
    1.5131E+02   1.03654E-06 0.0017
    1.5569E+02   6.10252E-06 0.0016
    1.6019E+02   1.07296E-06 0.0016
    1.6483E+02   5.06884E-06 0.0016
    1.6959E+02   1.08683E-06 0.0016
    1.7450E+02   7.18775E-07 0.0017
    1.7955E+02   4.52747E-06 0.0016
    1.8474E+02   6.92793E-07 0.0017
    1.9009E+02   3.77405E-06 0.0016
    1.9559E+02   7.31617E-07 0.0016
    2.0124E+02   5.38061E-07 0.0017
    2.0707E+02   3.31118E-06 0.0016
    2.1306E+02   4.69293E-07 0.0017
    2.1922E+02   2.80449E-06 0.0016
    2.2556E+02   4.88709E-07 0.0016
    2.3209E+02   4.22669E-07 0.0017
    2.3880E+02   2.40265E-06 0.0016
    2.4571E+02   3.33593E-07 0.0017
    2.5282E+02   2.07710E-06 0.0016
    2.6013E+02   3.28434E-07 0.0017
    2.6766E+02   1.73995E-06 0.0016
    2.7540E+02   3.44607E-07 0.0016
    2.8337E+02   2.62737E-07 0.0017
    2.9157E+02   1.53200E-06 0.0016
    3.0000E+02   2.23977E-07 0.0017
      total      1.34437E-03 0.0016
 
 cell  555                                                                                                                             
 user bin          -1.00000
    s(e) (MeV/cm)
    1.0000E+00   0.00000E+00 0.0000
    1.0289E+00   0.00000E+00 0.0000
    1.0587E+00   0.00000E+00 0.0000
    1.0893E+00   0.00000E+00 0.0000
    1.1208E+00   0.00000E+00 0.0000
    1.1533E+00   0.00000E+00 0.0000
    1.1866E+00   0.00000E+00 0.0000
    1.2210E+00   0.00000E+00 0.0000
    1.2563E+00   0.00000E+00 0.0000
    1.2926E+00   0.00000E+00 0.0000
    1.3300E+00   0.00000E+00 0.0000
    1.3685E+00   0.00000E+00 0.0000
    1.4081E+00   0.00000E+00 0.0000
    1.4488E+00   0.00000E+00 0.0000
    1.4907E+00   0.00000E+00 0.0000
    1.5339E+00   0.00000E+00 0.0000
    1.5782E+00   0.00000E+00 0.0000
    1.6239E+00   0.00000E+00 0.0000
    1.6709E+00   0.00000E+00 0.0000
    1.7192E+00   0.00000E+00 0.0000
    1.7689E+00   0.00000E+00 0.0000
    1.8201E+00   0.00000E+00 0.0000
    1.8728E+00   0.00000E+00 0.0000
    1.9269E+00   0.00000E+00 0.0000
    1.9827E+00   0.00000E+00 0.0000
    2.0400E+00   0.00000E+00 0.0000
    2.0991E+00   0.00000E+00 0.0000
    2.1598E+00   0.00000E+00 0.0000
    2.2223E+00   0.00000E+00 0.0000
    2.2866E+00   0.00000E+00 0.0000
    2.3527E+00   0.00000E+00 0.0000
    2.4208E+00   0.00000E+00 0.0000
    2.4908E+00   0.00000E+00 0.0000
    2.5629E+00   0.00000E+00 0.0000
    2.6370E+00   0.00000E+00 0.0000
    2.7133E+00   0.00000E+00 0.0000
    2.7918E+00   0.00000E+00 0.0000
    2.8725E+00   0.00000E+00 0.0000
    2.9557E+00   0.00000E+00 0.0000
    3.0412E+00   0.00000E+00 0.0000
    3.1291E+00   0.00000E+00 0.0000
    3.2197E+00   0.00000E+00 0.0000
    3.3128E+00   0.00000E+00 0.0000
    3.4086E+00   0.00000E+00 0.0000
    3.5072E+00   0.00000E+00 0.0000
    3.6087E+00   0.00000E+00 0.0000
    3.7131E+00   0.00000E+00 0.0000
    3.8205E+00   0.00000E+00 0.0000
    3.9311E+00   0.00000E+00 0.0000
    4.0448E+00   0.00000E+00 0.0000
    4.1618E+00   0.00000E+00 0.0000
    4.2822E+00   0.00000E+00 0.0000
    4.4061E+00   0.00000E+00 0.0000
    4.5335E+00   0.00000E+00 0.0000
    4.6647E+00   0.00000E+00 0.0000
    4.7996E+00   0.00000E+00 0.0000
    4.9385E+00   0.00000E+00 0.0000
    5.0814E+00   0.00000E+00 0.0000
    5.2284E+00   0.00000E+00 0.0000
    5.3796E+00   0.00000E+00 0.0000
    5.5352E+00   0.00000E+00 0.0000
    5.6954E+00   0.00000E+00 0.0000
    5.8601E+00   0.00000E+00 0.0000
    6.0297E+00   0.00000E+00 0.0000
    6.2041E+00   0.00000E+00 0.0000
    6.3836E+00   0.00000E+00 0.0000
    6.5683E+00   0.00000E+00 0.0000
    6.7583E+00   0.00000E+00 0.0000
    6.9538E+00   0.00000E+00 0.0000
    7.1550E+00   0.00000E+00 0.0000
    7.3619E+00   0.00000E+00 0.0000
    7.5749E+00   0.00000E+00 0.0000
    7.7941E+00   0.00000E+00 0.0000
    8.0195E+00   0.00000E+00 0.0000
    8.2515E+00   0.00000E+00 0.0000
    8.4902E+00   0.00000E+00 0.0000
    8.7359E+00   0.00000E+00 0.0000
    8.9886E+00   0.00000E+00 0.0000
    9.2486E+00   0.00000E+00 0.0000
    9.5162E+00   0.00000E+00 0.0000
    9.7915E+00   0.00000E+00 0.0000
    1.0075E+01   0.00000E+00 0.0000
    1.0366E+01   0.00000E+00 0.0000
    1.0666E+01   0.00000E+00 0.0000
    1.0975E+01   0.00000E+00 0.0000
    1.1292E+01   0.00000E+00 0.0000
    1.1619E+01   0.00000E+00 0.0000
    1.1955E+01   0.00000E+00 0.0000
    1.2301E+01   0.00000E+00 0.0000
    1.2657E+01   0.00000E+00 0.0000
    1.3023E+01   0.00000E+00 0.0000
    1.3400E+01   0.00000E+00 0.0000
    1.3787E+01   0.00000E+00 0.0000
    1.4186E+01   0.00000E+00 0.0000
    1.4596E+01   0.00000E+00 0.0000
    1.5019E+01   0.00000E+00 0.0000
    1.5453E+01   0.00000E+00 0.0000
    1.5900E+01   0.00000E+00 0.0000
    1.6360E+01   0.00000E+00 0.0000
    1.6834E+01   0.00000E+00 0.0000
    1.7321E+01   0.00000E+00 0.0000
    1.7822E+01   0.00000E+00 0.0000
    1.8337E+01   0.00000E+00 0.0000
    1.8868E+01   0.00000E+00 0.0000
    1.9413E+01   0.00000E+00 0.0000
    1.9975E+01   0.00000E+00 0.0000
    2.0553E+01   0.00000E+00 0.0000
    2.1148E+01   0.00000E+00 0.0000
    2.1759E+01   0.00000E+00 0.0000
    2.2389E+01   4.80014E-11 1.0000
    2.3037E+01   9.73415E-10 0.2688
    2.3703E+01   3.28266E-10 0.3536
    2.4389E+01   4.66898E-09 0.1127
    2.5094E+01   1.89400E-09 0.1361
    2.5820E+01   2.16768E-09 0.1268
    2.6567E+01   2.23938E-08 0.0510
    2.7336E+01   5.72267E-09 0.0715
    2.8127E+01   4.85766E-08 0.0325
    2.8940E+01   1.23921E-08 0.0454
    2.9777E+01   9.90306E-08 0.0215
    3.0639E+01   2.47831E-08 0.0295
    3.1525E+01   2.41562E-08 0.0299
    3.2437E+01   1.76988E-07 0.0152
    3.3376E+01   3.67975E-08 0.0224
    3.4341E+01   2.34706E-07 0.0123
    3.5335E+01   4.98206E-08 0.0179
    3.6357E+01   4.61451E-08 0.0186
    3.7409E+01   2.96539E-07 0.0102
    3.8491E+01   5.29971E-08 0.0160
    3.9604E+01   3.23502E-07 0.0091
    4.0750E+01   6.39486E-08 0.0135
    4.1929E+01   5.84747E-08 0.0141
    4.3142E+01   3.54307E-07 0.0081
    4.4390E+01   5.84775E-08 0.0130
    4.5674E+01   3.50532E-07 0.0076
    4.6996E+01   6.68585E-08 0.0113
    4.8355E+01   5.54995E-08 0.0124
    4.9754E+01   3.48292E-07 0.0071
    5.1193E+01   5.25569E-08 0.0117
    5.2674E+01   3.24739E-07 0.0068
    5.4198E+01   5.85504E-08 0.0103
    5.5766E+01   5.03226E-08 0.0111
    5.7379E+01   3.03542E-07 0.0065
    5.9039E+01   4.35788E-08 0.0110
    6.0747E+01   2.74558E-07 0.0064
    6.2505E+01   4.63777E-08 0.0099
    6.4313E+01   2.37191E-07 0.0062
    6.6174E+01   5.17426E-08 0.0087
    6.8088E+01   3.42531E-08 0.0107
    7.0058E+01   2.21782E-07 0.0061
    7.2084E+01   3.43239E-08 0.0099
    7.4170E+01   1.89893E-07 0.0060
    7.6315E+01   3.81610E-08 0.0086
    7.8523E+01   2.68435E-08 0.0103
    8.0795E+01   1.73011E-07 0.0060
    8.3132E+01   2.44839E-08 0.0100
    8.5537E+01   1.49082E-07 0.0059
    8.8012E+01   2.67095E-08 0.0089
    9.0558E+01   1.25761E-07 0.0059
    9.3178E+01   2.78537E-08 0.0080
    9.5873E+01   1.85995E-08 0.0098
    9.8647E+01   1.15206E-07 0.0058
    1.0150E+02   1.67230E-08 0.0096
    1.0444E+02   9.88182E-08 0.0058
    1.0746E+02   1.71307E-08 0.0088
    1.1057E+02   8.30533E-08 0.0058
    1.1377E+02   1.76090E-08 0.0080
    1.1706E+02   1.20710E-08 0.0097
    1.2044E+02   7.49078E-08 0.0058
    1.2393E+02   1.05831E-08 0.0096
    1.2751E+02   6.40639E-08 0.0058
    1.3120E+02   1.07416E-08 0.0088
    1.3500E+02   5.35123E-08 0.0057
    1.3890E+02   1.11785E-08 0.0080
    1.4292E+02   7.67589E-09 0.0097
    1.4706E+02   4.78519E-08 0.0057
    1.5131E+02   6.77268E-09 0.0095
    1.5569E+02   4.05855E-08 0.0057
    1.6019E+02   7.15209E-09 0.0086
    1.6483E+02   3.37149E-08 0.0057
    1.6959E+02   7.25595E-09 0.0079
    1.7450E+02   4.76263E-09 0.0097
    1.7955E+02   3.01950E-08 0.0057
    1.8474E+02   4.68937E-09 0.0091
    1.9009E+02   2.52304E-08 0.0057
    1.9559E+02   4.92025E-09 0.0082
    2.0124E+02   3.59422E-09 0.0096
    2.0707E+02   2.22184E-08 0.0057
    2.1306E+02   3.15207E-09 0.0095
    2.1922E+02   1.87953E-08 0.0057
    2.2556E+02   3.29569E-09 0.0086
    2.3209E+02   2.83788E-09 0.0093
    2.3880E+02   1.61576E-08 0.0057
    2.4571E+02   2.23313E-09 0.0097
    2.5282E+02   1.40013E-08 0.0057
    2.6013E+02   2.18486E-09 0.0090
    2.6766E+02   1.17475E-08 0.0057
    2.7540E+02   2.31906E-09 0.0081
    2.8337E+02   1.78595E-09 0.0092
    2.9157E+02   1.03291E-08 0.0057
    3.0000E+02   1.50953E-09 0.0093
      total      6.27750E-06 0.0040
 
 cell  555                                                                                                                             
 user bin 10000000000.00000
    s(e) (MeV/cm)
    1.0000E+00   0.00000E+00 0.0000
    1.0289E+00   0.00000E+00 0.0000
    1.0587E+00   0.00000E+00 0.0000
    1.0893E+00   0.00000E+00 0.0000
    1.1208E+00   0.00000E+00 0.0000
    1.1533E+00   0.00000E+00 0.0000
    1.1866E+00   0.00000E+00 0.0000
    1.2210E+00   0.00000E+00 0.0000
    1.2563E+00   0.00000E+00 0.0000
    1.2926E+00   0.00000E+00 0.0000
    1.3300E+00   0.00000E+00 0.0000
    1.3685E+00   0.00000E+00 0.0000
    1.4081E+00   0.00000E+00 0.0000
    1.4488E+00   0.00000E+00 0.0000
    1.4907E+00   0.00000E+00 0.0000
    1.5339E+00   0.00000E+00 0.0000
    1.5782E+00   0.00000E+00 0.0000
    1.6239E+00   0.00000E+00 0.0000
    1.6709E+00   0.00000E+00 0.0000
    1.7192E+00   0.00000E+00 0.0000
    1.7689E+00   0.00000E+00 0.0000
    1.8201E+00   0.00000E+00 0.0000
    1.8728E+00   0.00000E+00 0.0000
    1.9269E+00   0.00000E+00 0.0000
    1.9827E+00   0.00000E+00 0.0000
    2.0400E+00   0.00000E+00 0.0000
    2.0991E+00   0.00000E+00 0.0000
    2.1598E+00   0.00000E+00 0.0000
    2.2223E+00   0.00000E+00 0.0000
    2.2866E+00   0.00000E+00 0.0000
    2.3527E+00   0.00000E+00 0.0000
    2.4208E+00   0.00000E+00 0.0000
    2.4908E+00   0.00000E+00 0.0000
    2.5629E+00   0.00000E+00 0.0000
    2.6370E+00   0.00000E+00 0.0000
    2.7133E+00   0.00000E+00 0.0000
    2.7918E+00   0.00000E+00 0.0000
    2.8725E+00   0.00000E+00 0.0000
    2.9557E+00   0.00000E+00 0.0000
    3.0412E+00   0.00000E+00 0.0000
    3.1291E+00   0.00000E+00 0.0000
    3.2197E+00   0.00000E+00 0.0000
    3.3128E+00   0.00000E+00 0.0000
    3.4086E+00   0.00000E+00 0.0000
    3.5072E+00   0.00000E+00 0.0000
    3.6087E+00   0.00000E+00 0.0000
    3.7131E+00   0.00000E+00 0.0000
    3.8205E+00   0.00000E+00 0.0000
    3.9311E+00   0.00000E+00 0.0000
    4.0448E+00   0.00000E+00 0.0000
    4.1618E+00   0.00000E+00 0.0000
    4.2822E+00   0.00000E+00 0.0000
    4.4061E+00   0.00000E+00 0.0000
    4.5335E+00   0.00000E+00 0.0000
    4.6647E+00   0.00000E+00 0.0000
    4.7996E+00   0.00000E+00 0.0000
    4.9385E+00   0.00000E+00 0.0000
    5.0814E+00   0.00000E+00 0.0000
    5.2284E+00   0.00000E+00 0.0000
    5.3796E+00   0.00000E+00 0.0000
    5.5352E+00   0.00000E+00 0.0000
    5.6954E+00   0.00000E+00 0.0000
    5.8601E+00   0.00000E+00 0.0000
    6.0297E+00   0.00000E+00 0.0000
    6.2041E+00   0.00000E+00 0.0000
    6.3836E+00   0.00000E+00 0.0000
    6.5683E+00   0.00000E+00 0.0000
    6.7583E+00   0.00000E+00 0.0000
    6.9538E+00   0.00000E+00 0.0000
    7.1550E+00   0.00000E+00 0.0000
    7.3619E+00   0.00000E+00 0.0000
    7.5749E+00   0.00000E+00 0.0000
    7.7941E+00   5.86884E-10 0.4477
    8.0195E+00   4.49419E-10 0.5000
    8.2515E+00   1.60420E-09 0.2695
    8.4902E+00   1.15970E-10 1.0000
    8.7359E+00   3.74208E-09 0.1761
    8.9886E+00   2.66122E-10 0.7093
    9.2486E+00   5.54188E-09 0.1446
    9.5162E+00   3.68860E-10 0.5777
    9.7915E+00   3.51418E-10 0.5775
    1.0075E+01   9.34501E-09 0.1138
    1.0366E+01   8.06406E-10 0.3786
    1.0666E+01   1.29449E-08 0.0969
    1.0975E+01   1.22823E-09 0.3173
    1.1292E+01   1.76844E-08 0.0845
    1.1619E+01   1.87084E-09 0.2545
    1.1955E+01   1.62908E-09 0.2722
    1.2301E+01   1.92461E-08 0.0801
    1.2657E+01   2.94049E-09 0.2100
    1.3023E+01   2.14711E-08 0.0768
    1.3400E+01   5.04593E-09 0.1572
    1.3787E+01   3.87899E-09 0.1781
    1.4186E+01   2.22267E-08 0.0763
    1.4596E+01   3.51556E-09 0.1845
    1.5019E+01   2.68626E-08 0.0675
    1.5453E+01   4.02344E-09 0.1557
    1.5900E+01   2.72766E-08 0.0658
    1.6360E+01   3.79905E-09 0.1468
    1.6834E+01   5.30892E-09 0.1244
    1.7321E+01   2.74194E-08 0.0643
    1.7822E+01   4.50187E-09 0.1252
    1.8337E+01   2.82200E-08 0.0608
    1.8868E+01   4.87194E-09 0.1132
    1.9413E+01   5.06142E-09 0.1114
    1.9975E+01   2.98474E-08 0.0566
    2.0553E+01   5.19782E-09 0.1024
    2.1148E+01   3.72636E-08 0.0487
    2.1759E+01   8.09594E-09 0.0769
    2.2389E+01   1.00826E-08 0.0690
    2.3037E+01   1.18902E-07 0.0276
    2.3703E+01   4.38177E-08 0.0328
    2.4389E+01   5.73555E-07 0.0150
    2.5094E+01   2.00858E-07 0.0159
    2.5820E+01   2.53823E-07 0.0140
    2.6567E+01   2.50289E-06 0.0080
    2.7336E+01   7.24188E-07 0.0083
    2.8127E+01   6.44327E-06 0.0055
    2.8940E+01   1.62974E-06 0.0057
    2.9777E+01   1.26737E-05 0.0041
    3.0639E+01   3.01297E-06 0.0043
    3.1525E+01   3.08750E-06 0.0042
    3.2437E+01   2.20035E-05 0.0033
    3.3376E+01   4.44222E-06 0.0034
    3.4341E+01   2.97923E-05 0.0028
    3.5335E+01   6.38476E-06 0.0029
    3.6357E+01   5.91414E-06 0.0029
    3.7409E+01   3.82591E-05 0.0025
    3.8491E+01   6.92379E-06 0.0026
    3.9604E+01   4.23164E-05 0.0023
    4.0750E+01   8.53486E-06 0.0024
    4.1929E+01   7.46972E-06 0.0024
    4.3142E+01   4.62051E-05 0.0021
    4.4390E+01   7.59434E-06 0.0022
    4.5674E+01   4.57883E-05 0.0020
    4.6996E+01   8.65604E-06 0.0021
    4.8355E+01   7.34094E-06 0.0021
    4.9754E+01   4.55105E-05 0.0019
    5.1193E+01   6.93709E-06 0.0021
    5.2674E+01   4.23671E-05 0.0019
    5.4198E+01   7.67907E-06 0.0020
    5.5766E+01   6.58133E-06 0.0020
    5.7379E+01   3.97077E-05 0.0018
    5.9039E+01   5.70250E-06 0.0020
    6.0747E+01   3.59477E-05 0.0018
    6.2505E+01   6.07760E-06 0.0019
    6.4313E+01   3.11307E-05 0.0017
    6.6174E+01   6.72535E-06 0.0018
    6.8088E+01   4.50389E-06 0.0019
    7.0058E+01   2.90134E-05 0.0017
    7.2084E+01   4.52129E-06 0.0018
    7.4170E+01   2.48455E-05 0.0017
    7.6315E+01   4.98413E-06 0.0018
    7.8523E+01   3.54451E-06 0.0018
    8.0795E+01   2.26052E-05 0.0017
    8.3132E+01   3.21856E-06 0.0018
    8.5537E+01   1.94916E-05 0.0017
    8.8012E+01   3.46834E-06 0.0018
    9.0558E+01   1.64728E-05 0.0017
    9.3178E+01   3.65644E-06 0.0017
    9.5873E+01   2.41257E-06 0.0018
    9.8647E+01   1.51255E-05 0.0017
    1.0150E+02   2.20649E-06 0.0018
    1.0444E+02   1.29537E-05 0.0017
    1.0746E+02   2.24678E-06 0.0018
    1.1057E+02   1.09003E-05 0.0017
    1.1377E+02   2.30254E-06 0.0017
    1.1706E+02   1.58769E-06 0.0018
    1.2044E+02   9.81159E-06 0.0016
    1.2393E+02   1.39976E-06 0.0018
    1.2751E+02   8.39079E-06 0.0016
    1.3120E+02   1.41657E-06 0.0017
    1.3500E+02   7.02062E-06 0.0016
    1.3890E+02   1.45974E-06 0.0017
    1.4292E+02   1.00569E-06 0.0018
    1.4706E+02   6.27367E-06 0.0016
    1.5131E+02   9.02412E-07 0.0018
    1.5569E+02   5.31708E-06 0.0016
    1.6019E+02   9.36948E-07 0.0017
    1.6483E+02   4.43101E-06 0.0016
    1.6959E+02   9.51465E-07 0.0017
    1.7450E+02   6.29906E-07 0.0018
    1.7955E+02   3.96859E-06 0.0016
    1.8474E+02   6.08833E-07 0.0017
    1.9009E+02   3.31558E-06 0.0016
    1.9559E+02   6.43814E-07 0.0017
    2.0124E+02   4.73487E-07 0.0018
    2.0707E+02   2.91617E-06 0.0016
    2.1306E+02   4.13755E-07 0.0018
    2.1922E+02   2.47361E-06 0.0016
    2.2556E+02   4.30995E-07 0.0017
    2.3209E+02   3.73605E-07 0.0018
    2.3880E+02   2.12225E-06 0.0016
    2.4571E+02   2.94929E-07 0.0018
    2.5282E+02   1.83710E-06 0.0016
    2.6013E+02   2.90581E-07 0.0017
    2.6766E+02   1.54081E-06 0.0016
    2.7540E+02   3.05034E-07 0.0017
    2.8337E+02   2.32859E-07 0.0018
    2.9157E+02   1.35794E-06 0.0016
    3.0000E+02   1.98325E-07 0.0018
      total      8.17429E-04 0.0018
 
 cell  555                                                                                                                             
 user bin total
    s(e) (MeV/cm)
    1.0000E+00   0.00000E+00 0.0000
    1.0289E+00   0.00000E+00 0.0000
    1.0587E+00   0.00000E+00 0.0000
    1.0893E+00   0.00000E+00 0.0000
    1.1208E+00   0.00000E+00 0.0000
    1.1533E+00   0.00000E+00 0.0000
    1.1866E+00   0.00000E+00 0.0000
    1.2210E+00   0.00000E+00 0.0000
    1.2563E+00   0.00000E+00 0.0000
    1.2926E+00   0.00000E+00 0.0000
    1.3300E+00   0.00000E+00 0.0000
    1.3685E+00   0.00000E+00 0.0000
    1.4081E+00   0.00000E+00 0.0000
    1.4488E+00   0.00000E+00 0.0000
    1.4907E+00   0.00000E+00 0.0000
    1.5339E+00   0.00000E+00 0.0000
    1.5782E+00   0.00000E+00 0.0000
    1.6239E+00   0.00000E+00 0.0000
    1.6709E+00   0.00000E+00 0.0000
    1.7192E+00   0.00000E+00 0.0000
    1.7689E+00   0.00000E+00 0.0000
    1.8201E+00   0.00000E+00 0.0000
    1.8728E+00   0.00000E+00 0.0000
    1.9269E+00   0.00000E+00 0.0000
    1.9827E+00   0.00000E+00 0.0000
    2.0400E+00   0.00000E+00 0.0000
    2.0991E+00   0.00000E+00 0.0000
    2.1598E+00   0.00000E+00 0.0000
    2.2223E+00   0.00000E+00 0.0000
    2.2866E+00   0.00000E+00 0.0000
    2.3527E+00   0.00000E+00 0.0000
    2.4208E+00   0.00000E+00 0.0000
    2.4908E+00   0.00000E+00 0.0000
    2.5629E+00   0.00000E+00 0.0000
    2.6370E+00   0.00000E+00 0.0000
    2.7133E+00   0.00000E+00 0.0000
    2.7918E+00   0.00000E+00 0.0000
    2.8725E+00   0.00000E+00 0.0000
    2.9557E+00   0.00000E+00 0.0000
    3.0412E+00   0.00000E+00 0.0000
    3.1291E+00   0.00000E+00 0.0000
    3.2197E+00   0.00000E+00 0.0000
    3.3128E+00   0.00000E+00 0.0000
    3.4086E+00   0.00000E+00 0.0000
    3.5072E+00   0.00000E+00 0.0000
    3.6087E+00   0.00000E+00 0.0000
    3.7131E+00   0.00000E+00 0.0000
    3.8205E+00   0.00000E+00 0.0000
    3.9311E+00   0.00000E+00 0.0000
    4.0448E+00   0.00000E+00 0.0000
    4.1618E+00   0.00000E+00 0.0000
    4.2822E+00   0.00000E+00 0.0000
    4.4061E+00   0.00000E+00 0.0000
    4.5335E+00   0.00000E+00 0.0000
    4.6647E+00   0.00000E+00 0.0000
    4.7996E+00   0.00000E+00 0.0000
    4.9385E+00   0.00000E+00 0.0000
    5.0814E+00   0.00000E+00 0.0000
    5.2284E+00   0.00000E+00 0.0000
    5.3796E+00   0.00000E+00 0.0000
    5.5352E+00   0.00000E+00 0.0000
    5.6954E+00   0.00000E+00 0.0000
    5.8601E+00   0.00000E+00 0.0000
    6.0297E+00   0.00000E+00 0.0000
    6.2041E+00   0.00000E+00 0.0000
    6.3836E+00   0.00000E+00 0.0000
    6.5683E+00   0.00000E+00 0.0000
    6.7583E+00   0.00000E+00 0.0000
    6.9538E+00   0.00000E+00 0.0000
    7.1550E+00   0.00000E+00 0.0000
    7.3619E+00   0.00000E+00 0.0000
    7.5749E+00   0.00000E+00 0.0000
    7.7941E+00   5.86884E-10 0.4477
    8.0195E+00   4.49419E-10 0.5000
    8.2515E+00   1.60420E-09 0.2695
    8.4902E+00   1.15970E-10 1.0000
    8.7359E+00   3.74208E-09 0.1761
    8.9886E+00   2.66122E-10 0.7093
    9.2486E+00   5.54188E-09 0.1446
    9.5162E+00   3.68860E-10 0.5777
    9.7915E+00   3.51418E-10 0.5775
    1.0075E+01   9.34501E-09 0.1138
    1.0366E+01   8.06406E-10 0.3786
    1.0666E+01   1.29449E-08 0.0969
    1.0975E+01   1.22823E-09 0.3173
    1.1292E+01   1.76844E-08 0.0845
    1.1619E+01   1.87084E-09 0.2545
    1.1955E+01   1.62908E-09 0.2722
    1.2301E+01   1.92461E-08 0.0801
    1.2657E+01   2.94049E-09 0.2100
    1.3023E+01   2.14711E-08 0.0768
    1.3400E+01   5.04593E-09 0.1572
    1.3787E+01   3.87899E-09 0.1781
    1.4186E+01   2.22267E-08 0.0763
    1.4596E+01   3.51556E-09 0.1845
    1.5019E+01   2.68626E-08 0.0675
    1.5453E+01   4.02344E-09 0.1557
    1.5900E+01   2.72766E-08 0.0658
    1.6360E+01   3.79905E-09 0.1468
    1.6834E+01   5.30892E-09 0.1244
    1.7321E+01   2.74194E-08 0.0643
    1.7822E+01   4.50187E-09 0.1252
    1.8337E+01   2.82200E-08 0.0608
    1.8868E+01   4.87194E-09 0.1132
    1.9413E+01   5.06142E-09 0.1114
    1.9975E+01   2.98474E-08 0.0566
    2.0553E+01   5.19782E-09 0.1024
    2.1148E+01   3.72636E-08 0.0487
    2.1759E+01   8.09594E-09 0.0769
    2.2389E+01   1.01306E-08 0.0691
    2.3037E+01   1.19876E-07 0.0275
    2.3703E+01   4.41459E-08 0.0327
    2.4389E+01   5.78224E-07 0.0150
    2.5094E+01   2.02752E-07 0.0158
    2.5820E+01   2.55990E-07 0.0140
    2.6567E+01   2.52528E-06 0.0080
    2.7336E+01   7.29911E-07 0.0083
    2.8127E+01   6.49184E-06 0.0054
    2.8940E+01   1.64213E-06 0.0057
    2.9777E+01   1.27727E-05 0.0041
    3.0639E+01   3.03776E-06 0.0043
    3.1525E+01   3.11165E-06 0.0041
    3.2437E+01   2.21804E-05 0.0033
    3.3376E+01   4.47902E-06 0.0034
    3.4341E+01   3.00270E-05 0.0028
    3.5335E+01   6.43458E-06 0.0029
    3.6357E+01   5.96028E-06 0.0029
    3.7409E+01   3.85557E-05 0.0025
    3.8491E+01   6.97679E-06 0.0026
    3.9604E+01   4.26399E-05 0.0023
    4.0750E+01   8.59881E-06 0.0024
    4.1929E+01   7.52820E-06 0.0024
    4.3142E+01   4.65594E-05 0.0021
    4.4390E+01   7.65282E-06 0.0022
    4.5674E+01   4.61388E-05 0.0020
    4.6996E+01   8.72290E-06 0.0021
    4.8355E+01   7.39644E-06 0.0021
    4.9754E+01   4.58588E-05 0.0019
    5.1193E+01   6.98964E-06 0.0020
    5.2674E+01   4.26918E-05 0.0019
    5.4198E+01   7.73762E-06 0.0020
    5.5766E+01   6.63165E-06 0.0020
    5.7379E+01   4.00112E-05 0.0018
    5.9039E+01   5.74608E-06 0.0019
    6.0747E+01   3.62222E-05 0.0018
    6.2505E+01   6.12398E-06 0.0019
    6.4313E+01   3.13679E-05 0.0017
    6.6174E+01   6.77709E-06 0.0018
    6.8088E+01   4.53815E-06 0.0019
    7.0058E+01   2.92352E-05 0.0017
    7.2084E+01   4.55562E-06 0.0018
    7.4170E+01   2.50354E-05 0.0017
    7.6315E+01   5.02229E-06 0.0018
    7.8523E+01   3.57135E-06 0.0018
    8.0795E+01   2.27782E-05 0.0017
    8.3132E+01   3.24305E-06 0.0018
    8.5537E+01   1.96407E-05 0.0017
    8.8012E+01   3.49505E-06 0.0018
    9.0558E+01   1.65986E-05 0.0017
    9.3178E+01   3.68430E-06 0.0017
    9.5873E+01   2.43117E-06 0.0018
    9.8647E+01   1.52407E-05 0.0017
    1.0150E+02   2.22322E-06 0.0018
    1.0444E+02   1.30525E-05 0.0017
    1.0746E+02   2.26391E-06 0.0018
    1.1057E+02   1.09834E-05 0.0017
    1.1377E+02   2.32015E-06 0.0017
    1.1706E+02   1.59976E-06 0.0018
    1.2044E+02   9.88649E-06 0.0016
    1.2393E+02   1.41035E-06 0.0018
    1.2751E+02   8.45485E-06 0.0016
    1.3120E+02   1.42731E-06 0.0017
    1.3500E+02   7.07413E-06 0.0016
    1.3890E+02   1.47092E-06 0.0017
    1.4292E+02   1.01337E-06 0.0018
    1.4706E+02   6.32152E-06 0.0016
    1.5131E+02   9.09185E-07 0.0018
    1.5569E+02   5.35766E-06 0.0016
    1.6019E+02   9.44100E-07 0.0017
    1.6483E+02   4.46472E-06 0.0016
    1.6959E+02   9.58721E-07 0.0017
    1.7450E+02   6.34669E-07 0.0018
    1.7955E+02   3.99878E-06 0.0016
    1.8474E+02   6.13523E-07 0.0017
    1.9009E+02   3.34081E-06 0.0016
    1.9559E+02   6.48735E-07 0.0017
    2.0124E+02   4.77081E-07 0.0018
    2.0707E+02   2.93839E-06 0.0016
    2.1306E+02   4.16907E-07 0.0018
    2.1922E+02   2.49240E-06 0.0016
    2.2556E+02   4.34291E-07 0.0017
    2.3209E+02   3.76443E-07 0.0017
    2.3880E+02   2.13841E-06 0.0016
    2.4571E+02   2.97162E-07 0.0018
    2.5282E+02   1.85111E-06 0.0016
    2.6013E+02   2.92766E-07 0.0017
    2.6766E+02   1.55256E-06 0.0016
    2.7540E+02   3.07353E-07 0.0017
    2.8337E+02   2.34645E-07 0.0017
    2.9157E+02   1.36826E-06 0.0016
    3.0000E+02   1.99834E-07 0.0017
      total      8.23706E-04 0.0018
 
 cell  556                                                                                                                             
 user bin          -1.00000
    s(e) (MeV/cm)
    1.0000E+00   0.00000E+00 0.0000
    1.0289E+00   0.00000E+00 0.0000
    1.0587E+00   0.00000E+00 0.0000
    1.0893E+00   0.00000E+00 0.0000
    1.1208E+00   0.00000E+00 0.0000
    1.1533E+00   0.00000E+00 0.0000
    1.1866E+00   0.00000E+00 0.0000
    1.2210E+00   0.00000E+00 0.0000
    1.2563E+00   0.00000E+00 0.0000
    1.2926E+00   0.00000E+00 0.0000
    1.3300E+00   0.00000E+00 0.0000
    1.3685E+00   0.00000E+00 0.0000
    1.4081E+00   0.00000E+00 0.0000
    1.4488E+00   0.00000E+00 0.0000
    1.4907E+00   0.00000E+00 0.0000
    1.5339E+00   0.00000E+00 0.0000
    1.5782E+00   0.00000E+00 0.0000
    1.6239E+00   0.00000E+00 0.0000
    1.6709E+00   0.00000E+00 0.0000
    1.7192E+00   0.00000E+00 0.0000
    1.7689E+00   0.00000E+00 0.0000
    1.8201E+00   0.00000E+00 0.0000
    1.8728E+00   0.00000E+00 0.0000
    1.9269E+00   0.00000E+00 0.0000
    1.9827E+00   0.00000E+00 0.0000
    2.0400E+00   0.00000E+00 0.0000
    2.0991E+00   0.00000E+00 0.0000
    2.1598E+00   0.00000E+00 0.0000
    2.2223E+00   0.00000E+00 0.0000
    2.2866E+00   0.00000E+00 0.0000
    2.3527E+00   0.00000E+00 0.0000
    2.4208E+00   0.00000E+00 0.0000
    2.4908E+00   0.00000E+00 0.0000
    2.5629E+00   0.00000E+00 0.0000
    2.6370E+00   0.00000E+00 0.0000
    2.7133E+00   0.00000E+00 0.0000
    2.7918E+00   0.00000E+00 0.0000
    2.8725E+00   0.00000E+00 0.0000
    2.9557E+00   0.00000E+00 0.0000
    3.0412E+00   0.00000E+00 0.0000
    3.1291E+00   0.00000E+00 0.0000
    3.2197E+00   0.00000E+00 0.0000
    3.3128E+00   0.00000E+00 0.0000
    3.4086E+00   0.00000E+00 0.0000
    3.5072E+00   0.00000E+00 0.0000
    3.6087E+00   0.00000E+00 0.0000
    3.7131E+00   0.00000E+00 0.0000
    3.8205E+00   0.00000E+00 0.0000
    3.9311E+00   0.00000E+00 0.0000
    4.0448E+00   0.00000E+00 0.0000
    4.1618E+00   0.00000E+00 0.0000
    4.2822E+00   0.00000E+00 0.0000
    4.4061E+00   0.00000E+00 0.0000
    4.5335E+00   0.00000E+00 0.0000
    4.6647E+00   0.00000E+00 0.0000
    4.7996E+00   0.00000E+00 0.0000
    4.9385E+00   0.00000E+00 0.0000
    5.0814E+00   0.00000E+00 0.0000
    5.2284E+00   0.00000E+00 0.0000
    5.3796E+00   0.00000E+00 0.0000
    5.5352E+00   0.00000E+00 0.0000
    5.6954E+00   0.00000E+00 0.0000
    5.8601E+00   0.00000E+00 0.0000
    6.0297E+00   0.00000E+00 0.0000
    6.2041E+00   0.00000E+00 0.0000
    6.3836E+00   0.00000E+00 0.0000
    6.5683E+00   0.00000E+00 0.0000
    6.7583E+00   0.00000E+00 0.0000
    6.9538E+00   0.00000E+00 0.0000
    7.1550E+00   0.00000E+00 0.0000
    7.3619E+00   0.00000E+00 0.0000
    7.5749E+00   0.00000E+00 0.0000
    7.7941E+00   0.00000E+00 0.0000
    8.0195E+00   0.00000E+00 0.0000
    8.2515E+00   0.00000E+00 0.0000
    8.4902E+00   0.00000E+00 0.0000
    8.7359E+00   0.00000E+00 0.0000
    8.9886E+00   0.00000E+00 0.0000
    9.2486E+00   0.00000E+00 0.0000
    9.5162E+00   0.00000E+00 0.0000
    9.7915E+00   0.00000E+00 0.0000
    1.0075E+01   0.00000E+00 0.0000
    1.0366E+01   0.00000E+00 0.0000
    1.0666E+01   0.00000E+00 0.0000
    1.0975E+01   0.00000E+00 0.0000
    1.1292E+01   0.00000E+00 0.0000
    1.1619E+01   0.00000E+00 0.0000
    1.1955E+01   0.00000E+00 0.0000
    1.2301E+01   0.00000E+00 0.0000
    1.2657E+01   0.00000E+00 0.0000
    1.3023E+01   0.00000E+00 0.0000
    1.3400E+01   0.00000E+00 0.0000
    1.3787E+01   0.00000E+00 0.0000
    1.4186E+01   0.00000E+00 0.0000
    1.4596E+01   0.00000E+00 0.0000
    1.5019E+01   0.00000E+00 0.0000
    1.5453E+01   0.00000E+00 0.0000
    1.5900E+01   0.00000E+00 0.0000
    1.6360E+01   0.00000E+00 0.0000
    1.6834E+01   0.00000E+00 0.0000
    1.7321E+01   0.00000E+00 0.0000
    1.7822E+01   0.00000E+00 0.0000
    1.8337E+01   0.00000E+00 0.0000
    1.8868E+01   0.00000E+00 0.0000
    1.9413E+01   0.00000E+00 0.0000
    1.9975E+01   0.00000E+00 0.0000
    2.0553E+01   0.00000E+00 0.0000
    2.1148E+01   0.00000E+00 0.0000
    2.1759E+01   0.00000E+00 0.0000
    2.2389E+01   0.00000E+00 0.0000
    2.3037E+01   0.00000E+00 0.0000
    2.3703E+01   4.10332E-11 1.0000
    2.4389E+01   8.13174E-10 0.2929
    2.5094E+01   2.17317E-10 0.3966
    2.5820E+01   2.80592E-10 0.3536
    2.6567E+01   3.07197E-09 0.1309
    2.7336E+01   1.52885E-09 0.1400
    2.8127E+01   1.15471E-08 0.0660
    2.8940E+01   3.02742E-09 0.0919
    2.9777E+01   2.41454E-08 0.0437
    3.0639E+01   5.72592E-09 0.0614
    3.1525E+01   6.15945E-09 0.0590
    3.2437E+01   4.57426E-08 0.0295
    3.3376E+01   1.04292E-08 0.0422
    3.4341E+01   7.40793E-08 0.0219
    3.5335E+01   1.66883E-08 0.0309
    3.6357E+01   1.61131E-08 0.0314
    3.7409E+01   1.09798E-07 0.0168
    3.8491E+01   2.15962E-08 0.0251
    3.9604E+01   1.33203E-07 0.0141
    4.0750E+01   2.79019E-08 0.0204
    4.1929E+01   2.46221E-08 0.0218
    4.3142E+01   1.54643E-07 0.0123
    4.4390E+01   2.71093E-08 0.0192
    4.5674E+01   1.63602E-07 0.0111
    4.6996E+01   3.10024E-08 0.0166
    4.8355E+01   2.77195E-08 0.0175
    4.9754E+01   1.69966E-07 0.0101
    5.1193E+01   2.63470E-08 0.0166
    5.2674E+01   1.65693E-07 0.0095
    5.4198E+01   3.04396E-08 0.0143
    5.5766E+01   2.62876E-08 0.0154
    5.7379E+01   1.61441E-07 0.0090
    5.9039E+01   2.35966E-08 0.0150
    6.0747E+01   1.52957E-07 0.0085
    6.2505E+01   2.64362E-08 0.0131
    6.4313E+01   1.36523E-07 0.0083
    6.6174E+01   3.00675E-08 0.0114
    6.8088E+01   1.96266E-08 0.0141
    7.0058E+01   1.30939E-07 0.0080
    7.2084E+01   2.06263E-08 0.0127
    7.4170E+01   1.13915E-07 0.0078
    7.6315E+01   2.31422E-08 0.0111
    7.8523E+01   1.65441E-08 0.0131
    8.0795E+01   1.06102E-07 0.0076
    8.3132E+01   1.52001E-08 0.0127
    8.5537E+01   9.29782E-08 0.0075
    8.8012E+01   1.67748E-08 0.0112
    9.0558E+01   7.95685E-08 0.0074
    9.3178E+01   1.78417E-08 0.0100
    9.5873E+01   1.17992E-08 0.0123
    9.8647E+01   7.42308E-08 0.0073
    1.0150E+02   1.07305E-08 0.0120
    1.0444E+02   6.42542E-08 0.0072
    1.0746E+02   1.11557E-08 0.0109
    1.1057E+02   5.42778E-08 0.0072
    1.1377E+02   1.16659E-08 0.0099
    1.1706E+02   7.71666E-09 0.0121
    1.2044E+02   4.94482E-08 0.0071
    1.2393E+02   7.00624E-09 0.0118
    1.2751E+02   4.24978E-08 0.0071
    1.3120E+02   7.33123E-09 0.0107
    1.3500E+02   3.57176E-08 0.0070
    1.3890E+02   7.48320E-09 0.0098
    1.4292E+02   5.18182E-09 0.0118
    1.4706E+02   3.20798E-08 0.0070
    1.5131E+02   4.74211E-09 0.0114
    1.5569E+02   2.73266E-08 0.0070
    1.6019E+02   4.82830E-09 0.0105
    1.6483E+02   2.29189E-08 0.0069
    1.6959E+02   4.88401E-09 0.0096
    1.7450E+02   3.27574E-09 0.0118
    1.7955E+02   2.06035E-08 0.0069
    1.8474E+02   3.11792E-09 0.0111
    1.9009E+02   1.71954E-08 0.0069
    1.9559E+02   3.34110E-09 0.0100
    2.0124E+02   2.47563E-09 0.0116
    2.0707E+02   1.51500E-08 0.0069
    2.1306E+02   2.18076E-09 0.0114
    2.1922E+02   1.28760E-08 0.0069
    2.2556E+02   2.23969E-09 0.0104
    2.3209E+02   1.96536E-09 0.0111
    2.3880E+02   1.10888E-08 0.0069
    2.4571E+02   1.50569E-09 0.0118
    2.5282E+02   9.61973E-09 0.0069
    2.6013E+02   1.52712E-09 0.0108
    2.6766E+02   8.04955E-09 0.0069
    2.7540E+02   1.59894E-09 0.0098
    2.8337E+02   1.21857E-09 0.0112
    2.9157E+02   7.09894E-09 0.0068
    3.0000E+02   1.03908E-09 0.0112
      total      3.16827E-06 0.0055
 
 cell  556                                                                                                                             
 user bin 10000000000.00000
    s(e) (MeV/cm)
    1.0000E+00   0.00000E+00 0.0000
    1.0289E+00   0.00000E+00 0.0000
    1.0587E+00   0.00000E+00 0.0000
    1.0893E+00   0.00000E+00 0.0000
    1.1208E+00   0.00000E+00 0.0000
    1.1533E+00   0.00000E+00 0.0000
    1.1866E+00   0.00000E+00 0.0000
    1.2210E+00   0.00000E+00 0.0000
    1.2563E+00   0.00000E+00 0.0000
    1.2926E+00   0.00000E+00 0.0000
    1.3300E+00   0.00000E+00 0.0000
    1.3685E+00   0.00000E+00 0.0000
    1.4081E+00   0.00000E+00 0.0000
    1.4488E+00   0.00000E+00 0.0000
    1.4907E+00   0.00000E+00 0.0000
    1.5339E+00   0.00000E+00 0.0000
    1.5782E+00   0.00000E+00 0.0000
    1.6239E+00   0.00000E+00 0.0000
    1.6709E+00   0.00000E+00 0.0000
    1.7192E+00   0.00000E+00 0.0000
    1.7689E+00   0.00000E+00 0.0000
    1.8201E+00   0.00000E+00 0.0000
    1.8728E+00   0.00000E+00 0.0000
    1.9269E+00   0.00000E+00 0.0000
    1.9827E+00   0.00000E+00 0.0000
    2.0400E+00   0.00000E+00 0.0000
    2.0991E+00   0.00000E+00 0.0000
    2.1598E+00   0.00000E+00 0.0000
    2.2223E+00   0.00000E+00 0.0000
    2.2866E+00   0.00000E+00 0.0000
    2.3527E+00   0.00000E+00 0.0000
    2.4208E+00   0.00000E+00 0.0000
    2.4908E+00   0.00000E+00 0.0000
    2.5629E+00   0.00000E+00 0.0000
    2.6370E+00   0.00000E+00 0.0000
    2.7133E+00   0.00000E+00 0.0000
    2.7918E+00   0.00000E+00 0.0000
    2.8725E+00   0.00000E+00 0.0000
    2.9557E+00   0.00000E+00 0.0000
    3.0412E+00   0.00000E+00 0.0000
    3.1291E+00   0.00000E+00 0.0000
    3.2197E+00   0.00000E+00 0.0000
    3.3128E+00   0.00000E+00 0.0000
    3.4086E+00   0.00000E+00 0.0000
    3.5072E+00   0.00000E+00 0.0000
    3.6087E+00   0.00000E+00 0.0000
    3.7131E+00   0.00000E+00 0.0000
    3.8205E+00   0.00000E+00 0.0000
    3.9311E+00   0.00000E+00 0.0000
    4.0448E+00   0.00000E+00 0.0000
    4.1618E+00   0.00000E+00 0.0000
    4.2822E+00   0.00000E+00 0.0000
    4.4061E+00   0.00000E+00 0.0000
    4.5335E+00   0.00000E+00 0.0000
    4.6647E+00   0.00000E+00 0.0000
    4.7996E+00   0.00000E+00 0.0000
    4.9385E+00   0.00000E+00 0.0000
    5.0814E+00   0.00000E+00 0.0000
    5.2284E+00   0.00000E+00 0.0000
    5.3796E+00   0.00000E+00 0.0000
    5.5352E+00   0.00000E+00 0.0000
    5.6954E+00   0.00000E+00 0.0000
    5.8601E+00   0.00000E+00 0.0000
    6.0297E+00   0.00000E+00 0.0000
    6.2041E+00   0.00000E+00 0.0000
    6.3836E+00   0.00000E+00 0.0000
    6.5683E+00   0.00000E+00 0.0000
    6.7583E+00   0.00000E+00 0.0000
    6.9538E+00   0.00000E+00 0.0000
    7.1550E+00   0.00000E+00 0.0000
    7.3619E+00   0.00000E+00 0.0000
    7.5749E+00   0.00000E+00 0.0000
    7.7941E+00   5.54116E-10 0.4524
    8.0195E+00   0.00000E+00 0.0000
    8.2515E+00   2.20225E-09 0.2300
    8.4902E+00   0.00000E+00 0.0000
    8.7359E+00   3.60206E-09 0.1802
    8.9886E+00   5.18220E-10 0.5106
    9.2486E+00   5.85720E-09 0.1406
    9.5162E+00   6.15913E-10 0.4496
    9.7915E+00   6.60109E-10 0.4478
    1.0075E+01   7.46603E-09 0.1266
    1.0366E+01   2.09998E-09 0.2433
    1.0666E+01   1.32699E-08 0.0953
    1.0975E+01   1.63688E-09 0.2803
    1.1292E+01   1.53344E-08 0.0893
    1.1619E+01   2.20490E-09 0.2361
    1.1955E+01   2.84749E-09 0.2102
    1.2301E+01   1.94478E-08 0.0817
    1.2657E+01   3.06798E-09 0.2009
    1.3023E+01   1.96839E-08 0.0815
    1.3400E+01   2.74519E-09 0.2111
    1.3787E+01   3.88694E-09 0.1759
    1.4186E+01   2.43899E-08 0.0736
    1.4596E+01   4.77507E-09 0.1559
    1.5019E+01   2.46694E-08 0.0712
    1.5453E+01   4.73878E-09 0.1464
    1.5900E+01   2.74439E-08 0.0652
    1.6360E+01   3.33801E-09 0.1569
    1.6834E+01   4.75174E-09 0.1337
    1.7321E+01   2.87025E-08 0.0625
    1.7822E+01   3.88183E-09 0.1344
    1.8337E+01   2.84563E-08 0.0602
    1.8868E+01   4.99488E-09 0.1124
    1.9413E+01   5.25200E-09 0.1090
    1.9975E+01   3.01340E-08 0.0566
    2.0553E+01   5.05142E-09 0.1044
    2.1148E+01   3.02369E-08 0.0538
    2.1759E+01   5.29585E-09 0.0938
    2.2389E+01   5.26340E-09 0.0946
    2.3037E+01   3.95232E-08 0.0444
    2.3703E+01   9.56974E-09 0.0654
    2.4389E+01   9.53616E-08 0.0286
    2.5094E+01   2.99404E-08 0.0364
    2.5820E+01   4.04358E-08 0.0320
    2.6567E+01   4.23091E-07 0.0160
    2.7336E+01   1.32401E-07 0.0176
    2.8127E+01   1.27229E-06 0.0098
    2.8940E+01   3.51950E-07 0.0107
    2.9777E+01   2.95612E-06 0.0068
    3.0639E+01   7.53856E-07 0.0073
    3.1525E+01   8.04151E-07 0.0070
    3.2437E+01   6.11270E-06 0.0050
    3.3376E+01   1.33255E-06 0.0054
    3.4341E+01   9.39292E-06 0.0041
    3.5335E+01   2.13458E-06 0.0044
    3.6357E+01   2.02423E-06 0.0043
    3.7409E+01   1.36479E-05 0.0035
    3.8491E+01   2.60999E-06 0.0037
    3.9604E+01   1.65675E-05 0.0031
    4.0750E+01   3.47359E-06 0.0033
    4.1929E+01   3.10344E-06 0.0033
    4.3142E+01   1.97792E-05 0.0028
    4.4390E+01   3.38544E-06 0.0030
    4.5674E+01   2.09119E-05 0.0026
    4.6996E+01   4.06422E-06 0.0027
    4.8355E+01   3.52526E-06 0.0028
    4.9754E+01   2.21501E-05 0.0024
    5.1193E+01   3.48769E-06 0.0026
    5.2674E+01   2.16500E-05 0.0023
    5.4198E+01   3.98799E-06 0.0025
    5.5766E+01   3.49026E-06 0.0025
    5.7379E+01   2.12370E-05 0.0022
    5.9039E+01   3.13159E-06 0.0024
    6.0747E+01   1.99489E-05 0.0022
    6.2505E+01   3.42515E-06 0.0023
    6.4313E+01   1.78106E-05 0.0021
    6.6174E+01   3.88700E-06 0.0022
    6.8088E+01   2.63562E-06 0.0023
    7.0058E+01   1.70681E-05 0.0021
    7.2084E+01   2.69459E-06 0.0022
    7.4170E+01   1.49468E-05 0.0020
    7.6315E+01   3.01979E-06 0.0021
    7.8523E+01   2.17625E-06 0.0022
    8.0795E+01   1.38849E-05 0.0020
    8.3132E+01   1.99917E-06 0.0022
    8.5537E+01   1.21699E-05 0.0020
    8.8012E+01   2.17721E-06 0.0021
    9.0558E+01   1.04358E-05 0.0019
    9.3178E+01   2.32703E-06 0.0020
    9.5873E+01   1.54547E-06 0.0021
    9.8647E+01   9.70808E-06 0.0019
    1.0150E+02   1.42698E-06 0.0021
    1.0444E+02   8.40165E-06 0.0019
    1.0746E+02   1.46443E-06 0.0020
    1.1057E+02   7.12986E-06 0.0019
    1.1377E+02   1.51030E-06 0.0020
    1.1706E+02   1.04701E-06 0.0021
    1.2044E+02   6.46838E-06 0.0019
    1.2393E+02   9.25652E-07 0.0021
    1.2751E+02   5.56978E-06 0.0019
    1.3120E+02   9.41977E-07 0.0020
    1.3500E+02   4.68436E-06 0.0019
    1.3890E+02   9.76017E-07 0.0020
    1.4292E+02   6.73917E-07 0.0021
    1.4706E+02   4.20829E-06 0.0019
    1.5131E+02   6.07102E-07 0.0020
    1.5569E+02   3.58120E-06 0.0019
    1.6019E+02   6.32129E-07 0.0020
    1.6483E+02   2.99472E-06 0.0019
    1.6959E+02   6.43216E-07 0.0019
    1.7450E+02   4.27590E-07 0.0020
    1.7955E+02   2.69189E-06 0.0019
    1.8474E+02   4.13136E-07 0.0020
    1.9009E+02   2.25486E-06 0.0019
    1.9559E+02   4.38164E-07 0.0020
    2.0124E+02   3.22929E-07 0.0020
    2.0707E+02   1.98736E-06 0.0019
    2.1306E+02   2.82588E-07 0.0020
    2.1922E+02   1.68930E-06 0.0019
    2.2556E+02   2.94734E-07 0.0020
    2.3209E+02   2.55500E-07 0.0020
    2.3880E+02   1.45206E-06 0.0018
    2.4571E+02   2.01987E-07 0.0020
    2.5282E+02   1.25872E-06 0.0018
    2.6013E+02   1.99221E-07 0.0020
    2.6766E+02   1.05676E-06 0.0018
    2.7540E+02   2.09436E-07 0.0019
    2.8337E+02   1.59848E-07 0.0020
    2.9157E+02   9.32564E-07 0.0018
    3.0000E+02   1.36256E-07 0.0020
      total      4.10870E-04 0.0022
 
 cell  556                                                                                                                             
 user bin total
    s(e) (MeV/cm)
    1.0000E+00   0.00000E+00 0.0000
    1.0289E+00   0.00000E+00 0.0000
    1.0587E+00   0.00000E+00 0.0000
    1.0893E+00   0.00000E+00 0.0000
    1.1208E+00   0.00000E+00 0.0000
    1.1533E+00   0.00000E+00 0.0000
    1.1866E+00   0.00000E+00 0.0000
    1.2210E+00   0.00000E+00 0.0000
    1.2563E+00   0.00000E+00 0.0000
    1.2926E+00   0.00000E+00 0.0000
    1.3300E+00   0.00000E+00 0.0000
    1.3685E+00   0.00000E+00 0.0000
    1.4081E+00   0.00000E+00 0.0000
    1.4488E+00   0.00000E+00 0.0000
    1.4907E+00   0.00000E+00 0.0000
    1.5339E+00   0.00000E+00 0.0000
    1.5782E+00   0.00000E+00 0.0000
    1.6239E+00   0.00000E+00 0.0000
    1.6709E+00   0.00000E+00 0.0000
    1.7192E+00   0.00000E+00 0.0000
    1.7689E+00   0.00000E+00 0.0000
    1.8201E+00   0.00000E+00 0.0000
    1.8728E+00   0.00000E+00 0.0000
    1.9269E+00   0.00000E+00 0.0000
    1.9827E+00   0.00000E+00 0.0000
    2.0400E+00   0.00000E+00 0.0000
    2.0991E+00   0.00000E+00 0.0000
    2.1598E+00   0.00000E+00 0.0000
    2.2223E+00   0.00000E+00 0.0000
    2.2866E+00   0.00000E+00 0.0000
    2.3527E+00   0.00000E+00 0.0000
    2.4208E+00   0.00000E+00 0.0000
    2.4908E+00   0.00000E+00 0.0000
    2.5629E+00   0.00000E+00 0.0000
    2.6370E+00   0.00000E+00 0.0000
    2.7133E+00   0.00000E+00 0.0000
    2.7918E+00   0.00000E+00 0.0000
    2.8725E+00   0.00000E+00 0.0000
    2.9557E+00   0.00000E+00 0.0000
    3.0412E+00   0.00000E+00 0.0000
    3.1291E+00   0.00000E+00 0.0000
    3.2197E+00   0.00000E+00 0.0000
    3.3128E+00   0.00000E+00 0.0000
    3.4086E+00   0.00000E+00 0.0000
    3.5072E+00   0.00000E+00 0.0000
    3.6087E+00   0.00000E+00 0.0000
    3.7131E+00   0.00000E+00 0.0000
    3.8205E+00   0.00000E+00 0.0000
    3.9311E+00   0.00000E+00 0.0000
    4.0448E+00   0.00000E+00 0.0000
    4.1618E+00   0.00000E+00 0.0000
    4.2822E+00   0.00000E+00 0.0000
    4.4061E+00   0.00000E+00 0.0000
    4.5335E+00   0.00000E+00 0.0000
    4.6647E+00   0.00000E+00 0.0000
    4.7996E+00   0.00000E+00 0.0000
    4.9385E+00   0.00000E+00 0.0000
    5.0814E+00   0.00000E+00 0.0000
    5.2284E+00   0.00000E+00 0.0000
    5.3796E+00   0.00000E+00 0.0000
    5.5352E+00   0.00000E+00 0.0000
    5.6954E+00   0.00000E+00 0.0000
    5.8601E+00   0.00000E+00 0.0000
    6.0297E+00   0.00000E+00 0.0000
    6.2041E+00   0.00000E+00 0.0000
    6.3836E+00   0.00000E+00 0.0000
    6.5683E+00   0.00000E+00 0.0000
    6.7583E+00   0.00000E+00 0.0000
    6.9538E+00   0.00000E+00 0.0000
    7.1550E+00   0.00000E+00 0.0000
    7.3619E+00   0.00000E+00 0.0000
    7.5749E+00   0.00000E+00 0.0000
    7.7941E+00   5.54116E-10 0.4524
    8.0195E+00   0.00000E+00 0.0000
    8.2515E+00   2.20225E-09 0.2300
    8.4902E+00   0.00000E+00 0.0000
    8.7359E+00   3.60206E-09 0.1802
    8.9886E+00   5.18220E-10 0.5106
    9.2486E+00   5.85720E-09 0.1406
    9.5162E+00   6.15913E-10 0.4496
    9.7915E+00   6.60109E-10 0.4478
    1.0075E+01   7.46603E-09 0.1266
    1.0366E+01   2.09998E-09 0.2433
    1.0666E+01   1.32699E-08 0.0953
    1.0975E+01   1.63688E-09 0.2803
    1.1292E+01   1.53344E-08 0.0893
    1.1619E+01   2.20490E-09 0.2361
    1.1955E+01   2.84749E-09 0.2102
    1.2301E+01   1.94478E-08 0.0817
    1.2657E+01   3.06798E-09 0.2009
    1.3023E+01   1.96839E-08 0.0815
    1.3400E+01   2.74519E-09 0.2111
    1.3787E+01   3.88694E-09 0.1759
    1.4186E+01   2.43899E-08 0.0736
    1.4596E+01   4.77507E-09 0.1559
    1.5019E+01   2.46694E-08 0.0712
    1.5453E+01   4.73878E-09 0.1464
    1.5900E+01   2.74439E-08 0.0652
    1.6360E+01   3.33801E-09 0.1569
    1.6834E+01   4.75174E-09 0.1337
    1.7321E+01   2.87025E-08 0.0625
    1.7822E+01   3.88183E-09 0.1344
    1.8337E+01   2.84563E-08 0.0602
    1.8868E+01   4.99488E-09 0.1124
    1.9413E+01   5.25200E-09 0.1090
    1.9975E+01   3.01340E-08 0.0566
    2.0553E+01   5.05142E-09 0.1044
    2.1148E+01   3.02369E-08 0.0538
    2.1759E+01   5.29585E-09 0.0938
    2.2389E+01   5.26340E-09 0.0946
    2.3037E+01   3.95232E-08 0.0444
    2.3703E+01   9.61077E-09 0.0659
    2.4389E+01   9.61748E-08 0.0285
    2.5094E+01   3.01577E-08 0.0362
    2.5820E+01   4.07164E-08 0.0319
    2.6567E+01   4.26163E-07 0.0160
    2.7336E+01   1.33930E-07 0.0175
    2.8127E+01   1.28383E-06 0.0098
    2.8940E+01   3.54977E-07 0.0106
    2.9777E+01   2.98026E-06 0.0068
    3.0639E+01   7.59581E-07 0.0073
    3.1525E+01   8.10311E-07 0.0070
    3.2437E+01   6.15845E-06 0.0050
    3.3376E+01   1.34298E-06 0.0054
    3.4341E+01   9.46699E-06 0.0041
    3.5335E+01   2.15127E-06 0.0044
    3.6357E+01   2.04034E-06 0.0043
    3.7409E+01   1.37577E-05 0.0035
    3.8491E+01   2.63159E-06 0.0037
    3.9604E+01   1.67007E-05 0.0031
    4.0750E+01   3.50150E-06 0.0033
    4.1929E+01   3.12806E-06 0.0033
    4.3142E+01   1.99339E-05 0.0028
    4.4390E+01   3.41255E-06 0.0030
    4.5674E+01   2.10755E-05 0.0026
    4.6996E+01   4.09522E-06 0.0027
    4.8355E+01   3.55298E-06 0.0028
    4.9754E+01   2.23201E-05 0.0024
    5.1193E+01   3.51403E-06 0.0026
    5.2674E+01   2.18157E-05 0.0023
    5.4198E+01   4.01843E-06 0.0025
    5.5766E+01   3.51655E-06 0.0025
    5.7379E+01   2.13984E-05 0.0022
    5.9039E+01   3.15519E-06 0.0024
    6.0747E+01   2.01019E-05 0.0022
    6.2505E+01   3.45159E-06 0.0023
    6.4313E+01   1.79471E-05 0.0021
    6.6174E+01   3.91707E-06 0.0022
    6.8088E+01   2.65525E-06 0.0023
    7.0058E+01   1.71991E-05 0.0021
    7.2084E+01   2.71521E-06 0.0022
    7.4170E+01   1.50608E-05 0.0020
    7.6315E+01   3.04293E-06 0.0021
    7.8523E+01   2.19279E-06 0.0022
    8.0795E+01   1.39911E-05 0.0020
    8.3132E+01   2.01437E-06 0.0022
    8.5537E+01   1.22629E-05 0.0020
    8.8012E+01   2.19398E-06 0.0021
    9.0558E+01   1.05153E-05 0.0019
    9.3178E+01   2.34487E-06 0.0020
    9.5873E+01   1.55727E-06 0.0021
    9.8647E+01   9.78231E-06 0.0019
    1.0150E+02   1.43771E-06 0.0021
    1.0444E+02   8.46590E-06 0.0019
    1.0746E+02   1.47558E-06 0.0020
    1.1057E+02   7.18414E-06 0.0019
    1.1377E+02   1.52196E-06 0.0020
    1.1706E+02   1.05472E-06 0.0021
    1.2044E+02   6.51782E-06 0.0019
    1.2393E+02   9.32659E-07 0.0021
    1.2751E+02   5.61228E-06 0.0019
    1.3120E+02   9.49308E-07 0.0020
    1.3500E+02   4.72007E-06 0.0019
    1.3890E+02   9.83501E-07 0.0020
    1.4292E+02   6.79099E-07 0.0020
    1.4706E+02   4.24037E-06 0.0019
    1.5131E+02   6.11844E-07 0.0020
    1.5569E+02   3.60853E-06 0.0019
    1.6019E+02   6.36958E-07 0.0020
    1.6483E+02   3.01764E-06 0.0019
    1.6959E+02   6.48100E-07 0.0019
    1.7450E+02   4.30866E-07 0.0020
    1.7955E+02   2.71249E-06 0.0019
    1.8474E+02   4.16254E-07 0.0020
    1.9009E+02   2.27206E-06 0.0019
    1.9559E+02   4.41506E-07 0.0020
    2.0124E+02   3.25405E-07 0.0020
    2.0707E+02   2.00251E-06 0.0019
    2.1306E+02   2.84768E-07 0.0020
    2.1922E+02   1.70218E-06 0.0019
    2.2556E+02   2.96974E-07 0.0020
    2.3209E+02   2.57466E-07 0.0020
    2.3880E+02   1.46315E-06 0.0018
    2.4571E+02   2.03493E-07 0.0020
    2.5282E+02   1.26834E-06 0.0018
    2.6013E+02   2.00748E-07 0.0020
    2.6766E+02   1.06481E-06 0.0018
    2.7540E+02   2.11035E-07 0.0019
    2.8337E+02   1.61067E-07 0.0020
    2.9157E+02   9.39663E-07 0.0018
    3.0000E+02   1.37295E-07 0.0020
      total      4.14038E-04 0.0022
 
 cell union total                                                                                                                      
 user bin          -1.00000
    s(e) (MeV/cm)
    1.0000E+00   0.00000E+00 0.0000
    1.0289E+00   0.00000E+00 0.0000
    1.0587E+00   0.00000E+00 0.0000
    1.0893E+00   0.00000E+00 0.0000
    1.1208E+00   0.00000E+00 0.0000
    1.1533E+00   0.00000E+00 0.0000
    1.1866E+00   0.00000E+00 0.0000
    1.2210E+00   0.00000E+00 0.0000
    1.2563E+00   0.00000E+00 0.0000
    1.2926E+00   0.00000E+00 0.0000
    1.3300E+00   0.00000E+00 0.0000
    1.3685E+00   0.00000E+00 0.0000
    1.4081E+00   0.00000E+00 0.0000
    1.4488E+00   0.00000E+00 0.0000
    1.4907E+00   0.00000E+00 0.0000
    1.5339E+00   0.00000E+00 0.0000
    1.5782E+00   0.00000E+00 0.0000
    1.6239E+00   0.00000E+00 0.0000
    1.6709E+00   0.00000E+00 0.0000
    1.7192E+00   0.00000E+00 0.0000
    1.7689E+00   0.00000E+00 0.0000
    1.8201E+00   0.00000E+00 0.0000
    1.8728E+00   0.00000E+00 0.0000
    1.9269E+00   0.00000E+00 0.0000
    1.9827E+00   0.00000E+00 0.0000
    2.0400E+00   0.00000E+00 0.0000
    2.0991E+00   0.00000E+00 0.0000
    2.1598E+00   0.00000E+00 0.0000
    2.2223E+00   0.00000E+00 0.0000
    2.2866E+00   0.00000E+00 0.0000
    2.3527E+00   0.00000E+00 0.0000
    2.4208E+00   0.00000E+00 0.0000
    2.4908E+00   0.00000E+00 0.0000
    2.5629E+00   0.00000E+00 0.0000
    2.6370E+00   0.00000E+00 0.0000
    2.7133E+00   0.00000E+00 0.0000
    2.7918E+00   0.00000E+00 0.0000
    2.8725E+00   0.00000E+00 0.0000
    2.9557E+00   0.00000E+00 0.0000
    3.0412E+00   0.00000E+00 0.0000
    3.1291E+00   0.00000E+00 0.0000
    3.2197E+00   0.00000E+00 0.0000
    3.3128E+00   0.00000E+00 0.0000
    3.4086E+00   0.00000E+00 0.0000
    3.5072E+00   0.00000E+00 0.0000
    3.6087E+00   0.00000E+00 0.0000
    3.7131E+00   0.00000E+00 0.0000
    3.8205E+00   0.00000E+00 0.0000
    3.9311E+00   0.00000E+00 0.0000
    4.0448E+00   0.00000E+00 0.0000
    4.1618E+00   0.00000E+00 0.0000
    4.2822E+00   0.00000E+00 0.0000
    4.4061E+00   0.00000E+00 0.0000
    4.5335E+00   0.00000E+00 0.0000
    4.6647E+00   0.00000E+00 0.0000
    4.7996E+00   0.00000E+00 0.0000
    4.9385E+00   0.00000E+00 0.0000
    5.0814E+00   0.00000E+00 0.0000
    5.2284E+00   0.00000E+00 0.0000
    5.3796E+00   0.00000E+00 0.0000
    5.5352E+00   0.00000E+00 0.0000
    5.6954E+00   0.00000E+00 0.0000
    5.8601E+00   0.00000E+00 0.0000
    6.0297E+00   0.00000E+00 0.0000
    6.2041E+00   0.00000E+00 0.0000
    6.3836E+00   0.00000E+00 0.0000
    6.5683E+00   0.00000E+00 0.0000
    6.7583E+00   0.00000E+00 0.0000
    6.9538E+00   0.00000E+00 0.0000
    7.1550E+00   0.00000E+00 0.0000
    7.3619E+00   0.00000E+00 0.0000
    7.5749E+00   0.00000E+00 0.0000
    7.7941E+00   0.00000E+00 0.0000
    8.0195E+00   0.00000E+00 0.0000
    8.2515E+00   0.00000E+00 0.0000
    8.4902E+00   0.00000E+00 0.0000
    8.7359E+00   0.00000E+00 0.0000
    8.9886E+00   0.00000E+00 0.0000
    9.2486E+00   0.00000E+00 0.0000
    9.5162E+00   0.00000E+00 0.0000
    9.7915E+00   0.00000E+00 0.0000
    1.0075E+01   0.00000E+00 0.0000
    1.0366E+01   0.00000E+00 0.0000
    1.0666E+01   0.00000E+00 0.0000
    1.0975E+01   0.00000E+00 0.0000
    1.1292E+01   0.00000E+00 0.0000
    1.1619E+01   0.00000E+00 0.0000
    1.1955E+01   0.00000E+00 0.0000
    1.2301E+01   0.00000E+00 0.0000
    1.2657E+01   0.00000E+00 0.0000
    1.3023E+01   0.00000E+00 0.0000
    1.3400E+01   0.00000E+00 0.0000
    1.3787E+01   0.00000E+00 0.0000
    1.4186E+01   0.00000E+00 0.0000
    1.4596E+01   0.00000E+00 0.0000
    1.5019E+01   0.00000E+00 0.0000
    1.5453E+01   0.00000E+00 0.0000
    1.5900E+01   0.00000E+00 0.0000
    1.6360E+01   0.00000E+00 0.0000
    1.6834E+01   0.00000E+00 0.0000
    1.7321E+01   0.00000E+00 0.0000
    1.7822E+01   0.00000E+00 0.0000
    1.8337E+01   0.00000E+00 0.0000
    1.8868E+01   1.31320E-11 1.0000
    1.9413E+01   2.62640E-11 0.7071
    1.9975E+01   6.22262E-10 0.1701
    2.0553E+01   3.80478E-10 0.1715
    2.1148E+01   6.75226E-09 0.0521
    2.1759E+01   2.73472E-09 0.0590
    2.2389E+01   3.15482E-09 0.0547
    2.3037E+01   3.85442E-08 0.0206
    2.3703E+01   1.20105E-08 0.0257
    2.4389E+01   1.13019E-07 0.0116
    2.5094E+01   2.97227E-08 0.0153
    2.5820E+01   3.44285E-08 0.0143
    2.6567E+01   2.47377E-07 0.0073
    2.7336E+01   5.45968E-08 0.0103
    2.8127E+01   3.86813E-07 0.0056
    2.8940E+01   7.80980E-08 0.0081
    2.9777E+01   5.03563E-07 0.0045
    3.0639E+01   1.00302E-07 0.0065
    3.1525E+01   9.65380E-08 0.0066
    3.2437E+01   6.01531E-07 0.0038
    3.3376E+01   1.04774E-07 0.0059
    3.4341E+01   6.27041E-07 0.0035
    3.5335E+01   1.20390E-07 0.0051
    3.6357E+01   1.06436E-07 0.0054
    3.7409E+01   6.34673E-07 0.0032
    3.8491E+01   1.03780E-07 0.0051
    3.9604E+01   5.92761E-07 0.0031
    4.0750E+01   1.12159E-07 0.0045
    4.1929E+01   9.40015E-08 0.0050
    4.3142E+01   5.56237E-07 0.0030
    4.4390E+01   8.54273E-08 0.0048
    4.5674E+01   4.94811E-07 0.0029
    4.6996E+01   8.99149E-08 0.0043
    4.8355E+01   7.34461E-08 0.0048
    4.9754E+01   4.46876E-07 0.0028
    5.1193E+01   6.45296E-08 0.0047
    5.2674E+01   3.87903E-07 0.0028
    5.4198E+01   6.82152E-08 0.0042
    5.5766E+01   5.73901E-08 0.0046
    5.7379E+01   3.41498E-07 0.0028
    5.9039E+01   4.75121E-08 0.0047
    6.0747E+01   2.95962E-07 0.0027
    6.2505E+01   4.91588E-08 0.0043
    6.4313E+01   2.47098E-07 0.0027
    6.6174E+01   5.28954E-08 0.0038
    6.8088E+01   3.47797E-08 0.0047
    7.0058E+01   2.22841E-07 0.0027
    7.2084E+01   3.41564E-08 0.0044
    7.4170E+01   1.85854E-07 0.0027
    7.6315E+01   3.69570E-08 0.0039
    7.8523E+01   2.60902E-08 0.0047
    8.0795E+01   1.65262E-07 0.0027
    8.3132E+01   2.32230E-08 0.0046
    8.5537E+01   1.40227E-07 0.0027
    8.8012E+01   2.48894E-08 0.0041
    9.0558E+01   1.16717E-07 0.0027
    9.3178E+01   2.57660E-08 0.0037
    9.5873E+01   1.69874E-08 0.0046
    9.8647E+01   1.05826E-07 0.0027
    1.0150E+02   1.52799E-08 0.0045
    1.0444E+02   8.98006E-08 0.0027
    1.0746E+02   1.54780E-08 0.0041
    1.1057E+02   7.48404E-08 0.0027
    1.1377E+02   1.58187E-08 0.0038
    1.1706E+02   1.07259E-08 0.0046
    1.2044E+02   6.69506E-08 0.0027
    1.2393E+02   9.42986E-09 0.0045
    1.2751E+02   5.68146E-08 0.0027
    1.3120E+02   9.61451E-09 0.0041
    1.3500E+02   4.72383E-08 0.0027
    1.3890E+02   9.80515E-09 0.0038
    1.4292E+02   6.78536E-09 0.0046
    1.4706E+02   4.20218E-08 0.0027
    1.5131E+02   6.05697E-09 0.0045
    1.5569E+02   3.54957E-08 0.0027
    1.6019E+02   6.26180E-09 0.0041
    1.6483E+02   2.94997E-08 0.0027
    1.6959E+02   6.32899E-09 0.0038
    1.7450E+02   4.17656E-09 0.0046
    1.7955E+02   2.63608E-08 0.0027
    1.8474E+02   4.03199E-09 0.0044
    1.9009E+02   2.19565E-08 0.0027
    1.9559E+02   4.27206E-09 0.0039
    2.0124E+02   3.12891E-09 0.0046
    2.0707E+02   1.92780E-08 0.0027
    2.1306E+02   2.73543E-09 0.0045
    2.1922E+02   1.63081E-08 0.0027
    2.2556E+02   2.85595E-09 0.0041
    2.3209E+02   2.46096E-09 0.0044
    2.3880E+02   1.39952E-08 0.0027
    2.4571E+02   1.93334E-09 0.0046
    2.5282E+02   1.20972E-08 0.0027
    2.6013E+02   1.90940E-09 0.0043
    2.6766E+02   1.01355E-08 0.0027
    2.7540E+02   1.99827E-09 0.0039
    2.8337E+02   1.54304E-09 0.0044
    2.9157E+02   8.90864E-09 0.0027
    3.0000E+02   1.30980E-09 0.0044
      total      1.00403E-05 0.0028
 
 cell union total                                                                                                                      
 user bin 10000000000.00000
    s(e) (MeV/cm)
    1.0000E+00   0.00000E+00 0.0000
    1.0289E+00   0.00000E+00 0.0000
    1.0587E+00   0.00000E+00 0.0000
    1.0893E+00   0.00000E+00 0.0000
    1.1208E+00   0.00000E+00 0.0000
    1.1533E+00   0.00000E+00 0.0000
    1.1866E+00   0.00000E+00 0.0000
    1.2210E+00   0.00000E+00 0.0000
    1.2563E+00   0.00000E+00 0.0000
    1.2926E+00   0.00000E+00 0.0000
    1.3300E+00   0.00000E+00 0.0000
    1.3685E+00   0.00000E+00 0.0000
    1.4081E+00   0.00000E+00 0.0000
    1.4488E+00   0.00000E+00 0.0000
    1.4907E+00   0.00000E+00 0.0000
    1.5339E+00   0.00000E+00 0.0000
    1.5782E+00   0.00000E+00 0.0000
    1.6239E+00   0.00000E+00 0.0000
    1.6709E+00   0.00000E+00 0.0000
    1.7192E+00   0.00000E+00 0.0000
    1.7689E+00   0.00000E+00 0.0000
    1.8201E+00   0.00000E+00 0.0000
    1.8728E+00   0.00000E+00 0.0000
    1.9269E+00   0.00000E+00 0.0000
    1.9827E+00   0.00000E+00 0.0000
    2.0400E+00   0.00000E+00 0.0000
    2.0991E+00   0.00000E+00 0.0000
    2.1598E+00   0.00000E+00 0.0000
    2.2223E+00   0.00000E+00 0.0000
    2.2866E+00   0.00000E+00 0.0000
    2.3527E+00   0.00000E+00 0.0000
    2.4208E+00   0.00000E+00 0.0000
    2.4908E+00   0.00000E+00 0.0000
    2.5629E+00   0.00000E+00 0.0000
    2.6370E+00   0.00000E+00 0.0000
    2.7133E+00   0.00000E+00 0.0000
    2.7918E+00   0.00000E+00 0.0000
    2.8725E+00   0.00000E+00 0.0000
    2.9557E+00   0.00000E+00 0.0000
    3.0412E+00   0.00000E+00 0.0000
    3.1291E+00   0.00000E+00 0.0000
    3.2197E+00   0.00000E+00 0.0000
    3.3128E+00   0.00000E+00 0.0000
    3.4086E+00   0.00000E+00 0.0000
    3.5072E+00   0.00000E+00 0.0000
    3.6087E+00   0.00000E+00 0.0000
    3.7131E+00   0.00000E+00 0.0000
    3.8205E+00   0.00000E+00 0.0000
    3.9311E+00   0.00000E+00 0.0000
    4.0448E+00   0.00000E+00 0.0000
    4.1618E+00   0.00000E+00 0.0000
    4.2822E+00   0.00000E+00 0.0000
    4.4061E+00   0.00000E+00 0.0000
    4.5335E+00   0.00000E+00 0.0000
    4.6647E+00   0.00000E+00 0.0000
    4.7996E+00   0.00000E+00 0.0000
    4.9385E+00   0.00000E+00 0.0000
    5.0814E+00   0.00000E+00 0.0000
    5.2284E+00   0.00000E+00 0.0000
    5.3796E+00   0.00000E+00 0.0000
    5.5352E+00   0.00000E+00 0.0000
    5.6954E+00   0.00000E+00 0.0000
    5.8601E+00   0.00000E+00 0.0000
    6.0297E+00   0.00000E+00 0.0000
    6.2041E+00   0.00000E+00 0.0000
    6.3836E+00   0.00000E+00 0.0000
    6.5683E+00   0.00000E+00 0.0000
    6.7583E+00   0.00000E+00 0.0000
    6.9538E+00   0.00000E+00 0.0000
    7.1550E+00   0.00000E+00 0.0000
    7.3619E+00   0.00000E+00 0.0000
    7.5749E+00   0.00000E+00 0.0000
    7.7941E+00   8.92652E-10 0.3153
    8.0195E+00   1.36333E-10 0.4083
    8.2515E+00   1.68014E-09 0.2304
    8.4902E+00   9.17236E-11 0.5000
    8.7359E+00   3.60009E-09 0.1625
    8.9886E+00   2.53508E-10 0.3202
    9.2486E+00   5.58914E-09 0.1182
    9.5162E+00   5.19082E-10 0.2150
    9.7915E+00   5.22994E-10 0.2192
    1.0075E+01   8.64671E-09 0.0959
    1.0366E+01   1.15523E-09 0.1453
    1.0666E+01   1.31426E-08 0.0768
    1.0975E+01   1.51807E-09 0.1274
    1.1292E+01   1.75753E-08 0.0647
    1.1619E+01   1.90140E-09 0.1151
    1.1955E+01   2.24025E-09 0.1057
    1.2301E+01   1.94364E-08 0.0579
    1.2657E+01   3.05941E-09 0.0905
    1.3023E+01   2.24935E-08 0.0519
    1.3400E+01   3.46086E-09 0.0851
    1.3787E+01   3.64992E-09 0.0825
    1.4186E+01   2.46408E-08 0.0452
    1.4596E+01   4.76135E-09 0.0704
    1.5019E+01   2.57277E-08 0.0416
    1.5453E+01   4.32020E-09 0.0681
    1.5900E+01   2.73939E-08 0.0383
    1.6360E+01   4.08784E-09 0.0636
    1.6834E+01   4.50260E-09 0.0608
    1.7321E+01   2.92444E-08 0.0344
    1.7822E+01   4.51540E-09 0.0561
    1.8337E+01   3.11571E-08 0.0305
    1.8868E+01   6.40345E-09 0.0445
    1.9413E+01   7.34365E-09 0.0417
    1.9975E+01   1.03486E-07 0.0177
    2.0553E+01   4.61609E-08 0.0185
    2.1148E+01   7.95146E-07 0.0088
    2.1759E+01   3.09127E-07 0.0081
    2.2389E+01   4.17367E-07 0.0072
    2.3037E+01   4.86973E-06 0.0047
    2.3703E+01   1.52901E-06 0.0043
    2.4389E+01   1.42246E-05 0.0033
    2.5094E+01   3.75529E-06 0.0031
    2.5820E+01   4.32697E-06 0.0030
    2.6567E+01   3.18727E-05 0.0025
    2.7336E+01   7.04155E-06 0.0024
    2.8127E+01   4.99231E-05 0.0022
    2.8940E+01   1.02250E-05 0.0021
    2.9777E+01   6.52898E-05 0.0019
    3.0639E+01   1.30576E-05 0.0019
    3.1525E+01   1.25634E-05 0.0019
    3.2437E+01   7.83808E-05 0.0018
    3.3376E+01   1.35551E-05 0.0018
    3.4341E+01   8.18513E-05 0.0017
    3.5335E+01   1.58679E-05 0.0017
    3.6357E+01   1.38544E-05 0.0017
    3.7409E+01   8.34094E-05 0.0016
    3.8491E+01   1.37039E-05 0.0016
    3.9604E+01   7.83465E-05 0.0016
    4.0750E+01   1.48081E-05 0.0016
    4.1929E+01   1.24545E-05 0.0016
    4.3142E+01   7.40204E-05 0.0015
    4.4390E+01   1.13693E-05 0.0016
    4.5674E+01   6.61842E-05 0.0015
    4.6996E+01   1.19880E-05 0.0015
    4.8355E+01   9.85789E-06 0.0015
    4.9754E+01   6.00389E-05 0.0015
    5.1193E+01   8.72929E-06 0.0015
    5.2674E+01   5.22973E-05 0.0015
    5.4198E+01   9.23020E-06 0.0015
    5.5766E+01   7.73872E-06 0.0015
    5.7379E+01   4.62355E-05 0.0015
    5.9039E+01   6.43733E-06 0.0015
    6.0747E+01   4.01669E-05 0.0015
    6.2505E+01   6.67638E-06 0.0015
    6.4313E+01   3.35854E-05 0.0015
    6.6174E+01   7.19040E-06 0.0015
    6.8088E+01   4.73517E-06 0.0015
    7.0058E+01   3.03598E-05 0.0015
    7.2084E+01   4.66863E-06 0.0015
    7.4170E+01   2.53877E-05 0.0014
    7.6315E+01   5.06068E-06 0.0015
    7.8523E+01   3.55774E-06 0.0015
    8.0795E+01   2.26382E-05 0.0014
    8.3132E+01   3.19003E-06 0.0015
    8.5537E+01   1.92113E-05 0.0014
    8.8012E+01   3.40077E-06 0.0015
    9.0558E+01   1.60297E-05 0.0014
    9.3178E+01   3.54684E-06 0.0015
    9.5873E+01   2.32168E-06 0.0015
    9.8647E+01   1.45540E-05 0.0014
    1.0150E+02   2.11120E-06 0.0015
    1.0444E+02   1.23512E-05 0.0014
    1.0746E+02   2.13682E-06 0.0015
    1.1057E+02   1.03125E-05 0.0014
    1.1377E+02   2.17313E-06 0.0014
    1.1706E+02   1.49429E-06 0.0015
    1.2044E+02   9.21841E-06 0.0014
    1.2393E+02   1.31008E-06 0.0015
    1.2751E+02   7.84221E-06 0.0014
    1.3120E+02   1.32170E-06 0.0015
    1.3500E+02   6.53064E-06 0.0014
    1.3890E+02   1.35648E-06 0.0014
    1.4292E+02   9.32675E-07 0.0015
    1.4706E+02   5.81338E-06 0.0014
    1.5131E+02   8.34921E-07 0.0015
    1.5569E+02   4.91166E-06 0.0014
    1.6019E+02   8.64523E-07 0.0015
    1.6483E+02   4.08211E-06 0.0014
    1.6959E+02   8.75544E-07 0.0014
    1.7450E+02   5.79471E-07 0.0015
    1.7955E+02   3.64785E-06 0.0014
    1.8474E+02   5.58802E-07 0.0015
    1.9009E+02   3.04209E-06 0.0014
    1.9559E+02   5.90178E-07 0.0014
    2.0124E+02   4.33704E-07 0.0015
    2.0707E+02   2.67061E-06 0.0014
    2.1306E+02   3.78663E-07 0.0015
    2.1922E+02   2.26234E-06 0.0014
    2.2556E+02   3.94120E-07 0.0014
    2.3209E+02   3.41277E-07 0.0015
    2.3880E+02   1.93868E-06 0.0014
    2.4571E+02   2.69254E-07 0.0015
    2.5282E+02   1.67665E-06 0.0014
    2.6013E+02   2.64981E-07 0.0015
    2.6766E+02   1.40487E-06 0.0014
    2.7540E+02   2.78186E-07 0.0014
    2.8337E+02   2.12151E-07 0.0015
    2.9157E+02   1.23725E-06 0.0014
    3.0000E+02   1.80637E-07 0.0015
      total      1.33611E-03 0.0016
 
 cell union total                                                                                                                      
 user bin total
    s(e) (MeV/cm)
    1.0000E+00   0.00000E+00 0.0000
    1.0289E+00   0.00000E+00 0.0000
    1.0587E+00   0.00000E+00 0.0000
    1.0893E+00   0.00000E+00 0.0000
    1.1208E+00   0.00000E+00 0.0000
    1.1533E+00   0.00000E+00 0.0000
    1.1866E+00   0.00000E+00 0.0000
    1.2210E+00   0.00000E+00 0.0000
    1.2563E+00   0.00000E+00 0.0000
    1.2926E+00   0.00000E+00 0.0000
    1.3300E+00   0.00000E+00 0.0000
    1.3685E+00   0.00000E+00 0.0000
    1.4081E+00   0.00000E+00 0.0000
    1.4488E+00   0.00000E+00 0.0000
    1.4907E+00   0.00000E+00 0.0000
    1.5339E+00   0.00000E+00 0.0000
    1.5782E+00   0.00000E+00 0.0000
    1.6239E+00   0.00000E+00 0.0000
    1.6709E+00   0.00000E+00 0.0000
    1.7192E+00   0.00000E+00 0.0000
    1.7689E+00   0.00000E+00 0.0000
    1.8201E+00   0.00000E+00 0.0000
    1.8728E+00   0.00000E+00 0.0000
    1.9269E+00   0.00000E+00 0.0000
    1.9827E+00   0.00000E+00 0.0000
    2.0400E+00   0.00000E+00 0.0000
    2.0991E+00   0.00000E+00 0.0000
    2.1598E+00   0.00000E+00 0.0000
    2.2223E+00   0.00000E+00 0.0000
    2.2866E+00   0.00000E+00 0.0000
    2.3527E+00   0.00000E+00 0.0000
    2.4208E+00   0.00000E+00 0.0000
    2.4908E+00   0.00000E+00 0.0000
    2.5629E+00   0.00000E+00 0.0000
    2.6370E+00   0.00000E+00 0.0000
    2.7133E+00   0.00000E+00 0.0000
    2.7918E+00   0.00000E+00 0.0000
    2.8725E+00   0.00000E+00 0.0000
    2.9557E+00   0.00000E+00 0.0000
    3.0412E+00   0.00000E+00 0.0000
    3.1291E+00   0.00000E+00 0.0000
    3.2197E+00   0.00000E+00 0.0000
    3.3128E+00   0.00000E+00 0.0000
    3.4086E+00   0.00000E+00 0.0000
    3.5072E+00   0.00000E+00 0.0000
    3.6087E+00   0.00000E+00 0.0000
    3.7131E+00   0.00000E+00 0.0000
    3.8205E+00   0.00000E+00 0.0000
    3.9311E+00   0.00000E+00 0.0000
    4.0448E+00   0.00000E+00 0.0000
    4.1618E+00   0.00000E+00 0.0000
    4.2822E+00   0.00000E+00 0.0000
    4.4061E+00   0.00000E+00 0.0000
    4.5335E+00   0.00000E+00 0.0000
    4.6647E+00   0.00000E+00 0.0000
    4.7996E+00   0.00000E+00 0.0000
    4.9385E+00   0.00000E+00 0.0000
    5.0814E+00   0.00000E+00 0.0000
    5.2284E+00   0.00000E+00 0.0000
    5.3796E+00   0.00000E+00 0.0000
    5.5352E+00   0.00000E+00 0.0000
    5.6954E+00   0.00000E+00 0.0000
    5.8601E+00   0.00000E+00 0.0000
    6.0297E+00   0.00000E+00 0.0000
    6.2041E+00   0.00000E+00 0.0000
    6.3836E+00   0.00000E+00 0.0000
    6.5683E+00   0.00000E+00 0.0000
    6.7583E+00   0.00000E+00 0.0000
    6.9538E+00   0.00000E+00 0.0000
    7.1550E+00   0.00000E+00 0.0000
    7.3619E+00   0.00000E+00 0.0000
    7.5749E+00   0.00000E+00 0.0000
    7.7941E+00   8.92652E-10 0.3153
    8.0195E+00   1.36333E-10 0.4083
    8.2515E+00   1.68014E-09 0.2304
    8.4902E+00   9.17236E-11 0.5000
    8.7359E+00   3.60009E-09 0.1625
    8.9886E+00   2.53508E-10 0.3202
    9.2486E+00   5.58914E-09 0.1182
    9.5162E+00   5.19082E-10 0.2150
    9.7915E+00   5.22994E-10 0.2192
    1.0075E+01   8.64671E-09 0.0959
    1.0366E+01   1.15523E-09 0.1453
    1.0666E+01   1.31426E-08 0.0768
    1.0975E+01   1.51807E-09 0.1274
    1.1292E+01   1.75753E-08 0.0647
    1.1619E+01   1.90140E-09 0.1151
    1.1955E+01   2.24025E-09 0.1057
    1.2301E+01   1.94364E-08 0.0579
    1.2657E+01   3.05941E-09 0.0905
    1.3023E+01   2.24935E-08 0.0519
    1.3400E+01   3.46086E-09 0.0851
    1.3787E+01   3.64992E-09 0.0825
    1.4186E+01   2.46408E-08 0.0452
    1.4596E+01   4.76135E-09 0.0704
    1.5019E+01   2.57277E-08 0.0416
    1.5453E+01   4.32020E-09 0.0681
    1.5900E+01   2.73939E-08 0.0383
    1.6360E+01   4.08784E-09 0.0636
    1.6834E+01   4.50260E-09 0.0608
    1.7321E+01   2.92444E-08 0.0344
    1.7822E+01   4.51540E-09 0.0561
    1.8337E+01   3.11571E-08 0.0305
    1.8868E+01   6.41659E-09 0.0446
    1.9413E+01   7.36991E-09 0.0416
    1.9975E+01   1.04108E-07 0.0177
    2.0553E+01   4.65414E-08 0.0185
    2.1148E+01   8.01898E-07 0.0088
    2.1759E+01   3.11862E-07 0.0081
    2.2389E+01   4.20521E-07 0.0072
    2.3037E+01   4.90827E-06 0.0047
    2.3703E+01   1.54102E-06 0.0043
    2.4389E+01   1.43376E-05 0.0033
    2.5094E+01   3.78501E-06 0.0031
    2.5820E+01   4.36140E-06 0.0030
    2.6567E+01   3.21201E-05 0.0025
    2.7336E+01   7.09614E-06 0.0024
    2.8127E+01   5.03100E-05 0.0022
    2.8940E+01   1.03031E-05 0.0021
    2.9777E+01   6.57934E-05 0.0019
    3.0639E+01   1.31579E-05 0.0019
    3.1525E+01   1.26599E-05 0.0019
    3.2437E+01   7.89823E-05 0.0018
    3.3376E+01   1.36598E-05 0.0018
    3.4341E+01   8.24783E-05 0.0017
    3.5335E+01   1.59883E-05 0.0017
    3.6357E+01   1.39609E-05 0.0017
    3.7409E+01   8.40441E-05 0.0016
    3.8491E+01   1.38077E-05 0.0016
    3.9604E+01   7.89393E-05 0.0016
    4.0750E+01   1.49203E-05 0.0016
    4.1929E+01   1.25485E-05 0.0016
    4.3142E+01   7.45766E-05 0.0015
    4.4390E+01   1.14548E-05 0.0016
    4.5674E+01   6.66791E-05 0.0015
    4.6996E+01   1.20779E-05 0.0015
    4.8355E+01   9.93133E-06 0.0015
    4.9754E+01   6.04858E-05 0.0015
    5.1193E+01   8.79382E-06 0.0015
    5.2674E+01   5.26852E-05 0.0015
    5.4198E+01   9.29842E-06 0.0015
    5.5766E+01   7.79611E-06 0.0015
    5.7379E+01   4.65770E-05 0.0015
    5.9039E+01   6.48484E-06 0.0015
    6.0747E+01   4.04629E-05 0.0015
    6.2505E+01   6.72554E-06 0.0015
    6.4313E+01   3.38325E-05 0.0015
    6.6174E+01   7.24330E-06 0.0015
    6.8088E+01   4.76995E-06 0.0015
    7.0058E+01   3.05827E-05 0.0015
    7.2084E+01   4.70278E-06 0.0015
    7.4170E+01   2.55736E-05 0.0014
    7.6315E+01   5.09764E-06 0.0015
    7.8523E+01   3.58383E-06 0.0015
    8.0795E+01   2.28035E-05 0.0014
    8.3132E+01   3.21325E-06 0.0015
    8.5537E+01   1.93516E-05 0.0014
    8.8012E+01   3.42566E-06 0.0015
    9.0558E+01   1.61464E-05 0.0014
    9.3178E+01   3.57260E-06 0.0015
    9.5873E+01   2.33866E-06 0.0015
    9.8647E+01   1.46598E-05 0.0014
    1.0150E+02   2.12648E-06 0.0015
    1.0444E+02   1.24410E-05 0.0014
    1.0746E+02   2.15230E-06 0.0015
    1.1057E+02   1.03874E-05 0.0014
    1.1377E+02   2.18895E-06 0.0014
    1.1706E+02   1.50501E-06 0.0015
    1.2044E+02   9.28536E-06 0.0014
    1.2393E+02   1.31951E-06 0.0015
    1.2751E+02   7.89903E-06 0.0014
    1.3120E+02   1.33132E-06 0.0015
    1.3500E+02   6.57788E-06 0.0014
    1.3890E+02   1.36629E-06 0.0014
    1.4292E+02   9.39460E-07 0.0015
    1.4706E+02   5.85540E-06 0.0014
    1.5131E+02   8.40978E-07 0.0015
    1.5569E+02   4.94715E-06 0.0014
    1.6019E+02   8.70785E-07 0.0015
    1.6483E+02   4.11161E-06 0.0014
    1.6959E+02   8.81873E-07 0.0014
    1.7450E+02   5.83647E-07 0.0015
    1.7955E+02   3.67421E-06 0.0014
    1.8474E+02   5.62834E-07 0.0015
    1.9009E+02   3.06405E-06 0.0014
    1.9559E+02   5.94450E-07 0.0014
    2.0124E+02   4.36833E-07 0.0015
    2.0707E+02   2.68989E-06 0.0014
    2.1306E+02   3.81399E-07 0.0015
    2.1922E+02   2.27865E-06 0.0014
    2.2556E+02   3.96976E-07 0.0014
    2.3209E+02   3.43738E-07 0.0015
    2.3880E+02   1.95267E-06 0.0014
    2.4571E+02   2.71187E-07 0.0015
    2.5282E+02   1.68875E-06 0.0014
    2.6013E+02   2.66890E-07 0.0015
    2.6766E+02   1.41500E-06 0.0014
    2.7540E+02   2.80184E-07 0.0014
    2.8337E+02   2.13694E-07 0.0015
    2.9157E+02   1.24616E-06 0.0014
    3.0000E+02   1.81947E-07 0.0015
      total      1.34615E-03 0.0016


 ===================================================================================================================================

           results of 10 statistical checks for the estimated answer for the tally fluctuation chart (tfc) bin of tally     9204

 tfc bin     --mean--      ---------relative error---------      ----variance of the variance----      --figure of merit--     -pdf-
 behavior    behavior      value   decrease   decrease rate      value   decrease   decrease rate       value     behavior     slope

 desired      random       <0.10      yes      1/sqrt(nps)       <0.10      yes        1/nps           constant    random      >3.00
 observed     random        0.00      yes          yes            0.00      yes         yes                                    10.00
 passed?        yes          yes      yes          yes             yes      yes         yes                                      yes

 ===================================================================================================================================


 this tally meets the statistical criteria used to form confidence intervals: check the tally fluctuation chart to verify.
 the results in other bins associated with this tally may not meet these statistical criteria.

 ----- estimated confidence intervals:  -----

 estimated asymmetric confidence interval(1,2,3 sigma): 2.2829E-03 to 2.2896E-03; 2.2796E-03 to 2.2929E-03; 2.2763E-03 to 2.2962E-03
 estimated  symmetric confidence interval(1,2,3 sigma): 2.2829E-03 to 2.2896E-03; 2.2796E-03 to 2.2929E-03; 2.2762E-03 to 2.2962E-03

1analysis of the results in the tally fluctuation chart bin (tfc) for tally 9204 with nps = 4000000          print table 160


 normed average tally per history  = 2.28624E-03          unnormed average tally per history  = 5.71559E-03
 estimated tally relative error    = 0.0015               estimated variance of the variance  = 0.0000
 relative error from zero tallies  = 0.0010               relative error from nonzero scores  = 0.0011

 number of nonzero history tallies =      866332          efficiency for the nonzero tallies  = 0.2166
 history number of largest  tally  =     2450759          largest  unnormalized history tally = 9.11938E-02
 (largest  tally)/(average tally)  = 1.59553E+01          (largest  tally)/(avg nonzero tally)= 3.45564E+00

 (confidence interval shift)/mean  = 0.0000               shifted confidence interval center  = 2.28624E-03


 if the largest  history score sampled so far were to occur on the next history, the tfc bin quantities would change as follows:

      estimated quantities           value at nps           value at nps+1           value(nps+1)/value(nps)-1.

      mean                            2.28624E-03             2.28625E-03                     0.000004
      relative error                  1.45634E-03             1.45634E-03                    -0.000001
      variance of the variance        2.50737E-06             2.50737E-06                     0.000001
      shifted center                  2.28624E-03             2.28624E-03                     0.000000
      figure of merit                 0.00000E+00             0.00000E+00                     0.000000

 the estimated slope of the 198 largest  tallies starting at  8.56632E-02 appears to be decreasing at least exponentially.
 the empirical history score probability density function appears to be increasing at the largest  history scores:
 please examine. see print table 161.
 the large score tail of the empirical history score probability density function appears to have no unsampled regions.

 fom = (histories/minute)*(f(x) signal-to-noise ratio)**2 = (0.000E+00)*( 3.433E-01)**2 = (0.000E+00)*(1.179E-01) = 0.000E+00

